Loading rhel8/default-amp
  Loading requirement: rhel8/slurm singularity/current rhel8/global cuda/11.4
    libpciaccess/0.16/gcc-9.4.0-6fonbj6 libiconv/1.16/gcc-9.4.0-ahebbov
    libxml2/2.9.12/gcc-9.4.0-gnknt5e ncurses/6.2/gcc-9.4.0-aiirok7
    hwloc/2.5.0/gcc-9.4.0-7sqomga libevent/2.1.12/gcc-9.4.0-hgny7cm
    numactl/2.0.14/gcc-9.4.0-52dwc6n cuda/11.4.0/gcc-9.4.0-3hnxhjt
    gdrcopy/2.2/gcc-9.4.0-e4igtfp knem/1.1.4/gcc-9.4.0-bpbxgva
    libnl/3.3.0/gcc-9.4.0-whwhrwb rdma-core/34.0/gcc-9.4.0-5eo5n2u
    ucx/1.11.1/gcc-9.4.0-lktqyl4 openmpi/4.1.1/gcc-9.4.0-epagguv
Changed directory to /rds/user/lz307/hpc-work/openvla.

JobID: 11489619
======
Time: Wed 25 Jun 23:21:30 BST 2025
Running on master node: gpu-q-21
Current directory: /rds/user/lz307/hpc-work/openvla

Nodes allocated:
================
gpu-q-21

numtasks=4, numnodes=1, mpi_tasks_per_node=4 (OMP_NUM_THREADS=1)

Executing command:
==================
/home/lz307/rds/hpc-work/openvla/fine_tune_mikasa.sh 

2025-06-25 23:23:27.262123: E external/local_xla/xla/stream_executor/cuda/cuda_dnn.cc:9261] Unable to register cuDNN factory: Attempting to register factory for plugin cuDNN when one has already been registered
2025-06-25 23:23:27.262153: E external/local_xla/xla/stream_executor/cuda/cuda_dnn.cc:9261] Unable to register cuDNN factory: Attempting to register factory for plugin cuDNN when one has already been registered
2025-06-25 23:23:27.262183: E external/local_xla/xla/stream_executor/cuda/cuda_dnn.cc:9261] Unable to register cuDNN factory: Attempting to register factory for plugin cuDNN when one has already been registered
2025-06-25 23:23:27.262188: E external/local_xla/xla/stream_executor/cuda/cuda_dnn.cc:9261] Unable to register cuDNN factory: Attempting to register factory for plugin cuDNN when one has already been registered
2025-06-25 23:23:27.263808: E external/local_xla/xla/stream_executor/cuda/cuda_fft.cc:607] Unable to register cuFFT factory: Attempting to register factory for plugin cuFFT when one has already been registered
2025-06-25 23:23:27.263819: E external/local_xla/xla/stream_executor/cuda/cuda_fft.cc:607] Unable to register cuFFT factory: Attempting to register factory for plugin cuFFT when one has already been registered
2025-06-25 23:23:27.263822: E external/local_xla/xla/stream_executor/cuda/cuda_fft.cc:607] Unable to register cuFFT factory: Attempting to register factory for plugin cuFFT when one has already been registered
2025-06-25 23:23:27.263825: E external/local_xla/xla/stream_executor/cuda/cuda_fft.cc:607] Unable to register cuFFT factory: Attempting to register factory for plugin cuFFT when one has already been registered
2025-06-25 23:23:27.592436: E external/local_xla/xla/stream_executor/cuda/cuda_blas.cc:1515] Unable to register cuBLAS factory: Attempting to register factory for plugin cuBLAS when one has already been registered
2025-06-25 23:23:27.592452: E external/local_xla/xla/stream_executor/cuda/cuda_blas.cc:1515] Unable to register cuBLAS factory: Attempting to register factory for plugin cuBLAS when one has already been registered
2025-06-25 23:23:27.592455: E external/local_xla/xla/stream_executor/cuda/cuda_blas.cc:1515] Unable to register cuBLAS factory: Attempting to register factory for plugin cuBLAS when one has already been registered
2025-06-25 23:23:27.592460: E external/local_xla/xla/stream_executor/cuda/cuda_blas.cc:1515] Unable to register cuBLAS factory: Attempting to register factory for plugin cuBLAS when one has already been registered
2025-06-25 23:23:29.281889: I tensorflow/core/platform/cpu_feature_guard.cc:182] This TensorFlow binary is optimized to use available CPU instructions in performance-critical operations.
To enable the following instructions: AVX2 FMA, in other operations, rebuild TensorFlow with the appropriate compiler flags.
2025-06-25 23:23:29.281998: I tensorflow/core/platform/cpu_feature_guard.cc:182] This TensorFlow binary is optimized to use available CPU instructions in performance-critical operations.
To enable the following instructions: AVX2 FMA, in other operations, rebuild TensorFlow with the appropriate compiler flags.
2025-06-25 23:23:29.282021: I tensorflow/core/platform/cpu_feature_guard.cc:182] This TensorFlow binary is optimized to use available CPU instructions in performance-critical operations.
To enable the following instructions: AVX2 FMA, in other operations, rebuild TensorFlow with the appropriate compiler flags.
2025-06-25 23:23:29.282076: I tensorflow/core/platform/cpu_feature_guard.cc:182] This TensorFlow binary is optimized to use available CPU instructions in performance-critical operations.
To enable the following instructions: AVX2 FMA, in other operations, rebuild TensorFlow with the appropriate compiler flags.
2025-06-25 23:24:11.770944: W tensorflow/compiler/tf2tensorrt/utils/py_utils.cc:38] TF-TRT Warning: Could not find TensorRT
2025-06-25 23:24:11.770944: W tensorflow/compiler/tf2tensorrt/utils/py_utils.cc:38] TF-TRT Warning: Could not find TensorRT
2025-06-25 23:24:11.770945: W tensorflow/compiler/tf2tensorrt/utils/py_utils.cc:38] TF-TRT Warning: Could not find TensorRT
2025-06-25 23:24:11.770952: W tensorflow/compiler/tf2tensorrt/utils/py_utils.cc:38] TF-TRT Warning: Could not find TensorRT
val: 400 180 Trueval: 400 180 Trueval: 400 180 Trueval: 400 180 True



Fine-tuning OpenVLA Model `openvla/openvla-7b` on `mikasa_mix`
Fine-tuning OpenVLA Model `openvla/openvla-7b` on `mikasa_mix`Fine-tuning OpenVLA Model `openvla/openvla-7b` on `mikasa_mix`

wandb: Currently logged in as: leothemagnificent (leothemagnificent-university-of-cambridge) to https://api.wandb.ai. Use `wandb login --relogin` to force relogin
wandb: Tracking run with wandb version 0.19.10
wandb: Run data is saved locally in /rds/user/lz307/hpc-work/openvla/wandb/run-20250625_232714-3jd3dsvo
wandb: Run `wandb offline` to turn off syncing.
wandb: Syncing run ft+openvla-7b+mikasa_mix+b16+lr-0.0005+lora-r128+dropout-0.01--mikasa_mix--image_aug--25-06-25_23-27-13
wandb: ⭐️ View project at https://wandb.ai/leothemagnificent-university-of-cambridge/openvla-mikasa
wandb: 🚀 View run at https://wandb.ai/leothemagnificent-university-of-cambridge/openvla-mikasa/runs/3jd3dsvo
Fine-tuning OpenVLA Model `openvla/openvla-7b` on `mikasa_mix`
Loading checkpoint shards:   0%|          | 0/3 [00:00<?, ?it/s]Loading checkpoint shards:   0%|          | 0/3 [00:00<?, ?it/s]Loading checkpoint shards:   0%|          | 0/3 [00:00<?, ?it/s]Loading checkpoint shards:   0%|          | 0/3 [00:00<?, ?it/s]Loading checkpoint shards:  33%|███▎      | 1/3 [00:08<00:16,  8.38s/it]Loading checkpoint shards:  33%|███▎      | 1/3 [00:08<00:17,  8.50s/it]Loading checkpoint shards:  33%|███▎      | 1/3 [00:08<00:17,  8.52s/it]Loading checkpoint shards:  33%|███▎      | 1/3 [00:08<00:17,  8.53s/it]Loading checkpoint shards:  67%|██████▋   | 2/3 [00:12<00:05,  5.87s/it]Loading checkpoint shards:  67%|██████▋   | 2/3 [00:12<00:05,  5.91s/it]Loading checkpoint shards:  67%|██████▋   | 2/3 [00:12<00:05,  5.93s/it]Loading checkpoint shards:  67%|██████▋   | 2/3 [00:12<00:05,  5.93s/it]Loading checkpoint shards: 100%|██████████| 3/3 [00:13<00:00,  3.54s/it]Loading checkpoint shards: 100%|██████████| 3/3 [00:13<00:00,  4.42s/it]
Loading checkpoint shards: 100%|██████████| 3/3 [00:13<00:00,  3.57s/it]Loading checkpoint shards: 100%|██████████| 3/3 [00:13<00:00,  4.46s/it]
Loading checkpoint shards: 100%|██████████| 3/3 [00:13<00:00,  3.58s/it]Loading checkpoint shards: 100%|██████████| 3/3 [00:13<00:00,  4.47s/it]
Loading checkpoint shards: 100%|██████████| 3/3 [00:13<00:00,  3.58s/it]Loading checkpoint shards: 100%|██████████| 3/3 [00:13<00:00,  4.48s/it]
trainable params: 443,313,152 || all params: 7,984,550,336 || trainable%: 5.5521
trainable params: 443,313,152 || all params: 7,984,550,336 || trainable%: 5.5521
trainable params: 443,313,152 || all params: 7,984,550,336 || trainable%: 5.5521
trainable params: 443,313,152 || all params: 7,984,550,336 || trainable%: 5.5521
build dataset `data`
self.data_root_dir data
self.data_root_dir data
OXE_DATASET_CONFIGS {'image_obs_keys': {'primary': 'image', 'secondary': None, 'wrist': None}, 'depth_obs_keys': {'primary': None, 'secondary': None, 'wrist': None}, 'state_obs_keys': ['state'], 'state_encoding': <StateEncoding.POS_EULER: 1>, 'action_encoding': <ActionEncoding.EEF_POS: 1>}
OXE_DATASET_CONFIGS {'image_obs_keys': {'primary': 'image', 'secondary': None, 'wrist': None}, 'depth_obs_keys': {'primary': None, 'secondary': None, 'wrist': None}, 'state_obs_keys': ['state'], 'state_encoding': <StateEncoding.POS_EULER: 1>, 'action_encoding': <ActionEncoding.EEF_POS: 1>}
OXE_DATASET_CONFIGS {'image_obs_keys': {'primary': 'image', 'secondary': None, 'wrist': None}, 'depth_obs_keys': {'primary': None, 'secondary': None, 'wrist': None}, 'state_obs_keys': ['state'], 'state_encoding': <StateEncoding.POS_EULER: 1>, 'action_encoding': <ActionEncoding.EEF_POS: 1>}
OXE_DATASET_CONFIGS {'image_obs_keys': {'primary': 'image', 'secondary': None, 'wrist': None}, 'depth_obs_keys': {'primary': None, 'secondary': None, 'wrist': None}, 'state_obs_keys': ['state'], 'state_encoding': <StateEncoding.POS_EULER: 1>, 'action_encoding': <ActionEncoding.EEF_POS: 1>}
OXE_DATASET_CONFIGS {'image_obs_keys': {'primary': 'image', 'secondary': None, 'wrist': None}, 'depth_obs_keys': {'primary': None, 'secondary': None, 'wrist': None}, 'state_obs_keys': ['state'], 'state_encoding': <StateEncoding.POS_EULER: 1>, 'action_encoding': <ActionEncoding.EEF_POS: 1>}
OXE_DATASET_CONFIGS {'image_obs_keys': {'primary': 'image', 'secondary': None, 'wrist': None}, 'depth_obs_keys': {'primary': None, 'secondary': None, 'wrist': None}, 'state_obs_keys': ['state'], 'state_encoding': <StateEncoding.POS_EULER: 1>, 'action_encoding': <ActionEncoding.EEF_POS: 1>}
OXE_DATASET_CONFIGS {'image_obs_keys': {'primary': 'image', 'secondary': None, 'wrist': None}, 'depth_obs_keys': {'primary': None, 'secondary': None, 'wrist': None}, 'state_obs_keys': ['state'], 'state_encoding': <StateEncoding.POS_EULER: 1>, 'action_encoding': <ActionEncoding.EEF_POS: 1>}
OXE_DATASET_CONFIGS {'image_obs_keys': {'primary': 'image', 'secondary': None, 'wrist': None}, 'depth_obs_keys': {'primary': None, 'secondary': None, 'wrist': None}, 'state_obs_keys': ['state'], 'state_encoding': <StateEncoding.POS_EULER: 1>, 'action_encoding': <ActionEncoding.EEF_POS: 1>}
OXE_DATASET_CONFIGS {'image_obs_keys': {'primary': 'image', 'secondary': None, 'wrist': None}, 'depth_obs_keys': {'primary': None, 'secondary': None, 'wrist': None}, 'state_obs_keys': ['state'], 'state_encoding': <StateEncoding.POS_EULER: 1>, 'action_encoding': <ActionEncoding.EEF_POS: 1>}
OXE_DATASET_CONFIGS {'image_obs_keys': {'primary': 'image', 'secondary': None, 'wrist': None}, 'depth_obs_keys': {'primary': None, 'secondary': None, 'wrist': None}, 'state_obs_keys': ['state'], 'state_encoding': <StateEncoding.POS_EULER: 1>, 'action_encoding': <ActionEncoding.EEF_POS: 1>}
OXE_DATASET_CONFIGS {'image_obs_keys': {'primary': 'image', 'secondary': None, 'wrist': None}, 'depth_obs_keys': {'primary': None, 'secondary': None, 'wrist': None}, 'state_obs_keys': ['state'], 'state_encoding': <StateEncoding.POS_EULER: 1>, 'action_encoding': <ActionEncoding.EEF_POS: 1>}
OXE_DATASET_CONFIGS {'image_obs_keys': {'primary': 'image', 'secondary': None, 'wrist': None}, 'depth_obs_keys': {'primary': None, 'secondary': None, 'wrist': None}, 'state_obs_keys': ['state'], 'state_encoding': <StateEncoding.POS_EULER: 1>, 'action_encoding': <ActionEncoding.EEF_POS: 1>}
OXE_DATASET_CONFIGS {'image_obs_keys': {'primary': 'image', 'secondary': None, 'wrist': None}, 'depth_obs_keys': {'primary': None, 'secondary': None, 'wrist': None}, 'state_obs_keys': ['state'], 'state_encoding': <StateEncoding.POS_EULER: 1>, 'action_encoding': <ActionEncoding.EEF_POS: 1>}
OXE_DATASET_CONFIGS {'image_obs_keys': {'primary': 'image', 'secondary': None, 'wrist': None}, 'depth_obs_keys': {'primary': None, 'secondary': None, 'wrist': None}, 'state_obs_keys': ['state'], 'state_encoding': <StateEncoding.POS_EULER: 1>, 'action_encoding': <ActionEncoding.EEF_POS: 1>}
OXE_DATASET_CONFIGS {'image_obs_keys': {'primary': 'image', 'secondary': None, 'wrist': None}, 'depth_obs_keys': {'primary': None, 'secondary': None, 'wrist': None}, 'state_obs_keys': ['state'], 'state_encoding': <StateEncoding.POS_EULER: 1>, 'action_encoding': <ActionEncoding.EEF_POS: 1>}
OXE_DATASET_CONFIGS {'image_obs_keys': {'primary': 'image', 'secondary': None, 'wrist': None}, 'depth_obs_keys': {'primary': None, 'secondary': None, 'wrist': None}, 'state_obs_keys': ['state'], 'state_encoding': <StateEncoding.POS_EULER: 1>, 'action_encoding': <ActionEncoding.EEF_POS: 1>}
OXE_DATASET_CONFIGS {'image_obs_keys': {'primary': 'image', 'secondary': None, 'wrist': None}, 'depth_obs_keys': {'primary': None, 'secondary': None, 'wrist': None}, 'state_obs_keys': ['state'], 'state_encoding': <StateEncoding.POS_EULER: 1>, 'action_encoding': <ActionEncoding.EEF_POS: 1>}
OXE_DATASET_CONFIGS {'image_obs_keys': {'primary': 'image', 'secondary': None, 'wrist': None}, 'depth_obs_keys': {'primary': None, 'secondary': None, 'wrist': None}, 'state_obs_keys': ['state'], 'state_encoding': <StateEncoding.POS_EULER: 1>, 'action_encoding': <ActionEncoding.EEF_POS: 1>}
build dataset `data`OXE_DATASET_CONFIGS {'image_obs_keys': {'primary': 'image', 'secondary': None, 'wrist': None}, 'depth_obs_keys': {'primary': None, 'secondary': None, 'wrist': None}, 'state_obs_keys': ['state'], 'state_encoding': <StateEncoding.POS_EULER: 1>, 'action_encoding': <ActionEncoding.EEF_POS: 1>}
OXE_DATASET_CONFIGS {'image_obs_keys': {'primary': 'image', 'secondary': None, 'wrist': None}, 'depth_obs_keys': {'primary': None, 'secondary': None, 'wrist': None}, 'state_obs_keys': ['state'], 'state_encoding': <StateEncoding.POS_EULER: 1>, 'action_encoding': <ActionEncoding.EEF_POS: 1>}
OXE_DATASET_CONFIGS {'image_obs_keys': {'primary': 'image', 'secondary': None, 'wrist': None}, 'depth_obs_keys': {'primary': None, 'secondary': None, 'wrist': None}, 'state_obs_keys': ['state'], 'state_encoding': <StateEncoding.POS_EULER: 1>, 'action_encoding': <ActionEncoding.EEF_POS: 1>}

OXE_DATASET_CONFIGS {'image_obs_keys': {'primary': 'image', 'secondary': None, 'wrist': None}, 'depth_obs_keys': {'primary': None, 'secondary': None, 'wrist': None}, 'state_obs_keys': ['state'], 'state_encoding': <StateEncoding.POS_EULER: 1>, 'action_encoding': <ActionEncoding.EEF_POS: 1>}
OXE_DATASET_CONFIGS {'image_obs_keys': {'primary': 'image', 'secondary': None, 'wrist': None}, 'depth_obs_keys': {'primary': None, 'secondary': None, 'wrist': None}, 'state_obs_keys': ['state'], 'state_encoding': <StateEncoding.POS_EULER: 1>, 'action_encoding': <ActionEncoding.EEF_POS: 1>}self.data_root_dir
OXE_DATASET_CONFIGS  {'image_obs_keys': {'primary': 'image', 'secondary': None, 'wrist': None}, 'depth_obs_keys': {'primary': None, 'secondary': None, 'wrist': None}, 'state_obs_keys': ['state'], 'state_encoding': <StateEncoding.POS_EULER: 1>, 'action_encoding': <ActionEncoding.EEF_POS: 1>}
OXE_DATASET_CONFIGSdata {'image_obs_keys': {'primary': 'image', 'secondary': None, 'wrist': None}, 'depth_obs_keys': {'primary': None, 'secondary': None, 'wrist': None}, 'state_obs_keys': ['state'], 'state_encoding': <StateEncoding.POS_EULER: 1>, 'action_encoding': <ActionEncoding.EEF_POS: 1>}

OXE_DATASET_CONFIGS {'image_obs_keys': {'primary': 'image', 'secondary': None, 'wrist': None}, 'depth_obs_keys': {'primary': None, 'secondary': None, 'wrist': None}, 'state_obs_keys': ['state'], 'state_encoding': <StateEncoding.POS_EULER: 1>, 'action_encoding': <ActionEncoding.EEF_POS: 1>}
self.data_root_dirOXE_DATASET_CONFIGS {'image_obs_keys': {'primary': 'image', 'secondary': None, 'wrist': None}, 'depth_obs_keys': {'primary': None, 'secondary': None, 'wrist': None}, 'state_obs_keys': ['state'], 'state_encoding': <StateEncoding.POS_EULER: 1>, 'action_encoding': <ActionEncoding.EEF_POS: 1>}
 OXE_DATASET_CONFIGS {'image_obs_keys': {'primary': 'image', 'secondary': None, 'wrist': None}, 'depth_obs_keys': {'primary': None, 'secondary': None, 'wrist': None}, 'state_obs_keys': ['state'], 'state_encoding': <StateEncoding.POS_EULER: 1>, 'action_encoding': <ActionEncoding.EEF_POS: 1>}data
OXE_DATASET_CONFIGS
 {'image_obs_keys': {'primary': 'image', 'secondary': None, 'wrist': None}, 'depth_obs_keys': {'primary': None, 'secondary': None, 'wrist': None}, 'state_obs_keys': ['state'], 'state_encoding': <StateEncoding.POS_EULER: 1>, 'action_encoding': <ActionEncoding.EEF_POS: 1>}
OXE_DATASET_CONFIGSOXE_DATASET_CONFIGS {'image_obs_keys': {'primary': 'image', 'secondary': None, 'wrist': None}, 'depth_obs_keys': {'primary': None, 'secondary': None, 'wrist': None}, 'state_obs_keys': ['state'], 'state_encoding': <StateEncoding.POS_EULER: 1>, 'action_encoding': <ActionEncoding.EEF_POS: 1>}
 OXE_DATASET_CONFIGS {'image_obs_keys': {'primary': 'image', 'secondary': None, 'wrist': None}, 'depth_obs_keys': {'primary': None, 'secondary': None, 'wrist': None}, 'state_obs_keys': ['state'], 'state_encoding': <StateEncoding.POS_EULER: 1>, 'action_encoding': <ActionEncoding.EEF_POS: 1>}
{'image_obs_keys': {'primary': 'image', 'secondary': None, 'wrist': None}, 'depth_obs_keys': {'primary': None, 'secondary': None, 'wrist': None}, 'state_obs_keys': ['state'], 'state_encoding': <StateEncoding.POS_EULER: 1>, 'action_encoding': <ActionEncoding.EEF_POS: 1>}OXE_DATASET_CONFIGS {'image_obs_keys': {'primary': 'image', 'secondary': None, 'wrist': None}, 'depth_obs_keys': {'primary': None, 'secondary': None, 'wrist': None}, 'state_obs_keys': ['state'], 'state_encoding': <StateEncoding.POS_EULER: 1>, 'action_encoding': <ActionEncoding.EEF_POS: 1>}

OXE_DATASET_CONFIGS {'image_obs_keys': {'primary': 'image', 'secondary': None, 'wrist': None}, 'depth_obs_keys': {'primary': None, 'secondary': None, 'wrist': None}, 'state_obs_keys': ['state'], 'state_encoding': <StateEncoding.POS_EULER: 1>, 'action_encoding': <ActionEncoding.EEF_POS: 1>}
OXE_DATASET_CONFIGS OXE_DATASET_CONFIGS{'image_obs_keys': {'primary': 'image', 'secondary': None, 'wrist': None}, 'depth_obs_keys': {'primary': None, 'secondary': None, 'wrist': None}, 'state_obs_keys': ['state'], 'state_encoding': <StateEncoding.POS_EULER: 1>, 'action_encoding': <ActionEncoding.EEF_POS: 1>}
 self.data_root_dir data
{'image_obs_keys': {'primary': 'image', 'secondary': None, 'wrist': None}, 'depth_obs_keys': {'primary': None, 'secondary': None, 'wrist': None}, 'state_obs_keys': ['state'], 'state_encoding': <StateEncoding.POS_EULER: 1>, 'action_encoding': <ActionEncoding.EEF_POS: 1>}build dataset `data`

OXE_DATASET_CONFIGSself.data_root_dir data
 self.data_root_dir data
{'image_obs_keys': {'primary': 'image', 'secondary': None, 'wrist': None}, 'depth_obs_keys': {'primary': None, 'secondary': None, 'wrist': None}, 'state_obs_keys': ['state'], 'state_encoding': <StateEncoding.POS_EULER: 1>, 'action_encoding': <ActionEncoding.EEF_POS: 1>}OXE_DATASET_CONFIGS 
{'image_obs_keys': {'primary': 'image', 'secondary': None, 'wrist': None}, 'depth_obs_keys': {'primary': None, 'secondary': None, 'wrist': None}, 'state_obs_keys': ['state'], 'state_encoding': <StateEncoding.POS_EULER: 1>, 'action_encoding': <ActionEncoding.EEF_POS: 1>}
OXE_DATASET_CONFIGSOXE_DATASET_CONFIGS {'image_obs_keys': {'primary': 'image', 'secondary': None, 'wrist': None}, 'depth_obs_keys': {'primary': None, 'secondary': None, 'wrist': None}, 'state_obs_keys': ['state'], 'state_encoding': <StateEncoding.POS_EULER: 1>, 'action_encoding': <ActionEncoding.EEF_POS: 1>} 
OXE_DATASET_CONFIGS{'image_obs_keys': {'primary': 'image', 'secondary': None, 'wrist': None}, 'depth_obs_keys': {'primary': None, 'secondary': None, 'wrist': None}, 'state_obs_keys': ['state'], 'state_encoding': <StateEncoding.POS_EULER: 1>, 'action_encoding': <ActionEncoding.EEF_POS: 1>} {'image_obs_keys': {'primary': 'image', 'secondary': None, 'wrist': None}, 'depth_obs_keys': {'primary': None, 'secondary': None, 'wrist': None}, 'state_obs_keys': ['state'], 'state_encoding': <StateEncoding.POS_EULER: 1>, 'action_encoding': <ActionEncoding.EEF_POS: 1>}

build dataset `data`OXE_DATASET_CONFIGS
 OXE_DATASET_CONFIGS{'image_obs_keys': {'primary': 'image', 'secondary': None, 'wrist': None}, 'depth_obs_keys': {'primary': None, 'secondary': None, 'wrist': None}, 'state_obs_keys': ['state'], 'state_encoding': <StateEncoding.POS_EULER: 1>, 'action_encoding': <ActionEncoding.EEF_POS: 1>}
self.data_root_dirOXE_DATASET_CONFIGS   data{'image_obs_keys': {'primary': 'image', 'secondary': None, 'wrist': None}, 'depth_obs_keys': {'primary': None, 'secondary': None, 'wrist': None}, 'state_obs_keys': ['state'], 'state_encoding': <StateEncoding.POS_EULER: 1>, 'action_encoding': <ActionEncoding.EEF_POS: 1>}

{'image_obs_keys': {'primary': 'image', 'secondary': None, 'wrist': None}, 'depth_obs_keys': {'primary': None, 'secondary': None, 'wrist': None}, 'state_obs_keys': ['state'], 'state_encoding': <StateEncoding.POS_EULER: 1>, 'action_encoding': <ActionEncoding.EEF_POS: 1>}self.data_root_dir OXE_DATASET_CONFIGSdata 

{'image_obs_keys': {'primary': 'image', 'secondary': None, 'wrist': None}, 'depth_obs_keys': {'primary': None, 'secondary': None, 'wrist': None}, 'state_obs_keys': ['state'], 'state_encoding': <StateEncoding.POS_EULER: 1>, 'action_encoding': <ActionEncoding.EEF_POS: 1>}
OXE_DATASET_CONFIGS OXE_DATASET_CONFIGS {'image_obs_keys': {'primary': 'image', 'secondary': None, 'wrist': None}, 'depth_obs_keys': {'primary': None, 'secondary': None, 'wrist': None}, 'state_obs_keys': ['state'], 'state_encoding': <StateEncoding.POS_EULER: 1>, 'action_encoding': <ActionEncoding.EEF_POS: 1>}OXE_DATASET_CONFIGS{'image_obs_keys': {'primary': 'image', 'secondary': None, 'wrist': None}, 'depth_obs_keys': {'primary': None, 'secondary': None, 'wrist': None}, 'state_obs_keys': ['state'], 'state_encoding': <StateEncoding.POS_EULER: 1>, 'action_encoding': <ActionEncoding.EEF_POS: 1>}

 OXE_DATASET_CONFIGS OXE_DATASET_CONFIGS{'image_obs_keys': {'primary': 'image', 'secondary': None, 'wrist': None}, 'depth_obs_keys': {'primary': None, 'secondary': None, 'wrist': None}, 'state_obs_keys': ['state'], 'state_encoding': <StateEncoding.POS_EULER: 1>, 'action_encoding': <ActionEncoding.EEF_POS: 1>} {'image_obs_keys': {'primary': 'image', 'secondary': None, 'wrist': None}, 'depth_obs_keys': {'primary': None, 'secondary': None, 'wrist': None}, 'state_obs_keys': ['state'], 'state_encoding': <StateEncoding.POS_EULER: 1>, 'action_encoding': <ActionEncoding.EEF_POS: 1>}
{'image_obs_keys': {'primary': 'image', 'secondary': None, 'wrist': None}, 'depth_obs_keys': {'primary': None, 'secondary': None, 'wrist': None}, 'state_obs_keys': ['state'], 'state_encoding': <StateEncoding.POS_EULER: 1>, 'action_encoding': <ActionEncoding.EEF_POS: 1>}
OXE_DATASET_CONFIGS
 OXE_DATASET_CONFIGS{'image_obs_keys': {'primary': 'image', 'secondary': None, 'wrist': None}, 'depth_obs_keys': {'primary': None, 'secondary': None, 'wrist': None}, 'state_obs_keys': ['state'], 'state_encoding': <StateEncoding.POS_EULER: 1>, 'action_encoding': <ActionEncoding.EEF_POS: 1>} 
{'image_obs_keys': {'primary': 'image', 'secondary': None, 'wrist': None}, 'depth_obs_keys': {'primary': None, 'secondary': None, 'wrist': None}, 'state_obs_keys': ['state'], 'state_encoding': <StateEncoding.POS_EULER: 1>, 'action_encoding': <ActionEncoding.EEF_POS: 1>}
OXE_DATASET_CONFIGSOXE_DATASET_CONFIGSOXE_DATASET_CONFIGS  {'image_obs_keys': {'primary': 'image', 'secondary': None, 'wrist': None}, 'depth_obs_keys': {'primary': None, 'secondary': None, 'wrist': None}, 'state_obs_keys': ['state'], 'state_encoding': <StateEncoding.POS_EULER: 1>, 'action_encoding': <ActionEncoding.EEF_POS: 1>} {'image_obs_keys': {'primary': 'image', 'secondary': None, 'wrist': None}, 'depth_obs_keys': {'primary': None, 'secondary': None, 'wrist': None}, 'state_obs_keys': ['state'], 'state_encoding': <StateEncoding.POS_EULER: 1>, 'action_encoding': <ActionEncoding.EEF_POS: 1>}

OXE_DATASET_CONFIGS{'image_obs_keys': {'primary': 'image', 'secondary': None, 'wrist': None}, 'depth_obs_keys': {'primary': None, 'secondary': None, 'wrist': None}, 'state_obs_keys': ['state'], 'state_encoding': <StateEncoding.POS_EULER: 1>, 'action_encoding': <ActionEncoding.EEF_POS: 1>} OXE_DATASET_CONFIGS{'image_obs_keys': {'primary': 'image', 'secondary': None, 'wrist': None}, 'depth_obs_keys': {'primary': None, 'secondary': None, 'wrist': None}, 'state_obs_keys': ['state'], 'state_encoding': <StateEncoding.POS_EULER: 1>, 'action_encoding': <ActionEncoding.EEF_POS: 1>} 
{'image_obs_keys': {'primary': 'image', 'secondary': None, 'wrist': None}, 'depth_obs_keys': {'primary': None, 'secondary': None, 'wrist': None}, 'state_obs_keys': ['state'], 'state_encoding': <StateEncoding.POS_EULER: 1>, 'action_encoding': <ActionEncoding.EEF_POS: 1>}

OXE_DATASET_CONFIGS {'image_obs_keys': {'primary': 'image', 'secondary': None, 'wrist': None}, 'depth_obs_keys': {'primary': None, 'secondary': None, 'wrist': None}, 'state_obs_keys': ['state'], 'state_encoding': <StateEncoding.POS_EULER: 1>, 'action_encoding': <ActionEncoding.EEF_POS: 1>}OXE_DATASET_CONFIGS
 OXE_DATASET_CONFIGS{'image_obs_keys': {'primary': 'image', 'secondary': None, 'wrist': None}, 'depth_obs_keys': {'primary': None, 'secondary': None, 'wrist': None}, 'state_obs_keys': ['state'], 'state_encoding': <StateEncoding.POS_EULER: 1>, 'action_encoding': <ActionEncoding.EEF_POS: 1>}OXE_DATASET_CONFIGS
  {'image_obs_keys': {'primary': 'image', 'secondary': None, 'wrist': None}, 'depth_obs_keys': {'primary': None, 'secondary': None, 'wrist': None}, 'state_obs_keys': ['state'], 'state_encoding': <StateEncoding.POS_EULER: 1>, 'action_encoding': <ActionEncoding.EEF_POS: 1>}OXE_DATASET_CONFIGS
 {'image_obs_keys': {'primary': 'image', 'secondary': None, 'wrist': None}, 'depth_obs_keys': {'primary': None, 'secondary': None, 'wrist': None}, 'state_obs_keys': ['state'], 'state_encoding': <StateEncoding.POS_EULER: 1>, 'action_encoding': <ActionEncoding.EEF_POS: 1>}{'image_obs_keys': {'primary': 'image', 'secondary': None, 'wrist': None}, 'depth_obs_keys': {'primary': None, 'secondary': None, 'wrist': None}, 'state_obs_keys': ['state'], 'state_encoding': <StateEncoding.POS_EULER: 1>, 'action_encoding': <ActionEncoding.EEF_POS: 1>}OXE_DATASET_CONFIGS
 {'image_obs_keys': {'primary': 'image', 'secondary': None, 'wrist': None}, 'depth_obs_keys': {'primary': None, 'secondary': None, 'wrist': None}, 'state_obs_keys': ['state'], 'state_encoding': <StateEncoding.POS_EULER: 1>, 'action_encoding': <ActionEncoding.EEF_POS: 1>}

OXE_DATASET_CONFIGS OXE_DATASET_CONFIGS{'image_obs_keys': {'primary': 'image', 'secondary': None, 'wrist': None}, 'depth_obs_keys': {'primary': None, 'secondary': None, 'wrist': None}, 'state_obs_keys': ['state'], 'state_encoding': <StateEncoding.POS_EULER: 1>, 'action_encoding': <ActionEncoding.EEF_POS: 1>} 
OXE_DATASET_CONFIGS{'image_obs_keys': {'primary': 'image', 'secondary': None, 'wrist': None}, 'depth_obs_keys': {'primary': None, 'secondary': None, 'wrist': None}, 'state_obs_keys': ['state'], 'state_encoding': <StateEncoding.POS_EULER: 1>, 'action_encoding': <ActionEncoding.EEF_POS: 1>}OXE_DATASET_CONFIGS
  {'image_obs_keys': {'primary': 'image', 'secondary': None, 'wrist': None}, 'depth_obs_keys': {'primary': None, 'secondary': None, 'wrist': None}, 'state_obs_keys': ['state'], 'state_encoding': <StateEncoding.POS_EULER: 1>, 'action_encoding': <ActionEncoding.EEF_POS: 1>}OXE_DATASET_CONFIGS
 {'image_obs_keys': {'primary': 'image', 'secondary': None, 'wrist': None}, 'depth_obs_keys': {'primary': None, 'secondary': None, 'wrist': None}, 'state_obs_keys': ['state'], 'state_encoding': <StateEncoding.POS_EULER: 1>, 'action_encoding': <ActionEncoding.EEF_POS: 1>}{'image_obs_keys': {'primary': 'image', 'secondary': None, 'wrist': None}, 'depth_obs_keys': {'primary': None, 'secondary': None, 'wrist': None}, 'state_obs_keys': ['state'], 'state_encoding': <StateEncoding.POS_EULER: 1>, 'action_encoding': <ActionEncoding.EEF_POS: 1>}OXE_DATASET_CONFIGS
 
{'image_obs_keys': {'primary': 'image', 'secondary': None, 'wrist': None}, 'depth_obs_keys': {'primary': None, 'secondary': None, 'wrist': None}, 'state_obs_keys': ['state'], 'state_encoding': <StateEncoding.POS_EULER: 1>, 'action_encoding': <ActionEncoding.EEF_POS: 1>}OXE_DATASET_CONFIGS
 {'image_obs_keys': {'primary': 'image', 'secondary': None, 'wrist': None}, 'depth_obs_keys': {'primary': None, 'secondary': None, 'wrist': None}, 'state_obs_keys': ['state'], 'state_encoding': <StateEncoding.POS_EULER: 1>, 'action_encoding': <ActionEncoding.EEF_POS: 1>}OXE_DATASET_CONFIGS
OXE_DATASET_CONFIGS OXE_DATASET_CONFIGS{'image_obs_keys': {'primary': 'image', 'secondary': None, 'wrist': None}, 'depth_obs_keys': {'primary': None, 'secondary': None, 'wrist': None}, 'state_obs_keys': ['state'], 'state_encoding': <StateEncoding.POS_EULER: 1>, 'action_encoding': <ActionEncoding.EEF_POS: 1>} 
 {'image_obs_keys': {'primary': 'image', 'secondary': None, 'wrist': None}, 'depth_obs_keys': {'primary': None, 'secondary': None, 'wrist': None}, 'state_obs_keys': ['state'], 'state_encoding': <StateEncoding.POS_EULER: 1>, 'action_encoding': <ActionEncoding.EEF_POS: 1>}OXE_DATASET_CONFIGS
 {'image_obs_keys': {'primary': 'image', 'secondary': None, 'wrist': None}, 'depth_obs_keys': {'primary': None, 'secondary': None, 'wrist': None}, 'state_obs_keys': ['state'], 'state_encoding': <StateEncoding.POS_EULER: 1>, 'action_encoding': <ActionEncoding.EEF_POS: 1>}{'image_obs_keys': {'primary': 'image', 'secondary': None, 'wrist': None}, 'depth_obs_keys': {'primary': None, 'secondary': None, 'wrist': None}, 'state_obs_keys': ['state'], 'state_encoding': <StateEncoding.POS_EULER: 1>, 'action_encoding': <ActionEncoding.EEF_POS: 1>}
OXE_DATASET_CONFIGS OXE_DATASET_CONFIGS{'image_obs_keys': {'primary': 'image', 'secondary': None, 'wrist': None}, 'depth_obs_keys': {'primary': None, 'secondary': None, 'wrist': None}, 'state_obs_keys': ['state'], 'state_encoding': <StateEncoding.POS_EULER: 1>, 'action_encoding': <ActionEncoding.EEF_POS: 1>}
 
{'image_obs_keys': {'primary': 'image', 'secondary': None, 'wrist': None}, 'depth_obs_keys': {'primary': None, 'secondary': None, 'wrist': None}, 'state_obs_keys': ['state'], 'state_encoding': <StateEncoding.POS_EULER: 1>, 'action_encoding': <ActionEncoding.EEF_POS: 1>}
OXE_DATASET_CONFIGS OXE_DATASET_CONFIGSOXE_DATASET_CONFIGS{'image_obs_keys': {'primary': 'image', 'secondary': None, 'wrist': None}, 'depth_obs_keys': {'primary': None, 'secondary': None, 'wrist': None}, 'state_obs_keys': ['state'], 'state_encoding': <StateEncoding.POS_EULER: 1>, 'action_encoding': <ActionEncoding.EEF_POS: 1>} 
{'image_obs_keys': {'primary': 'image', 'secondary': None, 'wrist': None}, 'depth_obs_keys': {'primary': None, 'secondary': None, 'wrist': None}, 'state_obs_keys': ['state'], 'state_encoding': <StateEncoding.POS_EULER: 1>, 'action_encoding': <ActionEncoding.EEF_POS: 1>}
 OXE_DATASET_CONFIGSOXE_DATASET_CONFIGS  {'image_obs_keys': {'primary': 'image', 'secondary': None, 'wrist': None}, 'depth_obs_keys': {'primary': None, 'secondary': None, 'wrist': None}, 'state_obs_keys': ['state'], 'state_encoding': <StateEncoding.POS_EULER: 1>, 'action_encoding': <ActionEncoding.EEF_POS: 1>}{'image_obs_keys': {'primary': 'image', 'secondary': None, 'wrist': None}, 'depth_obs_keys': {'primary': None, 'secondary': None, 'wrist': None}, 'state_obs_keys': ['state'], 'state_encoding': <StateEncoding.POS_EULER: 1>, 'action_encoding': <ActionEncoding.EEF_POS: 1>}{'image_obs_keys': {'primary': 'image', 'secondary': None, 'wrist': None}, 'depth_obs_keys': {'primary': None, 'secondary': None, 'wrist': None}, 'state_obs_keys': ['state'], 'state_encoding': <StateEncoding.POS_EULER: 1>, 'action_encoding': <ActionEncoding.EEF_POS: 1>}


OXE_DATASET_CONFIGSOXE_DATASET_CONFIGS  {'image_obs_keys': {'primary': 'image', 'secondary': None, 'wrist': None}, 'depth_obs_keys': {'primary': None, 'secondary': None, 'wrist': None}, 'state_obs_keys': ['state'], 'state_encoding': <StateEncoding.POS_EULER: 1>, 'action_encoding': <ActionEncoding.EEF_POS: 1>}{'image_obs_keys': {'primary': 'image', 'secondary': None, 'wrist': None}, 'depth_obs_keys': {'primary': None, 'secondary': None, 'wrist': None}, 'state_obs_keys': ['state'], 'state_encoding': <StateEncoding.POS_EULER: 1>, 'action_encoding': <ActionEncoding.EEF_POS: 1>}

OXE_DATASET_CONFIGSOXE_DATASET_CONFIGSOXE_DATASET_CONFIGS   {'image_obs_keys': {'primary': 'image', 'secondary': None, 'wrist': None}, 'depth_obs_keys': {'primary': None, 'secondary': None, 'wrist': None}, 'state_obs_keys': ['state'], 'state_encoding': <StateEncoding.POS_EULER: 1>, 'action_encoding': <ActionEncoding.EEF_POS: 1>}{'image_obs_keys': {'primary': 'image', 'secondary': None, 'wrist': None}, 'depth_obs_keys': {'primary': None, 'secondary': None, 'wrist': None}, 'state_obs_keys': ['state'], 'state_encoding': <StateEncoding.POS_EULER: 1>, 'action_encoding': <ActionEncoding.EEF_POS: 1>}

{'image_obs_keys': {'primary': 'image', 'secondary': None, 'wrist': None}, 'depth_obs_keys': {'primary': None, 'secondary': None, 'wrist': None}, 'state_obs_keys': ['state'], 'state_encoding': <StateEncoding.POS_EULER: 1>, 'action_encoding': <ActionEncoding.EEF_POS: 1>}OXE_DATASET_CONFIGSOXE_DATASET_CONFIGS  {'image_obs_keys': {'primary': 'image', 'secondary': None, 'wrist': None}, 'depth_obs_keys': {'primary': None, 'secondary': None, 'wrist': None}, 'state_obs_keys': ['state'], 'state_encoding': <StateEncoding.POS_EULER: 1>, 'action_encoding': <ActionEncoding.EEF_POS: 1>}
{'image_obs_keys': {'primary': 'image', 'secondary': None, 'wrist': None}, 'depth_obs_keys': {'primary': None, 'secondary': None, 'wrist': None}, 'state_obs_keys': ['state'], 'state_encoding': <StateEncoding.POS_EULER: 1>, 'action_encoding': <ActionEncoding.EEF_POS: 1>}

OXE_DATASET_CONFIGS OXE_DATASET_CONFIGSOXE_DATASET_CONFIGS{'image_obs_keys': {'primary': 'image', 'secondary': None, 'wrist': None}, 'depth_obs_keys': {'primary': None, 'secondary': None, 'wrist': None}, 'state_obs_keys': ['state'], 'state_encoding': <StateEncoding.POS_EULER: 1>, 'action_encoding': <ActionEncoding.EEF_POS: 1>} 
{'image_obs_keys': {'primary': 'image', 'secondary': None, 'wrist': None}, 'depth_obs_keys': {'primary': None, 'secondary': None, 'wrist': None}, 'state_obs_keys': ['state'], 'state_encoding': <StateEncoding.POS_EULER: 1>, 'action_encoding': <ActionEncoding.EEF_POS: 1>}
 OXE_DATASET_CONFIGSOXE_DATASET_CONFIGS  {'image_obs_keys': {'primary': 'image', 'secondary': None, 'wrist': None}, 'depth_obs_keys': {'primary': None, 'secondary': None, 'wrist': None}, 'state_obs_keys': ['state'], 'state_encoding': <StateEncoding.POS_EULER: 1>, 'action_encoding': <ActionEncoding.EEF_POS: 1>}{'image_obs_keys': {'primary': 'image', 'secondary': None, 'wrist': None}, 'depth_obs_keys': {'primary': None, 'secondary': None, 'wrist': None}, 'state_obs_keys': ['state'], 'state_encoding': <StateEncoding.POS_EULER: 1>, 'action_encoding': <ActionEncoding.EEF_POS: 1>}{'image_obs_keys': {'primary': 'image', 'secondary': None, 'wrist': None}, 'depth_obs_keys': {'primary': None, 'secondary': None, 'wrist': None}, 'state_obs_keys': ['state'], 'state_encoding': <StateEncoding.POS_EULER: 1>, 'action_encoding': <ActionEncoding.EEF_POS: 1>}

OXE_DATASET_CONFIGS
OXE_DATASET_CONFIGS  {'image_obs_keys': {'primary': 'image', 'secondary': None, 'wrist': None}, 'depth_obs_keys': {'primary': None, 'secondary': None, 'wrist': None}, 'state_obs_keys': ['state'], 'state_encoding': <StateEncoding.POS_EULER: 1>, 'action_encoding': <ActionEncoding.EEF_POS: 1>}{'image_obs_keys': {'primary': 'image', 'secondary': None, 'wrist': None}, 'depth_obs_keys': {'primary': None, 'secondary': None, 'wrist': None}, 'state_obs_keys': ['state'], 'state_encoding': <StateEncoding.POS_EULER: 1>, 'action_encoding': <ActionEncoding.EEF_POS: 1>}

OXE_DATASET_CONFIGSOXE_DATASET_CONFIGSOXE_DATASET_CONFIGS  {'image_obs_keys': {'primary': 'image', 'secondary': None, 'wrist': None}, 'depth_obs_keys': {'primary': None, 'secondary': None, 'wrist': None}, 'state_obs_keys': ['state'], 'state_encoding': <StateEncoding.POS_EULER: 1>, 'action_encoding': <ActionEncoding.EEF_POS: 1>} {'image_obs_keys': {'primary': 'image', 'secondary': None, 'wrist': None}, 'depth_obs_keys': {'primary': None, 'secondary': None, 'wrist': None}, 'state_obs_keys': ['state'], 'state_encoding': <StateEncoding.POS_EULER: 1>, 'action_encoding': <ActionEncoding.EEF_POS: 1>}

OXE_DATASET_CONFIGS{'image_obs_keys': {'primary': 'image', 'secondary': None, 'wrist': None}, 'depth_obs_keys': {'primary': None, 'secondary': None, 'wrist': None}, 'state_obs_keys': ['state'], 'state_encoding': <StateEncoding.POS_EULER: 1>, 'action_encoding': <ActionEncoding.EEF_POS: 1>}OXE_DATASET_CONFIGS  {'image_obs_keys': {'primary': 'image', 'secondary': None, 'wrist': None}, 'depth_obs_keys': {'primary': None, 'secondary': None, 'wrist': None}, 'state_obs_keys': ['state'], 'state_encoding': <StateEncoding.POS_EULER: 1>, 'action_encoding': <ActionEncoding.EEF_POS: 1>}{'image_obs_keys': {'primary': 'image', 'secondary': None, 'wrist': None}, 'depth_obs_keys': {'primary': None, 'secondary': None, 'wrist': None}, 'state_obs_keys': ['state'], 'state_encoding': <StateEncoding.POS_EULER: 1>, 'action_encoding': <ActionEncoding.EEF_POS: 1>}


OXE_DATASET_CONFIGS OXE_DATASET_CONFIGS{'image_obs_keys': {'primary': 'image', 'secondary': None, 'wrist': None}, 'depth_obs_keys': {'primary': None, 'secondary': None, 'wrist': None}, 'state_obs_keys': ['state'], 'state_encoding': <StateEncoding.POS_EULER: 1>, 'action_encoding': <ActionEncoding.EEF_POS: 1>} 
OXE_DATASET_CONFIGS{'image_obs_keys': {'primary': 'image', 'secondary': None, 'wrist': None}, 'depth_obs_keys': {'primary': None, 'secondary': None, 'wrist': None}, 'state_obs_keys': ['state'], 'state_encoding': <StateEncoding.POS_EULER: 1>, 'action_encoding': <ActionEncoding.EEF_POS: 1>}OXE_DATASET_CONFIGS
  {'image_obs_keys': {'primary': 'image', 'secondary': None, 'wrist': None}, 'depth_obs_keys': {'primary': None, 'secondary': None, 'wrist': None}, 'state_obs_keys': ['state'], 'state_encoding': <StateEncoding.POS_EULER: 1>, 'action_encoding': <ActionEncoding.EEF_POS: 1>}OXE_DATASET_CONFIGS
 {'image_obs_keys': {'primary': 'image', 'secondary': None, 'wrist': None}, 'depth_obs_keys': {'primary': None, 'secondary': None, 'wrist': None}, 'state_obs_keys': ['state'], 'state_encoding': <StateEncoding.POS_EULER: 1>, 'action_encoding': <ActionEncoding.EEF_POS: 1>}{'image_obs_keys': {'primary': 'image', 'secondary': None, 'wrist': None}, 'depth_obs_keys': {'primary': None, 'secondary': None, 'wrist': None}, 'state_obs_keys': ['state'], 'state_encoding': <StateEncoding.POS_EULER: 1>, 'action_encoding': <ActionEncoding.EEF_POS: 1>}OXE_DATASET_CONFIGS
 {'image_obs_keys': {'primary': 'image', 'secondary': None, 'wrist': None}, 'depth_obs_keys': {'primary': None, 'secondary': None, 'wrist': None}, 'state_obs_keys': ['state'], 'state_encoding': <StateEncoding.POS_EULER: 1>, 'action_encoding': <ActionEncoding.EEF_POS: 1>}
OXE_DATASET_CONFIGS
 {'image_obs_keys': {'primary': 'image', 'secondary': None, 'wrist': None}, 'depth_obs_keys': {'primary': None, 'secondary': None, 'wrist': None}, 'state_obs_keys': ['state'], 'state_encoding': <StateEncoding.POS_EULER: 1>, 'action_encoding': <ActionEncoding.EEF_POS: 1>}OXE_DATASET_CONFIGS
 OXE_DATASET_CONFIGS{'image_obs_keys': {'primary': 'image', 'secondary': None, 'wrist': None}, 'depth_obs_keys': {'primary': None, 'secondary': None, 'wrist': None}, 'state_obs_keys': ['state'], 'state_encoding': <StateEncoding.POS_EULER: 1>, 'action_encoding': <ActionEncoding.EEF_POS: 1>}OXE_DATASET_CONFIGS
  {'image_obs_keys': {'primary': 'image', 'secondary': None, 'wrist': None}, 'depth_obs_keys': {'primary': None, 'secondary': None, 'wrist': None}, 'state_obs_keys': ['state'], 'state_encoding': <StateEncoding.POS_EULER: 1>, 'action_encoding': <ActionEncoding.EEF_POS: 1>}OXE_DATASET_CONFIGS
 {'image_obs_keys': {'primary': 'image', 'secondary': None, 'wrist': None}, 'depth_obs_keys': {'primary': None, 'secondary': None, 'wrist': None}, 'state_obs_keys': ['state'], 'state_encoding': <StateEncoding.POS_EULER: 1>, 'action_encoding': <ActionEncoding.EEF_POS: 1>}{'image_obs_keys': {'primary': 'image', 'secondary': None, 'wrist': None}, 'depth_obs_keys': {'primary': None, 'secondary': None, 'wrist': None}, 'state_obs_keys': ['state'], 'state_encoding': <StateEncoding.POS_EULER: 1>, 'action_encoding': <ActionEncoding.EEF_POS: 1>}
OXE_DATASET_CONFIGS {'image_obs_keys': {'primary': 'image', 'secondary': None, 'wrist': None}, 'depth_obs_keys': {'primary': None, 'secondary': None, 'wrist': None}, 'state_obs_keys': ['state'], 'state_encoding': <StateEncoding.POS_EULER: 1>, 'action_encoding': <ActionEncoding.EEF_POS: 1>}
self.data_root_dir
 data
OXE_DATASET_CONFIGS OXE_DATASET_CONFIGS{'image_obs_keys': {'primary': 'image', 'secondary': None, 'wrist': None}, 'depth_obs_keys': {'primary': None, 'secondary': None, 'wrist': None}, 'state_obs_keys': ['state'], 'state_encoding': <StateEncoding.POS_EULER: 1>, 'action_encoding': <ActionEncoding.EEF_POS: 1>}
 OXE_DATASET_CONFIGS {'image_obs_keys': {'primary': 'image', 'secondary': None, 'wrist': None}, 'depth_obs_keys': {'primary': None, 'secondary': None, 'wrist': None}, 'state_obs_keys': ['state'], 'state_encoding': <StateEncoding.POS_EULER: 1>, 'action_encoding': <ActionEncoding.EEF_POS: 1>}
{'image_obs_keys': {'primary': 'image', 'secondary': None, 'wrist': None}, 'depth_obs_keys': {'primary': None, 'secondary': None, 'wrist': None}, 'state_obs_keys': ['state'], 'state_encoding': <StateEncoding.POS_EULER: 1>, 'action_encoding': <ActionEncoding.EEF_POS: 1>}OXE_DATASET_CONFIGS {'image_obs_keys': {'primary': 'image', 'secondary': None, 'wrist': None}, 'depth_obs_keys': {'primary': None, 'secondary': None, 'wrist': None}, 'state_obs_keys': ['state'], 'state_encoding': <StateEncoding.POS_EULER: 1>, 'action_encoding': <ActionEncoding.EEF_POS: 1>}

OXE_DATASET_CONFIGS {'image_obs_keys': {'primary': 'image', 'secondary': None, 'wrist': None}, 'depth_obs_keys': {'primary': None, 'secondary': None, 'wrist': None}, 'state_obs_keys': ['state'], 'state_encoding': <StateEncoding.POS_EULER: 1>, 'action_encoding': <ActionEncoding.EEF_POS: 1>}OXE_DATASET_CONFIGS
OXE_DATASET_CONFIGS  {'image_obs_keys': {'primary': 'image', 'secondary': None, 'wrist': None}, 'depth_obs_keys': {'primary': None, 'secondary': None, 'wrist': None}, 'state_obs_keys': ['state'], 'state_encoding': <StateEncoding.POS_EULER: 1>, 'action_encoding': <ActionEncoding.EEF_POS: 1>}
{'image_obs_keys': {'primary': 'image', 'secondary': None, 'wrist': None}, 'depth_obs_keys': {'primary': None, 'secondary': None, 'wrist': None}, 'state_obs_keys': ['state'], 'state_encoding': <StateEncoding.POS_EULER: 1>, 'action_encoding': <ActionEncoding.EEF_POS: 1>}OXE_DATASET_CONFIGS {'image_obs_keys': {'primary': 'image', 'secondary': None, 'wrist': None}, 'depth_obs_keys': {'primary': None, 'secondary': None, 'wrist': None}, 'state_obs_keys': ['state'], 'state_encoding': <StateEncoding.POS_EULER: 1>, 'action_encoding': <ActionEncoding.EEF_POS: 1>}

self.data_root_dir data
OXE_DATASET_CONFIGS {'image_obs_keys': {'primary': 'image', 'secondary': None, 'wrist': None}, 'depth_obs_keys': {'primary': None, 'secondary': None, 'wrist': None}, 'state_obs_keys': ['state'], 'state_encoding': <StateEncoding.POS_EULER: 1>, 'action_encoding': <ActionEncoding.EEF_POS: 1>}
OXE_DATASET_CONFIGS {'image_obs_keys': {'primary': 'image', 'secondary': None, 'wrist': None}, 'depth_obs_keys': {'primary': None, 'secondary': None, 'wrist': None}, 'state_obs_keys': ['state'], 'state_encoding': <StateEncoding.POS_EULER: 1>, 'action_encoding': <ActionEncoding.EEF_POS: 1>}
OXE_DATASET_CONFIGS {'image_obs_keys': {'primary': 'image', 'secondary': None, 'wrist': None}, 'depth_obs_keys': {'primary': None, 'secondary': None, 'wrist': None}, 'state_obs_keys': ['state'], 'state_encoding': <StateEncoding.POS_EULER: 1>, 'action_encoding': <ActionEncoding.EEF_POS: 1>}
OXE_DATASET_CONFIGS {'image_obs_keys': {'primary': 'image', 'secondary': None, 'wrist': None}, 'depth_obs_keys': {'primary': None, 'secondary': None, 'wrist': None}, 'state_obs_keys': ['state'], 'state_encoding': <StateEncoding.POS_EULER: 1>, 'action_encoding': <ActionEncoding.EEF_POS: 1>}
OXE_DATASET_CONFIGS {'image_obs_keys': {'primary': 'image', 'secondary': None, 'wrist': None}, 'depth_obs_keys': {'primary': None, 'secondary': None, 'wrist': None}, 'state_obs_keys': ['state'], 'state_encoding': <StateEncoding.POS_EULER: 1>, 'action_encoding': <ActionEncoding.EEF_POS: 1>}
OXE_DATASET_CONFIGS {'image_obs_keys': {'primary': 'image', 'secondary': None, 'wrist': None}, 'depth_obs_keys': {'primary': None, 'secondary': None, 'wrist': None}, 'state_obs_keys': ['state'], 'state_encoding': <StateEncoding.POS_EULER: 1>, 'action_encoding': <ActionEncoding.EEF_POS: 1>}
OXE_DATASET_CONFIGS {'image_obs_keys': {'primary': 'image', 'secondary': None, 'wrist': None}, 'depth_obs_keys': {'primary': None, 'secondary': None, 'wrist': None}, 'state_obs_keys': ['state'], 'state_encoding': <StateEncoding.POS_EULER: 1>, 'action_encoding': <ActionEncoding.EEF_POS: 1>}
OXE_DATASET_CONFIGS {'image_obs_keys': {'primary': 'image', 'secondary': None, 'wrist': None}, 'depth_obs_keys': {'primary': None, 'secondary': None, 'wrist': None}, 'state_obs_keys': ['state'], 'state_encoding': <StateEncoding.POS_EULER: 1>, 'action_encoding': <ActionEncoding.EEF_POS: 1>}
OXE_DATASET_CONFIGS {'image_obs_keys': {'primary': 'image', 'secondary': None, 'wrist': None}, 'depth_obs_keys': {'primary': None, 'secondary': None, 'wrist': None}, 'state_obs_keys': ['state'], 'state_encoding': <StateEncoding.POS_EULER: 1>, 'action_encoding': <ActionEncoding.EEF_POS: 1>}
OXE_DATASET_CONFIGS {'image_obs_keys': {'primary': 'image', 'secondary': None, 'wrist': None}, 'depth_obs_keys': {'primary': None, 'secondary': None, 'wrist': None}, 'state_obs_keys': ['state'], 'state_encoding': <StateEncoding.POS_EULER: 1>, 'action_encoding': <ActionEncoding.EEF_POS: 1>}
OXE_DATASET_CONFIGS {'image_obs_keys': {'primary': 'image', 'secondary': None, 'wrist': None}, 'depth_obs_keys': {'primary': None, 'secondary': None, 'wrist': None}, 'state_obs_keys': ['state'], 'state_encoding': <StateEncoding.POS_EULER: 1>, 'action_encoding': <ActionEncoding.EEF_POS: 1>}
OXE_DATASET_CONFIGS {'image_obs_keys': {'primary': 'image', 'secondary': None, 'wrist': None}, 'depth_obs_keys': {'primary': None, 'secondary': None, 'wrist': None}, 'state_obs_keys': ['state'], 'state_encoding': <StateEncoding.POS_EULER: 1>, 'action_encoding': <ActionEncoding.EEF_POS: 1>}
OXE_DATASET_CONFIGS {'image_obs_keys': {'primary': 'image', 'secondary': None, 'wrist': None}, 'depth_obs_keys': {'primary': None, 'secondary': None, 'wrist': None}, 'state_obs_keys': ['state'], 'state_encoding': <StateEncoding.POS_EULER: 1>, 'action_encoding': <ActionEncoding.EEF_POS: 1>}
OXE_DATASET_CONFIGS {'image_obs_keys': {'primary': 'image', 'secondary': None, 'wrist': None}, 'depth_obs_keys': {'primary': None, 'secondary': None, 'wrist': None}, 'state_obs_keys': ['state'], 'state_encoding': <StateEncoding.POS_EULER: 1>, 'action_encoding': <ActionEncoding.EEF_POS: 1>}
OXE_DATASET_CONFIGS {'image_obs_keys': {'primary': 'image', 'secondary': None, 'wrist': None}, 'depth_obs_keys': {'primary': None, 'secondary': None, 'wrist': None}, 'state_obs_keys': ['state'], 'state_encoding': <StateEncoding.POS_EULER: 1>, 'action_encoding': <ActionEncoding.EEF_POS: 1>}
OXE_DATASET_CONFIGS {'image_obs_keys': {'primary': 'image', 'secondary': None, 'wrist': None}, 'depth_obs_keys': {'primary': None, 'secondary': None, 'wrist': None}, 'state_obs_keys': ['state'], 'state_encoding': <StateEncoding.POS_EULER: 1>, 'action_encoding': <ActionEncoding.EEF_POS: 1>}
self.data_root_dir data
2025-06-25 23:31:55.237137: I tensorflow/core/grappler/optimizers/data/replicate_on_split.cc:32] Running replicate on split optimization
2025-06-25 23:31:55.237145: I tensorflow/core/grappler/optimizers/data/replicate_on_split.cc:32] Running replicate on split optimization
2025-06-25 23:31:55.237152: I tensorflow/core/grappler/optimizers/data/replicate_on_split.cc:32] Running replicate on split optimization
2025-06-25 23:31:55.237168: I tensorflow/core/grappler/optimizers/data/replicate_on_split.cc:32] Running replicate on split optimization
06/25 [23:31:55] INFO     | >> [*] Loading existing dataset    data_utils.py:208
                          statistics from                                       
                          data/mikasa_robo_tfds/ShellGameTouch                  
                          -v0/1.0.0/dataset_statistics_3c0ebe6                  
                          7131435bb4cf51e096df6b15aa5c36691229                  
                          c65e2c6fcdda7bfb55e65.json.                           
2025-06-25 23:31:56.035791: I tensorflow/core/grappler/optimizers/data/replicate_on_split.cc:32] Running replicate on split optimization
2025-06-25 23:31:56.037855: I tensorflow/core/grappler/optimizers/data/replicate_on_split.cc:32] Running replicate on split optimization
2025-06-25 23:31:56.038123: I tensorflow/core/grappler/optimizers/data/replicate_on_split.cc:32] Running replicate on split optimization
2025-06-25 23:31:56.039450: I tensorflow/core/grappler/optimizers/data/replicate_on_split.cc:32] Running replicate on split optimization
2025-06-25 23:31:56.624350: I tensorflow/core/grappler/optimizers/data/replicate_on_split.cc:32] Running replicate on split optimization
2025-06-25 23:31:56.626174: I tensorflow/core/grappler/optimizers/data/replicate_on_split.cc:32] Running replicate on split optimization
2025-06-25 23:31:56.627043: I tensorflow/core/grappler/optimizers/data/replicate_on_split.cc:32] Running replicate on split optimization
2025-06-25 23:31:56.627509: I tensorflow/core/grappler/optimizers/data/replicate_on_split.cc:32] Running replicate on split optimization
06/25 [23:31:56] INFO     | >> [*] Loading existing dataset    data_utils.py:208
                          statistics from                                       
                          data/mikasa_robo_tfds/ShellGamePush-                  
                          v0/1.0.0/dataset_statistics_ebeabc91                  
                          85a58bf136b809c2ca35554cee8bc02c0a99                  
                          9562a5c380ce1b3337cb.json.                            
2025-06-25 23:31:56.758292: I tensorflow/core/grappler/optimizers/data/replicate_on_split.cc:32] Running replicate on split optimization
2025-06-25 23:31:56.759270: I tensorflow/core/grappler/optimizers/data/replicate_on_split.cc:32] Running replicate on split optimization
2025-06-25 23:31:56.759682: I tensorflow/core/grappler/optimizers/data/replicate_on_split.cc:32] Running replicate on split optimization
2025-06-25 23:31:56.759680: I tensorflow/core/grappler/optimizers/data/replicate_on_split.cc:32] Running replicate on split optimization
2025-06-25 23:31:56.941636: I tensorflow/core/grappler/optimizers/data/replicate_on_split.cc:32] Running replicate on split optimization
2025-06-25 23:31:56.943093: I tensorflow/core/grappler/optimizers/data/replicate_on_split.cc:32] Running replicate on split optimization
2025-06-25 23:31:56.943575: I tensorflow/core/grappler/optimizers/data/replicate_on_split.cc:32] Running replicate on split optimization
2025-06-25 23:31:56.944298: I tensorflow/core/grappler/optimizers/data/replicate_on_split.cc:32] Running replicate on split optimization
06/25 [23:31:57] INFO     | >> [*] Loading existing dataset    data_utils.py:208
                          statistics from                                       
                          data/mikasa_robo_tfds/ShellGamePick-                  
                          v0/1.0.0/dataset_statistics_323e3894                  
                          299c56de3b6832b6c4c63f93f0a7ba133793                  
                          d7c2f4b55bfd30bf5d5e.json.                            
2025-06-25 23:31:57.125215: I tensorflow/core/grappler/optimizers/data/replicate_on_split.cc:32] Running replicate on split optimization
2025-06-25 23:31:57.126060: I tensorflow/core/grappler/optimizers/data/replicate_on_split.cc:32] Running replicate on split optimization
2025-06-25 23:31:57.126284: I tensorflow/core/grappler/optimizers/data/replicate_on_split.cc:32] Running replicate on split optimization
2025-06-25 23:31:57.126674: I tensorflow/core/grappler/optimizers/data/replicate_on_split.cc:32] Running replicate on split optimization
2025-06-25 23:31:57.316507: I tensorflow/core/grappler/optimizers/data/replicate_on_split.cc:32] Running replicate on split optimization
2025-06-25 23:31:57.318329: I tensorflow/core/grappler/optimizers/data/replicate_on_split.cc:32] Running replicate on split optimization
2025-06-25 23:31:57.318499: I tensorflow/core/grappler/optimizers/data/replicate_on_split.cc:32] Running replicate on split optimization
2025-06-25 23:31:57.318538: I tensorflow/core/grappler/optimizers/data/replicate_on_split.cc:32] Running replicate on split optimization
                 INFO     | >> [*] Loading existing dataset    data_utils.py:208
                          statistics from                                       
                          data/mikasa_robo_tfds/InterceptSlow-                  
                          v0/1.0.0/dataset_statistics_70ea4ca9                  
                          86a7985fa990279f3a3866b5f6b487b971d1                  
                          6ec79c36cf54d2764704.json.                            
2025-06-25 23:31:57.450447: I tensorflow/core/grappler/optimizers/data/replicate_on_split.cc:32] Running replicate on split optimization
2025-06-25 23:31:57.450929: I tensorflow/core/grappler/optimizers/data/replicate_on_split.cc:32] Running replicate on split optimization
2025-06-25 23:31:57.451802: I tensorflow/core/grappler/optimizers/data/replicate_on_split.cc:32] Running replicate on split optimization
2025-06-25 23:31:57.812551: I tensorflow/core/grappler/optimizers/data/replicate_on_split.cc:32] Running replicate on split optimization
2025-06-25 23:31:57.890617: I tensorflow/core/grappler/optimizers/data/replicate_on_split.cc:32] Running replicate on split optimization
2025-06-25 23:31:57.924832: I tensorflow/core/grappler/optimizers/data/replicate_on_split.cc:32] Running replicate on split optimization
2025-06-25 23:31:57.942454: I tensorflow/core/grappler/optimizers/data/replicate_on_split.cc:32] Running replicate on split optimization
06/25 [23:31:58] INFO     | >> [*] Loading existing dataset    data_utils.py:208
                          statistics from                                       
                          data/mikasa_robo_tfds/InterceptMediu                  
                          m-v0/1.0.0/dataset_statistics_e7294f                  
                          470ffac7244cb9d5ab7671850566555b5556                  
                          c8bc2e0c71ebd58b1909f0.json.                          
2025-06-25 23:31:58.015889: I tensorflow/core/grappler/optimizers/data/replicate_on_split.cc:32] Running replicate on split optimization
2025-06-25 23:31:58.032421: I tensorflow/core/grappler/optimizers/data/replicate_on_split.cc:32] Running replicate on split optimization
2025-06-25 23:31:58.038423: I tensorflow/core/grappler/optimizers/data/replicate_on_split.cc:32] Running replicate on split optimization
2025-06-25 23:31:58.050419: I tensorflow/core/grappler/optimizers/data/replicate_on_split.cc:32] Running replicate on split optimization
2025-06-25 23:31:58.120930: I tensorflow/core/grappler/optimizers/data/replicate_on_split.cc:32] Running replicate on split optimization
2025-06-25 23:31:58.197875: I tensorflow/core/grappler/optimizers/data/replicate_on_split.cc:32] Running replicate on split optimization
2025-06-25 23:31:58.197985: I tensorflow/core/grappler/optimizers/data/replicate_on_split.cc:32] Running replicate on split optimization
2025-06-25 23:31:58.201130: I tensorflow/core/grappler/optimizers/data/replicate_on_split.cc:32] Running replicate on split optimization
2025-06-25 23:31:58.257013: I tensorflow/core/grappler/optimizers/data/replicate_on_split.cc:32] Running replicate on split optimization
                 INFO     | >> [*] Loading existing dataset    data_utils.py:208
                          statistics from                                       
                          data/mikasa_robo_tfds/InterceptFast-                  
                          v0/1.0.0/dataset_statistics_c2cd242a                  
                          752791cbf089c3bfca810c1437635b53a206                  
                          20345af5e94c84bec511.json.                            
2025-06-25 23:31:58.359755: I tensorflow/core/grappler/optimizers/data/replicate_on_split.cc:32] Running replicate on split optimization
2025-06-25 23:31:58.359781: I tensorflow/core/grappler/optimizers/data/replicate_on_split.cc:32] Running replicate on split optimization
2025-06-25 23:31:58.360708: I tensorflow/core/grappler/optimizers/data/replicate_on_split.cc:32] Running replicate on split optimization
2025-06-25 23:31:58.361382: I tensorflow/core/grappler/optimizers/data/replicate_on_split.cc:32] Running replicate on split optimization
2025-06-25 23:31:58.575643: I tensorflow/core/grappler/optimizers/data/replicate_on_split.cc:32] Running replicate on split optimization
2025-06-25 23:31:58.576595: I tensorflow/core/grappler/optimizers/data/replicate_on_split.cc:32] Running replicate on split optimization
2025-06-25 23:31:58.576992: I tensorflow/core/grappler/optimizers/data/replicate_on_split.cc:32] Running replicate on split optimization
2025-06-25 23:31:58.577960: I tensorflow/core/grappler/optimizers/data/replicate_on_split.cc:32] Running replicate on split optimization
                 INFO     | >> [*] Loading existing dataset    data_utils.py:208
                          statistics from                                       
                          data/mikasa_robo_tfds/InterceptGrabS                  
                          low-v0/1.0.0/dataset_statistics_3d49                  
                          3d542172a93ec1f5b36fd174d607f4a605c2                  
                          21d972721b3b671e04435114.json.                        
2025-06-25 23:31:58.724528: I tensorflow/core/grappler/optimizers/data/replicate_on_split.cc:32] Running replicate on split optimization
2025-06-25 23:31:58.724542: I tensorflow/core/grappler/optimizers/data/replicate_on_split.cc:32] Running replicate on split optimization
2025-06-25 23:31:58.724913: I tensorflow/core/grappler/optimizers/data/replicate_on_split.cc:32] Running replicate on split optimization
2025-06-25 23:31:58.725795: I tensorflow/core/grappler/optimizers/data/replicate_on_split.cc:32] Running replicate on split optimization
2025-06-25 23:31:58.938028: I tensorflow/core/grappler/optimizers/data/replicate_on_split.cc:32] Running replicate on split optimization
2025-06-25 23:31:58.938290: I tensorflow/core/grappler/optimizers/data/replicate_on_split.cc:32] Running replicate on split optimization
2025-06-25 23:31:58.939105: I tensorflow/core/grappler/optimizers/data/replicate_on_split.cc:32] Running replicate on split optimization
2025-06-25 23:31:58.946969: I tensorflow/core/grappler/optimizers/data/replicate_on_split.cc:32] Running replicate on split optimization
06/25 [23:31:59] INFO     | >> [*] Loading existing dataset    data_utils.py:208
                          statistics from                                       
                          data/mikasa_robo_tfds/InterceptGrabM                  
                          edium-v0/1.0.0/dataset_statistics_dc                  
                          4e9bf5c47b5898c5594d33567d8444510fea                  
                          9f7e32b5e9bb7c7d3c87dc778e.json.                      
2025-06-25 23:31:59.061114: I tensorflow/core/grappler/optimizers/data/replicate_on_split.cc:32] Running replicate on split optimization
2025-06-25 23:31:59.062092: I tensorflow/core/grappler/optimizers/data/replicate_on_split.cc:32] Running replicate on split optimization
2025-06-25 23:31:59.062445: I tensorflow/core/grappler/optimizers/data/replicate_on_split.cc:32] Running replicate on split optimization
2025-06-25 23:31:59.063373: I tensorflow/core/grappler/optimizers/data/replicate_on_split.cc:32] Running replicate on split optimization
2025-06-25 23:31:59.261995: I tensorflow/core/grappler/optimizers/data/replicate_on_split.cc:32] Running replicate on split optimization
2025-06-25 23:31:59.262793: I tensorflow/core/grappler/optimizers/data/replicate_on_split.cc:32] Running replicate on split optimization
2025-06-25 23:31:59.263496: I tensorflow/core/grappler/optimizers/data/replicate_on_split.cc:32] Running replicate on split optimization
2025-06-25 23:31:59.263580: I tensorflow/core/grappler/optimizers/data/replicate_on_split.cc:32] Running replicate on split optimization
                 INFO     | >> [*] Loading existing dataset    data_utils.py:208
                          statistics from                                       
                          data/mikasa_robo_tfds/InterceptGrabF                  
                          ast-v0/1.0.0/dataset_statistics_9b9b                  
                          2e458c74cc0f4d24a59373b2c27b4264723b                  
                          582cbbcf23cde20d5b27735e.json.                        
2025-06-25 23:31:59.411902: I tensorflow/core/grappler/optimizers/data/replicate_on_split.cc:32] Running replicate on split optimization
2025-06-25 23:31:59.412580: I tensorflow/core/grappler/optimizers/data/replicate_on_split.cc:32] Running replicate on split optimization
2025-06-25 23:31:59.412751: I tensorflow/core/grappler/optimizers/data/replicate_on_split.cc:32] Running replicate on split optimization
2025-06-25 23:31:59.413049: I tensorflow/core/grappler/optimizers/data/replicate_on_split.cc:32] Running replicate on split optimization
2025-06-25 23:31:59.608938: I tensorflow/core/grappler/optimizers/data/replicate_on_split.cc:32] Running replicate on split optimization
2025-06-25 23:31:59.610018: I tensorflow/core/grappler/optimizers/data/replicate_on_split.cc:32] Running replicate on split optimization
2025-06-25 23:31:59.610397: I tensorflow/core/grappler/optimizers/data/replicate_on_split.cc:32] Running replicate on split optimization
2025-06-25 23:31:59.611762: I tensorflow/core/grappler/optimizers/data/replicate_on_split.cc:32] Running replicate on split optimization
                 INFO     | >> [*] Loading existing dataset    data_utils.py:208
                          statistics from                                       
                          data/mikasa_robo_tfds/RotateLenientP                  
                          os-v0/1.0.0/dataset_statistics_8d9cb                  
                          f02dabfedd546b2ca7c3c33c0bb8271f71d7                  
                          25200d9ff19edc27b666d77.json.                         
2025-06-25 23:31:59.774745: I tensorflow/core/grappler/optimizers/data/replicate_on_split.cc:32] Running replicate on split optimization
2025-06-25 23:31:59.775541: I tensorflow/core/grappler/optimizers/data/replicate_on_split.cc:32] Running replicate on split optimization
2025-06-25 23:31:59.775664: I tensorflow/core/grappler/optimizers/data/replicate_on_split.cc:32] Running replicate on split optimization
2025-06-25 23:31:59.775827: I tensorflow/core/grappler/optimizers/data/replicate_on_split.cc:32] Running replicate on split optimization
2025-06-25 23:31:59.974658: I tensorflow/core/grappler/optimizers/data/replicate_on_split.cc:32] Running replicate on split optimization
2025-06-25 23:31:59.975820: I tensorflow/core/grappler/optimizers/data/replicate_on_split.cc:32] Running replicate on split optimization
2025-06-25 23:31:59.975971: I tensorflow/core/grappler/optimizers/data/replicate_on_split.cc:32] Running replicate on split optimization
2025-06-25 23:31:59.976171: I tensorflow/core/grappler/optimizers/data/replicate_on_split.cc:32] Running replicate on split optimization
06/25 [23:32:00] INFO     | >> [*] Loading existing dataset    data_utils.py:208
                          statistics from                                       
                          data/mikasa_robo_tfds/RotateLenientP                  
                          osNeg-v0/1.0.0/dataset_statistics_76                  
                          a92233366940aa9e857937e6725e326d3fb7                  
                          908a5d787853ecb16635d02d2f.json.                      
2025-06-25 23:32:00.107366: I tensorflow/core/grappler/optimizers/data/replicate_on_split.cc:32] Running replicate on split optimization
2025-06-25 23:32:00.107696: I tensorflow/core/grappler/optimizers/data/replicate_on_split.cc:32] Running replicate on split optimization
2025-06-25 23:32:00.108169: I tensorflow/core/grappler/optimizers/data/replicate_on_split.cc:32] Running replicate on split optimization
2025-06-25 23:32:00.108336: I tensorflow/core/grappler/optimizers/data/replicate_on_split.cc:32] Running replicate on split optimization
2025-06-25 23:32:00.295587: I tensorflow/core/grappler/optimizers/data/replicate_on_split.cc:32] Running replicate on split optimization
2025-06-25 23:32:00.295784: I tensorflow/core/grappler/optimizers/data/replicate_on_split.cc:32] Running replicate on split optimization
2025-06-25 23:32:00.296061: I tensorflow/core/grappler/optimizers/data/replicate_on_split.cc:32] Running replicate on split optimization
2025-06-25 23:32:00.296070: I tensorflow/core/grappler/optimizers/data/replicate_on_split.cc:32] Running replicate on split optimization
                 INFO     | >> [*] Loading existing dataset    data_utils.py:208
                          statistics from                                       
                          data/mikasa_robo_tfds/RotateStrictPo                  
                          s-v0/1.0.0/dataset_statistics_e4dc73                  
                          c1406d3424c5607d5f176c7216d42babcf0e                  
                          bb14a3f90dd5b8d69cf184.json.                          
2025-06-25 23:32:00.440536: I tensorflow/core/grappler/optimizers/data/replicate_on_split.cc:32] Running replicate on split optimization
2025-06-25 23:32:00.441262: I tensorflow/core/grappler/optimizers/data/replicate_on_split.cc:32] Running replicate on split optimization
2025-06-25 23:32:00.441415: I tensorflow/core/grappler/optimizers/data/replicate_on_split.cc:32] Running replicate on split optimization
2025-06-25 23:32:00.442030: I tensorflow/core/grappler/optimizers/data/replicate_on_split.cc:32] Running replicate on split optimization
2025-06-25 23:32:00.618583: I tensorflow/core/grappler/optimizers/data/replicate_on_split.cc:32] Running replicate on split optimization
2025-06-25 23:32:00.619246: I tensorflow/core/grappler/optimizers/data/replicate_on_split.cc:32] Running replicate on split optimization
2025-06-25 23:32:00.619635: I tensorflow/core/grappler/optimizers/data/replicate_on_split.cc:32] Running replicate on split optimization
2025-06-25 23:32:00.619641: I tensorflow/core/grappler/optimizers/data/replicate_on_split.cc:32] Running replicate on split optimization
                 INFO     | >> [*] Loading existing dataset    data_utils.py:208
                          statistics from                                       
                          data/mikasa_robo_tfds/RotateStrictPo                  
                          sNeg-v0/1.0.0/dataset_statistics_8cb                  
                          b0925a8179d321ffcdc4358308850f2edaf0                  
                          f6eb7d44d307e2092b21081d7.json.                       
2025-06-25 23:32:00.752712: I tensorflow/core/grappler/optimizers/data/replicate_on_split.cc:32] Running replicate on split optimization
2025-06-25 23:32:00.753398: I tensorflow/core/grappler/optimizers/data/replicate_on_split.cc:32] Running replicate on split optimization
2025-06-25 23:32:00.753638: I tensorflow/core/grappler/optimizers/data/replicate_on_split.cc:32] Running replicate on split optimization
2025-06-25 23:32:00.754114: I tensorflow/core/grappler/optimizers/data/replicate_on_split.cc:32] Running replicate on split optimization
2025-06-25 23:32:00.996726: I tensorflow/core/grappler/optimizers/data/replicate_on_split.cc:32] Running replicate on split optimization
2025-06-25 23:32:00.997972: I tensorflow/core/grappler/optimizers/data/replicate_on_split.cc:32] Running replicate on split optimization
2025-06-25 23:32:01.001665: I tensorflow/core/grappler/optimizers/data/replicate_on_split.cc:32] Running replicate on split optimization
2025-06-25 23:32:01.006673: I tensorflow/core/grappler/optimizers/data/replicate_on_split.cc:32] Running replicate on split optimization
06/25 [23:32:01] INFO     | >> [*] Loading existing dataset    data_utils.py:208
                          statistics from                                       
                          data/mikasa_robo_tfds/TakeItBack-v0/                  
                          1.0.0/dataset_statistics_ce0b03fe5e2                  
                          a3f7db020adf62582184b8178e580896418e                  
                          00895e808bcc06bca.json.                               
2025-06-25 23:32:01.144714: I tensorflow/core/grappler/optimizers/data/replicate_on_split.cc:32] Running replicate on split optimization
2025-06-25 23:32:01.144948: I tensorflow/core/grappler/optimizers/data/replicate_on_split.cc:32] Running replicate on split optimization
2025-06-25 23:32:01.145239: I tensorflow/core/grappler/optimizers/data/replicate_on_split.cc:32] Running replicate on split optimization
2025-06-25 23:32:01.145366: I tensorflow/core/grappler/optimizers/data/replicate_on_split.cc:32] Running replicate on split optimization
2025-06-25 23:32:01.335334: I tensorflow/core/grappler/optimizers/data/replicate_on_split.cc:32] Running replicate on split optimization
2025-06-25 23:32:01.338670: I tensorflow/core/grappler/optimizers/data/replicate_on_split.cc:32] Running replicate on split optimization
2025-06-25 23:32:01.338944: I tensorflow/core/grappler/optimizers/data/replicate_on_split.cc:32] Running replicate on split optimization
2025-06-25 23:32:01.342983: I tensorflow/core/grappler/optimizers/data/replicate_on_split.cc:32] Running replicate on split optimization
                 INFO     | >> [*] Loading existing dataset    data_utils.py:208
                          statistics from                                       
                          data/mikasa_robo_tfds/RememberColor3                  
                          -v0/1.0.0/dataset_statistics_7f1eb27                  
                          28b9bad5a5c6c850f4b13412a94c941dfdc7                  
                          29fced2afdd5c7226b9fe.json.                           
2025-06-25 23:32:01.490171: I tensorflow/core/grappler/optimizers/data/replicate_on_split.cc:32] Running replicate on split optimization
2025-06-25 23:32:01.490212: I tensorflow/core/grappler/optimizers/data/replicate_on_split.cc:32] Running replicate on split optimization
2025-06-25 23:32:01.490262: I tensorflow/core/grappler/optimizers/data/replicate_on_split.cc:32] Running replicate on split optimization
2025-06-25 23:32:01.490705: I tensorflow/core/grappler/optimizers/data/replicate_on_split.cc:32] Running replicate on split optimization
2025-06-25 23:32:01.687862: I tensorflow/core/grappler/optimizers/data/replicate_on_split.cc:32] Running replicate on split optimization
2025-06-25 23:32:01.688475: I tensorflow/core/grappler/optimizers/data/replicate_on_split.cc:32] Running replicate on split optimization
2025-06-25 23:32:01.691559: I tensorflow/core/grappler/optimizers/data/replicate_on_split.cc:32] Running replicate on split optimization
2025-06-25 23:32:01.695343: I tensorflow/core/grappler/optimizers/data/replicate_on_split.cc:32] Running replicate on split optimization
                 INFO     | >> [*] Loading existing dataset    data_utils.py:208
                          statistics from                                       
                          data/mikasa_robo_tfds/RememberColor5                  
                          -v0/1.0.0/dataset_statistics_2ecc443                  
                          1459657d2f45be1de16d90556dd5411df87a                  
                          a94a2f5d9ccfd8056b253.json.                           
2025-06-25 23:32:01.834924: I tensorflow/core/grappler/optimizers/data/replicate_on_split.cc:32] Running replicate on split optimization
2025-06-25 23:32:01.836053: I tensorflow/core/grappler/optimizers/data/replicate_on_split.cc:32] Running replicate on split optimization
2025-06-25 23:32:01.837393: I tensorflow/core/grappler/optimizers/data/replicate_on_split.cc:32] Running replicate on split optimization
2025-06-25 23:32:01.837394: I tensorflow/core/grappler/optimizers/data/replicate_on_split.cc:32] Running replicate on split optimization
2025-06-25 23:32:02.025194: I tensorflow/core/grappler/optimizers/data/replicate_on_split.cc:32] Running replicate on split optimization
2025-06-25 23:32:02.026741: I tensorflow/core/grappler/optimizers/data/replicate_on_split.cc:32] Running replicate on split optimization
2025-06-25 23:32:02.027885: I tensorflow/core/grappler/optimizers/data/replicate_on_split.cc:32] Running replicate on split optimization
2025-06-25 23:32:02.028320: I tensorflow/core/grappler/optimizers/data/replicate_on_split.cc:32] Running replicate on split optimization
06/25 [23:32:02] INFO     | >> [*] Loading existing dataset    data_utils.py:208
                          statistics from                                       
                          data/mikasa_robo_tfds/RememberColor9                  
                          -v0/1.0.0/dataset_statistics_824940f                  
                          4cffc722412bd496cf77f425735c3e3645d9                  
                          2b155a0ce39de2ea24180.json.                           
2025-06-25 23:32:02.163417: I tensorflow/core/grappler/optimizers/data/replicate_on_split.cc:32] Running replicate on split optimization
2025-06-25 23:32:02.164900: I tensorflow/core/grappler/optimizers/data/replicate_on_split.cc:32] Running replicate on split optimization
2025-06-25 23:32:02.165595: I tensorflow/core/grappler/optimizers/data/replicate_on_split.cc:32] Running replicate on split optimization
2025-06-25 23:32:02.165774: I tensorflow/core/grappler/optimizers/data/replicate_on_split.cc:32] Running replicate on split optimization
2025-06-25 23:32:02.384849: I tensorflow/core/grappler/optimizers/data/replicate_on_split.cc:32] Running replicate on split optimization
2025-06-25 23:32:02.386148: I tensorflow/core/grappler/optimizers/data/replicate_on_split.cc:32] Running replicate on split optimization
2025-06-25 23:32:02.387243: I tensorflow/core/grappler/optimizers/data/replicate_on_split.cc:32] Running replicate on split optimization
2025-06-25 23:32:02.389688: I tensorflow/core/grappler/optimizers/data/replicate_on_split.cc:32] Running replicate on split optimization
                 INFO     | >> [*] Loading existing dataset    data_utils.py:208
                          statistics from                                       
                          data/mikasa_robo_tfds/RememberShape3                  
                          -v0/1.0.0/dataset_statistics_792f49e                  
                          0ddf1ba95f25d8d134cfe9e0d10f93d0bf9a                  
                          6aefe3abd04ec609136e5.json.                           
2025-06-25 23:32:02.502300: I tensorflow/core/grappler/optimizers/data/replicate_on_split.cc:32] Running replicate on split optimization
2025-06-25 23:32:02.503017: I tensorflow/core/grappler/optimizers/data/replicate_on_split.cc:32] Running replicate on split optimization
2025-06-25 23:32:02.503913: I tensorflow/core/grappler/optimizers/data/replicate_on_split.cc:32] Running replicate on split optimization
2025-06-25 23:32:02.503985: I tensorflow/core/grappler/optimizers/data/replicate_on_split.cc:32] Running replicate on split optimization
2025-06-25 23:32:02.734203: I tensorflow/core/grappler/optimizers/data/replicate_on_split.cc:32] Running replicate on split optimization
2025-06-25 23:32:02.736381: I tensorflow/core/grappler/optimizers/data/replicate_on_split.cc:32] Running replicate on split optimization
2025-06-25 23:32:02.737057: I tensorflow/core/grappler/optimizers/data/replicate_on_split.cc:32] Running replicate on split optimization
2025-06-25 23:32:02.738731: I tensorflow/core/grappler/optimizers/data/replicate_on_split.cc:32] Running replicate on split optimization
                 INFO     | >> [*] Loading existing dataset    data_utils.py:208
                          statistics from                                       
                          data/mikasa_robo_tfds/RememberShape5                  
                          -v0/1.0.0/dataset_statistics_c254414                  
                          8e15744bc356188f567cb96ef27b5f40b735                  
                          a9adaf656f1258ce364e7.json.                           
2025-06-25 23:32:02.852680: I tensorflow/core/grappler/optimizers/data/replicate_on_split.cc:32] Running replicate on split optimization
2025-06-25 23:32:02.853600: I tensorflow/core/grappler/optimizers/data/replicate_on_split.cc:32] Running replicate on split optimization
2025-06-25 23:32:02.853915: I tensorflow/core/grappler/optimizers/data/replicate_on_split.cc:32] Running replicate on split optimization
2025-06-25 23:32:02.854829: I tensorflow/core/grappler/optimizers/data/replicate_on_split.cc:32] Running replicate on split optimization
2025-06-25 23:32:03.023833: I tensorflow/core/grappler/optimizers/data/replicate_on_split.cc:32] Running replicate on split optimization
2025-06-25 23:32:03.027418: I tensorflow/core/grappler/optimizers/data/replicate_on_split.cc:32] Running replicate on split optimization
2025-06-25 23:32:03.027749: I tensorflow/core/grappler/optimizers/data/replicate_on_split.cc:32] Running replicate on split optimization
2025-06-25 23:32:03.029114: I tensorflow/core/grappler/optimizers/data/replicate_on_split.cc:32] Running replicate on split optimization
06/25 [23:32:03] INFO     | >> [*] Loading existing dataset    data_utils.py:208
                          statistics from                                       
                          data/mikasa_robo_tfds/RememberShape9                  
                          -v0/1.0.0/dataset_statistics_cc9e9ec                  
                          7b59528c62e95ae25bd561d7d9505b33402d                  
                          3b4fd9cd29dfea8ca8d05.json.                           
2025-06-25 23:32:03.168059: I tensorflow/core/grappler/optimizers/data/replicate_on_split.cc:32] Running replicate on split optimization
2025-06-25 23:32:03.168825: I tensorflow/core/grappler/optimizers/data/replicate_on_split.cc:32] Running replicate on split optimization
2025-06-25 23:32:03.169313: I tensorflow/core/grappler/optimizers/data/replicate_on_split.cc:32] Running replicate on split optimization
2025-06-25 23:32:03.169638: I tensorflow/core/grappler/optimizers/data/replicate_on_split.cc:32] Running replicate on split optimization
2025-06-25 23:32:03.367036: I tensorflow/core/grappler/optimizers/data/replicate_on_split.cc:32] Running replicate on split optimization
2025-06-25 23:32:03.367363: I tensorflow/core/grappler/optimizers/data/replicate_on_split.cc:32] Running replicate on split optimization
2025-06-25 23:32:03.370425: I tensorflow/core/grappler/optimizers/data/replicate_on_split.cc:32] Running replicate on split optimization
2025-06-25 23:32:03.370425: I tensorflow/core/grappler/optimizers/data/replicate_on_split.cc:32] Running replicate on split optimization
                 INFO     | >> [*] Loading existing dataset    data_utils.py:208
                          statistics from                                       
                          data/mikasa_robo_tfds/RememberShapeA                  
                          ndColor3x2-v0/1.0.0/dataset_statisti                  
                          cs_1f08b92db45037e5e4e9c96f0baba75ef                  
                          7932c01048f41a110d2037be0289453.json                  
                          .                                                     
2025-06-25 23:32:03.470448: I tensorflow/core/grappler/optimizers/data/replicate_on_split.cc:32] Running replicate on split optimization
2025-06-25 23:32:03.471606: I tensorflow/core/grappler/optimizers/data/replicate_on_split.cc:32] Running replicate on split optimization
2025-06-25 23:32:03.477264: I tensorflow/core/grappler/optimizers/data/replicate_on_split.cc:32] Running replicate on split optimization
2025-06-25 23:32:03.479587: I tensorflow/core/grappler/optimizers/data/replicate_on_split.cc:32] Running replicate on split optimization
2025-06-25 23:32:03.643547: I tensorflow/core/grappler/optimizers/data/replicate_on_split.cc:32] Running replicate on split optimization
2025-06-25 23:32:03.644312: I tensorflow/core/grappler/optimizers/data/replicate_on_split.cc:32] Running replicate on split optimization
2025-06-25 23:32:03.645955: I tensorflow/core/grappler/optimizers/data/replicate_on_split.cc:32] Running replicate on split optimization
2025-06-25 23:32:03.646407: I tensorflow/core/grappler/optimizers/data/replicate_on_split.cc:32] Running replicate on split optimization
                 INFO     | >> [*] Loading existing dataset    data_utils.py:208
                          statistics from                                       
                          data/mikasa_robo_tfds/RememberShapeA                  
                          ndColor3x3-v0/1.0.0/dataset_statisti                  
                          cs_812e4399209153e40c4bb4efebac63d5a                  
                          1138a44e4c4e13211eb15fcf8cd4530.json                  
                          .                                                     
2025-06-25 23:32:03.791864: I tensorflow/core/grappler/optimizers/data/replicate_on_split.cc:32] Running replicate on split optimization
2025-06-25 23:32:03.792423: I tensorflow/core/grappler/optimizers/data/replicate_on_split.cc:32] Running replicate on split optimization
2025-06-25 23:32:03.792518: I tensorflow/core/grappler/optimizers/data/replicate_on_split.cc:32] Running replicate on split optimization
2025-06-25 23:32:03.792876: I tensorflow/core/grappler/optimizers/data/replicate_on_split.cc:32] Running replicate on split optimization
2025-06-25 23:32:04.011137: I tensorflow/core/grappler/optimizers/data/replicate_on_split.cc:32] Running replicate on split optimization
2025-06-25 23:32:04.011943: I tensorflow/core/grappler/optimizers/data/replicate_on_split.cc:32] Running replicate on split optimization
2025-06-25 23:32:04.013332: I tensorflow/core/grappler/optimizers/data/replicate_on_split.cc:32] Running replicate on split optimization
2025-06-25 23:32:04.014608: I tensorflow/core/grappler/optimizers/data/replicate_on_split.cc:32] Running replicate on split optimization
06/25 [23:32:04] INFO     | >> [*] Loading existing dataset    data_utils.py:208
                          statistics from                                       
                          data/mikasa_robo_tfds/RememberShapeA                  
                          ndColor5x3-v0/1.0.0/dataset_statisti                  
                          cs_6da4e6b78b132c31e91c837b870125a17                  
                          727acc86f3bbc45dd68e50c5a65125f.json                  
                          .                                                     
2025-06-25 23:32:04.154489: I tensorflow/core/grappler/optimizers/data/replicate_on_split.cc:32] Running replicate on split optimization
2025-06-25 23:32:04.155515: I tensorflow/core/grappler/optimizers/data/replicate_on_split.cc:32] Running replicate on split optimization
2025-06-25 23:32:04.155534: I tensorflow/core/grappler/optimizers/data/replicate_on_split.cc:32] Running replicate on split optimization
2025-06-25 23:32:04.155919: I tensorflow/core/grappler/optimizers/data/replicate_on_split.cc:32] Running replicate on split optimization
2025-06-25 23:32:04.317001: I tensorflow/core/grappler/optimizers/data/replicate_on_split.cc:32] Running replicate on split optimization
2025-06-25 23:32:04.317113: I tensorflow/core/grappler/optimizers/data/replicate_on_split.cc:32] Running replicate on split optimization
2025-06-25 23:32:04.319789: I tensorflow/core/grappler/optimizers/data/replicate_on_split.cc:32] Running replicate on split optimization
2025-06-25 23:32:04.319852: I tensorflow/core/grappler/optimizers/data/replicate_on_split.cc:32] Running replicate on split optimization
                 INFO     | >> [*] Loading existing dataset    data_utils.py:208
                          statistics from                                       
                          data/mikasa_robo_tfds/BunchOfColors3                  
                          -v0/1.0.0/dataset_statistics_331f2d7                  
                          ddcf32322a303eb7f85182a1924a767fc51a                  
                          0329292ed83f3d199b05d.json.                           
2025-06-25 23:32:04.433575: I tensorflow/core/grappler/optimizers/data/replicate_on_split.cc:32] Running replicate on split optimization
2025-06-25 23:32:04.434092: I tensorflow/core/grappler/optimizers/data/replicate_on_split.cc:32] Running replicate on split optimization
2025-06-25 23:32:04.434592: I tensorflow/core/grappler/optimizers/data/replicate_on_split.cc:32] Running replicate on split optimization
2025-06-25 23:32:04.434946: I tensorflow/core/grappler/optimizers/data/replicate_on_split.cc:32] Running replicate on split optimization
2025-06-25 23:32:04.618461: I tensorflow/core/grappler/optimizers/data/replicate_on_split.cc:32] Running replicate on split optimization
2025-06-25 23:32:04.618958: I tensorflow/core/grappler/optimizers/data/replicate_on_split.cc:32] Running replicate on split optimization
2025-06-25 23:32:04.621861: I tensorflow/core/grappler/optimizers/data/replicate_on_split.cc:32] Running replicate on split optimization
2025-06-25 23:32:04.621951: I tensorflow/core/grappler/optimizers/data/replicate_on_split.cc:32] Running replicate on split optimization
                 INFO     | >> [*] Loading existing dataset    data_utils.py:208
                          statistics from                                       
                          data/mikasa_robo_tfds/BunchOfColors5                  
                          -v0/1.0.0/dataset_statistics_c683597                  
                          191b6cfac46a4bdd7cf54fd452ae9434febe                  
                          ba7704551ee06b3d1d505.json.                           
2025-06-25 23:32:04.759827: I tensorflow/core/grappler/optimizers/data/replicate_on_split.cc:32] Running replicate on split optimization
2025-06-25 23:32:04.761037: I tensorflow/core/grappler/optimizers/data/replicate_on_split.cc:32] Running replicate on split optimization
2025-06-25 23:32:04.761210: I tensorflow/core/grappler/optimizers/data/replicate_on_split.cc:32] Running replicate on split optimization
2025-06-25 23:32:04.761348: I tensorflow/core/grappler/optimizers/data/replicate_on_split.cc:32] Running replicate on split optimization
2025-06-25 23:32:04.946619: I tensorflow/core/grappler/optimizers/data/replicate_on_split.cc:32] Running replicate on split optimization
2025-06-25 23:32:04.947602: I tensorflow/core/grappler/optimizers/data/replicate_on_split.cc:32] Running replicate on split optimization
2025-06-25 23:32:04.949271: I tensorflow/core/grappler/optimizers/data/replicate_on_split.cc:32] Running replicate on split optimization
2025-06-25 23:32:04.950276: I tensorflow/core/grappler/optimizers/data/replicate_on_split.cc:32] Running replicate on split optimization
06/25 [23:32:05] INFO     | >> [*] Loading existing dataset    data_utils.py:208
                          statistics from                                       
                          data/mikasa_robo_tfds/BunchOfColors7                  
                          -v0/1.0.0/dataset_statistics_23047af                  
                          2842de75636d624fe83a6a521496e6713cfa                  
                          b869b586f3e619f08fa80.json.                           
2025-06-25 23:32:05.072208: I tensorflow/core/grappler/optimizers/data/replicate_on_split.cc:32] Running replicate on split optimization
2025-06-25 23:32:05.072480: I tensorflow/core/grappler/optimizers/data/replicate_on_split.cc:32] Running replicate on split optimization
2025-06-25 23:32:05.073997: I tensorflow/core/grappler/optimizers/data/replicate_on_split.cc:32] Running replicate on split optimization
2025-06-25 23:32:05.074243: I tensorflow/core/grappler/optimizers/data/replicate_on_split.cc:32] Running replicate on split optimization
2025-06-25 23:32:05.264186: I tensorflow/core/grappler/optimizers/data/replicate_on_split.cc:32] Running replicate on split optimization
2025-06-25 23:32:05.265210: I tensorflow/core/grappler/optimizers/data/replicate_on_split.cc:32] Running replicate on split optimization
2025-06-25 23:32:05.269136: I tensorflow/core/grappler/optimizers/data/replicate_on_split.cc:32] Running replicate on split optimization
2025-06-25 23:32:05.269196: I tensorflow/core/grappler/optimizers/data/replicate_on_split.cc:32] Running replicate on split optimization
                 INFO     | >> [*] Loading existing dataset    data_utils.py:208
                          statistics from                                       
                          data/mikasa_robo_tfds/SeqOfColors3-v                  
                          0/1.0.0/dataset_statistics_fbf978a6c                  
                          95034ca4613b591890ff89d052fd21b7f260                  
                          db1bb7537c3adca7589.json.                             
2025-06-25 23:32:05.401723: I tensorflow/core/grappler/optimizers/data/replicate_on_split.cc:32] Running replicate on split optimization
2025-06-25 23:32:05.402493: I tensorflow/core/grappler/optimizers/data/replicate_on_split.cc:32] Running replicate on split optimization
2025-06-25 23:32:05.403294: I tensorflow/core/grappler/optimizers/data/replicate_on_split.cc:32] Running replicate on split optimization
2025-06-25 23:32:05.405526: I tensorflow/core/grappler/optimizers/data/replicate_on_split.cc:32] Running replicate on split optimization
2025-06-25 23:32:05.588054: I tensorflow/core/grappler/optimizers/data/replicate_on_split.cc:32] Running replicate on split optimization
2025-06-25 23:32:05.588994: I tensorflow/core/grappler/optimizers/data/replicate_on_split.cc:32] Running replicate on split optimization
2025-06-25 23:32:05.590323: I tensorflow/core/grappler/optimizers/data/replicate_on_split.cc:32] Running replicate on split optimization
2025-06-25 23:32:05.595399: I tensorflow/core/grappler/optimizers/data/replicate_on_split.cc:32] Running replicate on split optimization
                 INFO     | >> [*] Loading existing dataset    data_utils.py:208
                          statistics from                                       
                          data/mikasa_robo_tfds/SeqOfColors5-v                  
                          0/1.0.0/dataset_statistics_0ea0125ad                  
                          7ac583814b84ad7d41e0424ca26bbcbf088e                  
                          58578529d2603910ab8.json.                             
2025-06-25 23:32:05.699978: I tensorflow/core/grappler/optimizers/data/replicate_on_split.cc:32] Running replicate on split optimization
2025-06-25 23:32:05.700691: I tensorflow/core/grappler/optimizers/data/replicate_on_split.cc:32] Running replicate on split optimization
2025-06-25 23:32:05.700919: I tensorflow/core/grappler/optimizers/data/replicate_on_split.cc:32] Running replicate on split optimization
2025-06-25 23:32:05.705463: I tensorflow/core/grappler/optimizers/data/replicate_on_split.cc:32] Running replicate on split optimization
2025-06-25 23:32:05.892831: I tensorflow/core/grappler/optimizers/data/replicate_on_split.cc:32] Running replicate on split optimization
2025-06-25 23:32:05.893418: I tensorflow/core/grappler/optimizers/data/replicate_on_split.cc:32] Running replicate on split optimization
2025-06-25 23:32:05.895764: I tensorflow/core/grappler/optimizers/data/replicate_on_split.cc:32] Running replicate on split optimization
2025-06-25 23:32:05.896548: I tensorflow/core/grappler/optimizers/data/replicate_on_split.cc:32] Running replicate on split optimization
                 INFO     | >> [*] Loading existing dataset    data_utils.py:208
                          statistics from                                       
                          data/mikasa_robo_tfds/SeqOfColors7-v                  
                          0/1.0.0/dataset_statistics_c196cd4cf                  
                          924f9efea0c39b9eb00768886b4986d0a84b                  
                          4e3a75f807316acdb92.json.                             
2025-06-25 23:32:06.016953: I tensorflow/core/grappler/optimizers/data/replicate_on_split.cc:32] Running replicate on split optimization
2025-06-25 23:32:06.017766: I tensorflow/core/grappler/optimizers/data/replicate_on_split.cc:32] Running replicate on split optimization
2025-06-25 23:32:06.018343: I tensorflow/core/grappler/optimizers/data/replicate_on_split.cc:32] Running replicate on split optimization
2025-06-25 23:32:06.018637: I tensorflow/core/grappler/optimizers/data/replicate_on_split.cc:32] Running replicate on split optimization
2025-06-25 23:32:06.242398: I tensorflow/core/grappler/optimizers/data/replicate_on_split.cc:32] Running replicate on split optimization
2025-06-25 23:32:06.243017: I tensorflow/core/grappler/optimizers/data/replicate_on_split.cc:32] Running replicate on split optimization
2025-06-25 23:32:06.245099: I tensorflow/core/grappler/optimizers/data/replicate_on_split.cc:32] Running replicate on split optimization
2025-06-25 23:32:06.245542: I tensorflow/core/grappler/optimizers/data/replicate_on_split.cc:32] Running replicate on split optimization
06/25 [23:32:06] INFO     | >> [*] Loading existing dataset    data_utils.py:208
                          statistics from                                       
                          data/mikasa_robo_tfds/ChainOfColors3                  
                          -v0/1.0.0/dataset_statistics_4e6fcd8                  
                          c3b872220ab912f05134aa93e52e27002858                  
                          0de40e29126581a839fb4.json.                           
2025-06-25 23:32:06.377037: I tensorflow/core/grappler/optimizers/data/replicate_on_split.cc:32] Running replicate on split optimization
2025-06-25 23:32:06.377970: I tensorflow/core/grappler/optimizers/data/replicate_on_split.cc:32] Running replicate on split optimization
2025-06-25 23:32:06.378690: I tensorflow/core/grappler/optimizers/data/replicate_on_split.cc:32] Running replicate on split optimization
2025-06-25 23:32:06.379018: I tensorflow/core/grappler/optimizers/data/replicate_on_split.cc:32] Running replicate on split optimization
2025-06-25 23:32:06.565055: I tensorflow/core/grappler/optimizers/data/replicate_on_split.cc:32] Running replicate on split optimization
2025-06-25 23:32:06.565543: I tensorflow/core/grappler/optimizers/data/replicate_on_split.cc:32] Running replicate on split optimization
2025-06-25 23:32:06.567359: I tensorflow/core/grappler/optimizers/data/replicate_on_split.cc:32] Running replicate on split optimization
2025-06-25 23:32:06.569091: I tensorflow/core/grappler/optimizers/data/replicate_on_split.cc:32] Running replicate on split optimization
                 INFO     | >> [*] Loading existing dataset    data_utils.py:208
                          statistics from                                       
                          data/mikasa_robo_tfds/ChainOfColors5                  
                          -v0/1.0.0/dataset_statistics_cea1568                  
                          5a6e14f5087d9fe202a1a1628b38749074f9                  
                          039e14077a10d08a50fb6.json.                           
2025-06-25 23:32:06.691931: I tensorflow/core/grappler/optimizers/data/replicate_on_split.cc:32] Running replicate on split optimization
2025-06-25 23:32:06.692234: I tensorflow/core/grappler/optimizers/data/replicate_on_split.cc:32] Running replicate on split optimization
2025-06-25 23:32:06.692576: I tensorflow/core/grappler/optimizers/data/replicate_on_split.cc:32] Running replicate on split optimization
2025-06-25 23:32:06.693509: I tensorflow/core/grappler/optimizers/data/replicate_on_split.cc:32] Running replicate on split optimization
2025-06-25 23:32:06.878886: I tensorflow/core/grappler/optimizers/data/replicate_on_split.cc:32] Running replicate on split optimization
2025-06-25 23:32:06.879893: I tensorflow/core/grappler/optimizers/data/replicate_on_split.cc:32] Running replicate on split optimization
2025-06-25 23:32:06.881732: I tensorflow/core/grappler/optimizers/data/replicate_on_split.cc:32] Running replicate on split optimization
2025-06-25 23:32:06.882390: I tensorflow/core/grappler/optimizers/data/replicate_on_split.cc:32] Running replicate on split optimization
                 INFO     | >> [*] Loading existing dataset    data_utils.py:208
                          statistics from                                       
                          data/mikasa_robo_tfds/ChainOfColors7                  
                          -v0/1.0.0/dataset_statistics_009053c                  
                          892629a15b5b0299948f52b71f55f00456b6                  
                          99f659bcd14904e5a3606.json.                           
2025-06-25 23:32:07.019403: I tensorflow/core/grappler/optimizers/data/replicate_on_split.cc:32] Running replicate on split optimization
2025-06-25 23:32:07.020554: I tensorflow/core/grappler/optimizers/data/replicate_on_split.cc:32] Running replicate on split optimization
2025-06-25 23:32:07.021001: I tensorflow/core/grappler/optimizers/data/replicate_on_split.cc:32] Running replicate on split optimization
2025-06-25 23:32:07.021031: I tensorflow/core/grappler/optimizers/data/replicate_on_split.cc:32] Running replicate on split optimization
2025-06-25 23:32:07.235870: I tensorflow/core/grappler/optimizers/data/replicate_on_split.cc:32] Running replicate on split optimization
2025-06-25 23:32:07.237520: I tensorflow/core/grappler/optimizers/data/replicate_on_split.cc:32] Running replicate on split optimization
2025-06-25 23:32:07.239025: I tensorflow/core/grappler/optimizers/data/replicate_on_split.cc:32] Running replicate on split optimization
2025-06-25 23:32:07.239054: I tensorflow/core/grappler/optimizers/data/replicate_on_split.cc:32] Running replicate on split optimization
06/25 [23:32:07] INFO     | >> [*] Loading existing dataset    data_utils.py:208
                          statistics from                                       
                          data/mikasa_robo_tfds/RememberColor3                  
                          -v0_baseline/1.0.0/dataset_statistic                  
                          s_55613fad5fe09ac925a77bc2cda794c2dd                  
                          cb810471bd4849c154db2cf11327fb.json.                  
2025-06-25 23:32:07.361026: I tensorflow/core/grappler/optimizers/data/replicate_on_split.cc:32] Running replicate on split optimization
2025-06-25 23:32:07.362011: I tensorflow/core/grappler/optimizers/data/replicate_on_split.cc:32] Running replicate on split optimization
2025-06-25 23:32:07.362720: I tensorflow/core/grappler/optimizers/data/replicate_on_split.cc:32] Running replicate on split optimization
2025-06-25 23:32:07.363349: I tensorflow/core/grappler/optimizers/data/replicate_on_split.cc:32] Running replicate on split optimization
2025-06-25 23:32:07.554903: I tensorflow/core/grappler/optimizers/data/replicate_on_split.cc:32] Running replicate on split optimization
2025-06-25 23:32:07.555175: I tensorflow/core/grappler/optimizers/data/replicate_on_split.cc:32] Running replicate on split optimization
2025-06-25 23:32:07.557747: I tensorflow/core/grappler/optimizers/data/replicate_on_split.cc:32] Running replicate on split optimization
2025-06-25 23:32:07.558276: I tensorflow/core/grappler/optimizers/data/replicate_on_split.cc:32] Running replicate on split optimization
                 INFO     | >> [*] Loading existing dataset    data_utils.py:208
                          statistics from                                       
                          data/mikasa_robo_tfds/RememberColor9                  
                          -v0_baseline/1.0.0/dataset_statistic                  
                          s_4a16fbfeda508221197a51004b913829ff                  
                          51fcaa4ef4cbd8e3fed617975d4959.json.                  
2025-06-25 23:32:07.695807: I tensorflow/core/grappler/optimizers/data/replicate_on_split.cc:32] Running replicate on split optimization
2025-06-25 23:32:07.696471: I tensorflow/core/grappler/optimizers/data/replicate_on_split.cc:32] Running replicate on split optimization
2025-06-25 23:32:07.696803: I tensorflow/core/grappler/optimizers/data/replicate_on_split.cc:32] Running replicate on split optimization
2025-06-25 23:32:07.696944: I tensorflow/core/grappler/optimizers/data/replicate_on_split.cc:32] Running replicate on split optimization

######################################################################################
# Loading the following 34 datasets (incl. sampling weight):                         #
# mikasa_robo_tfds/ShellGameTouch-v0: ======================================0.029123 #
# mikasa_robo_tfds/ShellGamePush-v0: =======================================0.029123 #
# mikasa_robo_tfds/ShellGamePick-v0: =======================================0.029123 #
# mikasa_robo_tfds/InterceptSlow-v0: =======================================0.029123 #
# mikasa_robo_tfds/InterceptMedium-v0: =====================================0.029123 #
# mikasa_robo_tfds/InterceptFast-v0: =======================================0.029123 #
# mikasa_robo_tfds/InterceptGrabSlow-v0: ===================================0.029123 #
# mikasa_robo_tfds/InterceptGrabMedium-v0: =================================0.029123 #
# mikasa_robo_tfds/InterceptGrabFast-v0: ===================================0.029123 #
# mikasa_robo_tfds/RotateLenientPos-v0: ====================================0.029123 #
# mikasa_robo_tfds/RotateLenientPosNeg-v0: =================================0.029123 #
# mikasa_robo_tfds/RotateStrictPos-v0: =====================================0.029123 #
# mikasa_robo_tfds/RotateStrictPosNeg-v0: ==================================0.029123 #
# mikasa_robo_tfds/TakeItBack-v0: ==========================================0.058573 #
# mikasa_robo_tfds/RememberColor3-v0: ======================================0.019306 #
# mikasa_robo_tfds/RememberColor5-v0: ======================================0.019306 #
# mikasa_robo_tfds/RememberColor9-v0: ======================================0.019306 #
# mikasa_robo_tfds/RememberShape3-v0: ======================================0.019306 #
# mikasa_robo_tfds/RememberShape5-v0: ======================================0.019306 #
# mikasa_robo_tfds/RememberShape9-v0: ======================================0.019306 #
# mikasa_robo_tfds/RememberShapeAndColor3x2-v0: ============================0.019306 #
# mikasa_robo_tfds/RememberShapeAndColor3x3-v0: ============================0.019306 #
# mikasa_robo_tfds/RememberShapeAndColor5x3-v0: ============================0.019306 #
# mikasa_robo_tfds/BunchOfColors3-v0: ======================================0.038940 #
# mikasa_robo_tfds/BunchOfColors5-v0: ======================================0.038940 #
# mikasa_robo_tfds/BunchOfColors7-v0: ======================================0.038940 #
# mikasa_robo_tfds/SeqOfColors3-v0: ========================================0.038940 #
# mikasa_robo_tfds/SeqOfColors5-v0: ========================================0.038940 #
# mikasa_robo_tfds/SeqOfColors7-v0: ========================================0.038940 #
# mikasa_robo_tfds/ChainOfColors3-v0: ======================================0.038940 #
# mikasa_robo_tfds/ChainOfColors5-v0: ======================================0.038940 #
# mikasa_robo_tfds/ChainOfColors7-v0: ======================================0.038940 #
# mikasa_robo_tfds/RememberColor3-v0_baseline: =============================0.019306 #
# mikasa_robo_tfds/RememberColor9-v0_baseline: =============================0.019306 #
######################################################################################


######################################################################################
# Loading the following 34 datasets (incl. sampling weight):                         #
# mikasa_robo_tfds/ShellGameTouch-v0: ======================================0.029123 #
# mikasa_robo_tfds/ShellGamePush-v0: =======================================0.029123 #
# mikasa_robo_tfds/ShellGamePick-v0: =======================================0.029123 #
# mikasa_robo_tfds/InterceptSlow-v0: =======================================0.029123 #
# mikasa_robo_tfds/InterceptMedium-v0: =====================================0.029123 #
# mikasa_robo_tfds/InterceptFast-v0: =======================================0.029123 #
# mikasa_robo_tfds/InterceptGrabSlow-v0: ===================================0.029123 #
# mikasa_robo_tfds/InterceptGrabMedium-v0: =================================0.029123 #
# mikasa_robo_tfds/InterceptGrabFast-v0: ===================================0.029123 #
# mikasa_robo_tfds/RotateLenientPos-v0: ====================================0.029123 #
# mikasa_robo_tfds/RotateLenientPosNeg-v0: =================================0.029123 #
# mikasa_robo_tfds/RotateStrictPos-v0: =====================================0.029123 #
# mikasa_robo_tfds/RotateStrictPosNeg-v0: ==================================0.029123 #
# mikasa_robo_tfds/TakeItBack-v0: ==========================================0.058573 #
# mikasa_robo_tfds/RememberColor3-v0: ======================================0.019306 #
# mikasa_robo_tfds/RememberColor5-v0: ======================================0.019306 #
# mikasa_robo_tfds/RememberColor9-v0: ======================================0.019306 #
# mikasa_robo_tfds/RememberShape3-v0: ======================================0.019306 #
# mikasa_robo_tfds/RememberShape5-v0: ======================================0.019306 #
# mikasa_robo_tfds/RememberShape9-v0: ======================================0.019306 #
# mikasa_robo_tfds/RememberShapeAndColor3x2-v0: ============================0.019306 #
# mikasa_robo_tfds/RememberShapeAndColor3x3-v0: ============================0.019306 #
# mikasa_robo_tfds/RememberShapeAndColor5x3-v0: ============================0.019306 #
# mikasa_robo_tfds/BunchOfColors3-v0: ======================================0.038940 #
# mikasa_robo_tfds/BunchOfColors5-v0: ======================================0.038940 #
# mikasa_robo_tfds/BunchOfColors7-v0: ======================================0.038940 #
# mikasa_robo_tfds/SeqOfColors3-v0: ========================================0.038940 #
# mikasa_robo_tfds/SeqOfColors5-v0: ========================================0.038940 #
# mikasa_robo_tfds/SeqOfColors7-v0: ========================================0.038940 #
# mikasa_robo_tfds/ChainOfColors3-v0: ======================================0.038940 #
# mikasa_robo_tfds/ChainOfColors5-v0: ======================================0.038940 #
# mikasa_robo_tfds/ChainOfColors7-v0: ======================================0.038940 #
# mikasa_robo_tfds/RememberColor3-v0_baseline: =============================0.019306 #
# mikasa_robo_tfds/RememberColor9-v0_baseline: =============================0.019306 #
######################################################################################


######################################################################################

######################################################################################
# Loading the following 34 datasets (incl. sampling weight):                         ## Loading the following 34 datasets (incl. sampling weight):                         #
# mikasa_robo_tfds/ShellGameTouch-v0: ======================================0.029123 #

# mikasa_robo_tfds/ShellGamePush-v0: =======================================0.029123 #
# mikasa_robo_tfds/ShellGamePick-v0: =======================================0.029123 ## mikasa_robo_tfds/ShellGameTouch-v0: ======================================0.029123 #
# mikasa_robo_tfds/InterceptSlow-v0: =======================================0.029123 #

# mikasa_robo_tfds/InterceptMedium-v0: =====================================0.029123 #
# mikasa_robo_tfds/InterceptFast-v0: =======================================0.029123 #
# mikasa_robo_tfds/ShellGamePush-v0: =======================================0.029123 ## mikasa_robo_tfds/InterceptGrabSlow-v0: ===================================0.029123 #
# mikasa_robo_tfds/InterceptGrabMedium-v0: =================================0.029123 #

# mikasa_robo_tfds/InterceptGrabFast-v0: ===================================0.029123 #
# mikasa_robo_tfds/ShellGamePick-v0: =======================================0.029123 ## mikasa_robo_tfds/RotateLenientPos-v0: ====================================0.029123 #
# mikasa_robo_tfds/RotateLenientPosNeg-v0: =================================0.029123 #

# mikasa_robo_tfds/RotateStrictPos-v0: =====================================0.029123 #
# mikasa_robo_tfds/InterceptSlow-v0: =======================================0.029123 ## mikasa_robo_tfds/RotateStrictPosNeg-v0: ==================================0.029123 #
# mikasa_robo_tfds/TakeItBack-v0: ==========================================0.058573 #

# mikasa_robo_tfds/RememberColor3-v0: ======================================0.019306 #
# mikasa_robo_tfds/InterceptMedium-v0: =====================================0.029123 ## mikasa_robo_tfds/RememberColor5-v0: ======================================0.019306 #
# mikasa_robo_tfds/RememberColor9-v0: ======================================0.019306 #

# mikasa_robo_tfds/RememberShape3-v0: ======================================0.019306 #
# mikasa_robo_tfds/InterceptFast-v0: =======================================0.029123 ## mikasa_robo_tfds/RememberShape5-v0: ======================================0.019306 #
# mikasa_robo_tfds/RememberShape9-v0: ======================================0.019306 #

# mikasa_robo_tfds/RememberShapeAndColor3x2-v0: ============================0.019306 #
# mikasa_robo_tfds/InterceptGrabSlow-v0: ===================================0.029123 ## mikasa_robo_tfds/RememberShapeAndColor3x3-v0: ============================0.019306 #
# mikasa_robo_tfds/RememberShapeAndColor5x3-v0: ============================0.019306 #

# mikasa_robo_tfds/BunchOfColors3-v0: ======================================0.038940 #
# mikasa_robo_tfds/InterceptGrabMedium-v0: =================================0.029123 ## mikasa_robo_tfds/BunchOfColors5-v0: ======================================0.038940 #
# mikasa_robo_tfds/BunchOfColors7-v0: ======================================0.038940 #

# mikasa_robo_tfds/SeqOfColors3-v0: ========================================0.038940 #
# mikasa_robo_tfds/InterceptGrabFast-v0: ===================================0.029123 ## mikasa_robo_tfds/SeqOfColors5-v0: ========================================0.038940 #
# mikasa_robo_tfds/SeqOfColors7-v0: ========================================0.038940 #

# mikasa_robo_tfds/ChainOfColors3-v0: ======================================0.038940 #
# mikasa_robo_tfds/RotateLenientPos-v0: ====================================0.029123 ## mikasa_robo_tfds/ChainOfColors5-v0: ======================================0.038940 #
# mikasa_robo_tfds/ChainOfColors7-v0: ======================================0.038940 #

# mikasa_robo_tfds/RememberColor3-v0_baseline: =============================0.019306 #
# mikasa_robo_tfds/RotateLenientPosNeg-v0: =================================0.029123 ## mikasa_robo_tfds/RememberColor9-v0_baseline: =============================0.019306 #
######################################################################################


# mikasa_robo_tfds/RotateStrictPos-v0: =====================================0.029123 #
# mikasa_robo_tfds/RotateStrictPosNeg-v0: ==================================0.029123 #
# mikasa_robo_tfds/TakeItBack-v0: ==========================================0.058573 #
# mikasa_robo_tfds/RememberColor3-v0: ======================================0.019306 #
# mikasa_robo_tfds/RememberColor5-v0: ======================================0.019306 #
# mikasa_robo_tfds/RememberColor9-v0: ======================================0.019306 #
# mikasa_robo_tfds/RememberShape3-v0: ======================================0.019306 #
# mikasa_robo_tfds/RememberShape5-v0: ======================================0.019306 #
# mikasa_robo_tfds/RememberShape9-v0: ======================================0.019306 #
# mikasa_robo_tfds/RememberShapeAndColor3x2-v0: ============================0.019306 #
# mikasa_robo_tfds/RememberShapeAndColor3x3-v0: ============================0.019306 #
# mikasa_robo_tfds/RememberShapeAndColor5x3-v0: ============================0.019306 #
# mikasa_robo_tfds/BunchOfColors3-v0: ======================================0.038940 #
# mikasa_robo_tfds/BunchOfColors5-v0: ======================================0.038940 #
# mikasa_robo_tfds/BunchOfColors7-v0: ======================================0.038940 #
# mikasa_robo_tfds/SeqOfColors3-v0: ========================================0.038940 #
# mikasa_robo_tfds/SeqOfColors5-v0: ========================================0.038940 #
# mikasa_robo_tfds/SeqOfColors7-v0: ========================================0.038940 #
# mikasa_robo_tfds/ChainOfColors3-v0: ======================================0.038940 #
# mikasa_robo_tfds/ChainOfColors5-v0: ======================================0.038940 #
# mikasa_robo_tfds/ChainOfColors7-v0: ======================================0.038940 #
# mikasa_robo_tfds/RememberColor3-v0_baseline: =============================0.019306 #
# mikasa_robo_tfds/RememberColor9-v0_baseline: =============================0.019306 #
######################################################################################

                 INFO     | >> [*] Threads per Dataset: [1 1 1 1  dataset.py:531
                          1 1 1 1 1 1 1 1 1 1 1 1 1 1 1 1 1 1 1 1               
                          1 1 1 1 1 1 1 1 1 1]                                  
                 INFO     | >> [*] Reads per Dataset: [1 1 1 1 1  dataset.py:532
                          1 1 1 1 1 1 1 1 1 1 1 1 1 1 1 1 1 1 1 1               
                          1 1 1 1 1 1 1 1 1]                                    
                 INFO     | >> [*] Constructing datasets...       dataset.py:535
2025-06-25 23:32:07.940972: I tensorflow/core/grappler/optimizers/data/replicate_on_split.cc:32] Running replicate on split optimization
2025-06-25 23:32:07.941846: I tensorflow/core/grappler/optimizers/data/replicate_on_split.cc:32] Running replicate on split optimization
2025-06-25 23:32:07.943755: I tensorflow/core/grappler/optimizers/data/replicate_on_split.cc:32] Running replicate on split optimization
2025-06-25 23:32:07.949095: I tensorflow/core/grappler/optimizers/data/replicate_on_split.cc:32] Running replicate on split optimization
2025-06-25 23:32:09.105519: I tensorflow/core/grappler/optimizers/data/replicate_on_split.cc:32] Running replicate on split optimization
2025-06-25 23:32:09.109136: I tensorflow/core/grappler/optimizers/data/replicate_on_split.cc:32] Running replicate on split optimization
2025-06-25 23:32:09.157790: I tensorflow/core/grappler/optimizers/data/replicate_on_split.cc:32] Running replicate on split optimization
2025-06-25 23:32:09.177140: I tensorflow/core/grappler/optimizers/data/replicate_on_split.cc:32] Running replicate on split optimization
2025-06-25 23:32:09.321650: I tensorflow/core/grappler/optimizers/data/replicate_on_split.cc:32] Running replicate on split optimization
2025-06-25 23:32:09.333475: I tensorflow/core/grappler/optimizers/data/replicate_on_split.cc:32] Running replicate on split optimization
2025-06-25 23:32:09.374694: I tensorflow/core/grappler/optimizers/data/replicate_on_split.cc:32] Running replicate on split optimization
2025-06-25 23:32:09.398941: I tensorflow/core/grappler/optimizers/data/replicate_on_split.cc:32] Running replicate on split optimization
2025-06-25 23:32:09.534784: I tensorflow/core/grappler/optimizers/data/replicate_on_split.cc:32] Running replicate on split optimization
2025-06-25 23:32:09.555724: I tensorflow/core/grappler/optimizers/data/replicate_on_split.cc:32] Running replicate on split optimization
2025-06-25 23:32:09.590146: I tensorflow/core/grappler/optimizers/data/replicate_on_split.cc:32] Running replicate on split optimization
2025-06-25 23:32:09.618923: I tensorflow/core/grappler/optimizers/data/replicate_on_split.cc:32] Running replicate on split optimization
2025-06-25 23:32:09.747839: I tensorflow/core/grappler/optimizers/data/replicate_on_split.cc:32] Running replicate on split optimization
2025-06-25 23:32:09.777139: I tensorflow/core/grappler/optimizers/data/replicate_on_split.cc:32] Running replicate on split optimization
2025-06-25 23:32:09.804462: I tensorflow/core/grappler/optimizers/data/replicate_on_split.cc:32] Running replicate on split optimization
2025-06-25 23:32:09.838128: I tensorflow/core/grappler/optimizers/data/replicate_on_split.cc:32] Running replicate on split optimization
2025-06-25 23:32:09.960783: I tensorflow/core/grappler/optimizers/data/replicate_on_split.cc:32] Running replicate on split optimization
2025-06-25 23:32:09.998570: I tensorflow/core/grappler/optimizers/data/replicate_on_split.cc:32] Running replicate on split optimization
2025-06-25 23:32:10.019309: I tensorflow/core/grappler/optimizers/data/replicate_on_split.cc:32] Running replicate on split optimization
2025-06-25 23:32:10.056823: I tensorflow/core/grappler/optimizers/data/replicate_on_split.cc:32] Running replicate on split optimization
2025-06-25 23:32:10.174487: I tensorflow/core/grappler/optimizers/data/replicate_on_split.cc:32] Running replicate on split optimization
2025-06-25 23:32:10.220045: I tensorflow/core/grappler/optimizers/data/replicate_on_split.cc:32] Running replicate on split optimization
2025-06-25 23:32:10.234257: I tensorflow/core/grappler/optimizers/data/replicate_on_split.cc:32] Running replicate on split optimization
2025-06-25 23:32:10.276089: I tensorflow/core/grappler/optimizers/data/replicate_on_split.cc:32] Running replicate on split optimization
2025-06-25 23:32:10.388683: I tensorflow/core/grappler/optimizers/data/replicate_on_split.cc:32] Running replicate on split optimization
2025-06-25 23:32:10.441049: I tensorflow/core/grappler/optimizers/data/replicate_on_split.cc:32] Running replicate on split optimization
2025-06-25 23:32:10.449397: I tensorflow/core/grappler/optimizers/data/replicate_on_split.cc:32] Running replicate on split optimization
2025-06-25 23:32:10.497872: I tensorflow/core/grappler/optimizers/data/replicate_on_split.cc:32] Running replicate on split optimization
2025-06-25 23:32:10.601138: I tensorflow/core/grappler/optimizers/data/replicate_on_split.cc:32] Running replicate on split optimization
2025-06-25 23:32:10.662061: I tensorflow/core/grappler/optimizers/data/replicate_on_split.cc:32] Running replicate on split optimization
2025-06-25 23:32:10.664493: I tensorflow/core/grappler/optimizers/data/replicate_on_split.cc:32] Running replicate on split optimization
2025-06-25 23:32:10.718275: I tensorflow/core/grappler/optimizers/data/replicate_on_split.cc:32] Running replicate on split optimization
2025-06-25 23:32:10.813836: I tensorflow/core/grappler/optimizers/data/replicate_on_split.cc:32] Running replicate on split optimization
2025-06-25 23:32:10.879981: I tensorflow/core/grappler/optimizers/data/replicate_on_split.cc:32] Running replicate on split optimization
2025-06-25 23:32:10.881923: I tensorflow/core/grappler/optimizers/data/replicate_on_split.cc:32] Running replicate on split optimization
2025-06-25 23:32:10.937029: I tensorflow/core/grappler/optimizers/data/replicate_on_split.cc:32] Running replicate on split optimization
2025-06-25 23:32:11.026203: I tensorflow/core/grappler/optimizers/data/replicate_on_split.cc:32] Running replicate on split optimization
2025-06-25 23:32:11.094324: I tensorflow/core/grappler/optimizers/data/replicate_on_split.cc:32] Running replicate on split optimization
2025-06-25 23:32:11.103410: I tensorflow/core/grappler/optimizers/data/replicate_on_split.cc:32] Running replicate on split optimization
2025-06-25 23:32:11.155629: I tensorflow/core/grappler/optimizers/data/replicate_on_split.cc:32] Running replicate on split optimization
2025-06-25 23:32:11.240339: I tensorflow/core/grappler/optimizers/data/replicate_on_split.cc:32] Running replicate on split optimization
2025-06-25 23:32:11.309653: I tensorflow/core/grappler/optimizers/data/replicate_on_split.cc:32] Running replicate on split optimization
2025-06-25 23:32:11.325171: I tensorflow/core/grappler/optimizers/data/replicate_on_split.cc:32] Running replicate on split optimization
2025-06-25 23:32:11.374103: I tensorflow/core/grappler/optimizers/data/replicate_on_split.cc:32] Running replicate on split optimization
2025-06-25 23:32:11.453922: I tensorflow/core/grappler/optimizers/data/replicate_on_split.cc:32] Running replicate on split optimization
2025-06-25 23:32:11.525111: I tensorflow/core/grappler/optimizers/data/replicate_on_split.cc:32] Running replicate on split optimization
2025-06-25 23:32:11.546263: I tensorflow/core/grappler/optimizers/data/replicate_on_split.cc:32] Running replicate on split optimization
2025-06-25 23:32:11.593647: I tensorflow/core/grappler/optimizers/data/replicate_on_split.cc:32] Running replicate on split optimization
2025-06-25 23:32:11.667600: I tensorflow/core/grappler/optimizers/data/replicate_on_split.cc:32] Running replicate on split optimization
2025-06-25 23:32:11.740671: I tensorflow/core/grappler/optimizers/data/replicate_on_split.cc:32] Running replicate on split optimization
2025-06-25 23:32:11.768178: I tensorflow/core/grappler/optimizers/data/replicate_on_split.cc:32] Running replicate on split optimization
2025-06-25 23:32:11.814109: I tensorflow/core/grappler/optimizers/data/replicate_on_split.cc:32] Running replicate on split optimization
2025-06-25 23:32:11.880248: I tensorflow/core/grappler/optimizers/data/replicate_on_split.cc:32] Running replicate on split optimization
2025-06-25 23:32:11.952801: I tensorflow/core/grappler/optimizers/data/replicate_on_split.cc:32] Running replicate on split optimization
2025-06-25 23:32:11.986703: I tensorflow/core/grappler/optimizers/data/replicate_on_split.cc:32] Running replicate on split optimization
2025-06-25 23:32:12.032576: I tensorflow/core/grappler/optimizers/data/replicate_on_split.cc:32] Running replicate on split optimization
2025-06-25 23:32:12.092243: I tensorflow/core/grappler/optimizers/data/replicate_on_split.cc:32] Running replicate on split optimization
2025-06-25 23:32:12.166531: I tensorflow/core/grappler/optimizers/data/replicate_on_split.cc:32] Running replicate on split optimization
2025-06-25 23:32:12.206468: I tensorflow/core/grappler/optimizers/data/replicate_on_split.cc:32] Running replicate on split optimization
2025-06-25 23:32:12.251390: I tensorflow/core/grappler/optimizers/data/replicate_on_split.cc:32] Running replicate on split optimization
2025-06-25 23:32:12.302910: I tensorflow/core/grappler/optimizers/data/replicate_on_split.cc:32] Running replicate on split optimization
2025-06-25 23:32:12.379293: I tensorflow/core/grappler/optimizers/data/replicate_on_split.cc:32] Running replicate on split optimization
2025-06-25 23:32:12.425298: I tensorflow/core/grappler/optimizers/data/replicate_on_split.cc:32] Running replicate on split optimization
2025-06-25 23:32:12.468868: I tensorflow/core/grappler/optimizers/data/replicate_on_split.cc:32] Running replicate on split optimization
2025-06-25 23:32:12.514797: I tensorflow/core/grappler/optimizers/data/replicate_on_split.cc:32] Running replicate on split optimization
2025-06-25 23:32:12.593433: I tensorflow/core/grappler/optimizers/data/replicate_on_split.cc:32] Running replicate on split optimization
2025-06-25 23:32:12.645203: I tensorflow/core/grappler/optimizers/data/replicate_on_split.cc:32] Running replicate on split optimization
2025-06-25 23:32:12.687572: I tensorflow/core/grappler/optimizers/data/replicate_on_split.cc:32] Running replicate on split optimization
2025-06-25 23:32:12.727314: I tensorflow/core/grappler/optimizers/data/replicate_on_split.cc:32] Running replicate on split optimization
2025-06-25 23:32:12.808168: I tensorflow/core/grappler/optimizers/data/replicate_on_split.cc:32] Running replicate on split optimization
2025-06-25 23:32:12.867339: I tensorflow/core/grappler/optimizers/data/replicate_on_split.cc:32] Running replicate on split optimization
2025-06-25 23:32:12.907505: I tensorflow/core/grappler/optimizers/data/replicate_on_split.cc:32] Running replicate on split optimization
2025-06-25 23:32:12.939951: I tensorflow/core/grappler/optimizers/data/replicate_on_split.cc:32] Running replicate on split optimization
2025-06-25 23:32:13.023515: I tensorflow/core/grappler/optimizers/data/replicate_on_split.cc:32] Running replicate on split optimization
2025-06-25 23:32:13.087753: I tensorflow/core/grappler/optimizers/data/replicate_on_split.cc:32] Running replicate on split optimization
2025-06-25 23:32:13.128788: I tensorflow/core/grappler/optimizers/data/replicate_on_split.cc:32] Running replicate on split optimization
2025-06-25 23:32:13.152020: I tensorflow/core/grappler/optimizers/data/replicate_on_split.cc:32] Running replicate on split optimization
2025-06-25 23:32:13.238123: I tensorflow/core/grappler/optimizers/data/replicate_on_split.cc:32] Running replicate on split optimization
2025-06-25 23:32:13.309493: I tensorflow/core/grappler/optimizers/data/replicate_on_split.cc:32] Running replicate on split optimization
2025-06-25 23:32:13.348030: I tensorflow/core/grappler/optimizers/data/replicate_on_split.cc:32] Running replicate on split optimization
2025-06-25 23:32:13.364056: I tensorflow/core/grappler/optimizers/data/replicate_on_split.cc:32] Running replicate on split optimization
2025-06-25 23:32:13.452821: I tensorflow/core/grappler/optimizers/data/replicate_on_split.cc:32] Running replicate on split optimization
2025-06-25 23:32:13.529934: I tensorflow/core/grappler/optimizers/data/replicate_on_split.cc:32] Running replicate on split optimization
2025-06-25 23:32:13.565862: I tensorflow/core/grappler/optimizers/data/replicate_on_split.cc:32] Running replicate on split optimization
2025-06-25 23:32:13.577180: I tensorflow/core/grappler/optimizers/data/replicate_on_split.cc:32] Running replicate on split optimization
2025-06-25 23:32:13.666532: I tensorflow/core/grappler/optimizers/data/replicate_on_split.cc:32] Running replicate on split optimization
2025-06-25 23:32:13.751409: I tensorflow/core/grappler/optimizers/data/replicate_on_split.cc:32] Running replicate on split optimization
2025-06-25 23:32:13.785279: I tensorflow/core/grappler/optimizers/data/replicate_on_split.cc:32] Running replicate on split optimization
2025-06-25 23:32:13.791948: I tensorflow/core/grappler/optimizers/data/replicate_on_split.cc:32] Running replicate on split optimization
2025-06-25 23:32:13.882431: I tensorflow/core/grappler/optimizers/data/replicate_on_split.cc:32] Running replicate on split optimization
2025-06-25 23:32:13.973636: I tensorflow/core/grappler/optimizers/data/replicate_on_split.cc:32] Running replicate on split optimization
2025-06-25 23:32:14.003669: I tensorflow/core/grappler/optimizers/data/replicate_on_split.cc:32] Running replicate on split optimization
2025-06-25 23:32:14.006587: I tensorflow/core/grappler/optimizers/data/replicate_on_split.cc:32] Running replicate on split optimization
2025-06-25 23:32:14.098064: I tensorflow/core/grappler/optimizers/data/replicate_on_split.cc:32] Running replicate on split optimization
2025-06-25 23:32:14.195404: I tensorflow/core/grappler/optimizers/data/replicate_on_split.cc:32] Running replicate on split optimization
2025-06-25 23:32:14.221404: I tensorflow/core/grappler/optimizers/data/replicate_on_split.cc:32] Running replicate on split optimization
2025-06-25 23:32:14.222636: I tensorflow/core/grappler/optimizers/data/replicate_on_split.cc:32] Running replicate on split optimization
2025-06-25 23:32:14.313760: I tensorflow/core/grappler/optimizers/data/replicate_on_split.cc:32] Running replicate on split optimization
2025-06-25 23:32:14.417230: I tensorflow/core/grappler/optimizers/data/replicate_on_split.cc:32] Running replicate on split optimization
2025-06-25 23:32:14.435523: I tensorflow/core/grappler/optimizers/data/replicate_on_split.cc:32] Running replicate on split optimization
2025-06-25 23:32:14.441990: I tensorflow/core/grappler/optimizers/data/replicate_on_split.cc:32] Running replicate on split optimization
2025-06-25 23:32:14.529890: I tensorflow/core/grappler/optimizers/data/replicate_on_split.cc:32] Running replicate on split optimization
2025-06-25 23:32:14.638918: I tensorflow/core/grappler/optimizers/data/replicate_on_split.cc:32] Running replicate on split optimization
2025-06-25 23:32:14.650619: I tensorflow/core/grappler/optimizers/data/replicate_on_split.cc:32] Running replicate on split optimization
2025-06-25 23:32:14.662784: I tensorflow/core/grappler/optimizers/data/replicate_on_split.cc:32] Running replicate on split optimization
2025-06-25 23:32:14.748975: I tensorflow/core/grappler/optimizers/data/replicate_on_split.cc:32] Running replicate on split optimization
2025-06-25 23:32:14.862383: I tensorflow/core/grappler/optimizers/data/replicate_on_split.cc:32] Running replicate on split optimization
2025-06-25 23:32:14.865601: I tensorflow/core/grappler/optimizers/data/replicate_on_split.cc:32] Running replicate on split optimization
2025-06-25 23:32:14.884253: I tensorflow/core/grappler/optimizers/data/replicate_on_split.cc:32] Running replicate on split optimization
2025-06-25 23:32:14.966586: I tensorflow/core/grappler/optimizers/data/replicate_on_split.cc:32] Running replicate on split optimization
2025-06-25 23:32:15.081403: I tensorflow/core/grappler/optimizers/data/replicate_on_split.cc:32] Running replicate on split optimization
2025-06-25 23:32:15.085021: I tensorflow/core/grappler/optimizers/data/replicate_on_split.cc:32] Running replicate on split optimization
2025-06-25 23:32:15.104628: I tensorflow/core/grappler/optimizers/data/replicate_on_split.cc:32] Running replicate on split optimization
2025-06-25 23:32:15.185743: I tensorflow/core/grappler/optimizers/data/replicate_on_split.cc:32] Running replicate on split optimization
2025-06-25 23:32:15.296494: I tensorflow/core/grappler/optimizers/data/replicate_on_split.cc:32] Running replicate on split optimization
2025-06-25 23:32:15.308372: I tensorflow/core/grappler/optimizers/data/replicate_on_split.cc:32] Running replicate on split optimization
2025-06-25 23:32:15.325682: I tensorflow/core/grappler/optimizers/data/replicate_on_split.cc:32] Running replicate on split optimization
2025-06-25 23:32:15.404571: I tensorflow/core/grappler/optimizers/data/replicate_on_split.cc:32] Running replicate on split optimization
2025-06-25 23:32:15.529612: I tensorflow/core/grappler/optimizers/data/replicate_on_split.cc:32] Running replicate on split optimization
2025-06-25 23:32:15.545494: I tensorflow/core/grappler/optimizers/data/replicate_on_split.cc:32] Running replicate on split optimization
2025-06-25 23:32:15.762861: I tensorflow/core/grappler/optimizers/data/replicate_on_split.cc:32] Running replicate on split optimization
2025-06-25 23:32:15.969843: I tensorflow/core/grappler/optimizers/data/replicate_on_split.cc:32] Running replicate on split optimization
2025-06-25 23:32:16.093660: I tensorflow/core/grappler/optimizers/data/replicate_on_split.cc:32] Running replicate on split optimization
2025-06-25 23:32:16.120654: I tensorflow/core/grappler/optimizers/data/replicate_on_split.cc:32] Running replicate on split optimization
2025-06-25 23:32:16.185953: I tensorflow/core/grappler/optimizers/data/replicate_on_split.cc:32] Running replicate on split optimization
2025-06-25 23:32:16.311299: I tensorflow/core/grappler/optimizers/data/replicate_on_split.cc:32] Running replicate on split optimization
2025-06-25 23:32:16.352749: I tensorflow/core/grappler/optimizers/data/replicate_on_split.cc:32] Running replicate on split optimization
2025-06-25 23:32:16.399583: I tensorflow/core/grappler/optimizers/data/replicate_on_split.cc:32] Running replicate on split optimization
2025-06-25 23:32:16.453032: I tensorflow/core/grappler/optimizers/data/replicate_on_split.cc:32] Running replicate on split optimization
2025-06-25 23:32:16.527030: I tensorflow/core/grappler/optimizers/data/replicate_on_split.cc:32] Running replicate on split optimization
2025-06-25 23:32:16.574320: I tensorflow/core/grappler/optimizers/data/replicate_on_split.cc:32] Running replicate on split optimization
2025-06-25 23:32:16.676765: I tensorflow/core/grappler/optimizers/data/replicate_on_split.cc:32] Running replicate on split optimization
06/25 [23:32:16] INFO     | >> [*] Applying frame transforms on   dataset.py:575
                          dataset...                                            
self.data_root_dir data
self.data_root_dir data
OXE_DATASET_CONFIGS {'image_obs_keys': {'primary': 'image', 'secondary': None, 'wrist': None}, 'depth_obs_keys': {'primary': None, 'secondary': None, 'wrist': None}, 'state_obs_keys': ['state'], 'state_encoding': <StateEncoding.POS_EULER: 1>, 'action_encoding': <ActionEncoding.EEF_POS: 1>}
OXE_DATASET_CONFIGS {'image_obs_keys': {'primary': 'image', 'secondary': None, 'wrist': None}, 'depth_obs_keys': {'primary': None, 'secondary': None, 'wrist': None}, 'state_obs_keys': ['state'], 'state_encoding': <StateEncoding.POS_EULER: 1>, 'action_encoding': <ActionEncoding.EEF_POS: 1>}
OXE_DATASET_CONFIGS {'image_obs_keys': {'primary': 'image', 'secondary': None, 'wrist': None}, 'depth_obs_keys': {'primary': None, 'secondary': None, 'wrist': None}, 'state_obs_keys': ['state'], 'state_encoding': <StateEncoding.POS_EULER: 1>, 'action_encoding': <ActionEncoding.EEF_POS: 1>}
OXE_DATASET_CONFIGS {'image_obs_keys': {'primary': 'image', 'secondary': None, 'wrist': None}, 'depth_obs_keys': {'primary': None, 'secondary': None, 'wrist': None}, 'state_obs_keys': ['state'], 'state_encoding': <StateEncoding.POS_EULER: 1>, 'action_encoding': <ActionEncoding.EEF_POS: 1>}
OXE_DATASET_CONFIGS {'image_obs_keys': {'primary': 'image', 'secondary': None, 'wrist': None}, 'depth_obs_keys': {'primary': None, 'secondary': None, 'wrist': None}, 'state_obs_keys': ['state'], 'state_encoding': <StateEncoding.POS_EULER: 1>, 'action_encoding': <ActionEncoding.EEF_POS: 1>}
OXE_DATASET_CONFIGS {'image_obs_keys': {'primary': 'image', 'secondary': None, 'wrist': None}, 'depth_obs_keys': {'primary': None, 'secondary': None, 'wrist': None}, 'state_obs_keys': ['state'], 'state_encoding': <StateEncoding.POS_EULER: 1>, 'action_encoding': <ActionEncoding.EEF_POS: 1>}
OXE_DATASET_CONFIGS {'image_obs_keys': {'primary': 'image', 'secondary': None, 'wrist': None}, 'depth_obs_keys': {'primary': None, 'secondary': None, 'wrist': None}, 'state_obs_keys': ['state'], 'state_encoding': <StateEncoding.POS_EULER: 1>, 'action_encoding': <ActionEncoding.EEF_POS: 1>}
OXE_DATASET_CONFIGS self.data_root_dir{'image_obs_keys': {'primary': 'image', 'secondary': None, 'wrist': None}, 'depth_obs_keys': {'primary': None, 'secondary': None, 'wrist': None}, 'state_obs_keys': ['state'], 'state_encoding': <StateEncoding.POS_EULER: 1>, 'action_encoding': <ActionEncoding.EEF_POS: 1>} 
data
OXE_DATASET_CONFIGSself.data_root_dir  {'image_obs_keys': {'primary': 'image', 'secondary': None, 'wrist': None}, 'depth_obs_keys': {'primary': None, 'secondary': None, 'wrist': None}, 'state_obs_keys': ['state'], 'state_encoding': <StateEncoding.POS_EULER: 1>, 'action_encoding': <ActionEncoding.EEF_POS: 1>}data

OXE_DATASET_CONFIGSOXE_DATASET_CONFIGS  {'image_obs_keys': {'primary': 'image', 'secondary': None, 'wrist': None}, 'depth_obs_keys': {'primary': None, 'secondary': None, 'wrist': None}, 'state_obs_keys': ['state'], 'state_encoding': <StateEncoding.POS_EULER: 1>, 'action_encoding': <ActionEncoding.EEF_POS: 1>}
{'image_obs_keys': {'primary': 'image', 'secondary': None, 'wrist': None}, 'depth_obs_keys': {'primary': None, 'secondary': None, 'wrist': None}, 'state_obs_keys': ['state'], 'state_encoding': <StateEncoding.POS_EULER: 1>, 'action_encoding': <ActionEncoding.EEF_POS: 1>}
OXE_DATASET_CONFIGS {'image_obs_keys': {'primary': 'image', 'secondary': None, 'wrist': None}, 'depth_obs_keys': {'primary': None, 'secondary': None, 'wrist': None}, 'state_obs_keys': ['state'], 'state_encoding': <StateEncoding.POS_EULER: 1>, 'action_encoding': <ActionEncoding.EEF_POS: 1>}
OXE_DATASET_CONFIGS OXE_DATASET_CONFIGS{'image_obs_keys': {'primary': 'image', 'secondary': None, 'wrist': None}, 'depth_obs_keys': {'primary': None, 'secondary': None, 'wrist': None}, 'state_obs_keys': ['state'], 'state_encoding': <StateEncoding.POS_EULER: 1>, 'action_encoding': <ActionEncoding.EEF_POS: 1>} 
{'image_obs_keys': {'primary': 'image', 'secondary': None, 'wrist': None}, 'depth_obs_keys': {'primary': None, 'secondary': None, 'wrist': None}, 'state_obs_keys': ['state'], 'state_encoding': <StateEncoding.POS_EULER: 1>, 'action_encoding': <ActionEncoding.EEF_POS: 1>}
OXE_DATASET_CONFIGS OXE_DATASET_CONFIGS{'image_obs_keys': {'primary': 'image', 'secondary': None, 'wrist': None}, 'depth_obs_keys': {'primary': None, 'secondary': None, 'wrist': None}, 'state_obs_keys': ['state'], 'state_encoding': <StateEncoding.POS_EULER: 1>, 'action_encoding': <ActionEncoding.EEF_POS: 1>} 
{'image_obs_keys': {'primary': 'image', 'secondary': None, 'wrist': None}, 'depth_obs_keys': {'primary': None, 'secondary': None, 'wrist': None}, 'state_obs_keys': ['state'], 'state_encoding': <StateEncoding.POS_EULER: 1>, 'action_encoding': <ActionEncoding.EEF_POS: 1>}
OXE_DATASET_CONFIGS self.data_root_dirOXE_DATASET_CONFIGS{'image_obs_keys': {'primary': 'image', 'secondary': None, 'wrist': None}, 'depth_obs_keys': {'primary': None, 'secondary': None, 'wrist': None}, 'state_obs_keys': ['state'], 'state_encoding': <StateEncoding.POS_EULER: 1>, 'action_encoding': <ActionEncoding.EEF_POS: 1>}  
data{'image_obs_keys': {'primary': 'image', 'secondary': None, 'wrist': None}, 'depth_obs_keys': {'primary': None, 'secondary': None, 'wrist': None}, 'state_obs_keys': ['state'], 'state_encoding': <StateEncoding.POS_EULER: 1>, 'action_encoding': <ActionEncoding.EEF_POS: 1>}
OXE_DATASET_CONFIGS
self.data_root_dir  OXE_DATASET_CONFIGS{'image_obs_keys': {'primary': 'image', 'secondary': None, 'wrist': None}, 'depth_obs_keys': {'primary': None, 'secondary': None, 'wrist': None}, 'state_obs_keys': ['state'], 'state_encoding': <StateEncoding.POS_EULER: 1>, 'action_encoding': <ActionEncoding.EEF_POS: 1>}data 

{'image_obs_keys': {'primary': 'image', 'secondary': None, 'wrist': None}, 'depth_obs_keys': {'primary': None, 'secondary': None, 'wrist': None}, 'state_obs_keys': ['state'], 'state_encoding': <StateEncoding.POS_EULER: 1>, 'action_encoding': <ActionEncoding.EEF_POS: 1>}OXE_DATASET_CONFIGSOXE_DATASET_CONFIGS
  {'image_obs_keys': {'primary': 'image', 'secondary': None, 'wrist': None}, 'depth_obs_keys': {'primary': None, 'secondary': None, 'wrist': None}, 'state_obs_keys': ['state'], 'state_encoding': <StateEncoding.POS_EULER: 1>, 'action_encoding': <ActionEncoding.EEF_POS: 1>}OXE_DATASET_CONFIGS{'image_obs_keys': {'primary': 'image', 'secondary': None, 'wrist': None}, 'depth_obs_keys': {'primary': None, 'secondary': None, 'wrist': None}, 'state_obs_keys': ['state'], 'state_encoding': <StateEncoding.POS_EULER: 1>, 'action_encoding': <ActionEncoding.EEF_POS: 1>}
 
{'image_obs_keys': {'primary': 'image', 'secondary': None, 'wrist': None}, 'depth_obs_keys': {'primary': None, 'secondary': None, 'wrist': None}, 'state_obs_keys': ['state'], 'state_encoding': <StateEncoding.POS_EULER: 1>, 'action_encoding': <ActionEncoding.EEF_POS: 1>}OXE_DATASET_CONFIGS
 OXE_DATASET_CONFIGS{'image_obs_keys': {'primary': 'image', 'secondary': None, 'wrist': None}, 'depth_obs_keys': {'primary': None, 'secondary': None, 'wrist': None}, 'state_obs_keys': ['state'], 'state_encoding': <StateEncoding.POS_EULER: 1>, 'action_encoding': <ActionEncoding.EEF_POS: 1>}OXE_DATASET_CONFIGS 
 {'image_obs_keys': {'primary': 'image', 'secondary': None, 'wrist': None}, 'depth_obs_keys': {'primary': None, 'secondary': None, 'wrist': None}, 'state_obs_keys': ['state'], 'state_encoding': <StateEncoding.POS_EULER: 1>, 'action_encoding': <ActionEncoding.EEF_POS: 1>}{'image_obs_keys': {'primary': 'image', 'secondary': None, 'wrist': None}, 'depth_obs_keys': {'primary': None, 'secondary': None, 'wrist': None}, 'state_obs_keys': ['state'], 'state_encoding': <StateEncoding.POS_EULER: 1>, 'action_encoding': <ActionEncoding.EEF_POS: 1>}OXE_DATASET_CONFIGS

 {'image_obs_keys': {'primary': 'image', 'secondary': None, 'wrist': None}, 'depth_obs_keys': {'primary': None, 'secondary': None, 'wrist': None}, 'state_obs_keys': ['state'], 'state_encoding': <StateEncoding.POS_EULER: 1>, 'action_encoding': <ActionEncoding.EEF_POS: 1>}OXE_DATASET_CONFIGSOXE_DATASET_CONFIGS
  {'image_obs_keys': {'primary': 'image', 'secondary': None, 'wrist': None}, 'depth_obs_keys': {'primary': None, 'secondary': None, 'wrist': None}, 'state_obs_keys': ['state'], 'state_encoding': <StateEncoding.POS_EULER: 1>, 'action_encoding': <ActionEncoding.EEF_POS: 1>}OXE_DATASET_CONFIGS{'image_obs_keys': {'primary': 'image', 'secondary': None, 'wrist': None}, 'depth_obs_keys': {'primary': None, 'secondary': None, 'wrist': None}, 'state_obs_keys': ['state'], 'state_encoding': <StateEncoding.POS_EULER: 1>, 'action_encoding': <ActionEncoding.EEF_POS: 1>}
 
OXE_DATASET_CONFIGS{'image_obs_keys': {'primary': 'image', 'secondary': None, 'wrist': None}, 'depth_obs_keys': {'primary': None, 'secondary': None, 'wrist': None}, 'state_obs_keys': ['state'], 'state_encoding': <StateEncoding.POS_EULER: 1>, 'action_encoding': <ActionEncoding.EEF_POS: 1>} OXE_DATASET_CONFIGS
{'image_obs_keys': {'primary': 'image', 'secondary': None, 'wrist': None}, 'depth_obs_keys': {'primary': None, 'secondary': None, 'wrist': None}, 'state_obs_keys': ['state'], 'state_encoding': <StateEncoding.POS_EULER: 1>, 'action_encoding': <ActionEncoding.EEF_POS: 1>} 
OXE_DATASET_CONFIGS{'image_obs_keys': {'primary': 'image', 'secondary': None, 'wrist': None}, 'depth_obs_keys': {'primary': None, 'secondary': None, 'wrist': None}, 'state_obs_keys': ['state'], 'state_encoding': <StateEncoding.POS_EULER: 1>, 'action_encoding': <ActionEncoding.EEF_POS: 1>} OXE_DATASET_CONFIGS
{'image_obs_keys': {'primary': 'image', 'secondary': None, 'wrist': None}, 'depth_obs_keys': {'primary': None, 'secondary': None, 'wrist': None}, 'state_obs_keys': ['state'], 'state_encoding': <StateEncoding.POS_EULER: 1>, 'action_encoding': <ActionEncoding.EEF_POS: 1>} 
OXE_DATASET_CONFIGS{'image_obs_keys': {'primary': 'image', 'secondary': None, 'wrist': None}, 'depth_obs_keys': {'primary': None, 'secondary': None, 'wrist': None}, 'state_obs_keys': ['state'], 'state_encoding': <StateEncoding.POS_EULER: 1>, 'action_encoding': <ActionEncoding.EEF_POS: 1>} OXE_DATASET_CONFIGS
{'image_obs_keys': {'primary': 'image', 'secondary': None, 'wrist': None}, 'depth_obs_keys': {'primary': None, 'secondary': None, 'wrist': None}, 'state_obs_keys': ['state'], 'state_encoding': <StateEncoding.POS_EULER: 1>, 'action_encoding': <ActionEncoding.EEF_POS: 1>} 
OXE_DATASET_CONFIGS{'image_obs_keys': {'primary': 'image', 'secondary': None, 'wrist': None}, 'depth_obs_keys': {'primary': None, 'secondary': None, 'wrist': None}, 'state_obs_keys': ['state'], 'state_encoding': <StateEncoding.POS_EULER: 1>, 'action_encoding': <ActionEncoding.EEF_POS: 1>} OXE_DATASET_CONFIGS
{'image_obs_keys': {'primary': 'image', 'secondary': None, 'wrist': None}, 'depth_obs_keys': {'primary': None, 'secondary': None, 'wrist': None}, 'state_obs_keys': ['state'], 'state_encoding': <StateEncoding.POS_EULER: 1>, 'action_encoding': <ActionEncoding.EEF_POS: 1>} 
OXE_DATASET_CONFIGS{'image_obs_keys': {'primary': 'image', 'secondary': None, 'wrist': None}, 'depth_obs_keys': {'primary': None, 'secondary': None, 'wrist': None}, 'state_obs_keys': ['state'], 'state_encoding': <StateEncoding.POS_EULER: 1>, 'action_encoding': <ActionEncoding.EEF_POS: 1>} OXE_DATASET_CONFIGS
{'image_obs_keys': {'primary': 'image', 'secondary': None, 'wrist': None}, 'depth_obs_keys': {'primary': None, 'secondary': None, 'wrist': None}, 'state_obs_keys': ['state'], 'state_encoding': <StateEncoding.POS_EULER: 1>, 'action_encoding': <ActionEncoding.EEF_POS: 1>} 
OXE_DATASET_CONFIGS{'image_obs_keys': {'primary': 'image', 'secondary': None, 'wrist': None}, 'depth_obs_keys': {'primary': None, 'secondary': None, 'wrist': None}, 'state_obs_keys': ['state'], 'state_encoding': <StateEncoding.POS_EULER: 1>, 'action_encoding': <ActionEncoding.EEF_POS: 1>} OXE_DATASET_CONFIGS
{'image_obs_keys': {'primary': 'image', 'secondary': None, 'wrist': None}, 'depth_obs_keys': {'primary': None, 'secondary': None, 'wrist': None}, 'state_obs_keys': ['state'], 'state_encoding': <StateEncoding.POS_EULER: 1>, 'action_encoding': <ActionEncoding.EEF_POS: 1>} 
OXE_DATASET_CONFIGS{'image_obs_keys': {'primary': 'image', 'secondary': None, 'wrist': None}, 'depth_obs_keys': {'primary': None, 'secondary': None, 'wrist': None}, 'state_obs_keys': ['state'], 'state_encoding': <StateEncoding.POS_EULER: 1>, 'action_encoding': <ActionEncoding.EEF_POS: 1>} OXE_DATASET_CONFIGS
{'image_obs_keys': {'primary': 'image', 'secondary': None, 'wrist': None}, 'depth_obs_keys': {'primary': None, 'secondary': None, 'wrist': None}, 'state_obs_keys': ['state'], 'state_encoding': <StateEncoding.POS_EULER: 1>, 'action_encoding': <ActionEncoding.EEF_POS: 1>} 
OXE_DATASET_CONFIGS{'image_obs_keys': {'primary': 'image', 'secondary': None, 'wrist': None}, 'depth_obs_keys': {'primary': None, 'secondary': None, 'wrist': None}, 'state_obs_keys': ['state'], 'state_encoding': <StateEncoding.POS_EULER: 1>, 'action_encoding': <ActionEncoding.EEF_POS: 1>} OXE_DATASET_CONFIGS
{'image_obs_keys': {'primary': 'image', 'secondary': None, 'wrist': None}, 'depth_obs_keys': {'primary': None, 'secondary': None, 'wrist': None}, 'state_obs_keys': ['state'], 'state_encoding': <StateEncoding.POS_EULER: 1>, 'action_encoding': <ActionEncoding.EEF_POS: 1>} 
OXE_DATASET_CONFIGS{'image_obs_keys': {'primary': 'image', 'secondary': None, 'wrist': None}, 'depth_obs_keys': {'primary': None, 'secondary': None, 'wrist': None}, 'state_obs_keys': ['state'], 'state_encoding': <StateEncoding.POS_EULER: 1>, 'action_encoding': <ActionEncoding.EEF_POS: 1>} OXE_DATASET_CONFIGS
{'image_obs_keys': {'primary': 'image', 'secondary': None, 'wrist': None}, 'depth_obs_keys': {'primary': None, 'secondary': None, 'wrist': None}, 'state_obs_keys': ['state'], 'state_encoding': <StateEncoding.POS_EULER: 1>, 'action_encoding': <ActionEncoding.EEF_POS: 1>} 
OXE_DATASET_CONFIGS{'image_obs_keys': {'primary': 'image', 'secondary': None, 'wrist': None}, 'depth_obs_keys': {'primary': None, 'secondary': None, 'wrist': None}, 'state_obs_keys': ['state'], 'state_encoding': <StateEncoding.POS_EULER: 1>, 'action_encoding': <ActionEncoding.EEF_POS: 1>} OXE_DATASET_CONFIGS
{'image_obs_keys': {'primary': 'image', 'secondary': None, 'wrist': None}, 'depth_obs_keys': {'primary': None, 'secondary': None, 'wrist': None}, 'state_obs_keys': ['state'], 'state_encoding': <StateEncoding.POS_EULER: 1>, 'action_encoding': <ActionEncoding.EEF_POS: 1>} 
OXE_DATASET_CONFIGSself.data_root_dir{'image_obs_keys': {'primary': 'image', 'secondary': None, 'wrist': None}, 'depth_obs_keys': {'primary': None, 'secondary': None, 'wrist': None}, 'state_obs_keys': ['state'], 'state_encoding': <StateEncoding.POS_EULER: 1>, 'action_encoding': <ActionEncoding.EEF_POS: 1>} OXE_DATASET_CONFIGS
{'image_obs_keys': {'primary': 'image', 'secondary': None, 'wrist': None}, 'depth_obs_keys': {'primary': None, 'secondary': None, 'wrist': None}, 'state_obs_keys': ['state'], 'state_encoding': <StateEncoding.POS_EULER: 1>, 'action_encoding': <ActionEncoding.EEF_POS: 1>} 
OXE_DATASET_CONFIGS{'image_obs_keys': {'primary': 'image', 'secondary': None, 'wrist': None}, 'depth_obs_keys': {'primary': None, 'secondary': None, 'wrist': None}, 'state_obs_keys': ['state'], 'state_encoding': <StateEncoding.POS_EULER: 1>, 'action_encoding': <ActionEncoding.EEF_POS: 1>} OXE_DATASET_CONFIGS
{'image_obs_keys': {'primary': 'image', 'secondary': None, 'wrist': None}, 'depth_obs_keys': {'primary': None, 'secondary': None, 'wrist': None}, 'state_obs_keys': ['state'], 'state_encoding': <StateEncoding.POS_EULER: 1>, 'action_encoding': <ActionEncoding.EEF_POS: 1>} 
OXE_DATASET_CONFIGS{'image_obs_keys': {'primary': 'image', 'secondary': None, 'wrist': None}, 'depth_obs_keys': {'primary': None, 'secondary': None, 'wrist': None}, 'state_obs_keys': ['state'], 'state_encoding': <StateEncoding.POS_EULER: 1>, 'action_encoding': <ActionEncoding.EEF_POS: 1>}  OXE_DATASET_CONFIGS
{'image_obs_keys': {'primary': 'image', 'secondary': None, 'wrist': None}, 'depth_obs_keys': {'primary': None, 'secondary': None, 'wrist': None}, 'state_obs_keys': ['state'], 'state_encoding': <StateEncoding.POS_EULER: 1>, 'action_encoding': <ActionEncoding.EEF_POS: 1>}data 
OXE_DATASET_CONFIGS{'image_obs_keys': {'primary': 'image', 'secondary': None, 'wrist': None}, 'depth_obs_keys': {'primary': None, 'secondary': None, 'wrist': None}, 'state_obs_keys': ['state'], 'state_encoding': <StateEncoding.POS_EULER: 1>, 'action_encoding': <ActionEncoding.EEF_POS: 1>}
 OXE_DATASET_CONFIGS
{'image_obs_keys': {'primary': 'image', 'secondary': None, 'wrist': None}, 'depth_obs_keys': {'primary': None, 'secondary': None, 'wrist': None}, 'state_obs_keys': ['state'], 'state_encoding': <StateEncoding.POS_EULER: 1>, 'action_encoding': <ActionEncoding.EEF_POS: 1>}self.data_root_dir 
OXE_DATASET_CONFIGS{'image_obs_keys': {'primary': 'image', 'secondary': None, 'wrist': None}, 'depth_obs_keys': {'primary': None, 'secondary': None, 'wrist': None}, 'state_obs_keys': ['state'], 'state_encoding': <StateEncoding.POS_EULER: 1>, 'action_encoding': <ActionEncoding.EEF_POS: 1>}  OXE_DATASET_CONFIGS
{'image_obs_keys': {'primary': 'image', 'secondary': None, 'wrist': None}, 'depth_obs_keys': {'primary': None, 'secondary': None, 'wrist': None}, 'state_obs_keys': ['state'], 'state_encoding': <StateEncoding.POS_EULER: 1>, 'action_encoding': <ActionEncoding.EEF_POS: 1>}data 
OXE_DATASET_CONFIGS{'image_obs_keys': {'primary': 'image', 'secondary': None, 'wrist': None}, 'depth_obs_keys': {'primary': None, 'secondary': None, 'wrist': None}, 'state_obs_keys': ['state'], 'state_encoding': <StateEncoding.POS_EULER: 1>, 'action_encoding': <ActionEncoding.EEF_POS: 1>}
 OXE_DATASET_CONFIGS
{'image_obs_keys': {'primary': 'image', 'secondary': None, 'wrist': None}, 'depth_obs_keys': {'primary': None, 'secondary': None, 'wrist': None}, 'state_obs_keys': ['state'], 'state_encoding': <StateEncoding.POS_EULER: 1>, 'action_encoding': <ActionEncoding.EEF_POS: 1>} OXE_DATASET_CONFIGS
OXE_DATASET_CONFIGS{'image_obs_keys': {'primary': 'image', 'secondary': None, 'wrist': None}, 'depth_obs_keys': {'primary': None, 'secondary': None, 'wrist': None}, 'state_obs_keys': ['state'], 'state_encoding': <StateEncoding.POS_EULER: 1>, 'action_encoding': <ActionEncoding.EEF_POS: 1>}  OXE_DATASET_CONFIGS
{'image_obs_keys': {'primary': 'image', 'secondary': None, 'wrist': None}, 'depth_obs_keys': {'primary': None, 'secondary': None, 'wrist': None}, 'state_obs_keys': ['state'], 'state_encoding': <StateEncoding.POS_EULER: 1>, 'action_encoding': <ActionEncoding.EEF_POS: 1>} 
{'image_obs_keys': {'primary': 'image', 'secondary': None, 'wrist': None}, 'depth_obs_keys': {'primary': None, 'secondary': None, 'wrist': None}, 'state_obs_keys': ['state'], 'state_encoding': <StateEncoding.POS_EULER: 1>, 'action_encoding': <ActionEncoding.EEF_POS: 1>}OXE_DATASET_CONFIGS{'image_obs_keys': {'primary': 'image', 'secondary': None, 'wrist': None}, 'depth_obs_keys': {'primary': None, 'secondary': None, 'wrist': None}, 'state_obs_keys': ['state'], 'state_encoding': <StateEncoding.POS_EULER: 1>, 'action_encoding': <ActionEncoding.EEF_POS: 1>}OXE_DATASET_CONFIGS 

 {'image_obs_keys': {'primary': 'image', 'secondary': None, 'wrist': None}, 'depth_obs_keys': {'primary': None, 'secondary': None, 'wrist': None}, 'state_obs_keys': ['state'], 'state_encoding': <StateEncoding.POS_EULER: 1>, 'action_encoding': <ActionEncoding.EEF_POS: 1>}{'image_obs_keys': {'primary': 'image', 'secondary': None, 'wrist': None}, 'depth_obs_keys': {'primary': None, 'secondary': None, 'wrist': None}, 'state_obs_keys': ['state'], 'state_encoding': <StateEncoding.POS_EULER: 1>, 'action_encoding': <ActionEncoding.EEF_POS: 1>}OXE_DATASET_CONFIGS

 OXE_DATASET_CONFIGSOXE_DATASET_CONFIGS{'image_obs_keys': {'primary': 'image', 'secondary': None, 'wrist': None}, 'depth_obs_keys': {'primary': None, 'secondary': None, 'wrist': None}, 'state_obs_keys': ['state'], 'state_encoding': <StateEncoding.POS_EULER: 1>, 'action_encoding': <ActionEncoding.EEF_POS: 1>}OXE_DATASET_CONFIGS 
  {'image_obs_keys': {'primary': 'image', 'secondary': None, 'wrist': None}, 'depth_obs_keys': {'primary': None, 'secondary': None, 'wrist': None}, 'state_obs_keys': ['state'], 'state_encoding': <StateEncoding.POS_EULER: 1>, 'action_encoding': <ActionEncoding.EEF_POS: 1>}OXE_DATASET_CONFIGS{'image_obs_keys': {'primary': 'image', 'secondary': None, 'wrist': None}, 'depth_obs_keys': {'primary': None, 'secondary': None, 'wrist': None}, 'state_obs_keys': ['state'], 'state_encoding': <StateEncoding.POS_EULER: 1>, 'action_encoding': <ActionEncoding.EEF_POS: 1>}
 {'image_obs_keys': {'primary': 'image', 'secondary': None, 'wrist': None}, 'depth_obs_keys': {'primary': None, 'secondary': None, 'wrist': None}, 'state_obs_keys': ['state'], 'state_encoding': <StateEncoding.POS_EULER: 1>, 'action_encoding': <ActionEncoding.EEF_POS: 1>}
{'image_obs_keys': {'primary': 'image', 'secondary': None, 'wrist': None}, 'depth_obs_keys': {'primary': None, 'secondary': None, 'wrist': None}, 'state_obs_keys': ['state'], 'state_encoding': <StateEncoding.POS_EULER: 1>, 'action_encoding': <ActionEncoding.EEF_POS: 1>}OXE_DATASET_CONFIGSOXE_DATASET_CONFIGS
  {'image_obs_keys': {'primary': 'image', 'secondary': None, 'wrist': None}, 'depth_obs_keys': {'primary': None, 'secondary': None, 'wrist': None}, 'state_obs_keys': ['state'], 'state_encoding': <StateEncoding.POS_EULER: 1>, 'action_encoding': <ActionEncoding.EEF_POS: 1>}OXE_DATASET_CONFIGS{'image_obs_keys': {'primary': 'image', 'secondary': None, 'wrist': None}, 'depth_obs_keys': {'primary': None, 'secondary': None, 'wrist': None}, 'state_obs_keys': ['state'], 'state_encoding': <StateEncoding.POS_EULER: 1>, 'action_encoding': <ActionEncoding.EEF_POS: 1>}
 

{'image_obs_keys': {'primary': 'image', 'secondary': None, 'wrist': None}, 'depth_obs_keys': {'primary': None, 'secondary': None, 'wrist': None}, 'state_obs_keys': ['state'], 'state_encoding': <StateEncoding.POS_EULER: 1>, 'action_encoding': <ActionEncoding.EEF_POS: 1>}OXE_DATASET_CONFIGSOXE_DATASET_CONFIGS
  {'image_obs_keys': {'primary': 'image', 'secondary': None, 'wrist': None}, 'depth_obs_keys': {'primary': None, 'secondary': None, 'wrist': None}, 'state_obs_keys': ['state'], 'state_encoding': <StateEncoding.POS_EULER: 1>, 'action_encoding': <ActionEncoding.EEF_POS: 1>}OXE_DATASET_CONFIGSOXE_DATASET_CONFIGS{'image_obs_keys': {'primary': 'image', 'secondary': None, 'wrist': None}, 'depth_obs_keys': {'primary': None, 'secondary': None, 'wrist': None}, 'state_obs_keys': ['state'], 'state_encoding': <StateEncoding.POS_EULER: 1>, 'action_encoding': <ActionEncoding.EEF_POS: 1>}
 
 {'image_obs_keys': {'primary': 'image', 'secondary': None, 'wrist': None}, 'depth_obs_keys': {'primary': None, 'secondary': None, 'wrist': None}, 'state_obs_keys': ['state'], 'state_encoding': <StateEncoding.POS_EULER: 1>, 'action_encoding': <ActionEncoding.EEF_POS: 1>}OXE_DATASET_CONFIGSOXE_DATASET_CONFIGS
 {'image_obs_keys': {'primary': 'image', 'secondary': None, 'wrist': None}, 'depth_obs_keys': {'primary': None, 'secondary': None, 'wrist': None}, 'state_obs_keys': ['state'], 'state_encoding': <StateEncoding.POS_EULER: 1>, 'action_encoding': <ActionEncoding.EEF_POS: 1>} {'image_obs_keys': {'primary': 'image', 'secondary': None, 'wrist': None}, 'depth_obs_keys': {'primary': None, 'secondary': None, 'wrist': None}, 'state_obs_keys': ['state'], 'state_encoding': <StateEncoding.POS_EULER: 1>, 'action_encoding': <ActionEncoding.EEF_POS: 1>}OXE_DATASET_CONFIGS{'image_obs_keys': {'primary': 'image', 'secondary': None, 'wrist': None}, 'depth_obs_keys': {'primary': None, 'secondary': None, 'wrist': None}, 'state_obs_keys': ['state'], 'state_encoding': <StateEncoding.POS_EULER: 1>, 'action_encoding': <ActionEncoding.EEF_POS: 1>}

 
self.data_root_dir{'image_obs_keys': {'primary': 'image', 'secondary': None, 'wrist': None}, 'depth_obs_keys': {'primary': None, 'secondary': None, 'wrist': None}, 'state_obs_keys': ['state'], 'state_encoding': <StateEncoding.POS_EULER: 1>, 'action_encoding': <ActionEncoding.EEF_POS: 1>} OXE_DATASET_CONFIGS
OXE_DATASET_CONFIGSdata OXE_DATASET_CONFIGS
{'image_obs_keys': {'primary': 'image', 'secondary': None, 'wrist': None}, 'depth_obs_keys': {'primary': None, 'secondary': None, 'wrist': None}, 'state_obs_keys': ['state'], 'state_encoding': <StateEncoding.POS_EULER: 1>, 'action_encoding': <ActionEncoding.EEF_POS: 1>}  
{'image_obs_keys': {'primary': 'image', 'secondary': None, 'wrist': None}, 'depth_obs_keys': {'primary': None, 'secondary': None, 'wrist': None}, 'state_obs_keys': ['state'], 'state_encoding': <StateEncoding.POS_EULER: 1>, 'action_encoding': <ActionEncoding.EEF_POS: 1>}{'image_obs_keys': {'primary': 'image', 'secondary': None, 'wrist': None}, 'depth_obs_keys': {'primary': None, 'secondary': None, 'wrist': None}, 'state_obs_keys': ['state'], 'state_encoding': <StateEncoding.POS_EULER: 1>, 'action_encoding': <ActionEncoding.EEF_POS: 1>}
OXE_DATASET_CONFIGS 
OXE_DATASET_CONFIGS{'image_obs_keys': {'primary': 'image', 'secondary': None, 'wrist': None}, 'depth_obs_keys': {'primary': None, 'secondary': None, 'wrist': None}, 'state_obs_keys': ['state'], 'state_encoding': <StateEncoding.POS_EULER: 1>, 'action_encoding': <ActionEncoding.EEF_POS: 1>} 
OXE_DATASET_CONFIGS{'image_obs_keys': {'primary': 'image', 'secondary': None, 'wrist': None}, 'depth_obs_keys': {'primary': None, 'secondary': None, 'wrist': None}, 'state_obs_keys': ['state'], 'state_encoding': <StateEncoding.POS_EULER: 1>, 'action_encoding': <ActionEncoding.EEF_POS: 1>}OXE_DATASET_CONFIGS
  {'image_obs_keys': {'primary': 'image', 'secondary': None, 'wrist': None}, 'depth_obs_keys': {'primary': None, 'secondary': None, 'wrist': None}, 'state_obs_keys': ['state'], 'state_encoding': <StateEncoding.POS_EULER: 1>, 'action_encoding': <ActionEncoding.EEF_POS: 1>}OXE_DATASET_CONFIGS
 {'image_obs_keys': {'primary': 'image', 'secondary': None, 'wrist': None}, 'depth_obs_keys': {'primary': None, 'secondary': None, 'wrist': None}, 'state_obs_keys': ['state'], 'state_encoding': <StateEncoding.POS_EULER: 1>, 'action_encoding': <ActionEncoding.EEF_POS: 1>}{'image_obs_keys': {'primary': 'image', 'secondary': None, 'wrist': None}, 'depth_obs_keys': {'primary': None, 'secondary': None, 'wrist': None}, 'state_obs_keys': ['state'], 'state_encoding': <StateEncoding.POS_EULER: 1>, 'action_encoding': <ActionEncoding.EEF_POS: 1>}OXE_DATASET_CONFIGS
 
{'image_obs_keys': {'primary': 'image', 'secondary': None, 'wrist': None}, 'depth_obs_keys': {'primary': None, 'secondary': None, 'wrist': None}, 'state_obs_keys': ['state'], 'state_encoding': <StateEncoding.POS_EULER: 1>, 'action_encoding': <ActionEncoding.EEF_POS: 1>}OXE_DATASET_CONFIGS
 OXE_DATASET_CONFIGS{'image_obs_keys': {'primary': 'image', 'secondary': None, 'wrist': None}, 'depth_obs_keys': {'primary': None, 'secondary': None, 'wrist': None}, 'state_obs_keys': ['state'], 'state_encoding': <StateEncoding.POS_EULER: 1>, 'action_encoding': <ActionEncoding.EEF_POS: 1>}OXE_DATASET_CONFIGS
  {'image_obs_keys': {'primary': 'image', 'secondary': None, 'wrist': None}, 'depth_obs_keys': {'primary': None, 'secondary': None, 'wrist': None}, 'state_obs_keys': ['state'], 'state_encoding': <StateEncoding.POS_EULER: 1>, 'action_encoding': <ActionEncoding.EEF_POS: 1>}OXE_DATASET_CONFIGS
 {'image_obs_keys': {'primary': 'image', 'secondary': None, 'wrist': None}, 'depth_obs_keys': {'primary': None, 'secondary': None, 'wrist': None}, 'state_obs_keys': ['state'], 'state_encoding': <StateEncoding.POS_EULER: 1>, 'action_encoding': <ActionEncoding.EEF_POS: 1>}{'image_obs_keys': {'primary': 'image', 'secondary': None, 'wrist': None}, 'depth_obs_keys': {'primary': None, 'secondary': None, 'wrist': None}, 'state_obs_keys': ['state'], 'state_encoding': <StateEncoding.POS_EULER: 1>, 'action_encoding': <ActionEncoding.EEF_POS: 1>}OXE_DATASET_CONFIGS
 
{'image_obs_keys': {'primary': 'image', 'secondary': None, 'wrist': None}, 'depth_obs_keys': {'primary': None, 'secondary': None, 'wrist': None}, 'state_obs_keys': ['state'], 'state_encoding': <StateEncoding.POS_EULER: 1>, 'action_encoding': <ActionEncoding.EEF_POS: 1>}OXE_DATASET_CONFIGS
 OXE_DATASET_CONFIGS{'image_obs_keys': {'primary': 'image', 'secondary': None, 'wrist': None}, 'depth_obs_keys': {'primary': None, 'secondary': None, 'wrist': None}, 'state_obs_keys': ['state'], 'state_encoding': <StateEncoding.POS_EULER: 1>, 'action_encoding': <ActionEncoding.EEF_POS: 1>}OXE_DATASET_CONFIGS
  {'image_obs_keys': {'primary': 'image', 'secondary': None, 'wrist': None}, 'depth_obs_keys': {'primary': None, 'secondary': None, 'wrist': None}, 'state_obs_keys': ['state'], 'state_encoding': <StateEncoding.POS_EULER: 1>, 'action_encoding': <ActionEncoding.EEF_POS: 1>}OXE_DATASET_CONFIGS
 {'image_obs_keys': {'primary': 'image', 'secondary': None, 'wrist': None}, 'depth_obs_keys': {'primary': None, 'secondary': None, 'wrist': None}, 'state_obs_keys': ['state'], 'state_encoding': <StateEncoding.POS_EULER: 1>, 'action_encoding': <ActionEncoding.EEF_POS: 1>}{'image_obs_keys': {'primary': 'image', 'secondary': None, 'wrist': None}, 'depth_obs_keys': {'primary': None, 'secondary': None, 'wrist': None}, 'state_obs_keys': ['state'], 'state_encoding': <StateEncoding.POS_EULER: 1>, 'action_encoding': <ActionEncoding.EEF_POS: 1>}OXE_DATASET_CONFIGS

 OXE_DATASET_CONFIGS{'image_obs_keys': {'primary': 'image', 'secondary': None, 'wrist': None}, 'depth_obs_keys': {'primary': None, 'secondary': None, 'wrist': None}, 'state_obs_keys': ['state'], 'state_encoding': <StateEncoding.POS_EULER: 1>, 'action_encoding': <ActionEncoding.EEF_POS: 1>} 
OXE_DATASET_CONFIGS{'image_obs_keys': {'primary': 'image', 'secondary': None, 'wrist': None}, 'depth_obs_keys': {'primary': None, 'secondary': None, 'wrist': None}, 'state_obs_keys': ['state'], 'state_encoding': <StateEncoding.POS_EULER: 1>, 'action_encoding': <ActionEncoding.EEF_POS: 1>}OXE_DATASET_CONFIGS
  {'image_obs_keys': {'primary': 'image', 'secondary': None, 'wrist': None}, 'depth_obs_keys': {'primary': None, 'secondary': None, 'wrist': None}, 'state_obs_keys': ['state'], 'state_encoding': <StateEncoding.POS_EULER: 1>, 'action_encoding': <ActionEncoding.EEF_POS: 1>}OXE_DATASET_CONFIGS
 {'image_obs_keys': {'primary': 'image', 'secondary': None, 'wrist': None}, 'depth_obs_keys': {'primary': None, 'secondary': None, 'wrist': None}, 'state_obs_keys': ['state'], 'state_encoding': <StateEncoding.POS_EULER: 1>, 'action_encoding': <ActionEncoding.EEF_POS: 1>}{'image_obs_keys': {'primary': 'image', 'secondary': None, 'wrist': None}, 'depth_obs_keys': {'primary': None, 'secondary': None, 'wrist': None}, 'state_obs_keys': ['state'], 'state_encoding': <StateEncoding.POS_EULER: 1>, 'action_encoding': <ActionEncoding.EEF_POS: 1>}self.data_root_dir
 
dataOXE_DATASET_CONFIGS
 OXE_DATASET_CONFIGS{'image_obs_keys': {'primary': 'image', 'secondary': None, 'wrist': None}, 'depth_obs_keys': {'primary': None, 'secondary': None, 'wrist': None}, 'state_obs_keys': ['state'], 'state_encoding': <StateEncoding.POS_EULER: 1>, 'action_encoding': <ActionEncoding.EEF_POS: 1>}
 OXE_DATASET_CONFIGS {'image_obs_keys': {'primary': 'image', 'secondary': None, 'wrist': None}, 'depth_obs_keys': {'primary': None, 'secondary': None, 'wrist': None}, 'state_obs_keys': ['state'], 'state_encoding': <StateEncoding.POS_EULER: 1>, 'action_encoding': <ActionEncoding.EEF_POS: 1>}{'image_obs_keys': {'primary': 'image', 'secondary': None, 'wrist': None}, 'depth_obs_keys': {'primary': None, 'secondary': None, 'wrist': None}, 'state_obs_keys': ['state'], 'state_encoding': <StateEncoding.POS_EULER: 1>, 'action_encoding': <ActionEncoding.EEF_POS: 1>}
OXE_DATASET_CONFIGS
 {'image_obs_keys': {'primary': 'image', 'secondary': None, 'wrist': None}, 'depth_obs_keys': {'primary': None, 'secondary': None, 'wrist': None}, 'state_obs_keys': ['state'], 'state_encoding': <StateEncoding.POS_EULER: 1>, 'action_encoding': <ActionEncoding.EEF_POS: 1>}
OXE_DATASET_CONFIGSOXE_DATASET_CONFIGS {'image_obs_keys': {'primary': 'image', 'secondary': None, 'wrist': None}, 'depth_obs_keys': {'primary': None, 'secondary': None, 'wrist': None}, 'state_obs_keys': ['state'], 'state_encoding': <StateEncoding.POS_EULER: 1>, 'action_encoding': <ActionEncoding.EEF_POS: 1>} 
OXE_DATASET_CONFIGS{'image_obs_keys': {'primary': 'image', 'secondary': None, 'wrist': None}, 'depth_obs_keys': {'primary': None, 'secondary': None, 'wrist': None}, 'state_obs_keys': ['state'], 'state_encoding': <StateEncoding.POS_EULER: 1>, 'action_encoding': <ActionEncoding.EEF_POS: 1>} {'image_obs_keys': {'primary': 'image', 'secondary': None, 'wrist': None}, 'depth_obs_keys': {'primary': None, 'secondary': None, 'wrist': None}, 'state_obs_keys': ['state'], 'state_encoding': <StateEncoding.POS_EULER: 1>, 'action_encoding': <ActionEncoding.EEF_POS: 1>}

self.data_root_dir data
OXE_DATASET_CONFIGS {'image_obs_keys': {'primary': 'image', 'secondary': None, 'wrist': None}, 'depth_obs_keys': {'primary': None, 'secondary': None, 'wrist': None}, 'state_obs_keys': ['state'], 'state_encoding': <StateEncoding.POS_EULER: 1>, 'action_encoding': <ActionEncoding.EEF_POS: 1>}
OXE_DATASET_CONFIGS {'image_obs_keys': {'primary': 'image', 'secondary': None, 'wrist': None}, 'depth_obs_keys': {'primary': None, 'secondary': None, 'wrist': None}, 'state_obs_keys': ['state'], 'state_encoding': <StateEncoding.POS_EULER: 1>, 'action_encoding': <ActionEncoding.EEF_POS: 1>}
OXE_DATASET_CONFIGS {'image_obs_keys': {'primary': 'image', 'secondary': None, 'wrist': None}, 'depth_obs_keys': {'primary': None, 'secondary': None, 'wrist': None}, 'state_obs_keys': ['state'], 'state_encoding': <StateEncoding.POS_EULER: 1>, 'action_encoding': <ActionEncoding.EEF_POS: 1>}
OXE_DATASET_CONFIGS {'image_obs_keys': {'primary': 'image', 'secondary': None, 'wrist': None}, 'depth_obs_keys': {'primary': None, 'secondary': None, 'wrist': None}, 'state_obs_keys': ['state'], 'state_encoding': <StateEncoding.POS_EULER: 1>, 'action_encoding': <ActionEncoding.EEF_POS: 1>}
OXE_DATASET_CONFIGS {'image_obs_keys': {'primary': 'image', 'secondary': None, 'wrist': None}, 'depth_obs_keys': {'primary': None, 'secondary': None, 'wrist': None}, 'state_obs_keys': ['state'], 'state_encoding': <StateEncoding.POS_EULER: 1>, 'action_encoding': <ActionEncoding.EEF_POS: 1>}
OXE_DATASET_CONFIGS {'image_obs_keys': {'primary': 'image', 'secondary': None, 'wrist': None}, 'depth_obs_keys': {'primary': None, 'secondary': None, 'wrist': None}, 'state_obs_keys': ['state'], 'state_encoding': <StateEncoding.POS_EULER: 1>, 'action_encoding': <ActionEncoding.EEF_POS: 1>}
OXE_DATASET_CONFIGS {'image_obs_keys': {'primary': 'image', 'secondary': None, 'wrist': None}, 'depth_obs_keys': {'primary': None, 'secondary': None, 'wrist': None}, 'state_obs_keys': ['state'], 'state_encoding': <StateEncoding.POS_EULER: 1>, 'action_encoding': <ActionEncoding.EEF_POS: 1>}
OXE_DATASET_CONFIGS {'image_obs_keys': {'primary': 'image', 'secondary': None, 'wrist': None}, 'depth_obs_keys': {'primary': None, 'secondary': None, 'wrist': None}, 'state_obs_keys': ['state'], 'state_encoding': <StateEncoding.POS_EULER: 1>, 'action_encoding': <ActionEncoding.EEF_POS: 1>}
OXE_DATASET_CONFIGS {'image_obs_keys': {'primary': 'image', 'secondary': None, 'wrist': None}, 'depth_obs_keys': {'primary': None, 'secondary': None, 'wrist': None}, 'state_obs_keys': ['state'], 'state_encoding': <StateEncoding.POS_EULER: 1>, 'action_encoding': <ActionEncoding.EEF_POS: 1>}
OXE_DATASET_CONFIGS {'image_obs_keys': {'primary': 'image', 'secondary': None, 'wrist': None}, 'depth_obs_keys': {'primary': None, 'secondary': None, 'wrist': None}, 'state_obs_keys': ['state'], 'state_encoding': <StateEncoding.POS_EULER: 1>, 'action_encoding': <ActionEncoding.EEF_POS: 1>}
OXE_DATASET_CONFIGS {'image_obs_keys': {'primary': 'image', 'secondary': None, 'wrist': None}, 'depth_obs_keys': {'primary': None, 'secondary': None, 'wrist': None}, 'state_obs_keys': ['state'], 'state_encoding': <StateEncoding.POS_EULER: 1>, 'action_encoding': <ActionEncoding.EEF_POS: 1>}
OXE_DATASET_CONFIGS {'image_obs_keys': {'primary': 'image', 'secondary': None, 'wrist': None}, 'depth_obs_keys': {'primary': None, 'secondary': None, 'wrist': None}, 'state_obs_keys': ['state'], 'state_encoding': <StateEncoding.POS_EULER: 1>, 'action_encoding': <ActionEncoding.EEF_POS: 1>}
OXE_DATASET_CONFIGS {'image_obs_keys': {'primary': 'image', 'secondary': None, 'wrist': None}, 'depth_obs_keys': {'primary': None, 'secondary': None, 'wrist': None}, 'state_obs_keys': ['state'], 'state_encoding': <StateEncoding.POS_EULER: 1>, 'action_encoding': <ActionEncoding.EEF_POS: 1>}
OXE_DATASET_CONFIGS {'image_obs_keys': {'primary': 'image', 'secondary': None, 'wrist': None}, 'depth_obs_keys': {'primary': None, 'secondary': None, 'wrist': None}, 'state_obs_keys': ['state'], 'state_encoding': <StateEncoding.POS_EULER: 1>, 'action_encoding': <ActionEncoding.EEF_POS: 1>}
OXE_DATASET_CONFIGS {'image_obs_keys': {'primary': 'image', 'secondary': None, 'wrist': None}, 'depth_obs_keys': {'primary': None, 'secondary': None, 'wrist': None}, 'state_obs_keys': ['state'], 'state_encoding': <StateEncoding.POS_EULER: 1>, 'action_encoding': <ActionEncoding.EEF_POS: 1>}
OXE_DATASET_CONFIGS {'image_obs_keys': {'primary': 'image', 'secondary': None, 'wrist': None}, 'depth_obs_keys': {'primary': None, 'secondary': None, 'wrist': None}, 'state_obs_keys': ['state'], 'state_encoding': <StateEncoding.POS_EULER: 1>, 'action_encoding': <ActionEncoding.EEF_POS: 1>}
OXE_DATASET_CONFIGS {'image_obs_keys': {'primary': 'image', 'secondary': None, 'wrist': None}, 'depth_obs_keys': {'primary': None, 'secondary': None, 'wrist': None}, 'state_obs_keys': ['state'], 'state_encoding': <StateEncoding.POS_EULER: 1>, 'action_encoding': <ActionEncoding.EEF_POS: 1>}
OXE_DATASET_CONFIGS {'image_obs_keys': {'primary': 'image', 'secondary': None, 'wrist': None}, 'depth_obs_keys': {'primary': None, 'secondary': None, 'wrist': None}, 'state_obs_keys': ['state'], 'state_encoding': <StateEncoding.POS_EULER: 1>, 'action_encoding': <ActionEncoding.EEF_POS: 1>}
OXE_DATASET_CONFIGS {'image_obs_keys': {'primary': 'image', 'secondary': None, 'wrist': None}, 'depth_obs_keys': {'primary': None, 'secondary': None, 'wrist': None}, 'state_obs_keys': ['state'], 'state_encoding': <StateEncoding.POS_EULER: 1>, 'action_encoding': <ActionEncoding.EEF_POS: 1>}
OXE_DATASET_CONFIGS {'image_obs_keys': {'primary': 'image', 'secondary': None, 'wrist': None}, 'depth_obs_keys': {'primary': None, 'secondary': None, 'wrist': None}, 'state_obs_keys': ['state'], 'state_encoding': <StateEncoding.POS_EULER: 1>, 'action_encoding': <ActionEncoding.EEF_POS: 1>}
OXE_DATASET_CONFIGS {'image_obs_keys': {'primary': 'image', 'secondary': None, 'wrist': None}, 'depth_obs_keys': {'primary': None, 'secondary': None, 'wrist': None}, 'state_obs_keys': ['state'], 'state_encoding': <StateEncoding.POS_EULER: 1>, 'action_encoding': <ActionEncoding.EEF_POS: 1>}
OXE_DATASET_CONFIGS {'image_obs_keys': {'primary': 'image', 'secondary': None, 'wrist': None}, 'depth_obs_keys': {'primary': None, 'secondary': None, 'wrist': None}, 'state_obs_keys': ['state'], 'state_encoding': <StateEncoding.POS_EULER: 1>, 'action_encoding': <ActionEncoding.EEF_POS: 1>}
OXE_DATASET_CONFIGS {'image_obs_keys': {'primary': 'image', 'secondary': None, 'wrist': None}, 'depth_obs_keys': {'primary': None, 'secondary': None, 'wrist': None}, 'state_obs_keys': ['state'], 'state_encoding': <StateEncoding.POS_EULER: 1>, 'action_encoding': <ActionEncoding.EEF_POS: 1>}
OXE_DATASET_CONFIGS {'image_obs_keys': {'primary': 'image', 'secondary': None, 'wrist': None}, 'depth_obs_keys': {'primary': None, 'secondary': None, 'wrist': None}, 'state_obs_keys': ['state'], 'state_encoding': <StateEncoding.POS_EULER: 1>, 'action_encoding': <ActionEncoding.EEF_POS: 1>}
self.data_root_dir data
2025-06-25 23:32:17.867876: I tensorflow/core/grappler/optimizers/data/replicate_on_split.cc:32] Running replicate on split optimization
2025-06-25 23:32:17.869822: I tensorflow/core/grappler/optimizers/data/replicate_on_split.cc:32] Running replicate on split optimization
2025-06-25 23:32:17.871282: I tensorflow/core/grappler/optimizers/data/replicate_on_split.cc:32] Running replicate on split optimization
2025-06-25 23:32:17.878282: I tensorflow/core/grappler/optimizers/data/replicate_on_split.cc:32] Running replicate on split optimization
06/25 [23:32:17] INFO     | >> [*] Loading existing dataset    data_utils.py:208
                          statistics from                                       
                          data/mikasa_robo_tfds/ShellGameTouch                  
                          -v0/1.0.0/dataset_statistics_3c0ebe6                  
                          7131435bb4cf51e096df6b15aa5c36691229                  
                          c65e2c6fcdda7bfb55e65.json.                           
2025-06-25 23:32:17.969713: I tensorflow/core/grappler/optimizers/data/replicate_on_split.cc:32] Running replicate on split optimization
2025-06-25 23:32:17.973678: I tensorflow/core/grappler/optimizers/data/replicate_on_split.cc:32] Running replicate on split optimization
2025-06-25 23:32:17.975369: I tensorflow/core/grappler/optimizers/data/replicate_on_split.cc:32] Running replicate on split optimization
2025-06-25 23:32:17.984085: I tensorflow/core/grappler/optimizers/data/replicate_on_split.cc:32] Running replicate on split optimization
2025-06-25 23:32:18.096722: I tensorflow/core/grappler/optimizers/data/replicate_on_split.cc:32] Running replicate on split optimization
2025-06-25 23:32:18.101532: I tensorflow/core/grappler/optimizers/data/replicate_on_split.cc:32] Running replicate on split optimization
2025-06-25 23:32:18.106967: I tensorflow/core/grappler/optimizers/data/replicate_on_split.cc:32] Running replicate on split optimization
2025-06-25 23:32:18.114198: I tensorflow/core/grappler/optimizers/data/replicate_on_split.cc:32] Running replicate on split optimization
06/25 [23:32:18] INFO     | >> [*] Loading existing dataset    data_utils.py:208
                          statistics from                                       
                          data/mikasa_robo_tfds/ShellGamePush-                  
                          v0/1.0.0/dataset_statistics_ebeabc91                  
                          85a58bf136b809c2ca35554cee8bc02c0a99                  
                          9562a5c380ce1b3337cb.json.                            
2025-06-25 23:32:18.198231: I tensorflow/core/grappler/optimizers/data/replicate_on_split.cc:32] Running replicate on split optimization
2025-06-25 23:32:18.203923: I tensorflow/core/grappler/optimizers/data/replicate_on_split.cc:32] Running replicate on split optimization
2025-06-25 23:32:18.212192: I tensorflow/core/grappler/optimizers/data/replicate_on_split.cc:32] Running replicate on split optimization
2025-06-25 23:32:18.221470: I tensorflow/core/grappler/optimizers/data/replicate_on_split.cc:32] Running replicate on split optimization
2025-06-25 23:32:18.325420: I tensorflow/core/grappler/optimizers/data/replicate_on_split.cc:32] Running replicate on split optimization
2025-06-25 23:32:18.332400: I tensorflow/core/grappler/optimizers/data/replicate_on_split.cc:32] Running replicate on split optimization
2025-06-25 23:32:18.345677: I tensorflow/core/grappler/optimizers/data/replicate_on_split.cc:32] Running replicate on split optimization
2025-06-25 23:32:18.353948: I tensorflow/core/grappler/optimizers/data/replicate_on_split.cc:32] Running replicate on split optimization
                 INFO     | >> [*] Loading existing dataset    data_utils.py:208
                          statistics from                                       
                          data/mikasa_robo_tfds/ShellGamePick-                  
                          v0/1.0.0/dataset_statistics_323e3894                  
                          299c56de3b6832b6c4c63f93f0a7ba133793                  
                          d7c2f4b55bfd30bf5d5e.json.                            
2025-06-25 23:32:18.427072: I tensorflow/core/grappler/optimizers/data/replicate_on_split.cc:32] Running replicate on split optimization
2025-06-25 23:32:18.434974: I tensorflow/core/grappler/optimizers/data/replicate_on_split.cc:32] Running replicate on split optimization
2025-06-25 23:32:18.451142: I tensorflow/core/grappler/optimizers/data/replicate_on_split.cc:32] Running replicate on split optimization
2025-06-25 23:32:18.461239: I tensorflow/core/grappler/optimizers/data/replicate_on_split.cc:32] Running replicate on split optimization
2025-06-25 23:32:18.554462: I tensorflow/core/grappler/optimizers/data/replicate_on_split.cc:32] Running replicate on split optimization
2025-06-25 23:32:18.564180: I tensorflow/core/grappler/optimizers/data/replicate_on_split.cc:32] Running replicate on split optimization
2025-06-25 23:32:18.586143: I tensorflow/core/grappler/optimizers/data/replicate_on_split.cc:32] Running replicate on split optimization
2025-06-25 23:32:18.594111: I tensorflow/core/grappler/optimizers/data/replicate_on_split.cc:32] Running replicate on split optimization
2025-06-25 23:32:18.656152: I tensorflow/core/grappler/optimizers/data/replicate_on_split.cc:32] Running replicate on split optimization
                 INFO     | >> [*] Loading existing dataset    data_utils.py:208
                          statistics from                                       
                          data/mikasa_robo_tfds/InterceptSlow-                  
                          v0/1.0.0/dataset_statistics_70ea4ca9                  
                          86a7985fa990279f3a3866b5f6b487b971d1                  
                          6ec79c36cf54d2764704.json.                            
2025-06-25 23:32:18.666832: I tensorflow/core/grappler/optimizers/data/replicate_on_split.cc:32] Running replicate on split optimization
2025-06-25 23:32:18.692100: I tensorflow/core/grappler/optimizers/data/replicate_on_split.cc:32] Running replicate on split optimization
2025-06-25 23:32:18.702013: I tensorflow/core/grappler/optimizers/data/replicate_on_split.cc:32] Running replicate on split optimization
2025-06-25 23:32:18.784381: I tensorflow/core/grappler/optimizers/data/replicate_on_split.cc:32] Running replicate on split optimization
2025-06-25 23:32:18.796426: I tensorflow/core/grappler/optimizers/data/replicate_on_split.cc:32] Running replicate on split optimization
2025-06-25 23:32:18.826606: I tensorflow/core/grappler/optimizers/data/replicate_on_split.cc:32] Running replicate on split optimization
2025-06-25 23:32:18.835640: I tensorflow/core/grappler/optimizers/data/replicate_on_split.cc:32] Running replicate on split optimization
2025-06-25 23:32:18.885913: I tensorflow/core/grappler/optimizers/data/replicate_on_split.cc:32] Running replicate on split optimization
2025-06-25 23:32:18.898922: I tensorflow/core/grappler/optimizers/data/replicate_on_split.cc:32] Running replicate on split optimization
                 INFO     | >> [*] Loading existing dataset    data_utils.py:208
                          statistics from                                       
                          data/mikasa_robo_tfds/InterceptMediu                  
                          m-v0/1.0.0/dataset_statistics_e7294f                  
                          470ffac7244cb9d5ab7671850566555b5556                  
                          c8bc2e0c71ebd58b1909f0.json.                          
2025-06-25 23:32:18.932265: I tensorflow/core/grappler/optimizers/data/replicate_on_split.cc:32] Running replicate on split optimization
2025-06-25 23:32:18.942229: I tensorflow/core/grappler/optimizers/data/replicate_on_split.cc:32] Running replicate on split optimization
2025-06-25 23:32:19.013695: I tensorflow/core/grappler/optimizers/data/replicate_on_split.cc:32] Running replicate on split optimization
2025-06-25 23:32:19.027741: I tensorflow/core/grappler/optimizers/data/replicate_on_split.cc:32] Running replicate on split optimization
2025-06-25 23:32:19.066801: I tensorflow/core/grappler/optimizers/data/replicate_on_split.cc:32] Running replicate on split optimization
2025-06-25 23:32:19.076765: I tensorflow/core/grappler/optimizers/data/replicate_on_split.cc:32] Running replicate on split optimization
2025-06-25 23:32:19.115256: I tensorflow/core/grappler/optimizers/data/replicate_on_split.cc:32] Running replicate on split optimization
2025-06-25 23:32:19.130064: I tensorflow/core/grappler/optimizers/data/replicate_on_split.cc:32] Running replicate on split optimization
06/25 [23:32:19] INFO     | >> [*] Loading existing dataset    data_utils.py:208
                          statistics from                                       
                          data/mikasa_robo_tfds/InterceptFast-                  
                          v0/1.0.0/dataset_statistics_c2cd242a                  
                          752791cbf089c3bfca810c1437635b53a206                  
                          20345af5e94c84bec511.json.                            
2025-06-25 23:32:19.172393: I tensorflow/core/grappler/optimizers/data/replicate_on_split.cc:32] Running replicate on split optimization
2025-06-25 23:32:19.183778: I tensorflow/core/grappler/optimizers/data/replicate_on_split.cc:32] Running replicate on split optimization
2025-06-25 23:32:19.243482: I tensorflow/core/grappler/optimizers/data/replicate_on_split.cc:32] Running replicate on split optimization
2025-06-25 23:32:19.259008: I tensorflow/core/grappler/optimizers/data/replicate_on_split.cc:32] Running replicate on split optimization
2025-06-25 23:32:19.307291: I tensorflow/core/grappler/optimizers/data/replicate_on_split.cc:32] Running replicate on split optimization
2025-06-25 23:32:19.318776: I tensorflow/core/grappler/optimizers/data/replicate_on_split.cc:32] Running replicate on split optimization
2025-06-25 23:32:19.345417: I tensorflow/core/grappler/optimizers/data/replicate_on_split.cc:32] Running replicate on split optimization
2025-06-25 23:32:19.361765: I tensorflow/core/grappler/optimizers/data/replicate_on_split.cc:32] Running replicate on split optimization
                 INFO     | >> [*] Loading existing dataset    data_utils.py:208
                          statistics from                                       
                          data/mikasa_robo_tfds/InterceptGrabS                  
                          low-v0/1.0.0/dataset_statistics_3d49                  
                          3d542172a93ec1f5b36fd174d607f4a605c2                  
                          21d972721b3b671e04435114.json.                        
2025-06-25 23:32:19.413084: I tensorflow/core/grappler/optimizers/data/replicate_on_split.cc:32] Running replicate on split optimization
2025-06-25 23:32:19.425920: I tensorflow/core/grappler/optimizers/data/replicate_on_split.cc:32] Running replicate on split optimization
2025-06-25 23:32:19.474361: I tensorflow/core/grappler/optimizers/data/replicate_on_split.cc:32] Running replicate on split optimization
2025-06-25 23:32:19.491555: I tensorflow/core/grappler/optimizers/data/replicate_on_split.cc:32] Running replicate on split optimization
2025-06-25 23:32:19.549035: I tensorflow/core/grappler/optimizers/data/replicate_on_split.cc:32] Running replicate on split optimization
2025-06-25 23:32:19.559607: I tensorflow/core/grappler/optimizers/data/replicate_on_split.cc:32] Running replicate on split optimization
2025-06-25 23:32:19.576497: I tensorflow/core/grappler/optimizers/data/replicate_on_split.cc:32] Running replicate on split optimization
2025-06-25 23:32:19.594765: I tensorflow/core/grappler/optimizers/data/replicate_on_split.cc:32] Running replicate on split optimization
                 INFO     | >> [*] Loading existing dataset    data_utils.py:208
                          statistics from                                       
                          data/mikasa_robo_tfds/InterceptGrabM                  
                          edium-v0/1.0.0/dataset_statistics_dc                  
                          4e9bf5c47b5898c5594d33567d8444510fea                  
                          9f7e32b5e9bb7c7d3c87dc778e.json.                      
2025-06-25 23:32:19.655004: I tensorflow/core/grappler/optimizers/data/replicate_on_split.cc:32] Running replicate on split optimization
2025-06-25 23:32:19.666506: I tensorflow/core/grappler/optimizers/data/replicate_on_split.cc:32] Running replicate on split optimization
2025-06-25 23:32:19.705021: I tensorflow/core/grappler/optimizers/data/replicate_on_split.cc:32] Running replicate on split optimization
2025-06-25 23:32:19.724715: I tensorflow/core/grappler/optimizers/data/replicate_on_split.cc:32] Running replicate on split optimization
2025-06-25 23:32:19.788458: I tensorflow/core/grappler/optimizers/data/replicate_on_split.cc:32] Running replicate on split optimization
2025-06-25 23:32:19.801329: I tensorflow/core/grappler/optimizers/data/replicate_on_split.cc:32] Running replicate on split optimization
2025-06-25 23:32:19.807585: I tensorflow/core/grappler/optimizers/data/replicate_on_split.cc:32] Running replicate on split optimization
2025-06-25 23:32:19.827610: I tensorflow/core/grappler/optimizers/data/replicate_on_split.cc:32] Running replicate on split optimization
                 INFO     | >> [*] Loading existing dataset    data_utils.py:208
                          statistics from                                       
                          data/mikasa_robo_tfds/InterceptGrabF                  
                          ast-v0/1.0.0/dataset_statistics_9b9b                  
                          2e458c74cc0f4d24a59373b2c27b4264723b                  
                          582cbbcf23cde20d5b27735e.json.                        
2025-06-25 23:32:19.896604: I tensorflow/core/grappler/optimizers/data/replicate_on_split.cc:32] Running replicate on split optimization
2025-06-25 23:32:19.909151: I tensorflow/core/grappler/optimizers/data/replicate_on_split.cc:32] Running replicate on split optimization
2025-06-25 23:32:19.934756: I tensorflow/core/grappler/optimizers/data/replicate_on_split.cc:32] Running replicate on split optimization
2025-06-25 23:32:19.955562: I tensorflow/core/grappler/optimizers/data/replicate_on_split.cc:32] Running replicate on split optimization
2025-06-25 23:32:20.030355: I tensorflow/core/grappler/optimizers/data/replicate_on_split.cc:32] Running replicate on split optimization
2025-06-25 23:32:20.039021: I tensorflow/core/grappler/optimizers/data/replicate_on_split.cc:32] Running replicate on split optimization
2025-06-25 23:32:20.045674: I tensorflow/core/grappler/optimizers/data/replicate_on_split.cc:32] Running replicate on split optimization
2025-06-25 23:32:20.060537: I tensorflow/core/grappler/optimizers/data/replicate_on_split.cc:32] Running replicate on split optimization
06/25 [23:32:20] INFO     | >> [*] Loading existing dataset    data_utils.py:208
                          statistics from                                       
                          data/mikasa_robo_tfds/RotateLenientP                  
                          os-v0/1.0.0/dataset_statistics_8d9cb                  
                          f02dabfedd546b2ca7c3c33c0bb8271f71d7                  
                          25200d9ff19edc27b666d77.json.                         
2025-06-25 23:32:20.138292: I tensorflow/core/grappler/optimizers/data/replicate_on_split.cc:32] Running replicate on split optimization
2025-06-25 23:32:20.153614: I tensorflow/core/grappler/optimizers/data/replicate_on_split.cc:32] Running replicate on split optimization
2025-06-25 23:32:20.166359: I tensorflow/core/grappler/optimizers/data/replicate_on_split.cc:32] Running replicate on split optimization
2025-06-25 23:32:20.189118: I tensorflow/core/grappler/optimizers/data/replicate_on_split.cc:32] Running replicate on split optimization
2025-06-25 23:32:20.270236: I tensorflow/core/grappler/optimizers/data/replicate_on_split.cc:32] Running replicate on split optimization
2025-06-25 23:32:20.271769: I tensorflow/core/grappler/optimizers/data/replicate_on_split.cc:32] Running replicate on split optimization
2025-06-25 23:32:20.291155: I tensorflow/core/grappler/optimizers/data/replicate_on_split.cc:32] Running replicate on split optimization
2025-06-25 23:32:20.293209: I tensorflow/core/grappler/optimizers/data/replicate_on_split.cc:32] Running replicate on split optimization
                 INFO     | >> [*] Loading existing dataset    data_utils.py:208
                          statistics from                                       
                          data/mikasa_robo_tfds/RotateLenientP                  
                          osNeg-v0/1.0.0/dataset_statistics_76                  
                          a92233366940aa9e857937e6725e326d3fb7                  
                          908a5d787853ecb16635d02d2f.json.                      
2025-06-25 23:32:20.379316: I tensorflow/core/grappler/optimizers/data/replicate_on_split.cc:32] Running replicate on split optimization
2025-06-25 23:32:20.397916: I tensorflow/core/grappler/optimizers/data/replicate_on_split.cc:32] Running replicate on split optimization
2025-06-25 23:32:20.400350: I tensorflow/core/grappler/optimizers/data/replicate_on_split.cc:32] Running replicate on split optimization
2025-06-25 23:32:20.421924: I tensorflow/core/grappler/optimizers/data/replicate_on_split.cc:32] Running replicate on split optimization
2025-06-25 23:32:20.501184: I tensorflow/core/grappler/optimizers/data/replicate_on_split.cc:32] Running replicate on split optimization
2025-06-25 23:32:20.513014: I tensorflow/core/grappler/optimizers/data/replicate_on_split.cc:32] Running replicate on split optimization
2025-06-25 23:32:20.526176: I tensorflow/core/grappler/optimizers/data/replicate_on_split.cc:32] Running replicate on split optimization
2025-06-25 23:32:20.535473: I tensorflow/core/grappler/optimizers/data/replicate_on_split.cc:32] Running replicate on split optimization
                 INFO     | >> [*] Loading existing dataset    data_utils.py:208
                          statistics from                                       
                          data/mikasa_robo_tfds/RotateStrictPo                  
                          s-v0/1.0.0/dataset_statistics_e4dc73                  
                          c1406d3424c5607d5f176c7216d42babcf0e                  
                          bb14a3f90dd5b8d69cf184.json.                          
2025-06-25 23:32:20.620033: I tensorflow/core/grappler/optimizers/data/replicate_on_split.cc:32] Running replicate on split optimization
2025-06-25 23:32:20.628561: I tensorflow/core/grappler/optimizers/data/replicate_on_split.cc:32] Running replicate on split optimization
2025-06-25 23:32:20.646680: I tensorflow/core/grappler/optimizers/data/replicate_on_split.cc:32] Running replicate on split optimization
2025-06-25 23:32:20.654486: I tensorflow/core/grappler/optimizers/data/replicate_on_split.cc:32] Running replicate on split optimization
2025-06-25 23:32:20.731144: I tensorflow/core/grappler/optimizers/data/replicate_on_split.cc:32] Running replicate on split optimization
2025-06-25 23:32:20.753346: I tensorflow/core/grappler/optimizers/data/replicate_on_split.cc:32] Running replicate on split optimization
2025-06-25 23:32:20.758556: I tensorflow/core/grappler/optimizers/data/replicate_on_split.cc:32] Running replicate on split optimization
2025-06-25 23:32:20.781429: I tensorflow/core/grappler/optimizers/data/replicate_on_split.cc:32] Running replicate on split optimization
                 INFO     | >> [*] Loading existing dataset    data_utils.py:208
                          statistics from                                       
                          data/mikasa_robo_tfds/RotateStrictPo                  
                          sNeg-v0/1.0.0/dataset_statistics_8cb                  
                          b0925a8179d321ffcdc4358308850f2edaf0                  
                          f6eb7d44d307e2092b21081d7.json.                       
2025-06-25 23:32:20.858496: I tensorflow/core/grappler/optimizers/data/replicate_on_split.cc:32] Running replicate on split optimization
2025-06-25 23:32:20.860205: I tensorflow/core/grappler/optimizers/data/replicate_on_split.cc:32] Running replicate on split optimization
2025-06-25 23:32:20.887719: I tensorflow/core/grappler/optimizers/data/replicate_on_split.cc:32] Running replicate on split optimization
2025-06-25 23:32:20.891290: I tensorflow/core/grappler/optimizers/data/replicate_on_split.cc:32] Running replicate on split optimization
2025-06-25 23:32:20.961556: I tensorflow/core/grappler/optimizers/data/replicate_on_split.cc:32] Running replicate on split optimization
2025-06-25 23:32:20.991669: I tensorflow/core/grappler/optimizers/data/replicate_on_split.cc:32] Running replicate on split optimization
2025-06-25 23:32:20.992833: I tensorflow/core/grappler/optimizers/data/replicate_on_split.cc:32] Running replicate on split optimization
2025-06-25 23:32:21.025476: I tensorflow/core/grappler/optimizers/data/replicate_on_split.cc:32] Running replicate on split optimization
2025-06-25 23:32:21.086496: I tensorflow/core/grappler/optimizers/data/replicate_on_split.cc:32] Running replicate on split optimization
06/25 [23:32:21] INFO     | >> [*] Loading existing dataset    data_utils.py:208
                          statistics from                                       
                          data/mikasa_robo_tfds/TakeItBack-v0/                  
                          1.0.0/dataset_statistics_ce0b03fe5e2                  
                          a3f7db020adf62582184b8178e580896418e                  
                          00895e808bcc06bca.json.                               
2025-06-25 23:32:21.099120: I tensorflow/core/grappler/optimizers/data/replicate_on_split.cc:32] Running replicate on split optimization
2025-06-25 23:32:21.118980: I tensorflow/core/grappler/optimizers/data/replicate_on_split.cc:32] Running replicate on split optimization
2025-06-25 23:32:21.134770: I tensorflow/core/grappler/optimizers/data/replicate_on_split.cc:32] Running replicate on split optimization
2025-06-25 23:32:21.185888: I tensorflow/core/grappler/optimizers/data/replicate_on_split.cc:32] Running replicate on split optimization
2025-06-25 23:32:21.219429: I tensorflow/core/grappler/optimizers/data/replicate_on_split.cc:32] Running replicate on split optimization
2025-06-25 23:32:21.231434: I tensorflow/core/grappler/optimizers/data/replicate_on_split.cc:32] Running replicate on split optimization
2025-06-25 23:32:21.267841: I tensorflow/core/grappler/optimizers/data/replicate_on_split.cc:32] Running replicate on split optimization
2025-06-25 23:32:21.315387: I tensorflow/core/grappler/optimizers/data/replicate_on_split.cc:32] Running replicate on split optimization
2025-06-25 23:32:21.334688: I tensorflow/core/grappler/optimizers/data/replicate_on_split.cc:32] Running replicate on split optimization
                 INFO     | >> [*] Loading existing dataset    data_utils.py:208
                          statistics from                                       
                          data/mikasa_robo_tfds/RememberColor3                  
                          -v0/1.0.0/dataset_statistics_7f1eb27                  
                          28b9bad5a5c6c850f4b13412a94c941dfdc7                  
                          29fced2afdd5c7226b9fe.json.                           
2025-06-25 23:32:21.353689: I tensorflow/core/grappler/optimizers/data/replicate_on_split.cc:32] Running replicate on split optimization
2025-06-25 23:32:21.374176: I tensorflow/core/grappler/optimizers/data/replicate_on_split.cc:32] Running replicate on split optimization
2025-06-25 23:32:21.417287: I tensorflow/core/grappler/optimizers/data/replicate_on_split.cc:32] Running replicate on split optimization
2025-06-25 23:32:21.456349: I tensorflow/core/grappler/optimizers/data/replicate_on_split.cc:32] Running replicate on split optimization
2025-06-25 23:32:21.475214: I tensorflow/core/grappler/optimizers/data/replicate_on_split.cc:32] Running replicate on split optimization
2025-06-25 23:32:21.515590: I tensorflow/core/grappler/optimizers/data/replicate_on_split.cc:32] Running replicate on split optimization
2025-06-25 23:32:21.542848: I tensorflow/core/grappler/optimizers/data/replicate_on_split.cc:32] Running replicate on split optimization
2025-06-25 23:32:21.580723: I tensorflow/core/grappler/optimizers/data/replicate_on_split.cc:32] Running replicate on split optimization
2025-06-25 23:32:21.583535: I tensorflow/core/grappler/optimizers/data/replicate_on_split.cc:32] Running replicate on split optimization
                 INFO     | >> [*] Loading existing dataset    data_utils.py:208
                          statistics from                                       
                          data/mikasa_robo_tfds/RememberColor5                  
                          -v0/1.0.0/dataset_statistics_2ecc443                  
                          1459657d2f45be1de16d90556dd5411df87a                  
                          a94a2f5d9ccfd8056b253.json.                           
2025-06-25 23:32:21.623622: I tensorflow/core/grappler/optimizers/data/replicate_on_split.cc:32] Running replicate on split optimization
2025-06-25 23:32:21.642330: I tensorflow/core/grappler/optimizers/data/replicate_on_split.cc:32] Running replicate on split optimization
2025-06-25 23:32:21.683999: I tensorflow/core/grappler/optimizers/data/replicate_on_split.cc:32] Running replicate on split optimization
2025-06-25 23:32:21.712736: I tensorflow/core/grappler/optimizers/data/replicate_on_split.cc:32] Running replicate on split optimization
2025-06-25 23:32:21.756029: I tensorflow/core/grappler/optimizers/data/replicate_on_split.cc:32] Running replicate on split optimization
2025-06-25 23:32:21.769208: I tensorflow/core/grappler/optimizers/data/replicate_on_split.cc:32] Running replicate on split optimization
2025-06-25 23:32:21.812295: I tensorflow/core/grappler/optimizers/data/replicate_on_split.cc:32] Running replicate on split optimization
2025-06-25 23:32:21.816419: I tensorflow/core/grappler/optimizers/data/replicate_on_split.cc:32] Running replicate on split optimization
                 INFO     | >> [*] Loading existing dataset    data_utils.py:208
                          statistics from                                       
                          data/mikasa_robo_tfds/RememberColor9                  
                          -v0/1.0.0/dataset_statistics_824940f                  
                          4cffc722412bd496cf77f425735c3e3645d9                  
                          2b155a0ce39de2ea24180.json.                           
2025-06-25 23:32:21.860670: I tensorflow/core/grappler/optimizers/data/replicate_on_split.cc:32] Running replicate on split optimization
2025-06-25 23:32:21.870720: I tensorflow/core/grappler/optimizers/data/replicate_on_split.cc:32] Running replicate on split optimization
2025-06-25 23:32:21.915748: I tensorflow/core/grappler/optimizers/data/replicate_on_split.cc:32] Running replicate on split optimization
2025-06-25 23:32:21.949121: I tensorflow/core/grappler/optimizers/data/replicate_on_split.cc:32] Running replicate on split optimization
2025-06-25 23:32:21.994002: I tensorflow/core/grappler/optimizers/data/replicate_on_split.cc:32] Running replicate on split optimization
2025-06-25 23:32:21.997938: I tensorflow/core/grappler/optimizers/data/replicate_on_split.cc:32] Running replicate on split optimization
2025-06-25 23:32:22.045413: I tensorflow/core/grappler/optimizers/data/replicate_on_split.cc:32] Running replicate on split optimization
2025-06-25 23:32:22.054842: I tensorflow/core/grappler/optimizers/data/replicate_on_split.cc:32] Running replicate on split optimization
06/25 [23:32:22] INFO     | >> [*] Loading existing dataset    data_utils.py:208
                          statistics from                                       
                          data/mikasa_robo_tfds/RememberShape3                  
                          -v0/1.0.0/dataset_statistics_792f49e                  
                          0ddf1ba95f25d8d134cfe9e0d10f93d0bf9a                  
                          6aefe3abd04ec609136e5.json.                           
2025-06-25 23:32:22.099958: I tensorflow/core/grappler/optimizers/data/replicate_on_split.cc:32] Running replicate on split optimization
2025-06-25 23:32:22.100751: I tensorflow/core/grappler/optimizers/data/replicate_on_split.cc:32] Running replicate on split optimization
2025-06-25 23:32:22.148892: I tensorflow/core/grappler/optimizers/data/replicate_on_split.cc:32] Running replicate on split optimization
2025-06-25 23:32:22.191058: I tensorflow/core/grappler/optimizers/data/replicate_on_split.cc:32] Running replicate on split optimization
2025-06-25 23:32:22.227820: I tensorflow/core/grappler/optimizers/data/replicate_on_split.cc:32] Running replicate on split optimization
2025-06-25 23:32:22.238240: I tensorflow/core/grappler/optimizers/data/replicate_on_split.cc:32] Running replicate on split optimization
2025-06-25 23:32:22.279333: I tensorflow/core/grappler/optimizers/data/replicate_on_split.cc:32] Running replicate on split optimization
2025-06-25 23:32:22.297118: I tensorflow/core/grappler/optimizers/data/replicate_on_split.cc:32] Running replicate on split optimization
                 INFO     | >> [*] Loading existing dataset    data_utils.py:208
                          statistics from                                       
                          data/mikasa_robo_tfds/RememberShape5                  
                          -v0/1.0.0/dataset_statistics_c254414                  
                          8e15744bc356188f567cb96ef27b5f40b735                  
                          a9adaf656f1258ce364e7.json.                           
2025-06-25 23:32:22.329865: I tensorflow/core/grappler/optimizers/data/replicate_on_split.cc:32] Running replicate on split optimization
2025-06-25 23:32:22.344915: I tensorflow/core/grappler/optimizers/data/replicate_on_split.cc:32] Running replicate on split optimization
2025-06-25 23:32:22.382854: I tensorflow/core/grappler/optimizers/data/replicate_on_split.cc:32] Running replicate on split optimization
2025-06-25 23:32:22.434082: I tensorflow/core/grappler/optimizers/data/replicate_on_split.cc:32] Running replicate on split optimization
2025-06-25 23:32:22.457502: I tensorflow/core/grappler/optimizers/data/replicate_on_split.cc:32] Running replicate on split optimization
2025-06-25 23:32:22.479444: I tensorflow/core/grappler/optimizers/data/replicate_on_split.cc:32] Running replicate on split optimization
2025-06-25 23:32:22.513680: I tensorflow/core/grappler/optimizers/data/replicate_on_split.cc:32] Running replicate on split optimization
2025-06-25 23:32:22.540762: I tensorflow/core/grappler/optimizers/data/replicate_on_split.cc:32] Running replicate on split optimization
                 INFO     | >> [*] Loading existing dataset    data_utils.py:208
                          statistics from                                       
                          data/mikasa_robo_tfds/RememberShape9                  
                          -v0/1.0.0/dataset_statistics_cc9e9ec                  
                          7b59528c62e95ae25bd561d7d9505b33402d                  
                          3b4fd9cd29dfea8ca8d05.json.                           
2025-06-25 23:32:22.559753: I tensorflow/core/grappler/optimizers/data/replicate_on_split.cc:32] Running replicate on split optimization
2025-06-25 23:32:22.586276: I tensorflow/core/grappler/optimizers/data/replicate_on_split.cc:32] Running replicate on split optimization
2025-06-25 23:32:22.617034: I tensorflow/core/grappler/optimizers/data/replicate_on_split.cc:32] Running replicate on split optimization
2025-06-25 23:32:22.674525: I tensorflow/core/grappler/optimizers/data/replicate_on_split.cc:32] Running replicate on split optimization
2025-06-25 23:32:22.686052: I tensorflow/core/grappler/optimizers/data/replicate_on_split.cc:32] Running replicate on split optimization
2025-06-25 23:32:22.720889: I tensorflow/core/grappler/optimizers/data/replicate_on_split.cc:32] Running replicate on split optimization
2025-06-25 23:32:22.745143: I tensorflow/core/grappler/optimizers/data/replicate_on_split.cc:32] Running replicate on split optimization
2025-06-25 23:32:22.783956: I tensorflow/core/grappler/optimizers/data/replicate_on_split.cc:32] Running replicate on split optimization
2025-06-25 23:32:22.789650: I tensorflow/core/grappler/optimizers/data/replicate_on_split.cc:32] Running replicate on split optimization
                 INFO     | >> [*] Loading existing dataset    data_utils.py:208
                          statistics from                                       
                          data/mikasa_robo_tfds/RememberShapeA                  
                          ndColor3x2-v0/1.0.0/dataset_statisti                  
                          cs_1f08b92db45037e5e4e9c96f0baba75ef                  
                          7932c01048f41a110d2037be0289453.json                  
                          .                                                     
2025-06-25 23:32:22.827994: I tensorflow/core/grappler/optimizers/data/replicate_on_split.cc:32] Running replicate on split optimization
2025-06-25 23:32:22.850796: I tensorflow/core/grappler/optimizers/data/replicate_on_split.cc:32] Running replicate on split optimization
2025-06-25 23:32:22.916568: I tensorflow/core/grappler/optimizers/data/replicate_on_split.cc:32] Running replicate on split optimization
2025-06-25 23:32:22.917847: I tensorflow/core/grappler/optimizers/data/replicate_on_split.cc:32] Running replicate on split optimization
2025-06-25 23:32:22.963507: I tensorflow/core/grappler/optimizers/data/replicate_on_split.cc:32] Running replicate on split optimization
2025-06-25 23:32:22.979970: I tensorflow/core/grappler/optimizers/data/replicate_on_split.cc:32] Running replicate on split optimization
2025-06-25 23:32:23.019499: I tensorflow/core/grappler/optimizers/data/replicate_on_split.cc:32] Running replicate on split optimization
2025-06-25 23:32:23.026112: I tensorflow/core/grappler/optimizers/data/replicate_on_split.cc:32] Running replicate on split optimization
06/25 [23:32:23] INFO     | >> [*] Loading existing dataset    data_utils.py:208
                          statistics from                                       
                          data/mikasa_robo_tfds/RememberShapeA                  
                          ndColor3x3-v0/1.0.0/dataset_statisti                  
                          cs_812e4399209153e40c4bb4efebac63d5a                  
                          1138a44e4c4e13211eb15fcf8cd4530.json                  
                          .                                                     
2025-06-25 23:32:23.071255: I tensorflow/core/grappler/optimizers/data/replicate_on_split.cc:32] Running replicate on split optimization
2025-06-25 23:32:23.084773: I tensorflow/core/grappler/optimizers/data/replicate_on_split.cc:32] Running replicate on split optimization
2025-06-25 23:32:23.146877: I tensorflow/core/grappler/optimizers/data/replicate_on_split.cc:32] Running replicate on split optimization
2025-06-25 23:32:23.160189: I tensorflow/core/grappler/optimizers/data/replicate_on_split.cc:32] Running replicate on split optimization
2025-06-25 23:32:23.207707: I tensorflow/core/grappler/optimizers/data/replicate_on_split.cc:32] Running replicate on split optimization
2025-06-25 23:32:23.214461: I tensorflow/core/grappler/optimizers/data/replicate_on_split.cc:32] Running replicate on split optimization
2025-06-25 23:32:23.249883: I tensorflow/core/grappler/optimizers/data/replicate_on_split.cc:32] Running replicate on split optimization
2025-06-25 23:32:23.268053: I tensorflow/core/grappler/optimizers/data/replicate_on_split.cc:32] Running replicate on split optimization
                 INFO     | >> [*] Loading existing dataset    data_utils.py:208
                          statistics from                                       
                          data/mikasa_robo_tfds/RememberShapeA                  
                          ndColor5x3-v0/1.0.0/dataset_statisti                  
                          cs_6da4e6b78b132c31e91c837b870125a17                  
                          727acc86f3bbc45dd68e50c5a65125f.json                  
                          .                                                     
2025-06-25 23:32:23.315815: I tensorflow/core/grappler/optimizers/data/replicate_on_split.cc:32] Running replicate on split optimization
2025-06-25 23:32:23.318808: I tensorflow/core/grappler/optimizers/data/replicate_on_split.cc:32] Running replicate on split optimization
2025-06-25 23:32:23.376893: I tensorflow/core/grappler/optimizers/data/replicate_on_split.cc:32] Running replicate on split optimization
2025-06-25 23:32:23.401873: I tensorflow/core/grappler/optimizers/data/replicate_on_split.cc:32] Running replicate on split optimization
2025-06-25 23:32:23.447063: I tensorflow/core/grappler/optimizers/data/replicate_on_split.cc:32] Running replicate on split optimization
2025-06-25 23:32:23.450281: I tensorflow/core/grappler/optimizers/data/replicate_on_split.cc:32] Running replicate on split optimization
2025-06-25 23:32:23.479057: I tensorflow/core/grappler/optimizers/data/replicate_on_split.cc:32] Running replicate on split optimization
2025-06-25 23:32:23.509294: I tensorflow/core/grappler/optimizers/data/replicate_on_split.cc:32] Running replicate on split optimization
                 INFO     | >> [*] Loading existing dataset    data_utils.py:208
                          statistics from                                       
                          data/mikasa_robo_tfds/BunchOfColors3                  
                          -v0/1.0.0/dataset_statistics_331f2d7                  
                          ddcf32322a303eb7f85182a1924a767fc51a                  
                          0329292ed83f3d199b05d.json.                           
2025-06-25 23:32:23.550686: I tensorflow/core/grappler/optimizers/data/replicate_on_split.cc:32] Running replicate on split optimization
2025-06-25 23:32:23.561301: I tensorflow/core/grappler/optimizers/data/replicate_on_split.cc:32] Running replicate on split optimization
2025-06-25 23:32:23.606393: I tensorflow/core/grappler/optimizers/data/replicate_on_split.cc:32] Running replicate on split optimization
2025-06-25 23:32:23.643608: I tensorflow/core/grappler/optimizers/data/replicate_on_split.cc:32] Running replicate on split optimization
2025-06-25 23:32:23.679681: I tensorflow/core/grappler/optimizers/data/replicate_on_split.cc:32] Running replicate on split optimization
2025-06-25 23:32:23.696201: I tensorflow/core/grappler/optimizers/data/replicate_on_split.cc:32] Running replicate on split optimization
2025-06-25 23:32:23.708803: I tensorflow/core/grappler/optimizers/data/replicate_on_split.cc:32] Running replicate on split optimization
2025-06-25 23:32:23.750874: I tensorflow/core/grappler/optimizers/data/replicate_on_split.cc:32] Running replicate on split optimization
                 INFO     | >> [*] Loading existing dataset    data_utils.py:208
                          statistics from                                       
                          data/mikasa_robo_tfds/BunchOfColors5                  
                          -v0/1.0.0/dataset_statistics_c683597                  
                          191b6cfac46a4bdd7cf54fd452ae9434febe                  
                          ba7704551ee06b3d1d505.json.                           
2025-06-25 23:32:23.783626: I tensorflow/core/grappler/optimizers/data/replicate_on_split.cc:32] Running replicate on split optimization
2025-06-25 23:32:23.806543: I tensorflow/core/grappler/optimizers/data/replicate_on_split.cc:32] Running replicate on split optimization
2025-06-25 23:32:23.836106: I tensorflow/core/grappler/optimizers/data/replicate_on_split.cc:32] Running replicate on split optimization
2025-06-25 23:32:23.885890: I tensorflow/core/grappler/optimizers/data/replicate_on_split.cc:32] Running replicate on split optimization
2025-06-25 23:32:23.912974: I tensorflow/core/grappler/optimizers/data/replicate_on_split.cc:32] Running replicate on split optimization
2025-06-25 23:32:23.938528: I tensorflow/core/grappler/optimizers/data/replicate_on_split.cc:32] Running replicate on split optimization
2025-06-25 23:32:23.942474: I tensorflow/core/grappler/optimizers/data/replicate_on_split.cc:32] Running replicate on split optimization
2025-06-25 23:32:23.991775: I tensorflow/core/grappler/optimizers/data/replicate_on_split.cc:32] Running replicate on split optimization
06/25 [23:32:24] INFO     | >> [*] Loading existing dataset    data_utils.py:208
                          statistics from                                       
                          data/mikasa_robo_tfds/BunchOfColors7                  
                          -v0/1.0.0/dataset_statistics_23047af                  
                          2842de75636d624fe83a6a521496e6713cfa                  
                          b869b586f3e619f08fa80.json.                           
2025-06-25 23:32:24.016342: I tensorflow/core/grappler/optimizers/data/replicate_on_split.cc:32] Running replicate on split optimization
2025-06-25 23:32:24.053916: I tensorflow/core/grappler/optimizers/data/replicate_on_split.cc:32] Running replicate on split optimization
2025-06-25 23:32:24.198250: I tensorflow/core/grappler/optimizers/data/replicate_on_split.cc:32] Running replicate on split optimization
                 INFO     | >> [*] Loading existing dataset    data_utils.py:208
                          statistics from                                       
                          data/mikasa_robo_tfds/SeqOfColors3-v                  
                          0/1.0.0/dataset_statistics_fbf978a6c                  
                          95034ca4613b591890ff89d052fd21b7f260                  
                          db1bb7537c3adca7589.json.                             
2025-06-25 23:32:24.309721: I tensorflow/core/grappler/optimizers/data/replicate_on_split.cc:32] Running replicate on split optimization
2025-06-25 23:32:24.437568: I tensorflow/core/grappler/optimizers/data/replicate_on_split.cc:32] Running replicate on split optimization
                 INFO     | >> [*] Loading existing dataset    data_utils.py:208
                          statistics from                                       
                          data/mikasa_robo_tfds/SeqOfColors5-v                  
                          0/1.0.0/dataset_statistics_0ea0125ad                  
                          7ac583814b84ad7d41e0424ca26bbcbf088e                  
                          58578529d2603910ab8.json.                             
2025-06-25 23:32:24.542323: I tensorflow/core/grappler/optimizers/data/replicate_on_split.cc:32] Running replicate on split optimization
2025-06-25 23:32:24.635018: I tensorflow/core/grappler/optimizers/data/replicate_on_split.cc:32] Running replicate on split optimization
2025-06-25 23:32:24.645844: I tensorflow/core/grappler/optimizers/data/replicate_on_split.cc:32] Running replicate on split optimization
2025-06-25 23:32:24.736282: I tensorflow/core/grappler/optimizers/data/replicate_on_split.cc:32] Running replicate on split optimization
2025-06-25 23:32:24.749452: I tensorflow/core/grappler/optimizers/data/replicate_on_split.cc:32] Running replicate on split optimization
2025-06-25 23:32:24.777232: I tensorflow/core/grappler/optimizers/data/replicate_on_split.cc:32] Running replicate on split optimization
2025-06-25 23:32:24.863690: I tensorflow/core/grappler/optimizers/data/replicate_on_split.cc:32] Running replicate on split optimization
2025-06-25 23:32:24.879735: I tensorflow/core/grappler/optimizers/data/replicate_on_split.cc:32] Running replicate on split optimization
2025-06-25 23:32:24.879754: I tensorflow/core/grappler/optimizers/data/replicate_on_split.cc:32] Running replicate on split optimization
2025-06-25 23:32:24.965300: I tensorflow/core/grappler/optimizers/data/replicate_on_split.cc:32] Running replicate on split optimization
2025-06-25 23:32:24.982631: I tensorflow/core/grappler/optimizers/data/replicate_on_split.cc:32] Running replicate on split optimization
2025-06-25 23:32:25.007180: I tensorflow/core/grappler/optimizers/data/replicate_on_split.cc:32] Running replicate on split optimization
2025-06-25 23:32:25.092464: I tensorflow/core/grappler/optimizers/data/replicate_on_split.cc:32] Running replicate on split optimization
2025-06-25 23:32:25.109882: I tensorflow/core/grappler/optimizers/data/replicate_on_split.cc:32] Running replicate on split optimization
2025-06-25 23:32:25.112012: I tensorflow/core/grappler/optimizers/data/replicate_on_split.cc:32] Running replicate on split optimization
2025-06-25 23:32:25.193626: I tensorflow/core/grappler/optimizers/data/replicate_on_split.cc:32] Running replicate on split optimization
2025-06-25 23:32:25.215174: I tensorflow/core/grappler/optimizers/data/replicate_on_split.cc:32] Running replicate on split optimization
2025-06-25 23:32:25.239070: I tensorflow/core/grappler/optimizers/data/replicate_on_split.cc:32] Running replicate on split optimization
2025-06-25 23:32:25.320885: I tensorflow/core/grappler/optimizers/data/replicate_on_split.cc:32] Running replicate on split optimization
2025-06-25 23:32:25.336780: I tensorflow/core/grappler/optimizers/data/replicate_on_split.cc:32] Running replicate on split optimization
2025-06-25 23:32:25.341816: I tensorflow/core/grappler/optimizers/data/replicate_on_split.cc:32] Running replicate on split optimization
2025-06-25 23:32:25.345425: I tensorflow/core/grappler/optimizers/data/replicate_on_split.cc:32] Running replicate on split optimization
06/25 [23:32:25] INFO     | >> [*] Loading existing dataset    data_utils.py:208
                          statistics from                                       
                          data/mikasa_robo_tfds/SeqOfColors7-v                  
                          0/1.0.0/dataset_statistics_c196cd4cf                  
                          924f9efea0c39b9eb00768886b4986d0a84b                  
                          4e3a75f807316acdb92.json.                             
2025-06-25 23:32:25.422418: I tensorflow/core/grappler/optimizers/data/replicate_on_split.cc:32] Running replicate on split optimization
2025-06-25 23:32:25.442933: I tensorflow/core/grappler/optimizers/data/replicate_on_split.cc:32] Running replicate on split optimization
2025-06-25 23:32:25.447770: I tensorflow/core/grappler/optimizers/data/replicate_on_split.cc:32] Running replicate on split optimization
2025-06-25 23:32:25.470875: I tensorflow/core/grappler/optimizers/data/replicate_on_split.cc:32] Running replicate on split optimization
2025-06-25 23:32:25.550046: I tensorflow/core/grappler/optimizers/data/replicate_on_split.cc:32] Running replicate on split optimization
2025-06-25 23:32:25.573914: I tensorflow/core/grappler/optimizers/data/replicate_on_split.cc:32] Running replicate on split optimization
2025-06-25 23:32:25.574418: I tensorflow/core/grappler/optimizers/data/replicate_on_split.cc:32] Running replicate on split optimization
2025-06-25 23:32:25.577329: I tensorflow/core/grappler/optimizers/data/replicate_on_split.cc:32] Running replicate on split optimization
                 INFO     | >> [*] Loading existing dataset    data_utils.py:208
                          statistics from                                       
                          data/mikasa_robo_tfds/ChainOfColors3                  
                          -v0/1.0.0/dataset_statistics_4e6fcd8                  
                          c3b872220ab912f05134aa93e52e27002858                  
                          0de40e29126581a839fb4.json.                           
2025-06-25 23:32:25.651506: I tensorflow/core/grappler/optimizers/data/replicate_on_split.cc:32] Running replicate on split optimization
2025-06-25 23:32:25.678864: I tensorflow/core/grappler/optimizers/data/replicate_on_split.cc:32] Running replicate on split optimization
2025-06-25 23:32:25.680201: I tensorflow/core/grappler/optimizers/data/replicate_on_split.cc:32] Running replicate on split optimization
2025-06-25 23:32:25.703210: I tensorflow/core/grappler/optimizers/data/replicate_on_split.cc:32] Running replicate on split optimization
2025-06-25 23:32:25.778888: I tensorflow/core/grappler/optimizers/data/replicate_on_split.cc:32] Running replicate on split optimization
2025-06-25 23:32:25.805991: I tensorflow/core/grappler/optimizers/data/replicate_on_split.cc:32] Running replicate on split optimization
2025-06-25 23:32:25.809081: I tensorflow/core/grappler/optimizers/data/replicate_on_split.cc:32] Running replicate on split optimization
2025-06-25 23:32:25.809150: I tensorflow/core/grappler/optimizers/data/replicate_on_split.cc:32] Running replicate on split optimization
                 INFO     | >> [*] Loading existing dataset    data_utils.py:208
                          statistics from                                       
                          data/mikasa_robo_tfds/ChainOfColors5                  
                          -v0/1.0.0/dataset_statistics_cea1568                  
                          5a6e14f5087d9fe202a1a1628b38749074f9                  
                          039e14077a10d08a50fb6.json.                           
2025-06-25 23:32:25.879847: I tensorflow/core/grappler/optimizers/data/replicate_on_split.cc:32] Running replicate on split optimization
2025-06-25 23:32:25.912007: I tensorflow/core/grappler/optimizers/data/replicate_on_split.cc:32] Running replicate on split optimization
2025-06-25 23:32:25.912953: I tensorflow/core/grappler/optimizers/data/replicate_on_split.cc:32] Running replicate on split optimization
2025-06-25 23:32:25.934341: I tensorflow/core/grappler/optimizers/data/replicate_on_split.cc:32] Running replicate on split optimization
2025-06-25 23:32:26.007297: I tensorflow/core/grappler/optimizers/data/replicate_on_split.cc:32] Running replicate on split optimization
2025-06-25 23:32:26.036582: I tensorflow/core/grappler/optimizers/data/replicate_on_split.cc:32] Running replicate on split optimization
2025-06-25 23:32:26.042393: I tensorflow/core/grappler/optimizers/data/replicate_on_split.cc:32] Running replicate on split optimization
2025-06-25 23:32:26.046098: I tensorflow/core/grappler/optimizers/data/replicate_on_split.cc:32] Running replicate on split optimization
2025-06-25 23:32:26.108254: I tensorflow/core/grappler/optimizers/data/replicate_on_split.cc:32] Running replicate on split optimization
06/25 [23:32:26] INFO     | >> [*] Loading existing dataset    data_utils.py:208
                          statistics from                                       
                          data/mikasa_robo_tfds/ChainOfColors7                  
                          -v0/1.0.0/dataset_statistics_009053c                  
                          892629a15b5b0299948f52b71f55f00456b6                  
                          99f659bcd14904e5a3606.json.                           
2025-06-25 23:32:26.146281: I tensorflow/core/grappler/optimizers/data/replicate_on_split.cc:32] Running replicate on split optimization
2025-06-25 23:32:26.151500: I tensorflow/core/grappler/optimizers/data/replicate_on_split.cc:32] Running replicate on split optimization
2025-06-25 23:32:26.164443: I tensorflow/core/grappler/optimizers/data/replicate_on_split.cc:32] Running replicate on split optimization

######################################################################################
# Loading the following 34 datasets (incl. sampling weight):                         #
# mikasa_robo_tfds/ShellGameTouch-v0: ======================================0.029123 #
# mikasa_robo_tfds/ShellGamePush-v0: =======================================0.029123 #
# mikasa_robo_tfds/ShellGamePick-v0: =======================================0.029123 #
# mikasa_robo_tfds/InterceptSlow-v0: =======================================0.029123 #
# mikasa_robo_tfds/InterceptMedium-v0: =====================================0.029123 #
# mikasa_robo_tfds/InterceptFast-v0: =======================================0.029123 #
# mikasa_robo_tfds/InterceptGrabSlow-v0: ===================================0.029123 #
# mikasa_robo_tfds/InterceptGrabMedium-v0: =================================0.029123 #
# mikasa_robo_tfds/InterceptGrabFast-v0: ===================================0.029123 #
# mikasa_robo_tfds/RotateLenientPos-v0: ====================================0.029123 #
# mikasa_robo_tfds/RotateLenientPosNeg-v0: =================================0.029123 #
# mikasa_robo_tfds/RotateStrictPos-v0: =====================================0.029123 #
# mikasa_robo_tfds/RotateStrictPosNeg-v0: ==================================0.029123 #
# mikasa_robo_tfds/TakeItBack-v0: ==========================================0.058573 #
# mikasa_robo_tfds/RememberColor3-v0: ======================================0.019306 #
# mikasa_robo_tfds/RememberColor5-v0: ======================================0.019306 #
# mikasa_robo_tfds/RememberColor9-v0: ======================================0.019306 #
# mikasa_robo_tfds/RememberShape3-v0: ======================================0.019306 #
# mikasa_robo_tfds/RememberShape5-v0: ======================================0.019306 #
# mikasa_robo_tfds/RememberShape9-v0: ======================================0.019306 #
# mikasa_robo_tfds/RememberShapeAndColor3x2-v0: ============================0.019306 #
# mikasa_robo_tfds/RememberShapeAndColor3x3-v0: ============================0.019306 #
# mikasa_robo_tfds/RememberShapeAndColor5x3-v0: ============================0.019306 #
# mikasa_robo_tfds/BunchOfColors3-v0: ======================================0.038940 #
# mikasa_robo_tfds/BunchOfColors5-v0: ======================================0.038940 #
# mikasa_robo_tfds/BunchOfColors7-v0: ======================================0.038940 #
# mikasa_robo_tfds/SeqOfColors3-v0: ========================================0.038940 #
# mikasa_robo_tfds/SeqOfColors5-v0: ========================================0.038940 #
# mikasa_robo_tfds/SeqOfColors7-v0: ========================================0.038940 #
# mikasa_robo_tfds/ChainOfColors3-v0: ======================================0.038940 #
# mikasa_robo_tfds/ChainOfColors5-v0: ======================================0.038940 #
# mikasa_robo_tfds/ChainOfColors7-v0: ======================================0.038940 #
# mikasa_robo_tfds/RememberColor3-v0_baseline: =============================0.019306 #
# mikasa_robo_tfds/RememberColor9-v0_baseline: =============================0.019306 #
######################################################################################

2025-06-25 23:32:26.238102: I tensorflow/core/grappler/optimizers/data/replicate_on_split.cc:32] Running replicate on split optimization
2025-06-25 23:32:26.266782: I tensorflow/core/grappler/optimizers/data/replicate_on_split.cc:32] Running replicate on split optimization
2025-06-25 23:32:26.274226: I tensorflow/core/grappler/optimizers/data/replicate_on_split.cc:32] Running replicate on split optimization
2025-06-25 23:32:26.282036: I tensorflow/core/grappler/optimizers/data/replicate_on_split.cc:32] Running replicate on split optimization
                 INFO     | >> [*] Loading existing dataset    data_utils.py:208
                          statistics from                                       
                          data/mikasa_robo_tfds/RememberColor3                  
                          -v0_baseline/1.0.0/dataset_statistic                  
                          s_55613fad5fe09ac925a77bc2cda794c2dd                  
                          cb810471bd4849c154db2cf11327fb.json.                  

######################################################################################
# Loading the following 34 datasets (incl. sampling weight):                         #
# mikasa_robo_tfds/ShellGameTouch-v0: ======================================0.029123 #
# mikasa_robo_tfds/ShellGamePush-v0: =======================================0.029123 #
# mikasa_robo_tfds/ShellGamePick-v0: =======================================0.029123 #
# mikasa_robo_tfds/InterceptSlow-v0: =======================================0.029123 #
# mikasa_robo_tfds/InterceptMedium-v0: =====================================0.029123 #
# mikasa_robo_tfds/InterceptFast-v0: =======================================0.029123 #
# mikasa_robo_tfds/InterceptGrabSlow-v0: ===================================0.029123 #
# mikasa_robo_tfds/InterceptGrabMedium-v0: =================================0.029123 #
# mikasa_robo_tfds/InterceptGrabFast-v0: ===================================0.029123 #
# mikasa_robo_tfds/RotateLenientPos-v0: ====================================0.029123 #
# mikasa_robo_tfds/RotateLenientPosNeg-v0: =================================0.029123 #
# mikasa_robo_tfds/RotateStrictPos-v0: =====================================0.029123 #
# mikasa_robo_tfds/RotateStrictPosNeg-v0: ==================================0.029123 #
# mikasa_robo_tfds/TakeItBack-v0: ==========================================0.058573 #
# mikasa_robo_tfds/RememberColor3-v0: ======================================0.019306 #
# mikasa_robo_tfds/RememberColor5-v0: ======================================0.019306 #
# mikasa_robo_tfds/RememberColor9-v0: ======================================0.019306 #
# mikasa_robo_tfds/RememberShape3-v0: ======================================0.019306 #
# mikasa_robo_tfds/RememberShape5-v0: ======================================0.019306 #
# mikasa_robo_tfds/RememberShape9-v0: ======================================0.019306 #
# mikasa_robo_tfds/RememberShapeAndColor3x2-v0: ============================0.019306 #
# mikasa_robo_tfds/RememberShapeAndColor3x3-v0: ============================0.019306 #
# mikasa_robo_tfds/RememberShapeAndColor5x3-v0: ============================0.019306 #
# mikasa_robo_tfds/BunchOfColors3-v0: ======================================0.038940 #
# mikasa_robo_tfds/BunchOfColors5-v0: ======================================0.038940 #
# mikasa_robo_tfds/BunchOfColors7-v0: ======================================0.038940 #
# mikasa_robo_tfds/SeqOfColors3-v0: ========================================0.038940 #
# mikasa_robo_tfds/SeqOfColors5-v0: ========================================0.038940 #
# mikasa_robo_tfds/SeqOfColors7-v0: ========================================0.038940 #
# mikasa_robo_tfds/ChainOfColors3-v0: ======================================0.038940 #
# mikasa_robo_tfds/ChainOfColors5-v0: ======================================0.038940 #
# mikasa_robo_tfds/ChainOfColors7-v0: ======================================0.038940 #
# mikasa_robo_tfds/RememberColor3-v0_baseline: =============================0.019306 #
# mikasa_robo_tfds/RememberColor9-v0_baseline: =============================0.019306 #
######################################################################################

2025-06-25 23:32:26.377488: I tensorflow/core/grappler/optimizers/data/replicate_on_split.cc:32] Running replicate on split optimization
2025-06-25 23:32:26.385541: I tensorflow/core/grappler/optimizers/data/replicate_on_split.cc:32] Running replicate on split optimization
2025-06-25 23:32:26.397003: I tensorflow/core/grappler/optimizers/data/replicate_on_split.cc:32] Running replicate on split optimization
2025-06-25 23:32:26.452143: I tensorflow/core/grappler/optimizers/data/replicate_on_split.cc:32] Running replicate on split optimization

######################################################################################
# Loading the following 34 datasets (incl. sampling weight):                         #
# mikasa_robo_tfds/ShellGameTouch-v0: ======================================0.029123 #
# mikasa_robo_tfds/ShellGamePush-v0: =======================================0.029123 #
# mikasa_robo_tfds/ShellGamePick-v0: =======================================0.029123 #
# mikasa_robo_tfds/InterceptSlow-v0: =======================================0.029123 #
# mikasa_robo_tfds/InterceptMedium-v0: =====================================0.029123 #
# mikasa_robo_tfds/InterceptFast-v0: =======================================0.029123 #
# mikasa_robo_tfds/InterceptGrabSlow-v0: ===================================0.029123 #
# mikasa_robo_tfds/InterceptGrabMedium-v0: =================================0.029123 #
# mikasa_robo_tfds/InterceptGrabFast-v0: ===================================0.029123 #
# mikasa_robo_tfds/RotateLenientPos-v0: ====================================0.029123 #
# mikasa_robo_tfds/RotateLenientPosNeg-v0: =================================0.029123 #
# mikasa_robo_tfds/RotateStrictPos-v0: =====================================0.029123 #
# mikasa_robo_tfds/RotateStrictPosNeg-v0: ==================================0.029123 #
# mikasa_robo_tfds/TakeItBack-v0: ==========================================0.058573 #
# mikasa_robo_tfds/RememberColor3-v0: ======================================0.019306 #
# mikasa_robo_tfds/RememberColor5-v0: ======================================0.019306 #
# mikasa_robo_tfds/RememberColor9-v0: ======================================0.019306 #
# mikasa_robo_tfds/RememberShape3-v0: ======================================0.019306 #
# mikasa_robo_tfds/RememberShape5-v0: ======================================0.019306 #
# mikasa_robo_tfds/RememberShape9-v0: ======================================0.019306 #
# mikasa_robo_tfds/RememberShapeAndColor3x2-v0: ============================0.019306 #
# mikasa_robo_tfds/RememberShapeAndColor3x3-v0: ============================0.019306 #
# mikasa_robo_tfds/RememberShapeAndColor5x3-v0: ============================0.019306 #
# mikasa_robo_tfds/BunchOfColors3-v0: ======================================0.038940 #
# mikasa_robo_tfds/BunchOfColors5-v0: ======================================0.038940 #
# mikasa_robo_tfds/BunchOfColors7-v0: ======================================0.038940 #
# mikasa_robo_tfds/SeqOfColors3-v0: ========================================0.038940 #
# mikasa_robo_tfds/SeqOfColors5-v0: ========================================0.038940 #
# mikasa_robo_tfds/SeqOfColors7-v0: ========================================0.038940 #
# mikasa_robo_tfds/ChainOfColors3-v0: ======================================0.038940 #
# mikasa_robo_tfds/ChainOfColors5-v0: ======================================0.038940 #
# mikasa_robo_tfds/ChainOfColors7-v0: ======================================0.038940 #
# mikasa_robo_tfds/RememberColor3-v0_baseline: =============================0.019306 #
# mikasa_robo_tfds/RememberColor9-v0_baseline: =============================0.019306 #
######################################################################################

2025-06-25 23:32:26.505586: I tensorflow/core/grappler/optimizers/data/replicate_on_split.cc:32] Running replicate on split optimization
2025-06-25 23:32:26.517143: I tensorflow/core/grappler/optimizers/data/replicate_on_split.cc:32] Running replicate on split optimization
                 INFO     | >> [*] Loading existing dataset    data_utils.py:208
                          statistics from                                       
                          data/mikasa_robo_tfds/RememberColor9                  
                          -v0_baseline/1.0.0/dataset_statistic                  
                          s_4a16fbfeda508221197a51004b913829ff                  
                          51fcaa4ef4cbd8e3fed617975d4959.json.                  
2025-06-25 23:32:26.608803: I tensorflow/core/grappler/optimizers/data/replicate_on_split.cc:32] Running replicate on split optimization
2025-06-25 23:32:26.613037: I tensorflow/core/grappler/optimizers/data/replicate_on_split.cc:32] Running replicate on split optimization
2025-06-25 23:32:26.664866: I tensorflow/core/grappler/optimizers/data/replicate_on_split.cc:32] Running replicate on split optimization

######################################################################################
# Loading the following 34 datasets (incl. sampling weight):                         #
# mikasa_robo_tfds/ShellGameTouch-v0: ======================================0.029123 #
# mikasa_robo_tfds/ShellGamePush-v0: =======================================0.029123 #
# mikasa_robo_tfds/ShellGamePick-v0: =======================================0.029123 #
# mikasa_robo_tfds/InterceptSlow-v0: =======================================0.029123 #
# mikasa_robo_tfds/InterceptMedium-v0: =====================================0.029123 #
# mikasa_robo_tfds/InterceptFast-v0: =======================================0.029123 #
# mikasa_robo_tfds/InterceptGrabSlow-v0: ===================================0.029123 #
# mikasa_robo_tfds/InterceptGrabMedium-v0: =================================0.029123 #
# mikasa_robo_tfds/InterceptGrabFast-v0: ===================================0.029123 #
# mikasa_robo_tfds/RotateLenientPos-v0: ====================================0.029123 #
# mikasa_robo_tfds/RotateLenientPosNeg-v0: =================================0.029123 #
# mikasa_robo_tfds/RotateStrictPos-v0: =====================================0.029123 #
# mikasa_robo_tfds/RotateStrictPosNeg-v0: ==================================0.029123 #
# mikasa_robo_tfds/TakeItBack-v0: ==========================================0.058573 #
# mikasa_robo_tfds/RememberColor3-v0: ======================================0.019306 #
# mikasa_robo_tfds/RememberColor5-v0: ======================================0.019306 #
# mikasa_robo_tfds/RememberColor9-v0: ======================================0.019306 #
# mikasa_robo_tfds/RememberShape3-v0: ======================================0.019306 #
# mikasa_robo_tfds/RememberShape5-v0: ======================================0.019306 #
# mikasa_robo_tfds/RememberShape9-v0: ======================================0.019306 #
# mikasa_robo_tfds/RememberShapeAndColor3x2-v0: ============================0.019306 #
# mikasa_robo_tfds/RememberShapeAndColor3x3-v0: ============================0.019306 #
# mikasa_robo_tfds/RememberShapeAndColor5x3-v0: ============================0.019306 #
# mikasa_robo_tfds/BunchOfColors3-v0: ======================================0.038940 #
# mikasa_robo_tfds/BunchOfColors5-v0: ======================================0.038940 #
# mikasa_robo_tfds/BunchOfColors7-v0: ======================================0.038940 #
# mikasa_robo_tfds/SeqOfColors3-v0: ========================================0.038940 #
# mikasa_robo_tfds/SeqOfColors5-v0: ========================================0.038940 #
# mikasa_robo_tfds/SeqOfColors7-v0: ========================================0.038940 #
# mikasa_robo_tfds/ChainOfColors3-v0: ======================================0.038940 #
# mikasa_robo_tfds/ChainOfColors5-v0: ======================================0.038940 #
# mikasa_robo_tfds/ChainOfColors7-v0: ======================================0.038940 #
# mikasa_robo_tfds/RememberColor3-v0_baseline: =============================0.019306 #
# mikasa_robo_tfds/RememberColor9-v0_baseline: =============================0.019306 #
######################################################################################

                 INFO     | >> [*] Threads per Dataset: [1 1 1 1  dataset.py:531
                          1 1 1 1 1 1 1 1 1 1 1 1 1 1 1 1 1 1 1 1               
                          1 1 1 1 1 1 1 1 1 1]                                  
                 INFO     | >> [*] Reads per Dataset: [1 1 1 1 1  dataset.py:532
                          1 1 1 1 1 1 1 1 1 1 1 1 1 1 1 1 1 1 1 1               
                          1 1 1 1 1 1 1 1 1]                                    
                 INFO     | >> [*] Constructing datasets...       dataset.py:535
2025-06-25 23:32:26.734588: I tensorflow/core/grappler/optimizers/data/replicate_on_split.cc:32] Running replicate on split optimization
2025-06-25 23:32:26.748377: I tensorflow/core/grappler/optimizers/data/replicate_on_split.cc:32] Running replicate on split optimization
2025-06-25 23:32:26.828134: I tensorflow/core/grappler/optimizers/data/replicate_on_split.cc:32] Running replicate on split optimization
2025-06-25 23:32:26.877398: I tensorflow/core/grappler/optimizers/data/replicate_on_split.cc:32] Running replicate on split optimization
2025-06-25 23:32:26.949975: I tensorflow/core/grappler/optimizers/data/replicate_on_split.cc:32] Running replicate on split optimization
2025-06-25 23:32:26.964043: I tensorflow/core/grappler/optimizers/data/replicate_on_split.cc:32] Running replicate on split optimization
2025-06-25 23:32:27.042404: I tensorflow/core/grappler/optimizers/data/replicate_on_split.cc:32] Running replicate on split optimization
2025-06-25 23:32:27.090342: I tensorflow/core/grappler/optimizers/data/replicate_on_split.cc:32] Running replicate on split optimization
2025-06-25 23:32:27.166459: I tensorflow/core/grappler/optimizers/data/replicate_on_split.cc:32] Running replicate on split optimization
2025-06-25 23:32:27.179262: I tensorflow/core/grappler/optimizers/data/replicate_on_split.cc:32] Running replicate on split optimization
2025-06-25 23:32:27.257474: I tensorflow/core/grappler/optimizers/data/replicate_on_split.cc:32] Running replicate on split optimization
2025-06-25 23:32:27.303717: I tensorflow/core/grappler/optimizers/data/replicate_on_split.cc:32] Running replicate on split optimization
2025-06-25 23:32:27.383336: I tensorflow/core/grappler/optimizers/data/replicate_on_split.cc:32] Running replicate on split optimization
2025-06-25 23:32:27.396054: I tensorflow/core/grappler/optimizers/data/replicate_on_split.cc:32] Running replicate on split optimization
2025-06-25 23:32:27.472726: I tensorflow/core/grappler/optimizers/data/replicate_on_split.cc:32] Running replicate on split optimization
2025-06-25 23:32:27.516594: I tensorflow/core/grappler/optimizers/data/replicate_on_split.cc:32] Running replicate on split optimization
2025-06-25 23:32:27.599405: I tensorflow/core/grappler/optimizers/data/replicate_on_split.cc:32] Running replicate on split optimization
2025-06-25 23:32:27.611874: I tensorflow/core/grappler/optimizers/data/replicate_on_split.cc:32] Running replicate on split optimization
2025-06-25 23:32:27.686914: I tensorflow/core/grappler/optimizers/data/replicate_on_split.cc:32] Running replicate on split optimization
2025-06-25 23:32:27.729053: I tensorflow/core/grappler/optimizers/data/replicate_on_split.cc:32] Running replicate on split optimization
2025-06-25 23:32:27.815715: I tensorflow/core/grappler/optimizers/data/replicate_on_split.cc:32] Running replicate on split optimization
2025-06-25 23:32:27.827082: I tensorflow/core/grappler/optimizers/data/replicate_on_split.cc:32] Running replicate on split optimization
2025-06-25 23:32:27.901315: I tensorflow/core/grappler/optimizers/data/replicate_on_split.cc:32] Running replicate on split optimization
2025-06-25 23:32:27.941170: I tensorflow/core/grappler/optimizers/data/replicate_on_split.cc:32] Running replicate on split optimization
2025-06-25 23:32:28.031273: I tensorflow/core/grappler/optimizers/data/replicate_on_split.cc:32] Running replicate on split optimization
2025-06-25 23:32:28.042695: I tensorflow/core/grappler/optimizers/data/replicate_on_split.cc:32] Running replicate on split optimization
2025-06-25 23:32:28.116146: I tensorflow/core/grappler/optimizers/data/replicate_on_split.cc:32] Running replicate on split optimization
2025-06-25 23:32:28.153697: I tensorflow/core/grappler/optimizers/data/replicate_on_split.cc:32] Running replicate on split optimization
2025-06-25 23:32:28.248056: I tensorflow/core/grappler/optimizers/data/replicate_on_split.cc:32] Running replicate on split optimization
2025-06-25 23:32:28.257954: I tensorflow/core/grappler/optimizers/data/replicate_on_split.cc:32] Running replicate on split optimization
2025-06-25 23:32:28.330872: I tensorflow/core/grappler/optimizers/data/replicate_on_split.cc:32] Running replicate on split optimization
2025-06-25 23:32:28.366229: I tensorflow/core/grappler/optimizers/data/replicate_on_split.cc:32] Running replicate on split optimization
2025-06-25 23:32:28.464664: I tensorflow/core/grappler/optimizers/data/replicate_on_split.cc:32] Running replicate on split optimization
2025-06-25 23:32:28.472904: I tensorflow/core/grappler/optimizers/data/replicate_on_split.cc:32] Running replicate on split optimization
2025-06-25 23:32:28.545924: I tensorflow/core/grappler/optimizers/data/replicate_on_split.cc:32] Running replicate on split optimization
2025-06-25 23:32:28.577474: I tensorflow/core/grappler/optimizers/data/replicate_on_split.cc:32] Running replicate on split optimization
2025-06-25 23:32:28.681592: I tensorflow/core/grappler/optimizers/data/replicate_on_split.cc:32] Running replicate on split optimization
2025-06-25 23:32:28.687386: I tensorflow/core/grappler/optimizers/data/replicate_on_split.cc:32] Running replicate on split optimization
2025-06-25 23:32:28.761168: I tensorflow/core/grappler/optimizers/data/replicate_on_split.cc:32] Running replicate on split optimization
2025-06-25 23:32:28.790103: I tensorflow/core/grappler/optimizers/data/replicate_on_split.cc:32] Running replicate on split optimization
2025-06-25 23:32:28.898825: I tensorflow/core/grappler/optimizers/data/replicate_on_split.cc:32] Running replicate on split optimization
2025-06-25 23:32:28.903613: I tensorflow/core/grappler/optimizers/data/replicate_on_split.cc:32] Running replicate on split optimization
2025-06-25 23:32:28.976533: I tensorflow/core/grappler/optimizers/data/replicate_on_split.cc:32] Running replicate on split optimization
2025-06-25 23:32:29.002344: I tensorflow/core/grappler/optimizers/data/replicate_on_split.cc:32] Running replicate on split optimization
2025-06-25 23:32:29.114647: I tensorflow/core/grappler/optimizers/data/replicate_on_split.cc:32] Running replicate on split optimization
2025-06-25 23:32:29.117642: I tensorflow/core/grappler/optimizers/data/replicate_on_split.cc:32] Running replicate on split optimization
2025-06-25 23:32:29.191813: I tensorflow/core/grappler/optimizers/data/replicate_on_split.cc:32] Running replicate on split optimization
2025-06-25 23:32:29.212893: I tensorflow/core/grappler/optimizers/data/replicate_on_split.cc:32] Running replicate on split optimization
2025-06-25 23:32:29.331459: I tensorflow/core/grappler/optimizers/data/replicate_on_split.cc:32] Running replicate on split optimization
2025-06-25 23:32:29.332469: I tensorflow/core/grappler/optimizers/data/replicate_on_split.cc:32] Running replicate on split optimization
2025-06-25 23:32:29.405886: I tensorflow/core/grappler/optimizers/data/replicate_on_split.cc:32] Running replicate on split optimization
2025-06-25 23:32:29.424438: I tensorflow/core/grappler/optimizers/data/replicate_on_split.cc:32] Running replicate on split optimization
2025-06-25 23:32:29.547618: I tensorflow/core/grappler/optimizers/data/replicate_on_split.cc:32] Running replicate on split optimization
2025-06-25 23:32:29.551408: I tensorflow/core/grappler/optimizers/data/replicate_on_split.cc:32] Running replicate on split optimization
2025-06-25 23:32:29.620986: I tensorflow/core/grappler/optimizers/data/replicate_on_split.cc:32] Running replicate on split optimization
2025-06-25 23:32:29.635319: I tensorflow/core/grappler/optimizers/data/replicate_on_split.cc:32] Running replicate on split optimization
2025-06-25 23:32:29.764541: I tensorflow/core/grappler/optimizers/data/replicate_on_split.cc:32] Running replicate on split optimization
2025-06-25 23:32:29.766449: I tensorflow/core/grappler/optimizers/data/replicate_on_split.cc:32] Running replicate on split optimization
2025-06-25 23:32:29.835062: I tensorflow/core/grappler/optimizers/data/replicate_on_split.cc:32] Running replicate on split optimization
2025-06-25 23:32:29.847555: I tensorflow/core/grappler/optimizers/data/replicate_on_split.cc:32] Running replicate on split optimization
2025-06-25 23:32:29.978566: I tensorflow/core/grappler/optimizers/data/replicate_on_split.cc:32] Running replicate on split optimization
2025-06-25 23:32:29.979215: I tensorflow/core/grappler/optimizers/data/replicate_on_split.cc:32] Running replicate on split optimization
2025-06-25 23:32:30.050310: I tensorflow/core/grappler/optimizers/data/replicate_on_split.cc:32] Running replicate on split optimization
2025-06-25 23:32:30.067063: I tensorflow/core/grappler/optimizers/data/replicate_on_split.cc:32] Running replicate on split optimization
2025-06-25 23:32:30.191493: I tensorflow/core/grappler/optimizers/data/replicate_on_split.cc:32] Running replicate on split optimization
2025-06-25 23:32:30.195111: I tensorflow/core/grappler/optimizers/data/replicate_on_split.cc:32] Running replicate on split optimization
2025-06-25 23:32:30.266699: I tensorflow/core/grappler/optimizers/data/replicate_on_split.cc:32] Running replicate on split optimization
2025-06-25 23:32:30.284784: I tensorflow/core/grappler/optimizers/data/replicate_on_split.cc:32] Running replicate on split optimization
2025-06-25 23:32:30.404103: I tensorflow/core/grappler/optimizers/data/replicate_on_split.cc:32] Running replicate on split optimization
2025-06-25 23:32:30.412307: I tensorflow/core/grappler/optimizers/data/replicate_on_split.cc:32] Running replicate on split optimization
2025-06-25 23:32:30.483307: I tensorflow/core/grappler/optimizers/data/replicate_on_split.cc:32] Running replicate on split optimization
2025-06-25 23:32:30.499390: I tensorflow/core/grappler/optimizers/data/replicate_on_split.cc:32] Running replicate on split optimization
2025-06-25 23:32:30.617528: I tensorflow/core/grappler/optimizers/data/replicate_on_split.cc:32] Running replicate on split optimization
2025-06-25 23:32:30.628618: I tensorflow/core/grappler/optimizers/data/replicate_on_split.cc:32] Running replicate on split optimization
2025-06-25 23:32:30.699710: I tensorflow/core/grappler/optimizers/data/replicate_on_split.cc:32] Running replicate on split optimization
2025-06-25 23:32:30.713711: I tensorflow/core/grappler/optimizers/data/replicate_on_split.cc:32] Running replicate on split optimization
2025-06-25 23:32:30.831288: I tensorflow/core/grappler/optimizers/data/replicate_on_split.cc:32] Running replicate on split optimization
2025-06-25 23:32:30.845811: I tensorflow/core/grappler/optimizers/data/replicate_on_split.cc:32] Running replicate on split optimization
2025-06-25 23:32:30.915417: I tensorflow/core/grappler/optimizers/data/replicate_on_split.cc:32] Running replicate on split optimization
2025-06-25 23:32:30.927840: I tensorflow/core/grappler/optimizers/data/replicate_on_split.cc:32] Running replicate on split optimization
2025-06-25 23:32:31.044695: I tensorflow/core/grappler/optimizers/data/replicate_on_split.cc:32] Running replicate on split optimization
2025-06-25 23:32:31.063135: I tensorflow/core/grappler/optimizers/data/replicate_on_split.cc:32] Running replicate on split optimization
2025-06-25 23:32:31.131768: I tensorflow/core/grappler/optimizers/data/replicate_on_split.cc:32] Running replicate on split optimization
2025-06-25 23:32:31.142309: I tensorflow/core/grappler/optimizers/data/replicate_on_split.cc:32] Running replicate on split optimization
2025-06-25 23:32:31.258268: I tensorflow/core/grappler/optimizers/data/replicate_on_split.cc:32] Running replicate on split optimization
2025-06-25 23:32:31.279743: I tensorflow/core/grappler/optimizers/data/replicate_on_split.cc:32] Running replicate on split optimization
2025-06-25 23:32:31.349178: I tensorflow/core/grappler/optimizers/data/replicate_on_split.cc:32] Running replicate on split optimization
2025-06-25 23:32:31.357190: I tensorflow/core/grappler/optimizers/data/replicate_on_split.cc:32] Running replicate on split optimization
2025-06-25 23:32:31.472407: I tensorflow/core/grappler/optimizers/data/replicate_on_split.cc:32] Running replicate on split optimization
2025-06-25 23:32:31.496166: I tensorflow/core/grappler/optimizers/data/replicate_on_split.cc:32] Running replicate on split optimization
2025-06-25 23:32:31.566802: I tensorflow/core/grappler/optimizers/data/replicate_on_split.cc:32] Running replicate on split optimization
2025-06-25 23:32:31.571440: I tensorflow/core/grappler/optimizers/data/replicate_on_split.cc:32] Running replicate on split optimization
2025-06-25 23:32:31.685841: I tensorflow/core/grappler/optimizers/data/replicate_on_split.cc:32] Running replicate on split optimization
2025-06-25 23:32:31.713263: I tensorflow/core/grappler/optimizers/data/replicate_on_split.cc:32] Running replicate on split optimization
2025-06-25 23:32:31.783198: I tensorflow/core/grappler/optimizers/data/replicate_on_split.cc:32] Running replicate on split optimization
2025-06-25 23:32:31.785323: I tensorflow/core/grappler/optimizers/data/replicate_on_split.cc:32] Running replicate on split optimization
2025-06-25 23:32:31.899984: I tensorflow/core/grappler/optimizers/data/replicate_on_split.cc:32] Running replicate on split optimization
2025-06-25 23:32:31.931222: I tensorflow/core/grappler/optimizers/data/replicate_on_split.cc:32] Running replicate on split optimization
2025-06-25 23:32:31.998178: I tensorflow/core/grappler/optimizers/data/replicate_on_split.cc:32] Running replicate on split optimization
2025-06-25 23:32:32.000046: I tensorflow/core/grappler/optimizers/data/replicate_on_split.cc:32] Running replicate on split optimization
2025-06-25 23:32:32.113275: I tensorflow/core/grappler/optimizers/data/replicate_on_split.cc:32] Running replicate on split optimization
2025-06-25 23:32:32.148092: I tensorflow/core/grappler/optimizers/data/replicate_on_split.cc:32] Running replicate on split optimization
2025-06-25 23:32:32.211620: I tensorflow/core/grappler/optimizers/data/replicate_on_split.cc:32] Running replicate on split optimization
2025-06-25 23:32:32.216298: I tensorflow/core/grappler/optimizers/data/replicate_on_split.cc:32] Running replicate on split optimization
2025-06-25 23:32:32.328907: I tensorflow/core/grappler/optimizers/data/replicate_on_split.cc:32] Running replicate on split optimization
2025-06-25 23:32:32.366503: I tensorflow/core/grappler/optimizers/data/replicate_on_split.cc:32] Running replicate on split optimization
2025-06-25 23:32:32.425911: I tensorflow/core/grappler/optimizers/data/replicate_on_split.cc:32] Running replicate on split optimization
2025-06-25 23:32:32.432852: I tensorflow/core/grappler/optimizers/data/replicate_on_split.cc:32] Running replicate on split optimization
2025-06-25 23:32:32.545327: I tensorflow/core/grappler/optimizers/data/replicate_on_split.cc:32] Running replicate on split optimization
2025-06-25 23:32:32.583818: I tensorflow/core/grappler/optimizers/data/replicate_on_split.cc:32] Running replicate on split optimization
2025-06-25 23:32:32.640423: I tensorflow/core/grappler/optimizers/data/replicate_on_split.cc:32] Running replicate on split optimization
2025-06-25 23:32:32.648907: I tensorflow/core/grappler/optimizers/data/replicate_on_split.cc:32] Running replicate on split optimization
2025-06-25 23:32:32.765174: I tensorflow/core/grappler/optimizers/data/replicate_on_split.cc:32] Running replicate on split optimization
2025-06-25 23:32:32.800848: I tensorflow/core/grappler/optimizers/data/replicate_on_split.cc:32] Running replicate on split optimization
2025-06-25 23:32:32.854511: I tensorflow/core/grappler/optimizers/data/replicate_on_split.cc:32] Running replicate on split optimization
2025-06-25 23:32:32.867782: I tensorflow/core/grappler/optimizers/data/replicate_on_split.cc:32] Running replicate on split optimization
2025-06-25 23:32:32.984387: I tensorflow/core/grappler/optimizers/data/replicate_on_split.cc:32] Running replicate on split optimization
2025-06-25 23:32:33.017352: I tensorflow/core/grappler/optimizers/data/replicate_on_split.cc:32] Running replicate on split optimization
2025-06-25 23:32:33.068107: I tensorflow/core/grappler/optimizers/data/replicate_on_split.cc:32] Running replicate on split optimization
2025-06-25 23:32:33.085824: I tensorflow/core/grappler/optimizers/data/replicate_on_split.cc:32] Running replicate on split optimization
2025-06-25 23:32:33.201021: I tensorflow/core/grappler/optimizers/data/replicate_on_split.cc:32] Running replicate on split optimization
2025-06-25 23:32:33.233744: I tensorflow/core/grappler/optimizers/data/replicate_on_split.cc:32] Running replicate on split optimization
2025-06-25 23:32:33.282046: I tensorflow/core/grappler/optimizers/data/replicate_on_split.cc:32] Running replicate on split optimization
2025-06-25 23:32:33.305312: I tensorflow/core/grappler/optimizers/data/replicate_on_split.cc:32] Running replicate on split optimization
2025-06-25 23:32:33.417182: I tensorflow/core/grappler/optimizers/data/replicate_on_split.cc:32] Running replicate on split optimization
2025-06-25 23:32:33.451132: I tensorflow/core/grappler/optimizers/data/replicate_on_split.cc:32] Running replicate on split optimization
2025-06-25 23:32:33.521438: I tensorflow/core/grappler/optimizers/data/replicate_on_split.cc:32] Running replicate on split optimization
2025-06-25 23:32:33.634048: I tensorflow/core/grappler/optimizers/data/replicate_on_split.cc:32] Running replicate on split optimization
2025-06-25 23:32:33.668537: I tensorflow/core/grappler/optimizers/data/replicate_on_split.cc:32] Running replicate on split optimization
2025-06-25 23:32:33.850172: I tensorflow/core/grappler/optimizers/data/replicate_on_split.cc:32] Running replicate on split optimization
06/25 [23:32:34] INFO     | >> [*] Applying frame transforms on   dataset.py:575
                          dataset...                                            
vla_dataset len: 3056000
                 INFO     | >> [*] Saved dataset statistics    data_utils.py:293
                          file at path                                          
                          logs/openvla-7b+mikasa_mix+b16+lr-0.                  
                          0005+lora-r128+dropout-0.01--mikasa_                  
                          mix--image_aug--25-06-25_23-27-13/da                  
                          taset_statistics.json                                 
val_dataset len: 3056000, train_dataset len: 3056000
  0%|          | 0/70005 [00:00<?, ?it/s]vla_dataset len: 3056000
val_dataset len: 3056000, train_dataset len: 3056000
  0%|          | 0/70005 [00:00<?, ?it/s]vla_dataset len: 3056000
val_dataset len: 3056000, train_dataset len: 3056000
  0%|          | 0/70005 [00:00<?, ?it/s]vla_dataset len: 3056000
val_dataset len: 3056000, train_dataset len: 3056000
  0%|          | 0/70005 [00:00<?, ?it/s]WARNING: All log messages before absl::InitializeLog() is called are written to STDERR
W0000 00:00:1750890756.464970   33800 op_level_cost_estimator.cc:699] Error in PredictCost() for the op: op: "CropAndResize" attr { key: "T" value { type: DT_FLOAT } } attr { key: "extrapolation_value" value { f: 0 } } attr { key: "method" value { s: "bilinear" } } inputs { dtype: DT_FLOAT shape { dim { size: 1 } dim { size: 224 } dim { size: 224 } dim { size: -7 } } } inputs { dtype: DT_FLOAT shape { dim { size: -2 } dim { size: 4 } } } inputs { dtype: DT_INT32 shape { dim { size: -2 } } } inputs { dtype: DT_INT32 shape { dim { size: 2 } } } device { type: "CPU" vendor: "AuthenticAMD" model: "241" frequency: 2445 num_cores: 128 environment { key: "cpu_instruction_set" value: "AVX SSE, SSE2, SSE3, SSSE3, SSE4.1, SSE4.2" } environment { key: "eigen" value: "3.4.90" } l1_cache_size: 32768 l2_cache_size: 524288 l3_cache_size: 268435456 memory_size: 268435456 } outputs { dtype: DT_FLOAT shape { dim { size: -2 } dim { size: -8 } dim { size: -9 } dim { size: -7 } } }
W0000 00:00:1750890756.465536   33800 op_level_cost_estimator.cc:699] Error in PredictCost() for the op: op: "CropAndResize" attr { key: "T" value { type: DT_FLOAT } } attr { key: "extrapolation_value" value { f: 0 } } attr { key: "method" value { s: "bilinear" } } inputs { dtype: DT_FLOAT shape { dim { size: 1 } dim { size: 224 } dim { size: 224 } dim { size: -6 } } } inputs { dtype: DT_FLOAT shape { dim { size: -3 } dim { size: 4 } } } inputs { dtype: DT_INT32 shape { dim { size: -3 } } } inputs { dtype: DT_INT32 shape { dim { size: 2 } } } device { type: "CPU" vendor: "AuthenticAMD" model: "241" frequency: 2445 num_cores: 128 environment { key: "cpu_instruction_set" value: "AVX SSE, SSE2, SSE3, SSSE3, SSE4.1, SSE4.2" } environment { key: "eigen" value: "3.4.90" } l1_cache_size: 32768 l2_cache_size: 524288 l3_cache_size: 268435456 memory_size: 268435456 } outputs { dtype: DT_FLOAT shape { dim { size: -3 } dim { size: -10 } dim { size: -11 } dim { size: -6 } } }
WARNING: All log messages before absl::InitializeLog() is called are written to STDERR
W0000 00:00:1750890756.466801   33801 op_level_cost_estimator.cc:699] Error in PredictCost() for the op: op: "CropAndResize" attr { key: "T" value { type: DT_FLOAT } } attr { key: "extrapolation_value" value { f: 0 } } attr { key: "method" value { s: "bilinear" } } inputs { dtype: DT_FLOAT shape { dim { size: 1 } dim { size: 224 } dim { size: 224 } dim { size: -7 } } } inputs { dtype: DT_FLOAT shape { dim { size: -2 } dim { size: 4 } } } inputs { dtype: DT_INT32 shape { dim { size: -2 } } } inputs { dtype: DT_INT32 shape { dim { size: 2 } } } device { type: "CPU" vendor: "AuthenticAMD" model: "241" frequency: 2445 num_cores: 128 environment { key: "cpu_instruction_set" value: "AVX SSE, SSE2, SSE3, SSSE3, SSE4.1, SSE4.2" } environment { key: "eigen" value: "3.4.90" } l1_cache_size: 32768 l2_cache_size: 524288 l3_cache_size: 268435456 memory_size: 268435456 } outputs { dtype: DT_FLOAT shape { dim { size: -2 } dim { size: -8 } dim { size: -9 } dim { size: -7 } } }
W0000 00:00:1750890756.467258   33801 op_level_cost_estimator.cc:699] Error in PredictCost() for the op: op: "CropAndResize" attr { key: "T" value { type: DT_FLOAT } } attr { key: "extrapolation_value" value { f: 0 } } attr { key: "method" value { s: "bilinear" } } inputs { dtype: DT_FLOAT shape { dim { size: 1 } dim { size: 224 } dim { size: 224 } dim { size: -6 } } } inputs { dtype: DT_FLOAT shape { dim { size: -3 } dim { size: 4 } } } inputs { dtype: DT_INT32 shape { dim { size: -3 } } } inputs { dtype: DT_INT32 shape { dim { size: 2 } } } device { type: "CPU" vendor: "AuthenticAMD" model: "241" frequency: 2445 num_cores: 128 environment { key: "cpu_instruction_set" value: "AVX SSE, SSE2, SSE3, SSSE3, SSE4.1, SSE4.2" } environment { key: "eigen" value: "3.4.90" } l1_cache_size: 32768 l2_cache_size: 524288 l3_cache_size: 268435456 memory_size: 268435456 } outputs { dtype: DT_FLOAT shape { dim { size: -3 } dim { size: -10 } dim { size: -11 } dim { size: -6 } } }
WARNING: All log messages before absl::InitializeLog() is called are written to STDERR
W0000 00:00:1750890756.467848   33799 op_level_cost_estimator.cc:699] Error in PredictCost() for the op: op: "CropAndResize" attr { key: "T" value { type: DT_FLOAT } } attr { key: "extrapolation_value" value { f: 0 } } attr { key: "method" value { s: "bilinear" } } inputs { dtype: DT_FLOAT shape { dim { size: 1 } dim { size: 224 } dim { size: 224 } dim { size: -7 } } } inputs { dtype: DT_FLOAT shape { dim { size: -2 } dim { size: 4 } } } inputs { dtype: DT_INT32 shape { dim { size: -2 } } } inputs { dtype: DT_INT32 shape { dim { size: 2 } } } device { type: "CPU" vendor: "AuthenticAMD" model: "241" frequency: 2445 num_cores: 128 environment { key: "cpu_instruction_set" value: "AVX SSE, SSE2, SSE3, SSSE3, SSE4.1, SSE4.2" } environment { key: "eigen" value: "3.4.90" } l1_cache_size: 32768 l2_cache_size: 524288 l3_cache_size: 268435456 memory_size: 268435456 } outputs { dtype: DT_FLOAT shape { dim { size: -2 } dim { size: -8 } dim { size: -9 } dim { size: -7 } } }
W0000 00:00:1750890756.468404   33799 op_level_cost_estimator.cc:699] Error in PredictCost() for the op: op: "CropAndResize" attr { key: "T" value { type: DT_FLOAT } } attr { key: "extrapolation_value" value { f: 0 } } attr { key: "method" value { s: "bilinear" } } inputs { dtype: DT_FLOAT shape { dim { size: 1 } dim { size: 224 } dim { size: 224 } dim { size: -6 } } } inputs { dtype: DT_FLOAT shape { dim { size: -3 } dim { size: 4 } } } inputs { dtype: DT_INT32 shape { dim { size: -3 } } } inputs { dtype: DT_INT32 shape { dim { size: 2 } } } device { type: "CPU" vendor: "AuthenticAMD" model: "241" frequency: 2445 num_cores: 128 environment { key: "cpu_instruction_set" value: "AVX SSE, SSE2, SSE3, SSSE3, SSE4.1, SSE4.2" } environment { key: "eigen" value: "3.4.90" } l1_cache_size: 32768 l2_cache_size: 524288 l3_cache_size: 268435456 memory_size: 268435456 } outputs { dtype: DT_FLOAT shape { dim { size: -3 } dim { size: -10 } dim { size: -11 } dim { size: -6 } } }
WARNING: All log messages before absl::InitializeLog() is called are written to STDERR
W0000 00:00:1750890756.468381   33798 op_level_cost_estimator.cc:699] Error in PredictCost() for the op: op: "CropAndResize" attr { key: "T" value { type: DT_FLOAT } } attr { key: "extrapolation_value" value { f: 0 } } attr { key: "method" value { s: "bilinear" } } inputs { dtype: DT_FLOAT shape { dim { size: 1 } dim { size: 224 } dim { size: 224 } dim { size: -7 } } } inputs { dtype: DT_FLOAT shape { dim { size: -2 } dim { size: 4 } } } inputs { dtype: DT_INT32 shape { dim { size: -2 } } } inputs { dtype: DT_INT32 shape { dim { size: 2 } } } device { type: "CPU" vendor: "AuthenticAMD" model: "241" frequency: 2445 num_cores: 128 environment { key: "cpu_instruction_set" value: "AVX SSE, SSE2, SSE3, SSSE3, SSE4.1, SSE4.2" } environment { key: "eigen" value: "3.4.90" } l1_cache_size: 32768 l2_cache_size: 524288 l3_cache_size: 268435456 memory_size: 268435456 } outputs { dtype: DT_FLOAT shape { dim { size: -2 } dim { size: -8 } dim { size: -9 } dim { size: -7 } } }
W0000 00:00:1750890756.468849   33798 op_level_cost_estimator.cc:699] Error in PredictCost() for the op: op: "CropAndResize" attr { key: "T" value { type: DT_FLOAT } } attr { key: "extrapolation_value" value { f: 0 } } attr { key: "method" value { s: "bilinear" } } inputs { dtype: DT_FLOAT shape { dim { size: 1 } dim { size: 224 } dim { size: 224 } dim { size: -6 } } } inputs { dtype: DT_FLOAT shape { dim { size: -3 } dim { size: 4 } } } inputs { dtype: DT_INT32 shape { dim { size: -3 } } } inputs { dtype: DT_INT32 shape { dim { size: 2 } } } device { type: "CPU" vendor: "AuthenticAMD" model: "241" frequency: 2445 num_cores: 128 environment { key: "cpu_instruction_set" value: "AVX SSE, SSE2, SSE3, SSSE3, SSE4.1, SSE4.2" } environment { key: "eigen" value: "3.4.90" } l1_cache_size: 32768 l2_cache_size: 524288 l3_cache_size: 268435456 memory_size: 268435456 } outputs { dtype: DT_FLOAT shape { dim { size: -3 } dim { size: -10 } dim { size: -11 } dim { size: -6 } } }
  0%|          | 1/70005 [00:28<553:18:22, 28.45s/it]                                         Traceback (most recent call last):
  File "/rds/user/lz307/hpc-work/openvla/vla-scripts/finetune.py", line 648, in <module>
    finetune()
  File "/rds/user/lz307/hpc-work/openvla/.venv/lib64/python3.9/site-packages/draccus/argparsing.py", line 203, in wrapper_inner
                                         Traceback (most recent call last):
  File "/rds/user/lz307/hpc-work/openvla/vla-scripts/finetune.py", line 648, in <module>
    finetune()
  File "/rds/user/lz307/hpc-work/openvla/.venv/lib64/python3.9/site-packages/draccus/argparsing.py", line 203, in wrapper_inner
                                         Traceback (most recent call last):
  File "/rds/user/lz307/hpc-work/openvla/vla-scripts/finetune.py", line 648, in <module>
    finetune()
  File "/rds/user/lz307/hpc-work/openvla/.venv/lib64/python3.9/site-packages/draccus/argparsing.py", line 203, in wrapper_inner
        response = fn(cfg, *args, **kwargs)response = fn(cfg, *args, **kwargs)

  File "/rds/user/lz307/hpc-work/openvla/vla-scripts/finetune.py", line 536, in finetune
  File "/rds/user/lz307/hpc-work/openvla/vla-scripts/finetune.py", line 536, in finetune
    log_metrics_to_wandb(        
response = fn(cfg, *args, **kwargs)log_metrics_to_wandb(  File "/rds/user/lz307/hpc-work/openvla/vla-scripts/finetune.py", line 148, in log_metrics_to_wandb


  File "/rds/user/lz307/hpc-work/openvla/vla-scripts/finetune.py", line 536, in finetune
  File "/rds/user/lz307/hpc-work/openvla/vla-scripts/finetune.py", line 148, in log_metrics_to_wandb
    wandb_entity.log(log_dict, step=step)
  File "/rds/user/lz307/hpc-work/openvla/.venv/lib64/python3.9/site-packages/wandb/sdk/lib/preinit.py", line 36, in preinit_wrapper
    wandb_entity.log(log_dict, step=step)
  File "/rds/user/lz307/hpc-work/openvla/.venv/lib64/python3.9/site-packages/wandb/sdk/lib/preinit.py", line 36, in preinit_wrapper
    log_metrics_to_wandb(
  File "/rds/user/lz307/hpc-work/openvla/vla-scripts/finetune.py", line 148, in log_metrics_to_wandb
    wandb_entity.log(log_dict, step=step)
  File "/rds/user/lz307/hpc-work/openvla/.venv/lib64/python3.9/site-packages/wandb/sdk/lib/preinit.py", line 36, in preinit_wrapper
        raise wandb.Error(f"You must call wandb.init() before {name}()")raise wandb.Error(f"You must call wandb.init() before {name}()")

wandb.errors.errors    wandb.errors.errors.raise wandb.Error(f"You must call wandb.init() before {name}()").Error
Error: wandb.errors.errors: You must call wandb.init() before wandb.log().You must call wandb.init() before wandb.log()
Error
: You must call wandb.init() before wandb.log()
[2025-06-25 23:33:21,398] torch.distributed.elastic.multiprocessing.api: [WARNING] Sending process 33798 closing signal SIGTERM
[2025-06-25 23:33:24,223] torch.distributed.elastic.multiprocessing.api: [ERROR] failed (exitcode: 1) local_rank: 1 (pid: 33799) of binary: /rds/user/lz307/hpc-work/openvla/.venv/bin/python
Traceback (most recent call last):
  File "/rds/user/lz307/hpc-work/openvla/.venv/bin/torchrun", line 8, in <module>
    sys.exit(main())
  File "/rds/user/lz307/hpc-work/openvla/.venv/lib64/python3.9/site-packages/torch/distributed/elastic/multiprocessing/errors/__init__.py", line 347, in wrapper
    return f(*args, **kwargs)
  File "/rds/user/lz307/hpc-work/openvla/.venv/lib64/python3.9/site-packages/torch/distributed/run.py", line 812, in main
    run(args)
  File "/rds/user/lz307/hpc-work/openvla/.venv/lib64/python3.9/site-packages/torch/distributed/run.py", line 803, in run
    elastic_launch(
  File "/rds/user/lz307/hpc-work/openvla/.venv/lib64/python3.9/site-packages/torch/distributed/launcher/api.py", line 135, in __call__
    return launch_agent(self._config, self._entrypoint, list(args))
  File "/rds/user/lz307/hpc-work/openvla/.venv/lib64/python3.9/site-packages/torch/distributed/launcher/api.py", line 268, in launch_agent
    raise ChildFailedError(
torch.distributed.elastic.multiprocessing.errors.ChildFailedError: 
============================================================
vla-scripts/finetune.py FAILED
------------------------------------------------------------
Failures:
[1]:
  time      : 2025-06-25_23:33:21
  host      : gpu-q-21.data.cluster
  rank      : 2 (local_rank: 2)
  exitcode  : 1 (pid: 33800)
  error_file: <N/A>
  traceback : To enable traceback see: https://pytorch.org/docs/stable/elastic/errors.html
[2]:
  time      : 2025-06-25_23:33:21
  host      : gpu-q-21.data.cluster
  rank      : 3 (local_rank: 3)
  exitcode  : 1 (pid: 33801)
  error_file: <N/A>
  traceback : To enable traceback see: https://pytorch.org/docs/stable/elastic/errors.html
------------------------------------------------------------
Root Cause (first observed failure):
[0]:
  time      : 2025-06-25_23:33:21
  host      : gpu-q-21.data.cluster
  rank      : 1 (local_rank: 1)
  exitcode  : 1 (pid: 33799)
  error_file: <N/A>
  traceback : To enable traceback see: https://pytorch.org/docs/stable/elastic/errors.html
============================================================
