Loading rhel8/default-amp
  Loading requirement: rhel8/slurm singularity/current rhel8/global cuda/11.4
    libpciaccess/0.16/gcc-9.4.0-6fonbj6 libiconv/1.16/gcc-9.4.0-ahebbov
    libxml2/2.9.12/gcc-9.4.0-gnknt5e ncurses/6.2/gcc-9.4.0-aiirok7
    hwloc/2.5.0/gcc-9.4.0-7sqomga libevent/2.1.12/gcc-9.4.0-hgny7cm
    numactl/2.0.14/gcc-9.4.0-52dwc6n cuda/11.4.0/gcc-9.4.0-3hnxhjt
    gdrcopy/2.2/gcc-9.4.0-e4igtfp knem/1.1.4/gcc-9.4.0-bpbxgva
    libnl/3.3.0/gcc-9.4.0-whwhrwb rdma-core/34.0/gcc-9.4.0-5eo5n2u
    ucx/1.11.1/gcc-9.4.0-lktqyl4 openmpi/4.1.1/gcc-9.4.0-epagguv
Changed directory to /rds/user/lz307/hpc-work/openvla.

JobID: 11491057
======
Time: Thu 26 Jun 00:10:47 BST 2025
Running on master node: gpu-q-26
Current directory: /rds/user/lz307/hpc-work/openvla

Nodes allocated:
================
gpu-q-26

numtasks=4, numnodes=1, mpi_tasks_per_node=4 (OMP_NUM_THREADS=1)

Executing command:
==================
/home/lz307/rds/hpc-work/openvla/fine_tune_mikasa.sh 

2025-06-26 00:11:57.501571: E external/local_xla/xla/stream_executor/cuda/cuda_dnn.cc:9261] Unable to register cuDNN factory: Attempting to register factory for plugin cuDNN when one has already been registered
2025-06-26 00:11:57.501589: E external/local_xla/xla/stream_executor/cuda/cuda_dnn.cc:9261] Unable to register cuDNN factory: Attempting to register factory for plugin cuDNN when one has already been registered
2025-06-26 00:11:57.501593: E external/local_xla/xla/stream_executor/cuda/cuda_dnn.cc:9261] Unable to register cuDNN factory: Attempting to register factory for plugin cuDNN when one has already been registered
2025-06-26 00:11:57.501589: E external/local_xla/xla/stream_executor/cuda/cuda_dnn.cc:9261] Unable to register cuDNN factory: Attempting to register factory for plugin cuDNN when one has already been registered
2025-06-26 00:11:57.502315: E external/local_xla/xla/stream_executor/cuda/cuda_fft.cc:607] Unable to register cuFFT factory: Attempting to register factory for plugin cuFFT when one has already been registered
2025-06-26 00:11:57.502324: E external/local_xla/xla/stream_executor/cuda/cuda_fft.cc:607] Unable to register cuFFT factory: Attempting to register factory for plugin cuFFT when one has already been registered
2025-06-26 00:11:57.502337: E external/local_xla/xla/stream_executor/cuda/cuda_fft.cc:607] Unable to register cuFFT factory: Attempting to register factory for plugin cuFFT when one has already been registered
2025-06-26 00:11:57.502351: E external/local_xla/xla/stream_executor/cuda/cuda_fft.cc:607] Unable to register cuFFT factory: Attempting to register factory for plugin cuFFT when one has already been registered
2025-06-26 00:11:57.834031: E external/local_xla/xla/stream_executor/cuda/cuda_blas.cc:1515] Unable to register cuBLAS factory: Attempting to register factory for plugin cuBLAS when one has already been registered
2025-06-26 00:11:57.834035: E external/local_xla/xla/stream_executor/cuda/cuda_blas.cc:1515] Unable to register cuBLAS factory: Attempting to register factory for plugin cuBLAS when one has already been registered
2025-06-26 00:11:57.834047: E external/local_xla/xla/stream_executor/cuda/cuda_blas.cc:1515] Unable to register cuBLAS factory: Attempting to register factory for plugin cuBLAS when one has already been registered
2025-06-26 00:11:57.834056: E external/local_xla/xla/stream_executor/cuda/cuda_blas.cc:1515] Unable to register cuBLAS factory: Attempting to register factory for plugin cuBLAS when one has already been registered
2025-06-26 00:11:59.006609: I tensorflow/core/platform/cpu_feature_guard.cc:182] This TensorFlow binary is optimized to use available CPU instructions in performance-critical operations.
To enable the following instructions: AVX2 FMA, in other operations, rebuild TensorFlow with the appropriate compiler flags.
2025-06-26 00:11:59.006609: I tensorflow/core/platform/cpu_feature_guard.cc:182] This TensorFlow binary is optimized to use available CPU instructions in performance-critical operations.
To enable the following instructions: AVX2 FMA, in other operations, rebuild TensorFlow with the appropriate compiler flags.
2025-06-26 00:11:59.006614: I tensorflow/core/platform/cpu_feature_guard.cc:182] This TensorFlow binary is optimized to use available CPU instructions in performance-critical operations.
To enable the following instructions: AVX2 FMA, in other operations, rebuild TensorFlow with the appropriate compiler flags.
2025-06-26 00:11:59.006670: I tensorflow/core/platform/cpu_feature_guard.cc:182] This TensorFlow binary is optimized to use available CPU instructions in performance-critical operations.
To enable the following instructions: AVX2 FMA, in other operations, rebuild TensorFlow with the appropriate compiler flags.
2025-06-26 00:12:21.633082: W tensorflow/compiler/tf2tensorrt/utils/py_utils.cc:38] TF-TRT Warning: Could not find TensorRT
2025-06-26 00:12:21.633082: W tensorflow/compiler/tf2tensorrt/utils/py_utils.cc:38] TF-TRT Warning: Could not find TensorRT
2025-06-26 00:12:21.633079: W tensorflow/compiler/tf2tensorrt/utils/py_utils.cc:38] TF-TRT Warning: Could not find TensorRT
2025-06-26 00:12:21.633083: W tensorflow/compiler/tf2tensorrt/utils/py_utils.cc:38] TF-TRT Warning: Could not find TensorRT
val: 400 180 Trueval: 400 180 Trueval: 400 180 Trueval: 400 180 True



Fine-tuning OpenVLA Model `openvla/openvla-7b` on `mikasa_mix`Fine-tuning OpenVLA Model `openvla/openvla-7b` on `mikasa_mix`Fine-tuning OpenVLA Model `openvla/openvla-7b` on `mikasa_mix`


wandb: Currently logged in as: leothemagnificent (leothemagnificent-university-of-cambridge) to https://api.wandb.ai. Use `wandb login --relogin` to force relogin
wandb: Tracking run with wandb version 0.19.10
wandb: Run data is saved locally in /rds/user/lz307/hpc-work/openvla/wandb/run-20250626_001405-ekkle7xi
wandb: Run `wandb offline` to turn off syncing.
wandb: Syncing run ft+openvla-7b+mikasa_mix+b16+lr-0.0005+lora-r128+dropout-0.01--mikasa_mix--image_aug--25-06-26_00-14-04
wandb: ⭐️ View project at https://wandb.ai/leothemagnificent-university-of-cambridge/openvla-mikasa
wandb: 🚀 View run at https://wandb.ai/leothemagnificent-university-of-cambridge/openvla-mikasa/runs/ekkle7xi
Fine-tuning OpenVLA Model `openvla/openvla-7b` on `mikasa_mix`
Loading checkpoint shards:   0%|          | 0/3 [00:00<?, ?it/s]Loading checkpoint shards:   0%|          | 0/3 [00:00<?, ?it/s]Loading checkpoint shards:   0%|          | 0/3 [00:00<?, ?it/s]Loading checkpoint shards:   0%|          | 0/3 [00:00<?, ?it/s]Loading checkpoint shards:  33%|███▎      | 1/3 [00:05<00:10,  5.22s/it]Loading checkpoint shards:  33%|███▎      | 1/3 [00:05<00:10,  5.22s/it]Loading checkpoint shards:  33%|███▎      | 1/3 [00:05<00:10,  5.23s/it]Loading checkpoint shards:  33%|███▎      | 1/3 [00:05<00:10,  5.24s/it]Loading checkpoint shards:  67%|██████▋   | 2/3 [00:06<00:03,  3.12s/it]Loading checkpoint shards:  67%|██████▋   | 2/3 [00:06<00:03,  3.13s/it]Loading checkpoint shards:  67%|██████▋   | 2/3 [00:06<00:03,  3.13s/it]Loading checkpoint shards:  67%|██████▋   | 2/3 [00:06<00:03,  3.13s/it]Loading checkpoint shards: 100%|██████████| 3/3 [00:07<00:00,  1.86s/it]Loading checkpoint shards: 100%|██████████| 3/3 [00:07<00:00,  2.41s/it]
Loading checkpoint shards: 100%|██████████| 3/3 [00:07<00:00,  1.86s/it]Loading checkpoint shards: 100%|██████████| 3/3 [00:07<00:00,  1.86s/it]Loading checkpoint shards: 100%|██████████| 3/3 [00:07<00:00,  2.41s/it]
Loading checkpoint shards: 100%|██████████| 3/3 [00:07<00:00,  2.41s/it]
Loading checkpoint shards: 100%|██████████| 3/3 [00:07<00:00,  1.86s/it]Loading checkpoint shards: 100%|██████████| 3/3 [00:07<00:00,  2.42s/it]
trainable params: 443,313,152 || all params: 7,984,550,336 || trainable%: 5.5521
trainable params: 443,313,152 || all params: 7,984,550,336 || trainable%: 5.5521
trainable params: 443,313,152 || all params: 7,984,550,336 || trainable%: 5.5521
trainable params: 443,313,152 || all params: 7,984,550,336 || trainable%: 5.5521
build dataset `data`build dataset `data`
self.data_root_dir data
self.data_root_dir data
OXE_DATASET_CONFIGS 
{'image_obs_keys': {'primary': 'image', 'secondary': None, 'wrist': None}, 'depth_obs_keys': {'primary': None, 'secondary': None, 'wrist': None}, 'state_obs_keys': ['state'], 'state_encoding': <StateEncoding.POS_EULER: 1>, 'action_encoding': <ActionEncoding.EEF_POS: 1>}build dataset `data`

self.data_root_dirOXE_DATASET_CONFIGSself.data_root_dir   {'image_obs_keys': {'primary': 'image', 'secondary': None, 'wrist': None}, 'depth_obs_keys': {'primary': None, 'secondary': None, 'wrist': None}, 'state_obs_keys': ['state'], 'state_encoding': <StateEncoding.POS_EULER: 1>, 'action_encoding': <ActionEncoding.EEF_POS: 1>}data
data
OXE_DATASET_CONFIGSself.data_root_dir 
 {'image_obs_keys': {'primary': 'image', 'secondary': None, 'wrist': None}, 'depth_obs_keys': {'primary': None, 'secondary': None, 'wrist': None}, 'state_obs_keys': ['state'], 'state_encoding': <StateEncoding.POS_EULER: 1>, 'action_encoding': <ActionEncoding.EEF_POS: 1>}data
self.data_root_dirOXE_DATASET_CONFIGS
  {'image_obs_keys': {'primary': 'image', 'secondary': None, 'wrist': None}, 'depth_obs_keys': {'primary': None, 'secondary': None, 'wrist': None}, 'state_obs_keys': ['state'], 'state_encoding': <StateEncoding.POS_EULER: 1>, 'action_encoding': <ActionEncoding.EEF_POS: 1>}OXE_DATASET_CONFIGS
 dataOXE_DATASET_CONFIGS{'image_obs_keys': {'primary': 'image', 'secondary': None, 'wrist': None}, 'depth_obs_keys': {'primary': None, 'secondary': None, 'wrist': None}, 'state_obs_keys': ['state'], 'state_encoding': <StateEncoding.POS_EULER: 1>, 'action_encoding': <ActionEncoding.EEF_POS: 1>} 

{'image_obs_keys': {'primary': 'image', 'secondary': None, 'wrist': None}, 'depth_obs_keys': {'primary': None, 'secondary': None, 'wrist': None}, 'state_obs_keys': ['state'], 'state_encoding': <StateEncoding.POS_EULER: 1>, 'action_encoding': <ActionEncoding.EEF_POS: 1>}
OXE_DATASET_CONFIGSOXE_DATASET_CONFIGS OXE_DATASET_CONFIGS{'image_obs_keys': {'primary': 'image', 'secondary': None, 'wrist': None}, 'depth_obs_keys': {'primary': None, 'secondary': None, 'wrist': None}, 'state_obs_keys': ['state'], 'state_encoding': <StateEncoding.POS_EULER: 1>, 'action_encoding': <ActionEncoding.EEF_POS: 1>}  
{'image_obs_keys': {'primary': 'image', 'secondary': None, 'wrist': None}, 'depth_obs_keys': {'primary': None, 'secondary': None, 'wrist': None}, 'state_obs_keys': ['state'], 'state_encoding': <StateEncoding.POS_EULER: 1>, 'action_encoding': <ActionEncoding.EEF_POS: 1>}
OXE_DATASET_CONFIGS {'image_obs_keys': {'primary': 'image', 'secondary': None, 'wrist': None}, 'depth_obs_keys': {'primary': None, 'secondary': None, 'wrist': None}, 'state_obs_keys': ['state'], 'state_encoding': <StateEncoding.POS_EULER: 1>, 'action_encoding': <ActionEncoding.EEF_POS: 1>}OXE_DATASET_CONFIGS{'image_obs_keys': {'primary': 'image', 'secondary': None, 'wrist': None}, 'depth_obs_keys': {'primary': None, 'secondary': None, 'wrist': None}, 'state_obs_keys': ['state'], 'state_encoding': <StateEncoding.POS_EULER: 1>, 'action_encoding': <ActionEncoding.EEF_POS: 1>} 

{'image_obs_keys': {'primary': 'image', 'secondary': None, 'wrist': None}, 'depth_obs_keys': {'primary': None, 'secondary': None, 'wrist': None}, 'state_obs_keys': ['state'], 'state_encoding': <StateEncoding.POS_EULER: 1>, 'action_encoding': <ActionEncoding.EEF_POS: 1>}OXE_DATASET_CONFIGS
 {'image_obs_keys': {'primary': 'image', 'secondary': None, 'wrist': None}, 'depth_obs_keys': {'primary': None, 'secondary': None, 'wrist': None}, 'state_obs_keys': ['state'], 'state_encoding': <StateEncoding.POS_EULER: 1>, 'action_encoding': <ActionEncoding.EEF_POS: 1>}OXE_DATASET_CONFIGS
OXE_DATASET_CONFIGS OXE_DATASET_CONFIGS{'image_obs_keys': {'primary': 'image', 'secondary': None, 'wrist': None}, 'depth_obs_keys': {'primary': None, 'secondary': None, 'wrist': None}, 'state_obs_keys': ['state'], 'state_encoding': <StateEncoding.POS_EULER: 1>, 'action_encoding': <ActionEncoding.EEF_POS: 1>}  
{'image_obs_keys': {'primary': 'image', 'secondary': None, 'wrist': None}, 'depth_obs_keys': {'primary': None, 'secondary': None, 'wrist': None}, 'state_obs_keys': ['state'], 'state_encoding': <StateEncoding.POS_EULER: 1>, 'action_encoding': <ActionEncoding.EEF_POS: 1>}
OXE_DATASET_CONFIGS{'image_obs_keys': {'primary': 'image', 'secondary': None, 'wrist': None}, 'depth_obs_keys': {'primary': None, 'secondary': None, 'wrist': None}, 'state_obs_keys': ['state'], 'state_encoding': <StateEncoding.POS_EULER: 1>, 'action_encoding': <ActionEncoding.EEF_POS: 1>} OXE_DATASET_CONFIGS{'image_obs_keys': {'primary': 'image', 'secondary': None, 'wrist': None}, 'depth_obs_keys': {'primary': None, 'secondary': None, 'wrist': None}, 'state_obs_keys': ['state'], 'state_encoding': <StateEncoding.POS_EULER: 1>, 'action_encoding': <ActionEncoding.EEF_POS: 1>} 

{'image_obs_keys': {'primary': 'image', 'secondary': None, 'wrist': None}, 'depth_obs_keys': {'primary': None, 'secondary': None, 'wrist': None}, 'state_obs_keys': ['state'], 'state_encoding': <StateEncoding.POS_EULER: 1>, 'action_encoding': <ActionEncoding.EEF_POS: 1>}
OXE_DATASET_CONFIGS OXE_DATASET_CONFIGSOXE_DATASET_CONFIGS{'image_obs_keys': {'primary': 'image', 'secondary': None, 'wrist': None}, 'depth_obs_keys': {'primary': None, 'secondary': None, 'wrist': None}, 'state_obs_keys': ['state'], 'state_encoding': <StateEncoding.POS_EULER: 1>, 'action_encoding': <ActionEncoding.EEF_POS: 1>} 
{'image_obs_keys': {'primary': 'image', 'secondary': None, 'wrist': None}, 'depth_obs_keys': {'primary': None, 'secondary': None, 'wrist': None}, 'state_obs_keys': ['state'], 'state_encoding': <StateEncoding.POS_EULER: 1>, 'action_encoding': <ActionEncoding.EEF_POS: 1>} 
OXE_DATASET_CONFIGS OXE_DATASET_CONFIGS{'image_obs_keys': {'primary': 'image', 'secondary': None, 'wrist': None}, 'depth_obs_keys': {'primary': None, 'secondary': None, 'wrist': None}, 'state_obs_keys': ['state'], 'state_encoding': <StateEncoding.POS_EULER: 1>, 'action_encoding': <ActionEncoding.EEF_POS: 1>}{'image_obs_keys': {'primary': 'image', 'secondary': None, 'wrist': None}, 'depth_obs_keys': {'primary': None, 'secondary': None, 'wrist': None}, 'state_obs_keys': ['state'], 'state_encoding': <StateEncoding.POS_EULER: 1>, 'action_encoding': <ActionEncoding.EEF_POS: 1>} 
{'image_obs_keys': {'primary': 'image', 'secondary': None, 'wrist': None}, 'depth_obs_keys': {'primary': None, 'secondary': None, 'wrist': None}, 'state_obs_keys': ['state'], 'state_encoding': <StateEncoding.POS_EULER: 1>, 'action_encoding': <ActionEncoding.EEF_POS: 1>}

OXE_DATASET_CONFIGS OXE_DATASET_CONFIGS{'image_obs_keys': {'primary': 'image', 'secondary': None, 'wrist': None}, 'depth_obs_keys': {'primary': None, 'secondary': None, 'wrist': None}, 'state_obs_keys': ['state'], 'state_encoding': <StateEncoding.POS_EULER: 1>, 'action_encoding': <ActionEncoding.EEF_POS: 1>} OXE_DATASET_CONFIGS
{'image_obs_keys': {'primary': 'image', 'secondary': None, 'wrist': None}, 'depth_obs_keys': {'primary': None, 'secondary': None, 'wrist': None}, 'state_obs_keys': ['state'], 'state_encoding': <StateEncoding.POS_EULER: 1>, 'action_encoding': <ActionEncoding.EEF_POS: 1>}
OXE_DATASET_CONFIGS  OXE_DATASET_CONFIGS{'image_obs_keys': {'primary': 'image', 'secondary': None, 'wrist': None}, 'depth_obs_keys': {'primary': None, 'secondary': None, 'wrist': None}, 'state_obs_keys': ['state'], 'state_encoding': <StateEncoding.POS_EULER: 1>, 'action_encoding': <ActionEncoding.EEF_POS: 1>} {'image_obs_keys': {'primary': 'image', 'secondary': None, 'wrist': None}, 'depth_obs_keys': {'primary': None, 'secondary': None, 'wrist': None}, 'state_obs_keys': ['state'], 'state_encoding': <StateEncoding.POS_EULER: 1>, 'action_encoding': <ActionEncoding.EEF_POS: 1>}
{'image_obs_keys': {'primary': 'image', 'secondary': None, 'wrist': None}, 'depth_obs_keys': {'primary': None, 'secondary': None, 'wrist': None}, 'state_obs_keys': ['state'], 'state_encoding': <StateEncoding.POS_EULER: 1>, 'action_encoding': <ActionEncoding.EEF_POS: 1>}
OXE_DATASET_CONFIGS
 OXE_DATASET_CONFIGS{'image_obs_keys': {'primary': 'image', 'secondary': None, 'wrist': None}, 'depth_obs_keys': {'primary': None, 'secondary': None, 'wrist': None}, 'state_obs_keys': ['state'], 'state_encoding': <StateEncoding.POS_EULER: 1>, 'action_encoding': <ActionEncoding.EEF_POS: 1>} 
OXE_DATASET_CONFIGS{'image_obs_keys': {'primary': 'image', 'secondary': None, 'wrist': None}, 'depth_obs_keys': {'primary': None, 'secondary': None, 'wrist': None}, 'state_obs_keys': ['state'], 'state_encoding': <StateEncoding.POS_EULER: 1>, 'action_encoding': <ActionEncoding.EEF_POS: 1>}OXE_DATASET_CONFIGS
  {'image_obs_keys': {'primary': 'image', 'secondary': None, 'wrist': None}, 'depth_obs_keys': {'primary': None, 'secondary': None, 'wrist': None}, 'state_obs_keys': ['state'], 'state_encoding': <StateEncoding.POS_EULER: 1>, 'action_encoding': <ActionEncoding.EEF_POS: 1>}OXE_DATASET_CONFIGS
 {'image_obs_keys': {'primary': 'image', 'secondary': None, 'wrist': None}, 'depth_obs_keys': {'primary': None, 'secondary': None, 'wrist': None}, 'state_obs_keys': ['state'], 'state_encoding': <StateEncoding.POS_EULER: 1>, 'action_encoding': <ActionEncoding.EEF_POS: 1>}{'image_obs_keys': {'primary': 'image', 'secondary': None, 'wrist': None}, 'depth_obs_keys': {'primary': None, 'secondary': None, 'wrist': None}, 'state_obs_keys': ['state'], 'state_encoding': <StateEncoding.POS_EULER: 1>, 'action_encoding': <ActionEncoding.EEF_POS: 1>}OXE_DATASET_CONFIGS
 
{'image_obs_keys': {'primary': 'image', 'secondary': None, 'wrist': None}, 'depth_obs_keys': {'primary': None, 'secondary': None, 'wrist': None}, 'state_obs_keys': ['state'], 'state_encoding': <StateEncoding.POS_EULER: 1>, 'action_encoding': <ActionEncoding.EEF_POS: 1>}OXE_DATASET_CONFIGS
 OXE_DATASET_CONFIGS{'image_obs_keys': {'primary': 'image', 'secondary': None, 'wrist': None}, 'depth_obs_keys': {'primary': None, 'secondary': None, 'wrist': None}, 'state_obs_keys': ['state'], 'state_encoding': <StateEncoding.POS_EULER: 1>, 'action_encoding': <ActionEncoding.EEF_POS: 1>}OXE_DATASET_CONFIGS
  {'image_obs_keys': {'primary': 'image', 'secondary': None, 'wrist': None}, 'depth_obs_keys': {'primary': None, 'secondary': None, 'wrist': None}, 'state_obs_keys': ['state'], 'state_encoding': <StateEncoding.POS_EULER: 1>, 'action_encoding': <ActionEncoding.EEF_POS: 1>}OXE_DATASET_CONFIGS
 {'image_obs_keys': {'primary': 'image', 'secondary': None, 'wrist': None}, 'depth_obs_keys': {'primary': None, 'secondary': None, 'wrist': None}, 'state_obs_keys': ['state'], 'state_encoding': <StateEncoding.POS_EULER: 1>, 'action_encoding': <ActionEncoding.EEF_POS: 1>}{'image_obs_keys': {'primary': 'image', 'secondary': None, 'wrist': None}, 'depth_obs_keys': {'primary': None, 'secondary': None, 'wrist': None}, 'state_obs_keys': ['state'], 'state_encoding': <StateEncoding.POS_EULER: 1>, 'action_encoding': <ActionEncoding.EEF_POS: 1>}OXE_DATASET_CONFIGS
 
{'image_obs_keys': {'primary': 'image', 'secondary': None, 'wrist': None}, 'depth_obs_keys': {'primary': None, 'secondary': None, 'wrist': None}, 'state_obs_keys': ['state'], 'state_encoding': <StateEncoding.POS_EULER: 1>, 'action_encoding': <ActionEncoding.EEF_POS: 1>}OXE_DATASET_CONFIGS
 OXE_DATASET_CONFIGS{'image_obs_keys': {'primary': 'image', 'secondary': None, 'wrist': None}, 'depth_obs_keys': {'primary': None, 'secondary': None, 'wrist': None}, 'state_obs_keys': ['state'], 'state_encoding': <StateEncoding.POS_EULER: 1>, 'action_encoding': <ActionEncoding.EEF_POS: 1>}OXE_DATASET_CONFIGS
  {'image_obs_keys': {'primary': 'image', 'secondary': None, 'wrist': None}, 'depth_obs_keys': {'primary': None, 'secondary': None, 'wrist': None}, 'state_obs_keys': ['state'], 'state_encoding': <StateEncoding.POS_EULER: 1>, 'action_encoding': <ActionEncoding.EEF_POS: 1>}OXE_DATASET_CONFIGS
 {'image_obs_keys': {'primary': 'image', 'secondary': None, 'wrist': None}, 'depth_obs_keys': {'primary': None, 'secondary': None, 'wrist': None}, 'state_obs_keys': ['state'], 'state_encoding': <StateEncoding.POS_EULER: 1>, 'action_encoding': <ActionEncoding.EEF_POS: 1>}{'image_obs_keys': {'primary': 'image', 'secondary': None, 'wrist': None}, 'depth_obs_keys': {'primary': None, 'secondary': None, 'wrist': None}, 'state_obs_keys': ['state'], 'state_encoding': <StateEncoding.POS_EULER: 1>, 'action_encoding': <ActionEncoding.EEF_POS: 1>}OXE_DATASET_CONFIGS

 OXE_DATASET_CONFIGS{'image_obs_keys': {'primary': 'image', 'secondary': None, 'wrist': None}, 'depth_obs_keys': {'primary': None, 'secondary': None, 'wrist': None}, 'state_obs_keys': ['state'], 'state_encoding': <StateEncoding.POS_EULER: 1>, 'action_encoding': <ActionEncoding.EEF_POS: 1>} 
OXE_DATASET_CONFIGS{'image_obs_keys': {'primary': 'image', 'secondary': None, 'wrist': None}, 'depth_obs_keys': {'primary': None, 'secondary': None, 'wrist': None}, 'state_obs_keys': ['state'], 'state_encoding': <StateEncoding.POS_EULER: 1>, 'action_encoding': <ActionEncoding.EEF_POS: 1>}OXE_DATASET_CONFIGS
  {'image_obs_keys': {'primary': 'image', 'secondary': None, 'wrist': None}, 'depth_obs_keys': {'primary': None, 'secondary': None, 'wrist': None}, 'state_obs_keys': ['state'], 'state_encoding': <StateEncoding.POS_EULER: 1>, 'action_encoding': <ActionEncoding.EEF_POS: 1>}OXE_DATASET_CONFIGS
 {'image_obs_keys': {'primary': 'image', 'secondary': None, 'wrist': None}, 'depth_obs_keys': {'primary': None, 'secondary': None, 'wrist': None}, 'state_obs_keys': ['state'], 'state_encoding': <StateEncoding.POS_EULER: 1>, 'action_encoding': <ActionEncoding.EEF_POS: 1>}{'image_obs_keys': {'primary': 'image', 'secondary': None, 'wrist': None}, 'depth_obs_keys': {'primary': None, 'secondary': None, 'wrist': None}, 'state_obs_keys': ['state'], 'state_encoding': <StateEncoding.POS_EULER: 1>, 'action_encoding': <ActionEncoding.EEF_POS: 1>}OXE_DATASET_CONFIGS
 
{'image_obs_keys': {'primary': 'image', 'secondary': None, 'wrist': None}, 'depth_obs_keys': {'primary': None, 'secondary': None, 'wrist': None}, 'state_obs_keys': ['state'], 'state_encoding': <StateEncoding.POS_EULER: 1>, 'action_encoding': <ActionEncoding.EEF_POS: 1>}OXE_DATASET_CONFIGS
 OXE_DATASET_CONFIGS{'image_obs_keys': {'primary': 'image', 'secondary': None, 'wrist': None}, 'depth_obs_keys': {'primary': None, 'secondary': None, 'wrist': None}, 'state_obs_keys': ['state'], 'state_encoding': <StateEncoding.POS_EULER: 1>, 'action_encoding': <ActionEncoding.EEF_POS: 1>}OXE_DATASET_CONFIGS
  {'image_obs_keys': {'primary': 'image', 'secondary': None, 'wrist': None}, 'depth_obs_keys': {'primary': None, 'secondary': None, 'wrist': None}, 'state_obs_keys': ['state'], 'state_encoding': <StateEncoding.POS_EULER: 1>, 'action_encoding': <ActionEncoding.EEF_POS: 1>}OXE_DATASET_CONFIGS
 {'image_obs_keys': {'primary': 'image', 'secondary': None, 'wrist': None}, 'depth_obs_keys': {'primary': None, 'secondary': None, 'wrist': None}, 'state_obs_keys': ['state'], 'state_encoding': <StateEncoding.POS_EULER: 1>, 'action_encoding': <ActionEncoding.EEF_POS: 1>}{'image_obs_keys': {'primary': 'image', 'secondary': None, 'wrist': None}, 'depth_obs_keys': {'primary': None, 'secondary': None, 'wrist': None}, 'state_obs_keys': ['state'], 'state_encoding': <StateEncoding.POS_EULER: 1>, 'action_encoding': <ActionEncoding.EEF_POS: 1>}OXE_DATASET_CONFIGS
 
{'image_obs_keys': {'primary': 'image', 'secondary': None, 'wrist': None}, 'depth_obs_keys': {'primary': None, 'secondary': None, 'wrist': None}, 'state_obs_keys': ['state'], 'state_encoding': <StateEncoding.POS_EULER: 1>, 'action_encoding': <ActionEncoding.EEF_POS: 1>}OXE_DATASET_CONFIGS
 OXE_DATASET_CONFIGS{'image_obs_keys': {'primary': 'image', 'secondary': None, 'wrist': None}, 'depth_obs_keys': {'primary': None, 'secondary': None, 'wrist': None}, 'state_obs_keys': ['state'], 'state_encoding': <StateEncoding.POS_EULER: 1>, 'action_encoding': <ActionEncoding.EEF_POS: 1>}OXE_DATASET_CONFIGS
  {'image_obs_keys': {'primary': 'image', 'secondary': None, 'wrist': None}, 'depth_obs_keys': {'primary': None, 'secondary': None, 'wrist': None}, 'state_obs_keys': ['state'], 'state_encoding': <StateEncoding.POS_EULER: 1>, 'action_encoding': <ActionEncoding.EEF_POS: 1>}OXE_DATASET_CONFIGS
 {'image_obs_keys': {'primary': 'image', 'secondary': None, 'wrist': None}, 'depth_obs_keys': {'primary': None, 'secondary': None, 'wrist': None}, 'state_obs_keys': ['state'], 'state_encoding': <StateEncoding.POS_EULER: 1>, 'action_encoding': <ActionEncoding.EEF_POS: 1>}{'image_obs_keys': {'primary': 'image', 'secondary': None, 'wrist': None}, 'depth_obs_keys': {'primary': None, 'secondary': None, 'wrist': None}, 'state_obs_keys': ['state'], 'state_encoding': <StateEncoding.POS_EULER: 1>, 'action_encoding': <ActionEncoding.EEF_POS: 1>}OXE_DATASET_CONFIGS
 
{'image_obs_keys': {'primary': 'image', 'secondary': None, 'wrist': None}, 'depth_obs_keys': {'primary': None, 'secondary': None, 'wrist': None}, 'state_obs_keys': ['state'], 'state_encoding': <StateEncoding.POS_EULER: 1>, 'action_encoding': <ActionEncoding.EEF_POS: 1>}OXE_DATASET_CONFIGS
 OXE_DATASET_CONFIGS{'image_obs_keys': {'primary': 'image', 'secondary': None, 'wrist': None}, 'depth_obs_keys': {'primary': None, 'secondary': None, 'wrist': None}, 'state_obs_keys': ['state'], 'state_encoding': <StateEncoding.POS_EULER: 1>, 'action_encoding': <ActionEncoding.EEF_POS: 1>}OXE_DATASET_CONFIGS
  {'image_obs_keys': {'primary': 'image', 'secondary': None, 'wrist': None}, 'depth_obs_keys': {'primary': None, 'secondary': None, 'wrist': None}, 'state_obs_keys': ['state'], 'state_encoding': <StateEncoding.POS_EULER: 1>, 'action_encoding': <ActionEncoding.EEF_POS: 1>}OXE_DATASET_CONFIGS
 {'image_obs_keys': {'primary': 'image', 'secondary': None, 'wrist': None}, 'depth_obs_keys': {'primary': None, 'secondary': None, 'wrist': None}, 'state_obs_keys': ['state'], 'state_encoding': <StateEncoding.POS_EULER: 1>, 'action_encoding': <ActionEncoding.EEF_POS: 1>}{'image_obs_keys': {'primary': 'image', 'secondary': None, 'wrist': None}, 'depth_obs_keys': {'primary': None, 'secondary': None, 'wrist': None}, 'state_obs_keys': ['state'], 'state_encoding': <StateEncoding.POS_EULER: 1>, 'action_encoding': <ActionEncoding.EEF_POS: 1>}OXE_DATASET_CONFIGS
 
{'image_obs_keys': {'primary': 'image', 'secondary': None, 'wrist': None}, 'depth_obs_keys': {'primary': None, 'secondary': None, 'wrist': None}, 'state_obs_keys': ['state'], 'state_encoding': <StateEncoding.POS_EULER: 1>, 'action_encoding': <ActionEncoding.EEF_POS: 1>}OXE_DATASET_CONFIGS
 OXE_DATASET_CONFIGS{'image_obs_keys': {'primary': 'image', 'secondary': None, 'wrist': None}, 'depth_obs_keys': {'primary': None, 'secondary': None, 'wrist': None}, 'state_obs_keys': ['state'], 'state_encoding': <StateEncoding.POS_EULER: 1>, 'action_encoding': <ActionEncoding.EEF_POS: 1>}OXE_DATASET_CONFIGS
  {'image_obs_keys': {'primary': 'image', 'secondary': None, 'wrist': None}, 'depth_obs_keys': {'primary': None, 'secondary': None, 'wrist': None}, 'state_obs_keys': ['state'], 'state_encoding': <StateEncoding.POS_EULER: 1>, 'action_encoding': <ActionEncoding.EEF_POS: 1>}OXE_DATASET_CONFIGS
 {'image_obs_keys': {'primary': 'image', 'secondary': None, 'wrist': None}, 'depth_obs_keys': {'primary': None, 'secondary': None, 'wrist': None}, 'state_obs_keys': ['state'], 'state_encoding': <StateEncoding.POS_EULER: 1>, 'action_encoding': <ActionEncoding.EEF_POS: 1>}{'image_obs_keys': {'primary': 'image', 'secondary': None, 'wrist': None}, 'depth_obs_keys': {'primary': None, 'secondary': None, 'wrist': None}, 'state_obs_keys': ['state'], 'state_encoding': <StateEncoding.POS_EULER: 1>, 'action_encoding': <ActionEncoding.EEF_POS: 1>}OXE_DATASET_CONFIGS
 
{'image_obs_keys': {'primary': 'image', 'secondary': None, 'wrist': None}, 'depth_obs_keys': {'primary': None, 'secondary': None, 'wrist': None}, 'state_obs_keys': ['state'], 'state_encoding': <StateEncoding.POS_EULER: 1>, 'action_encoding': <ActionEncoding.EEF_POS: 1>}OXE_DATASET_CONFIGS
 OXE_DATASET_CONFIGS{'image_obs_keys': {'primary': 'image', 'secondary': None, 'wrist': None}, 'depth_obs_keys': {'primary': None, 'secondary': None, 'wrist': None}, 'state_obs_keys': ['state'], 'state_encoding': <StateEncoding.POS_EULER: 1>, 'action_encoding': <ActionEncoding.EEF_POS: 1>}OXE_DATASET_CONFIGS
  {'image_obs_keys': {'primary': 'image', 'secondary': None, 'wrist': None}, 'depth_obs_keys': {'primary': None, 'secondary': None, 'wrist': None}, 'state_obs_keys': ['state'], 'state_encoding': <StateEncoding.POS_EULER: 1>, 'action_encoding': <ActionEncoding.EEF_POS: 1>}OXE_DATASET_CONFIGS
{'image_obs_keys': {'primary': 'image', 'secondary': None, 'wrist': None}, 'depth_obs_keys': {'primary': None, 'secondary': None, 'wrist': None}, 'state_obs_keys': ['state'], 'state_encoding': <StateEncoding.POS_EULER: 1>, 'action_encoding': <ActionEncoding.EEF_POS: 1>} OXE_DATASET_CONFIGS{'image_obs_keys': {'primary': 'image', 'secondary': None, 'wrist': None}, 'depth_obs_keys': {'primary': None, 'secondary': None, 'wrist': None}, 'state_obs_keys': ['state'], 'state_encoding': <StateEncoding.POS_EULER: 1>, 'action_encoding': <ActionEncoding.EEF_POS: 1>} 

{'image_obs_keys': {'primary': 'image', 'secondary': None, 'wrist': None}, 'depth_obs_keys': {'primary': None, 'secondary': None, 'wrist': None}, 'state_obs_keys': ['state'], 'state_encoding': <StateEncoding.POS_EULER: 1>, 'action_encoding': <ActionEncoding.EEF_POS: 1>}
OXE_DATASET_CONFIGS OXE_DATASET_CONFIGSOXE_DATASET_CONFIGS{'image_obs_keys': {'primary': 'image', 'secondary': None, 'wrist': None}, 'depth_obs_keys': {'primary': None, 'secondary': None, 'wrist': None}, 'state_obs_keys': ['state'], 'state_encoding': <StateEncoding.POS_EULER: 1>, 'action_encoding': <ActionEncoding.EEF_POS: 1>} 
 {'image_obs_keys': {'primary': 'image', 'secondary': None, 'wrist': None}, 'depth_obs_keys': {'primary': None, 'secondary': None, 'wrist': None}, 'state_obs_keys': ['state'], 'state_encoding': <StateEncoding.POS_EULER: 1>, 'action_encoding': <ActionEncoding.EEF_POS: 1>}OXE_DATASET_CONFIGS
 {'image_obs_keys': {'primary': 'image', 'secondary': None, 'wrist': None}, 'depth_obs_keys': {'primary': None, 'secondary': None, 'wrist': None}, 'state_obs_keys': ['state'], 'state_encoding': <StateEncoding.POS_EULER: 1>, 'action_encoding': <ActionEncoding.EEF_POS: 1>}{'image_obs_keys': {'primary': 'image', 'secondary': None, 'wrist': None}, 'depth_obs_keys': {'primary': None, 'secondary': None, 'wrist': None}, 'state_obs_keys': ['state'], 'state_encoding': <StateEncoding.POS_EULER: 1>, 'action_encoding': <ActionEncoding.EEF_POS: 1>}OXE_DATASET_CONFIGS
 
{'image_obs_keys': {'primary': 'image', 'secondary': None, 'wrist': None}, 'depth_obs_keys': {'primary': None, 'secondary': None, 'wrist': None}, 'state_obs_keys': ['state'], 'state_encoding': <StateEncoding.POS_EULER: 1>, 'action_encoding': <ActionEncoding.EEF_POS: 1>}self.data_root_dir
 OXE_DATASET_CONFIGSdataOXE_DATASET_CONFIGS
  {'image_obs_keys': {'primary': 'image', 'secondary': None, 'wrist': None}, 'depth_obs_keys': {'primary': None, 'secondary': None, 'wrist': None}, 'state_obs_keys': ['state'], 'state_encoding': <StateEncoding.POS_EULER: 1>, 'action_encoding': <ActionEncoding.EEF_POS: 1>}
{'image_obs_keys': {'primary': 'image', 'secondary': None, 'wrist': None}, 'depth_obs_keys': {'primary': None, 'secondary': None, 'wrist': None}, 'state_obs_keys': ['state'], 'state_encoding': <StateEncoding.POS_EULER: 1>, 'action_encoding': <ActionEncoding.EEF_POS: 1>}OXE_DATASET_CONFIGS {'image_obs_keys': {'primary': 'image', 'secondary': None, 'wrist': None}, 'depth_obs_keys': {'primary': None, 'secondary': None, 'wrist': None}, 'state_obs_keys': ['state'], 'state_encoding': <StateEncoding.POS_EULER: 1>, 'action_encoding': <ActionEncoding.EEF_POS: 1>}

OXE_DATASET_CONFIGS {'image_obs_keys': {'primary': 'image', 'secondary': None, 'wrist': None}, 'depth_obs_keys': {'primary': None, 'secondary': None, 'wrist': None}, 'state_obs_keys': ['state'], 'state_encoding': <StateEncoding.POS_EULER: 1>, 'action_encoding': <ActionEncoding.EEF_POS: 1>}OXE_DATASET_CONFIGS
build dataset `data`OXE_DATASET_CONFIGS 
 {'image_obs_keys': {'primary': 'image', 'secondary': None, 'wrist': None}, 'depth_obs_keys': {'primary': None, 'secondary': None, 'wrist': None}, 'state_obs_keys': ['state'], 'state_encoding': <StateEncoding.POS_EULER: 1>, 'action_encoding': <ActionEncoding.EEF_POS: 1>}
{'image_obs_keys': {'primary': 'image', 'secondary': None, 'wrist': None}, 'depth_obs_keys': {'primary': None, 'secondary': None, 'wrist': None}, 'state_obs_keys': ['state'], 'state_encoding': <StateEncoding.POS_EULER: 1>, 'action_encoding': <ActionEncoding.EEF_POS: 1>}self.data_root_dirself.data_root_dir 
 datadata

OXE_DATASET_CONFIGSself.data_root_dir data
 OXE_DATASET_CONFIGS {'image_obs_keys': {'primary': 'image', 'secondary': None, 'wrist': None}, 'depth_obs_keys': {'primary': None, 'secondary': None, 'wrist': None}, 'state_obs_keys': ['state'], 'state_encoding': <StateEncoding.POS_EULER: 1>, 'action_encoding': <ActionEncoding.EEF_POS: 1>}{'image_obs_keys': {'primary': 'image', 'secondary': None, 'wrist': None}, 'depth_obs_keys': {'primary': None, 'secondary': None, 'wrist': None}, 'state_obs_keys': ['state'], 'state_encoding': <StateEncoding.POS_EULER: 1>, 'action_encoding': <ActionEncoding.EEF_POS: 1>}

OXE_DATASET_CONFIGSOXE_DATASET_CONFIGS {'image_obs_keys': {'primary': 'image', 'secondary': None, 'wrist': None}, 'depth_obs_keys': {'primary': None, 'secondary': None, 'wrist': None}, 'state_obs_keys': ['state'], 'state_encoding': <StateEncoding.POS_EULER: 1>, 'action_encoding': <ActionEncoding.EEF_POS: 1>}
 OXE_DATASET_CONFIGS {'image_obs_keys': {'primary': 'image', 'secondary': None, 'wrist': None}, 'depth_obs_keys': {'primary': None, 'secondary': None, 'wrist': None}, 'state_obs_keys': ['state'], 'state_encoding': <StateEncoding.POS_EULER: 1>, 'action_encoding': <ActionEncoding.EEF_POS: 1>}{'image_obs_keys': {'primary': 'image', 'secondary': None, 'wrist': None}, 'depth_obs_keys': {'primary': None, 'secondary': None, 'wrist': None}, 'state_obs_keys': ['state'], 'state_encoding': <StateEncoding.POS_EULER: 1>, 'action_encoding': <ActionEncoding.EEF_POS: 1>}

OXE_DATASET_CONFIGS {'image_obs_keys': {'primary': 'image', 'secondary': None, 'wrist': None}, 'depth_obs_keys': {'primary': None, 'secondary': None, 'wrist': None}, 'state_obs_keys': ['state'], 'state_encoding': <StateEncoding.POS_EULER: 1>, 'action_encoding': <ActionEncoding.EEF_POS: 1>}
OXE_DATASET_CONFIGSOXE_DATASET_CONFIGS {'image_obs_keys': {'primary': 'image', 'secondary': None, 'wrist': None}, 'depth_obs_keys': {'primary': None, 'secondary': None, 'wrist': None}, 'state_obs_keys': ['state'], 'state_encoding': <StateEncoding.POS_EULER: 1>, 'action_encoding': <ActionEncoding.EEF_POS: 1>} 
{'image_obs_keys': {'primary': 'image', 'secondary': None, 'wrist': None}, 'depth_obs_keys': {'primary': None, 'secondary': None, 'wrist': None}, 'state_obs_keys': ['state'], 'state_encoding': <StateEncoding.POS_EULER: 1>, 'action_encoding': <ActionEncoding.EEF_POS: 1>}OXE_DATASET_CONFIGS {'image_obs_keys': {'primary': 'image', 'secondary': None, 'wrist': None}, 'depth_obs_keys': {'primary': None, 'secondary': None, 'wrist': None}, 'state_obs_keys': ['state'], 'state_encoding': <StateEncoding.POS_EULER: 1>, 'action_encoding': <ActionEncoding.EEF_POS: 1>}

OXE_DATASET_CONFIGS OXE_DATASET_CONFIGS{'image_obs_keys': {'primary': 'image', 'secondary': None, 'wrist': None}, 'depth_obs_keys': {'primary': None, 'secondary': None, 'wrist': None}, 'state_obs_keys': ['state'], 'state_encoding': <StateEncoding.POS_EULER: 1>, 'action_encoding': <ActionEncoding.EEF_POS: 1>}
 OXE_DATASET_CONFIGS {'image_obs_keys': {'primary': 'image', 'secondary': None, 'wrist': None}, 'depth_obs_keys': {'primary': None, 'secondary': None, 'wrist': None}, 'state_obs_keys': ['state'], 'state_encoding': <StateEncoding.POS_EULER: 1>, 'action_encoding': <ActionEncoding.EEF_POS: 1>}{'image_obs_keys': {'primary': 'image', 'secondary': None, 'wrist': None}, 'depth_obs_keys': {'primary': None, 'secondary': None, 'wrist': None}, 'state_obs_keys': ['state'], 'state_encoding': <StateEncoding.POS_EULER: 1>, 'action_encoding': <ActionEncoding.EEF_POS: 1>}

OXE_DATASET_CONFIGS {'image_obs_keys': {'primary': 'image', 'secondary': None, 'wrist': None}, 'depth_obs_keys': {'primary': None, 'secondary': None, 'wrist': None}, 'state_obs_keys': ['state'], 'state_encoding': <StateEncoding.POS_EULER: 1>, 'action_encoding': <ActionEncoding.EEF_POS: 1>}
OXE_DATASET_CONFIGSOXE_DATASET_CONFIGS  {'image_obs_keys': {'primary': 'image', 'secondary': None, 'wrist': None}, 'depth_obs_keys': {'primary': None, 'secondary': None, 'wrist': None}, 'state_obs_keys': ['state'], 'state_encoding': <StateEncoding.POS_EULER: 1>, 'action_encoding': <ActionEncoding.EEF_POS: 1>}
{'image_obs_keys': {'primary': 'image', 'secondary': None, 'wrist': None}, 'depth_obs_keys': {'primary': None, 'secondary': None, 'wrist': None}, 'state_obs_keys': ['state'], 'state_encoding': <StateEncoding.POS_EULER: 1>, 'action_encoding': <ActionEncoding.EEF_POS: 1>}OXE_DATASET_CONFIGS {'image_obs_keys': {'primary': 'image', 'secondary': None, 'wrist': None}, 'depth_obs_keys': {'primary': None, 'secondary': None, 'wrist': None}, 'state_obs_keys': ['state'], 'state_encoding': <StateEncoding.POS_EULER: 1>, 'action_encoding': <ActionEncoding.EEF_POS: 1>}

OXE_DATASET_CONFIGS {'image_obs_keys': {'primary': 'image', 'secondary': None, 'wrist': None}, 'depth_obs_keys': {'primary': None, 'secondary': None, 'wrist': None}, 'state_obs_keys': ['state'], 'state_encoding': <StateEncoding.POS_EULER: 1>, 'action_encoding': <ActionEncoding.EEF_POS: 1>}
OXE_DATASET_CONFIGSOXE_DATASET_CONFIGS  {'image_obs_keys': {'primary': 'image', 'secondary': None, 'wrist': None}, 'depth_obs_keys': {'primary': None, 'secondary': None, 'wrist': None}, 'state_obs_keys': ['state'], 'state_encoding': <StateEncoding.POS_EULER: 1>, 'action_encoding': <ActionEncoding.EEF_POS: 1>}
{'image_obs_keys': {'primary': 'image', 'secondary': None, 'wrist': None}, 'depth_obs_keys': {'primary': None, 'secondary': None, 'wrist': None}, 'state_obs_keys': ['state'], 'state_encoding': <StateEncoding.POS_EULER: 1>, 'action_encoding': <ActionEncoding.EEF_POS: 1>}OXE_DATASET_CONFIGS {'image_obs_keys': {'primary': 'image', 'secondary': None, 'wrist': None}, 'depth_obs_keys': {'primary': None, 'secondary': None, 'wrist': None}, 'state_obs_keys': ['state'], 'state_encoding': <StateEncoding.POS_EULER: 1>, 'action_encoding': <ActionEncoding.EEF_POS: 1>}

OXE_DATASET_CONFIGS OXE_DATASET_CONFIGS{'image_obs_keys': {'primary': 'image', 'secondary': None, 'wrist': None}, 'depth_obs_keys': {'primary': None, 'secondary': None, 'wrist': None}, 'state_obs_keys': ['state'], 'state_encoding': <StateEncoding.POS_EULER: 1>, 'action_encoding': <ActionEncoding.EEF_POS: 1>}
 OXE_DATASET_CONFIGS {'image_obs_keys': {'primary': 'image', 'secondary': None, 'wrist': None}, 'depth_obs_keys': {'primary': None, 'secondary': None, 'wrist': None}, 'state_obs_keys': ['state'], 'state_encoding': <StateEncoding.POS_EULER: 1>, 'action_encoding': <ActionEncoding.EEF_POS: 1>}{'image_obs_keys': {'primary': 'image', 'secondary': None, 'wrist': None}, 'depth_obs_keys': {'primary': None, 'secondary': None, 'wrist': None}, 'state_obs_keys': ['state'], 'state_encoding': <StateEncoding.POS_EULER: 1>, 'action_encoding': <ActionEncoding.EEF_POS: 1>}

OXE_DATASET_CONFIGS {'image_obs_keys': {'primary': 'image', 'secondary': None, 'wrist': None}, 'depth_obs_keys': {'primary': None, 'secondary': None, 'wrist': None}, 'state_obs_keys': ['state'], 'state_encoding': <StateEncoding.POS_EULER: 1>, 'action_encoding': <ActionEncoding.EEF_POS: 1>}
OXE_DATASET_CONFIGSOXE_DATASET_CONFIGS  {'image_obs_keys': {'primary': 'image', 'secondary': None, 'wrist': None}, 'depth_obs_keys': {'primary': None, 'secondary': None, 'wrist': None}, 'state_obs_keys': ['state'], 'state_encoding': <StateEncoding.POS_EULER: 1>, 'action_encoding': <ActionEncoding.EEF_POS: 1>}
OXE_DATASET_CONFIGS {'image_obs_keys': {'primary': 'image', 'secondary': None, 'wrist': None}, 'depth_obs_keys': {'primary': None, 'secondary': None, 'wrist': None}, 'state_obs_keys': ['state'], 'state_encoding': <StateEncoding.POS_EULER: 1>, 'action_encoding': <ActionEncoding.EEF_POS: 1>}
{'image_obs_keys': {'primary': 'image', 'secondary': None, 'wrist': None}, 'depth_obs_keys': {'primary': None, 'secondary': None, 'wrist': None}, 'state_obs_keys': ['state'], 'state_encoding': <StateEncoding.POS_EULER: 1>, 'action_encoding': <ActionEncoding.EEF_POS: 1>}OXE_DATASET_CONFIGS 
{'image_obs_keys': {'primary': 'image', 'secondary': None, 'wrist': None}, 'depth_obs_keys': {'primary': None, 'secondary': None, 'wrist': None}, 'state_obs_keys': ['state'], 'state_encoding': <StateEncoding.POS_EULER: 1>, 'action_encoding': <ActionEncoding.EEF_POS: 1>}
OXE_DATASET_CONFIGSOXE_DATASET_CONFIGS {'image_obs_keys': {'primary': 'image', 'secondary': None, 'wrist': None}, 'depth_obs_keys': {'primary': None, 'secondary': None, 'wrist': None}, 'state_obs_keys': ['state'], 'state_encoding': <StateEncoding.POS_EULER: 1>, 'action_encoding': <ActionEncoding.EEF_POS: 1>}
 OXE_DATASET_CONFIGS {'image_obs_keys': {'primary': 'image', 'secondary': None, 'wrist': None}, 'depth_obs_keys': {'primary': None, 'secondary': None, 'wrist': None}, 'state_obs_keys': ['state'], 'state_encoding': <StateEncoding.POS_EULER: 1>, 'action_encoding': <ActionEncoding.EEF_POS: 1>}{'image_obs_keys': {'primary': 'image', 'secondary': None, 'wrist': None}, 'depth_obs_keys': {'primary': None, 'secondary': None, 'wrist': None}, 'state_obs_keys': ['state'], 'state_encoding': <StateEncoding.POS_EULER: 1>, 'action_encoding': <ActionEncoding.EEF_POS: 1>}
OXE_DATASET_CONFIGS 
{'image_obs_keys': {'primary': 'image', 'secondary': None, 'wrist': None}, 'depth_obs_keys': {'primary': None, 'secondary': None, 'wrist': None}, 'state_obs_keys': ['state'], 'state_encoding': <StateEncoding.POS_EULER: 1>, 'action_encoding': <ActionEncoding.EEF_POS: 1>}
OXE_DATASET_CONFIGS OXE_DATASET_CONFIGS{'image_obs_keys': {'primary': 'image', 'secondary': None, 'wrist': None}, 'depth_obs_keys': {'primary': None, 'secondary': None, 'wrist': None}, 'state_obs_keys': ['state'], 'state_encoding': <StateEncoding.POS_EULER: 1>, 'action_encoding': <ActionEncoding.EEF_POS: 1>}
OXE_DATASET_CONFIGS  {'image_obs_keys': {'primary': 'image', 'secondary': None, 'wrist': None}, 'depth_obs_keys': {'primary': None, 'secondary': None, 'wrist': None}, 'state_obs_keys': ['state'], 'state_encoding': <StateEncoding.POS_EULER: 1>, 'action_encoding': <ActionEncoding.EEF_POS: 1>}
{'image_obs_keys': {'primary': 'image', 'secondary': None, 'wrist': None}, 'depth_obs_keys': {'primary': None, 'secondary': None, 'wrist': None}, 'state_obs_keys': ['state'], 'state_encoding': <StateEncoding.POS_EULER: 1>, 'action_encoding': <ActionEncoding.EEF_POS: 1>}OXE_DATASET_CONFIGS {'image_obs_keys': {'primary': 'image', 'secondary': None, 'wrist': None}, 'depth_obs_keys': {'primary': None, 'secondary': None, 'wrist': None}, 'state_obs_keys': ['state'], 'state_encoding': <StateEncoding.POS_EULER: 1>, 'action_encoding': <ActionEncoding.EEF_POS: 1>}

OXE_DATASET_CONFIGS {'image_obs_keys': {'primary': 'image', 'secondary': None, 'wrist': None}, 'depth_obs_keys': {'primary': None, 'secondary': None, 'wrist': None}, 'state_obs_keys': ['state'], 'state_encoding': <StateEncoding.POS_EULER: 1>, 'action_encoding': <ActionEncoding.EEF_POS: 1>}
OXE_DATASET_CONFIGSOXE_DATASET_CONFIGS {'image_obs_keys': {'primary': 'image', 'secondary': None, 'wrist': None}, 'depth_obs_keys': {'primary': None, 'secondary': None, 'wrist': None}, 'state_obs_keys': ['state'], 'state_encoding': <StateEncoding.POS_EULER: 1>, 'action_encoding': <ActionEncoding.EEF_POS: 1>}
 OXE_DATASET_CONFIGS {'image_obs_keys': {'primary': 'image', 'secondary': None, 'wrist': None}, 'depth_obs_keys': {'primary': None, 'secondary': None, 'wrist': None}, 'state_obs_keys': ['state'], 'state_encoding': <StateEncoding.POS_EULER: 1>, 'action_encoding': <ActionEncoding.EEF_POS: 1>}
{'image_obs_keys': {'primary': 'image', 'secondary': None, 'wrist': None}, 'depth_obs_keys': {'primary': None, 'secondary': None, 'wrist': None}, 'state_obs_keys': ['state'], 'state_encoding': <StateEncoding.POS_EULER: 1>, 'action_encoding': <ActionEncoding.EEF_POS: 1>}OXE_DATASET_CONFIGS {'image_obs_keys': {'primary': 'image', 'secondary': None, 'wrist': None}, 'depth_obs_keys': {'primary': None, 'secondary': None, 'wrist': None}, 'state_obs_keys': ['state'], 'state_encoding': <StateEncoding.POS_EULER: 1>, 'action_encoding': <ActionEncoding.EEF_POS: 1>}

OXE_DATASET_CONFIGS {'image_obs_keys': {'primary': 'image', 'secondary': None, 'wrist': None}, 'depth_obs_keys': {'primary': None, 'secondary': None, 'wrist': None}, 'state_obs_keys': ['state'], 'state_encoding': <StateEncoding.POS_EULER: 1>, 'action_encoding': <ActionEncoding.EEF_POS: 1>}
OXE_DATASET_CONFIGSOXE_DATASET_CONFIGS {'image_obs_keys': {'primary': 'image', 'secondary': None, 'wrist': None}, 'depth_obs_keys': {'primary': None, 'secondary': None, 'wrist': None}, 'state_obs_keys': ['state'], 'state_encoding': <StateEncoding.POS_EULER: 1>, 'action_encoding': <ActionEncoding.EEF_POS: 1>} 
OXE_DATASET_CONFIGS{'image_obs_keys': {'primary': 'image', 'secondary': None, 'wrist': None}, 'depth_obs_keys': {'primary': None, 'secondary': None, 'wrist': None}, 'state_obs_keys': ['state'], 'state_encoding': <StateEncoding.POS_EULER: 1>, 'action_encoding': <ActionEncoding.EEF_POS: 1>} {'image_obs_keys': {'primary': 'image', 'secondary': None, 'wrist': None}, 'depth_obs_keys': {'primary': None, 'secondary': None, 'wrist': None}, 'state_obs_keys': ['state'], 'state_encoding': <StateEncoding.POS_EULER: 1>, 'action_encoding': <ActionEncoding.EEF_POS: 1>}

OXE_DATASET_CONFIGS {'image_obs_keys': {'primary': 'image', 'secondary': None, 'wrist': None}, 'depth_obs_keys': {'primary': None, 'secondary': None, 'wrist': None}, 'state_obs_keys': ['state'], 'state_encoding': <StateEncoding.POS_EULER: 1>, 'action_encoding': <ActionEncoding.EEF_POS: 1>}
OXE_DATASET_CONFIGSself.data_root_dir data 
{'image_obs_keys': {'primary': 'image', 'secondary': None, 'wrist': None}, 'depth_obs_keys': {'primary': None, 'secondary': None, 'wrist': None}, 'state_obs_keys': ['state'], 'state_encoding': <StateEncoding.POS_EULER: 1>, 'action_encoding': <ActionEncoding.EEF_POS: 1>}
OXE_DATASET_CONFIGS {'image_obs_keys': {'primary': 'image', 'secondary': None, 'wrist': None}, 'depth_obs_keys': {'primary': None, 'secondary': None, 'wrist': None}, 'state_obs_keys': ['state'], 'state_encoding': <StateEncoding.POS_EULER: 1>, 'action_encoding': <ActionEncoding.EEF_POS: 1>}
OXE_DATASET_CONFIGS {'image_obs_keys': {'primary': 'image', 'secondary': None, 'wrist': None}, 'depth_obs_keys': {'primary': None, 'secondary': None, 'wrist': None}, 'state_obs_keys': ['state'], 'state_encoding': <StateEncoding.POS_EULER: 1>, 'action_encoding': <ActionEncoding.EEF_POS: 1>}
OXE_DATASET_CONFIGS {'image_obs_keys': {'primary': 'image', 'secondary': None, 'wrist': None}, 'depth_obs_keys': {'primary': None, 'secondary': None, 'wrist': None}, 'state_obs_keys': ['state'], 'state_encoding': <StateEncoding.POS_EULER: 1>, 'action_encoding': <ActionEncoding.EEF_POS: 1>}
OXE_DATASET_CONFIGS {'image_obs_keys': {'primary': 'image', 'secondary': None, 'wrist': None}, 'depth_obs_keys': {'primary': None, 'secondary': None, 'wrist': None}, 'state_obs_keys': ['state'], 'state_encoding': <StateEncoding.POS_EULER: 1>, 'action_encoding': <ActionEncoding.EEF_POS: 1>}
OXE_DATASET_CONFIGS {'image_obs_keys': {'primary': 'image', 'secondary': None, 'wrist': None}, 'depth_obs_keys': {'primary': None, 'secondary': None, 'wrist': None}, 'state_obs_keys': ['state'], 'state_encoding': <StateEncoding.POS_EULER: 1>, 'action_encoding': <ActionEncoding.EEF_POS: 1>}
self.data_root_dir data
2025-06-26 00:18:36.760104: I tensorflow/core/grappler/optimizers/data/replicate_on_split.cc:32] Running replicate on split optimization
2025-06-26 00:18:36.760117: I tensorflow/core/grappler/optimizers/data/replicate_on_split.cc:32] Running replicate on split optimization
2025-06-26 00:18:36.760118: I tensorflow/core/grappler/optimizers/data/replicate_on_split.cc:32] Running replicate on split optimization
2025-06-26 00:18:36.760125: I tensorflow/core/grappler/optimizers/data/replicate_on_split.cc:32] Running replicate on split optimization
06/26 [00:18:37] INFO     | >> [*] Loading existing dataset    data_utils.py:208
                          statistics from                                       
                          data/mikasa_robo_tfds/ShellGameTouch                  
                          -v0/1.0.0/dataset_statistics_3c0ebe6                  
                          7131435bb4cf51e096df6b15aa5c36691229                  
                          c65e2c6fcdda7bfb55e65.json.                           
2025-06-26 00:18:37.479858: I tensorflow/core/grappler/optimizers/data/replicate_on_split.cc:32] Running replicate on split optimization
2025-06-26 00:18:37.480366: I tensorflow/core/grappler/optimizers/data/replicate_on_split.cc:32] Running replicate on split optimization
2025-06-26 00:18:37.480773: I tensorflow/core/grappler/optimizers/data/replicate_on_split.cc:32] Running replicate on split optimization
2025-06-26 00:18:37.481124: I tensorflow/core/grappler/optimizers/data/replicate_on_split.cc:32] Running replicate on split optimization
2025-06-26 00:18:38.058135: I tensorflow/core/grappler/optimizers/data/replicate_on_split.cc:32] Running replicate on split optimization
2025-06-26 00:18:38.058980: I tensorflow/core/grappler/optimizers/data/replicate_on_split.cc:32] Running replicate on split optimization
2025-06-26 00:18:38.059116: I tensorflow/core/grappler/optimizers/data/replicate_on_split.cc:32] Running replicate on split optimization
2025-06-26 00:18:38.059633: I tensorflow/core/grappler/optimizers/data/replicate_on_split.cc:32] Running replicate on split optimization
06/26 [00:18:38] INFO     | >> [*] Loading existing dataset    data_utils.py:208
                          statistics from                                       
                          data/mikasa_robo_tfds/ShellGamePush-                  
                          v0/1.0.0/dataset_statistics_ebeabc91                  
                          85a58bf136b809c2ca35554cee8bc02c0a99                  
                          9562a5c380ce1b3337cb.json.                            
2025-06-26 00:18:38.198471: I tensorflow/core/grappler/optimizers/data/replicate_on_split.cc:32] Running replicate on split optimization
2025-06-26 00:18:38.198830: I tensorflow/core/grappler/optimizers/data/replicate_on_split.cc:32] Running replicate on split optimization
2025-06-26 00:18:38.199110: I tensorflow/core/grappler/optimizers/data/replicate_on_split.cc:32] Running replicate on split optimization
2025-06-26 00:18:38.199991: I tensorflow/core/grappler/optimizers/data/replicate_on_split.cc:32] Running replicate on split optimization
2025-06-26 00:18:38.388770: I tensorflow/core/grappler/optimizers/data/replicate_on_split.cc:32] Running replicate on split optimization
2025-06-26 00:18:38.389110: I tensorflow/core/grappler/optimizers/data/replicate_on_split.cc:32] Running replicate on split optimization
2025-06-26 00:18:38.389275: I tensorflow/core/grappler/optimizers/data/replicate_on_split.cc:32] Running replicate on split optimization
2025-06-26 00:18:38.390797: I tensorflow/core/grappler/optimizers/data/replicate_on_split.cc:32] Running replicate on split optimization
                 INFO     | >> [*] Loading existing dataset    data_utils.py:208
                          statistics from                                       
                          data/mikasa_robo_tfds/ShellGamePick-                  
                          v0/1.0.0/dataset_statistics_323e3894                  
                          299c56de3b6832b6c4c63f93f0a7ba133793                  
                          d7c2f4b55bfd30bf5d5e.json.                            
2025-06-26 00:18:38.533229: I tensorflow/core/grappler/optimizers/data/replicate_on_split.cc:32] Running replicate on split optimization
2025-06-26 00:18:38.533656: I tensorflow/core/grappler/optimizers/data/replicate_on_split.cc:32] Running replicate on split optimization
2025-06-26 00:18:38.533734: I tensorflow/core/grappler/optimizers/data/replicate_on_split.cc:32] Running replicate on split optimization
2025-06-26 00:18:38.535035: I tensorflow/core/grappler/optimizers/data/replicate_on_split.cc:32] Running replicate on split optimization
2025-06-26 00:18:38.688637: I tensorflow/core/grappler/optimizers/data/replicate_on_split.cc:32] Running replicate on split optimization
2025-06-26 00:18:38.688645: I tensorflow/core/grappler/optimizers/data/replicate_on_split.cc:32] Running replicate on split optimization
2025-06-26 00:18:38.690031: I tensorflow/core/grappler/optimizers/data/replicate_on_split.cc:32] Running replicate on split optimization
2025-06-26 00:18:38.691942: I tensorflow/core/grappler/optimizers/data/replicate_on_split.cc:32] Running replicate on split optimization
                 INFO     | >> [*] Loading existing dataset    data_utils.py:208
                          statistics from                                       
                          data/mikasa_robo_tfds/InterceptSlow-                  
                          v0/1.0.0/dataset_statistics_70ea4ca9                  
                          86a7985fa990279f3a3866b5f6b487b971d1                  
                          6ec79c36cf54d2764704.json.                            
2025-06-26 00:18:38.872873: I tensorflow/core/grappler/optimizers/data/replicate_on_split.cc:32] Running replicate on split optimization
2025-06-26 00:18:38.873497: I tensorflow/core/grappler/optimizers/data/replicate_on_split.cc:32] Running replicate on split optimization
2025-06-26 00:18:38.874966: I tensorflow/core/grappler/optimizers/data/replicate_on_split.cc:32] Running replicate on split optimization
2025-06-26 00:18:39.193004: I tensorflow/core/grappler/optimizers/data/replicate_on_split.cc:32] Running replicate on split optimization
2025-06-26 00:18:39.420060: I tensorflow/core/grappler/optimizers/data/replicate_on_split.cc:32] Running replicate on split optimization
2025-06-26 00:18:39.420596: I tensorflow/core/grappler/optimizers/data/replicate_on_split.cc:32] Running replicate on split optimization
2025-06-26 00:18:39.421363: I tensorflow/core/grappler/optimizers/data/replicate_on_split.cc:32] Running replicate on split optimization
2025-06-26 00:18:39.422577: I tensorflow/core/grappler/optimizers/data/replicate_on_split.cc:32] Running replicate on split optimization
06/26 [00:18:39] INFO     | >> [*] Loading existing dataset    data_utils.py:208
                          statistics from                                       
                          data/mikasa_robo_tfds/InterceptMediu                  
                          m-v0/1.0.0/dataset_statistics_e7294f                  
                          470ffac7244cb9d5ab7671850566555b5556                  
                          c8bc2e0c71ebd58b1909f0.json.                          
2025-06-26 00:18:39.565445: I tensorflow/core/grappler/optimizers/data/replicate_on_split.cc:32] Running replicate on split optimization
2025-06-26 00:18:39.566045: I tensorflow/core/grappler/optimizers/data/replicate_on_split.cc:32] Running replicate on split optimization
2025-06-26 00:18:39.566557: I tensorflow/core/grappler/optimizers/data/replicate_on_split.cc:32] Running replicate on split optimization
2025-06-26 00:18:39.566852: I tensorflow/core/grappler/optimizers/data/replicate_on_split.cc:32] Running replicate on split optimization
2025-06-26 00:18:39.737830: I tensorflow/core/grappler/optimizers/data/replicate_on_split.cc:32] Running replicate on split optimization
2025-06-26 00:18:39.738032: I tensorflow/core/grappler/optimizers/data/replicate_on_split.cc:32] Running replicate on split optimization
2025-06-26 00:18:39.739324: I tensorflow/core/grappler/optimizers/data/replicate_on_split.cc:32] Running replicate on split optimization
2025-06-26 00:18:39.740381: I tensorflow/core/grappler/optimizers/data/replicate_on_split.cc:32] Running replicate on split optimization
                 INFO     | >> [*] Loading existing dataset    data_utils.py:208
                          statistics from                                       
                          data/mikasa_robo_tfds/InterceptFast-                  
                          v0/1.0.0/dataset_statistics_c2cd242a                  
                          752791cbf089c3bfca810c1437635b53a206                  
                          20345af5e94c84bec511.json.                            
2025-06-26 00:18:39.876234: I tensorflow/core/grappler/optimizers/data/replicate_on_split.cc:32] Running replicate on split optimization
2025-06-26 00:18:39.877064: I tensorflow/core/grappler/optimizers/data/replicate_on_split.cc:32] Running replicate on split optimization
2025-06-26 00:18:39.877537: I tensorflow/core/grappler/optimizers/data/replicate_on_split.cc:32] Running replicate on split optimization
2025-06-26 00:18:39.877809: I tensorflow/core/grappler/optimizers/data/replicate_on_split.cc:32] Running replicate on split optimization
2025-06-26 00:18:40.072793: I tensorflow/core/grappler/optimizers/data/replicate_on_split.cc:32] Running replicate on split optimization
2025-06-26 00:18:40.072965: I tensorflow/core/grappler/optimizers/data/replicate_on_split.cc:32] Running replicate on split optimization
2025-06-26 00:18:40.074212: I tensorflow/core/grappler/optimizers/data/replicate_on_split.cc:32] Running replicate on split optimization
2025-06-26 00:18:40.081687: I tensorflow/core/grappler/optimizers/data/replicate_on_split.cc:32] Running replicate on split optimization
06/26 [00:18:40] INFO     | >> [*] Loading existing dataset    data_utils.py:208
                          statistics from                                       
                          data/mikasa_robo_tfds/InterceptGrabS                  
                          low-v0/1.0.0/dataset_statistics_3d49                  
                          3d542172a93ec1f5b36fd174d607f4a605c2                  
                          21d972721b3b671e04435114.json.                        
2025-06-26 00:18:40.176583: I tensorflow/core/grappler/optimizers/data/replicate_on_split.cc:32] Running replicate on split optimization
2025-06-26 00:18:40.177745: I tensorflow/core/grappler/optimizers/data/replicate_on_split.cc:32] Running replicate on split optimization
2025-06-26 00:18:40.179723: I tensorflow/core/grappler/optimizers/data/replicate_on_split.cc:32] Running replicate on split optimization
2025-06-26 00:18:40.193420: I tensorflow/core/grappler/optimizers/data/replicate_on_split.cc:32] Running replicate on split optimization
2025-06-26 00:18:40.400681: I tensorflow/core/grappler/optimizers/data/replicate_on_split.cc:32] Running replicate on split optimization
2025-06-26 00:18:40.401730: I tensorflow/core/grappler/optimizers/data/replicate_on_split.cc:32] Running replicate on split optimization
2025-06-26 00:18:40.401751: I tensorflow/core/grappler/optimizers/data/replicate_on_split.cc:32] Running replicate on split optimization
2025-06-26 00:18:40.407366: I tensorflow/core/grappler/optimizers/data/replicate_on_split.cc:32] Running replicate on split optimization
                 INFO     | >> [*] Loading existing dataset    data_utils.py:208
                          statistics from                                       
                          data/mikasa_robo_tfds/InterceptGrabM                  
                          edium-v0/1.0.0/dataset_statistics_dc                  
                          4e9bf5c47b5898c5594d33567d8444510fea                  
                          9f7e32b5e9bb7c7d3c87dc778e.json.                      
2025-06-26 00:18:40.517086: I tensorflow/core/grappler/optimizers/data/replicate_on_split.cc:32] Running replicate on split optimization
2025-06-26 00:18:40.517084: I tensorflow/core/grappler/optimizers/data/replicate_on_split.cc:32] Running replicate on split optimization
2025-06-26 00:18:40.517631: I tensorflow/core/grappler/optimizers/data/replicate_on_split.cc:32] Running replicate on split optimization
2025-06-26 00:18:40.517824: I tensorflow/core/grappler/optimizers/data/replicate_on_split.cc:32] Running replicate on split optimization
2025-06-26 00:18:40.729876: I tensorflow/core/grappler/optimizers/data/replicate_on_split.cc:32] Running replicate on split optimization
2025-06-26 00:18:40.730047: I tensorflow/core/grappler/optimizers/data/replicate_on_split.cc:32] Running replicate on split optimization
2025-06-26 00:18:40.730067: I tensorflow/core/grappler/optimizers/data/replicate_on_split.cc:32] Running replicate on split optimization
2025-06-26 00:18:40.734095: I tensorflow/core/grappler/optimizers/data/replicate_on_split.cc:32] Running replicate on split optimization
                 INFO     | >> [*] Loading existing dataset    data_utils.py:208
                          statistics from                                       
                          data/mikasa_robo_tfds/InterceptGrabF                  
                          ast-v0/1.0.0/dataset_statistics_9b9b                  
                          2e458c74cc0f4d24a59373b2c27b4264723b                  
                          582cbbcf23cde20d5b27735e.json.                        
2025-06-26 00:18:40.878707: I tensorflow/core/grappler/optimizers/data/replicate_on_split.cc:32] Running replicate on split optimization
2025-06-26 00:18:40.879099: I tensorflow/core/grappler/optimizers/data/replicate_on_split.cc:32] Running replicate on split optimization
2025-06-26 00:18:40.879213: I tensorflow/core/grappler/optimizers/data/replicate_on_split.cc:32] Running replicate on split optimization
2025-06-26 00:18:40.879770: I tensorflow/core/grappler/optimizers/data/replicate_on_split.cc:32] Running replicate on split optimization
2025-06-26 00:18:41.081183: I tensorflow/core/grappler/optimizers/data/replicate_on_split.cc:32] Running replicate on split optimization
2025-06-26 00:18:41.081704: I tensorflow/core/grappler/optimizers/data/replicate_on_split.cc:32] Running replicate on split optimization
2025-06-26 00:18:41.082290: I tensorflow/core/grappler/optimizers/data/replicate_on_split.cc:32] Running replicate on split optimization
2025-06-26 00:18:41.082885: I tensorflow/core/grappler/optimizers/data/replicate_on_split.cc:32] Running replicate on split optimization
06/26 [00:18:41] INFO     | >> [*] Loading existing dataset    data_utils.py:208
                          statistics from                                       
                          data/mikasa_robo_tfds/RotateLenientP                  
                          os-v0/1.0.0/dataset_statistics_8d9cb                  
                          f02dabfedd546b2ca7c3c33c0bb8271f71d7                  
                          25200d9ff19edc27b666d77.json.                         
2025-06-26 00:18:41.233753: I tensorflow/core/grappler/optimizers/data/replicate_on_split.cc:32] Running replicate on split optimization
2025-06-26 00:18:41.234073: I tensorflow/core/grappler/optimizers/data/replicate_on_split.cc:32] Running replicate on split optimization
2025-06-26 00:18:41.234085: I tensorflow/core/grappler/optimizers/data/replicate_on_split.cc:32] Running replicate on split optimization
2025-06-26 00:18:41.234632: I tensorflow/core/grappler/optimizers/data/replicate_on_split.cc:32] Running replicate on split optimization
2025-06-26 00:18:41.430405: I tensorflow/core/grappler/optimizers/data/replicate_on_split.cc:32] Running replicate on split optimization
2025-06-26 00:18:41.430838: I tensorflow/core/grappler/optimizers/data/replicate_on_split.cc:32] Running replicate on split optimization
2025-06-26 00:18:41.431002: I tensorflow/core/grappler/optimizers/data/replicate_on_split.cc:32] Running replicate on split optimization
2025-06-26 00:18:41.431090: I tensorflow/core/grappler/optimizers/data/replicate_on_split.cc:32] Running replicate on split optimization
                 INFO     | >> [*] Loading existing dataset    data_utils.py:208
                          statistics from                                       
                          data/mikasa_robo_tfds/RotateLenientP                  
                          osNeg-v0/1.0.0/dataset_statistics_76                  
                          a92233366940aa9e857937e6725e326d3fb7                  
                          908a5d787853ecb16635d02d2f.json.                      
2025-06-26 00:18:41.604280: I tensorflow/core/grappler/optimizers/data/replicate_on_split.cc:32] Running replicate on split optimization
2025-06-26 00:18:41.604708: I tensorflow/core/grappler/optimizers/data/replicate_on_split.cc:32] Running replicate on split optimization
2025-06-26 00:18:41.605159: I tensorflow/core/grappler/optimizers/data/replicate_on_split.cc:32] Running replicate on split optimization
2025-06-26 00:18:41.605412: I tensorflow/core/grappler/optimizers/data/replicate_on_split.cc:32] Running replicate on split optimization
2025-06-26 00:18:41.806888: I tensorflow/core/grappler/optimizers/data/replicate_on_split.cc:32] Running replicate on split optimization
2025-06-26 00:18:41.807432: I tensorflow/core/grappler/optimizers/data/replicate_on_split.cc:32] Running replicate on split optimization
2025-06-26 00:18:41.807518: I tensorflow/core/grappler/optimizers/data/replicate_on_split.cc:32] Running replicate on split optimization
2025-06-26 00:18:41.807648: I tensorflow/core/grappler/optimizers/data/replicate_on_split.cc:32] Running replicate on split optimization
                 INFO     | >> [*] Loading existing dataset    data_utils.py:208
                          statistics from                                       
                          data/mikasa_robo_tfds/RotateStrictPo                  
                          s-v0/1.0.0/dataset_statistics_e4dc73                  
                          c1406d3424c5607d5f176c7216d42babcf0e                  
                          bb14a3f90dd5b8d69cf184.json.                          
2025-06-26 00:18:41.957135: I tensorflow/core/grappler/optimizers/data/replicate_on_split.cc:32] Running replicate on split optimization
2025-06-26 00:18:41.957178: I tensorflow/core/grappler/optimizers/data/replicate_on_split.cc:32] Running replicate on split optimization
2025-06-26 00:18:41.957756: I tensorflow/core/grappler/optimizers/data/replicate_on_split.cc:32] Running replicate on split optimization
2025-06-26 00:18:41.957856: I tensorflow/core/grappler/optimizers/data/replicate_on_split.cc:32] Running replicate on split optimization
2025-06-26 00:18:42.135002: I tensorflow/core/grappler/optimizers/data/replicate_on_split.cc:32] Running replicate on split optimization
2025-06-26 00:18:42.135082: I tensorflow/core/grappler/optimizers/data/replicate_on_split.cc:32] Running replicate on split optimization
2025-06-26 00:18:42.135415: I tensorflow/core/grappler/optimizers/data/replicate_on_split.cc:32] Running replicate on split optimization
2025-06-26 00:18:42.135439: I tensorflow/core/grappler/optimizers/data/replicate_on_split.cc:32] Running replicate on split optimization
06/26 [00:18:42] INFO     | >> [*] Loading existing dataset    data_utils.py:208
                          statistics from                                       
                          data/mikasa_robo_tfds/RotateStrictPo                  
                          sNeg-v0/1.0.0/dataset_statistics_8cb                  
                          b0925a8179d321ffcdc4358308850f2edaf0                  
                          f6eb7d44d307e2092b21081d7.json.                       
2025-06-26 00:18:42.270337: I tensorflow/core/grappler/optimizers/data/replicate_on_split.cc:32] Running replicate on split optimization
2025-06-26 00:18:42.270657: I tensorflow/core/grappler/optimizers/data/replicate_on_split.cc:32] Running replicate on split optimization
2025-06-26 00:18:42.270790: I tensorflow/core/grappler/optimizers/data/replicate_on_split.cc:32] Running replicate on split optimization
2025-06-26 00:18:42.270889: I tensorflow/core/grappler/optimizers/data/replicate_on_split.cc:32] Running replicate on split optimization
2025-06-26 00:18:42.483963: I tensorflow/core/grappler/optimizers/data/replicate_on_split.cc:32] Running replicate on split optimization
2025-06-26 00:18:42.485140: I tensorflow/core/grappler/optimizers/data/replicate_on_split.cc:32] Running replicate on split optimization
2025-06-26 00:18:42.485623: I tensorflow/core/grappler/optimizers/data/replicate_on_split.cc:32] Running replicate on split optimization
2025-06-26 00:18:42.485658: I tensorflow/core/grappler/optimizers/data/replicate_on_split.cc:32] Running replicate on split optimization
                 INFO     | >> [*] Loading existing dataset    data_utils.py:208
                          statistics from                                       
                          data/mikasa_robo_tfds/TakeItBack-v0/                  
                          1.0.0/dataset_statistics_ce0b03fe5e2                  
                          a3f7db020adf62582184b8178e580896418e                  
                          00895e808bcc06bca.json.                               
2025-06-26 00:18:42.650108: I tensorflow/core/grappler/optimizers/data/replicate_on_split.cc:32] Running replicate on split optimization
2025-06-26 00:18:42.650435: I tensorflow/core/grappler/optimizers/data/replicate_on_split.cc:32] Running replicate on split optimization
2025-06-26 00:18:42.650570: I tensorflow/core/grappler/optimizers/data/replicate_on_split.cc:32] Running replicate on split optimization
2025-06-26 00:18:42.650902: I tensorflow/core/grappler/optimizers/data/replicate_on_split.cc:32] Running replicate on split optimization
2025-06-26 00:18:42.802026: I tensorflow/core/grappler/optimizers/data/replicate_on_split.cc:32] Running replicate on split optimization
2025-06-26 00:18:42.803156: I tensorflow/core/grappler/optimizers/data/replicate_on_split.cc:32] Running replicate on split optimization
2025-06-26 00:18:42.803199: I tensorflow/core/grappler/optimizers/data/replicate_on_split.cc:32] Running replicate on split optimization
2025-06-26 00:18:42.803773: I tensorflow/core/grappler/optimizers/data/replicate_on_split.cc:32] Running replicate on split optimization
                 INFO     | >> [*] Loading existing dataset    data_utils.py:208
                          statistics from                                       
                          data/mikasa_robo_tfds/RememberColor3                  
                          -v0/1.0.0/dataset_statistics_7f1eb27                  
                          28b9bad5a5c6c850f4b13412a94c941dfdc7                  
                          29fced2afdd5c7226b9fe.json.                           
2025-06-26 00:18:42.905651: I tensorflow/core/grappler/optimizers/data/replicate_on_split.cc:32] Running replicate on split optimization
2025-06-26 00:18:42.906153: I tensorflow/core/grappler/optimizers/data/replicate_on_split.cc:32] Running replicate on split optimization
2025-06-26 00:18:42.906224: I tensorflow/core/grappler/optimizers/data/replicate_on_split.cc:32] Running replicate on split optimization
2025-06-26 00:18:42.906723: I tensorflow/core/grappler/optimizers/data/replicate_on_split.cc:32] Running replicate on split optimization
2025-06-26 00:18:43.081482: I tensorflow/core/grappler/optimizers/data/replicate_on_split.cc:32] Running replicate on split optimization
2025-06-26 00:18:43.082663: I tensorflow/core/grappler/optimizers/data/replicate_on_split.cc:32] Running replicate on split optimization
2025-06-26 00:18:43.083119: I tensorflow/core/grappler/optimizers/data/replicate_on_split.cc:32] Running replicate on split optimization
2025-06-26 00:18:43.083753: I tensorflow/core/grappler/optimizers/data/replicate_on_split.cc:32] Running replicate on split optimization
06/26 [00:18:43] INFO     | >> [*] Loading existing dataset    data_utils.py:208
                          statistics from                                       
                          data/mikasa_robo_tfds/RememberColor5                  
                          -v0/1.0.0/dataset_statistics_2ecc443                  
                          1459657d2f45be1de16d90556dd5411df87a                  
                          a94a2f5d9ccfd8056b253.json.                           
2025-06-26 00:18:43.223815: I tensorflow/core/grappler/optimizers/data/replicate_on_split.cc:32] Running replicate on split optimization
2025-06-26 00:18:43.223841: I tensorflow/core/grappler/optimizers/data/replicate_on_split.cc:32] Running replicate on split optimization
2025-06-26 00:18:43.224120: I tensorflow/core/grappler/optimizers/data/replicate_on_split.cc:32] Running replicate on split optimization
2025-06-26 00:18:43.224234: I tensorflow/core/grappler/optimizers/data/replicate_on_split.cc:32] Running replicate on split optimization
2025-06-26 00:18:43.433758: I tensorflow/core/grappler/optimizers/data/replicate_on_split.cc:32] Running replicate on split optimization
2025-06-26 00:18:43.434252: I tensorflow/core/grappler/optimizers/data/replicate_on_split.cc:32] Running replicate on split optimization
2025-06-26 00:18:43.435381: I tensorflow/core/grappler/optimizers/data/replicate_on_split.cc:32] Running replicate on split optimization
2025-06-26 00:18:43.440613: I tensorflow/core/grappler/optimizers/data/replicate_on_split.cc:32] Running replicate on split optimization
                 INFO     | >> [*] Loading existing dataset    data_utils.py:208
                          statistics from                                       
                          data/mikasa_robo_tfds/RememberColor9                  
                          -v0/1.0.0/dataset_statistics_824940f                  
                          4cffc722412bd496cf77f425735c3e3645d9                  
                          2b155a0ce39de2ea24180.json.                           
2025-06-26 00:18:43.559821: I tensorflow/core/grappler/optimizers/data/replicate_on_split.cc:32] Running replicate on split optimization
2025-06-26 00:18:43.559945: I tensorflow/core/grappler/optimizers/data/replicate_on_split.cc:32] Running replicate on split optimization
2025-06-26 00:18:43.560075: I tensorflow/core/grappler/optimizers/data/replicate_on_split.cc:32] Running replicate on split optimization
2025-06-26 00:18:43.560317: I tensorflow/core/grappler/optimizers/data/replicate_on_split.cc:32] Running replicate on split optimization
2025-06-26 00:18:43.715045: I tensorflow/core/grappler/optimizers/data/replicate_on_split.cc:32] Running replicate on split optimization
2025-06-26 00:18:43.715224: I tensorflow/core/grappler/optimizers/data/replicate_on_split.cc:32] Running replicate on split optimization
2025-06-26 00:18:43.715688: I tensorflow/core/grappler/optimizers/data/replicate_on_split.cc:32] Running replicate on split optimization
2025-06-26 00:18:43.715836: I tensorflow/core/grappler/optimizers/data/replicate_on_split.cc:32] Running replicate on split optimization
                 INFO     | >> [*] Loading existing dataset    data_utils.py:208
                          statistics from                                       
                          data/mikasa_robo_tfds/RememberShape3                  
                          -v0/1.0.0/dataset_statistics_792f49e                  
                          0ddf1ba95f25d8d134cfe9e0d10f93d0bf9a                  
                          6aefe3abd04ec609136e5.json.                           
2025-06-26 00:18:43.883970: I tensorflow/core/grappler/optimizers/data/replicate_on_split.cc:32] Running replicate on split optimization
2025-06-26 00:18:43.883985: I tensorflow/core/grappler/optimizers/data/replicate_on_split.cc:32] Running replicate on split optimization
2025-06-26 00:18:43.884055: I tensorflow/core/grappler/optimizers/data/replicate_on_split.cc:32] Running replicate on split optimization
2025-06-26 00:18:43.884458: I tensorflow/core/grappler/optimizers/data/replicate_on_split.cc:32] Running replicate on split optimization
2025-06-26 00:18:44.143631: I tensorflow/core/grappler/optimizers/data/replicate_on_split.cc:32] Running replicate on split optimization
2025-06-26 00:18:44.144037: I tensorflow/core/grappler/optimizers/data/replicate_on_split.cc:32] Running replicate on split optimization
2025-06-26 00:18:44.145351: I tensorflow/core/grappler/optimizers/data/replicate_on_split.cc:32] Running replicate on split optimization
2025-06-26 00:18:44.148698: I tensorflow/core/grappler/optimizers/data/replicate_on_split.cc:32] Running replicate on split optimization
06/26 [00:18:44] INFO     | >> [*] Loading existing dataset    data_utils.py:208
                          statistics from                                       
                          data/mikasa_robo_tfds/RememberShape5                  
                          -v0/1.0.0/dataset_statistics_c254414                  
                          8e15744bc356188f567cb96ef27b5f40b735                  
                          a9adaf656f1258ce364e7.json.                           
2025-06-26 00:18:44.266863: I tensorflow/core/grappler/optimizers/data/replicate_on_split.cc:32] Running replicate on split optimization
2025-06-26 00:18:44.266910: I tensorflow/core/grappler/optimizers/data/replicate_on_split.cc:32] Running replicate on split optimization
2025-06-26 00:18:44.268102: I tensorflow/core/grappler/optimizers/data/replicate_on_split.cc:32] Running replicate on split optimization
2025-06-26 00:18:44.268127: I tensorflow/core/grappler/optimizers/data/replicate_on_split.cc:32] Running replicate on split optimization
2025-06-26 00:18:44.440450: I tensorflow/core/grappler/optimizers/data/replicate_on_split.cc:32] Running replicate on split optimization
2025-06-26 00:18:44.441276: I tensorflow/core/grappler/optimizers/data/replicate_on_split.cc:32] Running replicate on split optimization
2025-06-26 00:18:44.441365: I tensorflow/core/grappler/optimizers/data/replicate_on_split.cc:32] Running replicate on split optimization
2025-06-26 00:18:44.441516: I tensorflow/core/grappler/optimizers/data/replicate_on_split.cc:32] Running replicate on split optimization
                 INFO     | >> [*] Loading existing dataset    data_utils.py:208
                          statistics from                                       
                          data/mikasa_robo_tfds/RememberShape9                  
                          -v0/1.0.0/dataset_statistics_cc9e9ec                  
                          7b59528c62e95ae25bd561d7d9505b33402d                  
                          3b4fd9cd29dfea8ca8d05.json.                           
2025-06-26 00:18:44.547086: I tensorflow/core/grappler/optimizers/data/replicate_on_split.cc:32] Running replicate on split optimization
2025-06-26 00:18:44.547096: I tensorflow/core/grappler/optimizers/data/replicate_on_split.cc:32] Running replicate on split optimization
2025-06-26 00:18:44.547199: I tensorflow/core/grappler/optimizers/data/replicate_on_split.cc:32] Running replicate on split optimization
2025-06-26 00:18:44.547813: I tensorflow/core/grappler/optimizers/data/replicate_on_split.cc:32] Running replicate on split optimization
2025-06-26 00:18:44.719722: I tensorflow/core/grappler/optimizers/data/replicate_on_split.cc:32] Running replicate on split optimization
2025-06-26 00:18:44.719795: I tensorflow/core/grappler/optimizers/data/replicate_on_split.cc:32] Running replicate on split optimization
2025-06-26 00:18:44.720135: I tensorflow/core/grappler/optimizers/data/replicate_on_split.cc:32] Running replicate on split optimization
2025-06-26 00:18:44.720410: I tensorflow/core/grappler/optimizers/data/replicate_on_split.cc:32] Running replicate on split optimization
                 INFO     | >> [*] Loading existing dataset    data_utils.py:208
                          statistics from                                       
                          data/mikasa_robo_tfds/RememberShapeA                  
                          ndColor3x2-v0/1.0.0/dataset_statisti                  
                          cs_1f08b92db45037e5e4e9c96f0baba75ef                  
                          7932c01048f41a110d2037be0289453.json                  
                          .                                                     
2025-06-26 00:18:44.835615: I tensorflow/core/grappler/optimizers/data/replicate_on_split.cc:32] Running replicate on split optimization
2025-06-26 00:18:44.835733: I tensorflow/core/grappler/optimizers/data/replicate_on_split.cc:32] Running replicate on split optimization
2025-06-26 00:18:44.836412: I tensorflow/core/grappler/optimizers/data/replicate_on_split.cc:32] Running replicate on split optimization
2025-06-26 00:18:44.836759: I tensorflow/core/grappler/optimizers/data/replicate_on_split.cc:32] Running replicate on split optimization
2025-06-26 00:18:45.003827: I tensorflow/core/grappler/optimizers/data/replicate_on_split.cc:32] Running replicate on split optimization
2025-06-26 00:18:45.003905: I tensorflow/core/grappler/optimizers/data/replicate_on_split.cc:32] Running replicate on split optimization
2025-06-26 00:18:45.007396: I tensorflow/core/grappler/optimizers/data/replicate_on_split.cc:32] Running replicate on split optimization
2025-06-26 00:18:45.010996: I tensorflow/core/grappler/optimizers/data/replicate_on_split.cc:32] Running replicate on split optimization
06/26 [00:18:45] INFO     | >> [*] Loading existing dataset    data_utils.py:208
                          statistics from                                       
                          data/mikasa_robo_tfds/RememberShapeA                  
                          ndColor3x3-v0/1.0.0/dataset_statisti                  
                          cs_812e4399209153e40c4bb4efebac63d5a                  
                          1138a44e4c4e13211eb15fcf8cd4530.json                  
                          .                                                     
2025-06-26 00:18:45.157330: I tensorflow/core/grappler/optimizers/data/replicate_on_split.cc:32] Running replicate on split optimization
2025-06-26 00:18:45.157453: I tensorflow/core/grappler/optimizers/data/replicate_on_split.cc:32] Running replicate on split optimization
2025-06-26 00:18:45.157561: I tensorflow/core/grappler/optimizers/data/replicate_on_split.cc:32] Running replicate on split optimization
2025-06-26 00:18:45.158280: I tensorflow/core/grappler/optimizers/data/replicate_on_split.cc:32] Running replicate on split optimization
2025-06-26 00:18:45.335204: I tensorflow/core/grappler/optimizers/data/replicate_on_split.cc:32] Running replicate on split optimization
2025-06-26 00:18:45.335207: I tensorflow/core/grappler/optimizers/data/replicate_on_split.cc:32] Running replicate on split optimization
2025-06-26 00:18:45.335353: I tensorflow/core/grappler/optimizers/data/replicate_on_split.cc:32] Running replicate on split optimization
2025-06-26 00:18:45.335708: I tensorflow/core/grappler/optimizers/data/replicate_on_split.cc:32] Running replicate on split optimization
                 INFO     | >> [*] Loading existing dataset    data_utils.py:208
                          statistics from                                       
                          data/mikasa_robo_tfds/RememberShapeA                  
                          ndColor5x3-v0/1.0.0/dataset_statisti                  
                          cs_6da4e6b78b132c31e91c837b870125a17                  
                          727acc86f3bbc45dd68e50c5a65125f.json                  
                          .                                                     
2025-06-26 00:18:45.487404: I tensorflow/core/grappler/optimizers/data/replicate_on_split.cc:32] Running replicate on split optimization
2025-06-26 00:18:45.487753: I tensorflow/core/grappler/optimizers/data/replicate_on_split.cc:32] Running replicate on split optimization
2025-06-26 00:18:45.487964: I tensorflow/core/grappler/optimizers/data/replicate_on_split.cc:32] Running replicate on split optimization
2025-06-26 00:18:45.488665: I tensorflow/core/grappler/optimizers/data/replicate_on_split.cc:32] Running replicate on split optimization
2025-06-26 00:18:45.672998: I tensorflow/core/grappler/optimizers/data/replicate_on_split.cc:32] Running replicate on split optimization
2025-06-26 00:18:45.673179: I tensorflow/core/grappler/optimizers/data/replicate_on_split.cc:32] Running replicate on split optimization
2025-06-26 00:18:45.673497: I tensorflow/core/grappler/optimizers/data/replicate_on_split.cc:32] Running replicate on split optimization
2025-06-26 00:18:45.678536: I tensorflow/core/grappler/optimizers/data/replicate_on_split.cc:32] Running replicate on split optimization
                 INFO     | >> [*] Loading existing dataset    data_utils.py:208
                          statistics from                                       
                          data/mikasa_robo_tfds/BunchOfColors3                  
                          -v0/1.0.0/dataset_statistics_331f2d7                  
                          ddcf32322a303eb7f85182a1924a767fc51a                  
                          0329292ed83f3d199b05d.json.                           
2025-06-26 00:18:45.799103: I tensorflow/core/grappler/optimizers/data/replicate_on_split.cc:32] Running replicate on split optimization
2025-06-26 00:18:45.799726: I tensorflow/core/grappler/optimizers/data/replicate_on_split.cc:32] Running replicate on split optimization
2025-06-26 00:18:45.799762: I tensorflow/core/grappler/optimizers/data/replicate_on_split.cc:32] Running replicate on split optimization
2025-06-26 00:18:45.800582: I tensorflow/core/grappler/optimizers/data/replicate_on_split.cc:32] Running replicate on split optimization
2025-06-26 00:18:46.014954: I tensorflow/core/grappler/optimizers/data/replicate_on_split.cc:32] Running replicate on split optimization
2025-06-26 00:18:46.016703: I tensorflow/core/grappler/optimizers/data/replicate_on_split.cc:32] Running replicate on split optimization
2025-06-26 00:18:46.016999: I tensorflow/core/grappler/optimizers/data/replicate_on_split.cc:32] Running replicate on split optimization
2025-06-26 00:18:46.017510: I tensorflow/core/grappler/optimizers/data/replicate_on_split.cc:32] Running replicate on split optimization
06/26 [00:18:46] INFO     | >> [*] Loading existing dataset    data_utils.py:208
                          statistics from                                       
                          data/mikasa_robo_tfds/BunchOfColors5                  
                          -v0/1.0.0/dataset_statistics_c683597                  
                          191b6cfac46a4bdd7cf54fd452ae9434febe                  
                          ba7704551ee06b3d1d505.json.                           
2025-06-26 00:18:46.138674: I tensorflow/core/grappler/optimizers/data/replicate_on_split.cc:32] Running replicate on split optimization
2025-06-26 00:18:46.139198: I tensorflow/core/grappler/optimizers/data/replicate_on_split.cc:32] Running replicate on split optimization
2025-06-26 00:18:46.139563: I tensorflow/core/grappler/optimizers/data/replicate_on_split.cc:32] Running replicate on split optimization
2025-06-26 00:18:46.140314: I tensorflow/core/grappler/optimizers/data/replicate_on_split.cc:32] Running replicate on split optimization
2025-06-26 00:18:46.314070: I tensorflow/core/grappler/optimizers/data/replicate_on_split.cc:32] Running replicate on split optimization
2025-06-26 00:18:46.316712: I tensorflow/core/grappler/optimizers/data/replicate_on_split.cc:32] Running replicate on split optimization
2025-06-26 00:18:46.316797: I tensorflow/core/grappler/optimizers/data/replicate_on_split.cc:32] Running replicate on split optimization
2025-06-26 00:18:46.317180: I tensorflow/core/grappler/optimizers/data/replicate_on_split.cc:32] Running replicate on split optimization
                 INFO     | >> [*] Loading existing dataset    data_utils.py:208
                          statistics from                                       
                          data/mikasa_robo_tfds/BunchOfColors7                  
                          -v0/1.0.0/dataset_statistics_23047af                  
                          2842de75636d624fe83a6a521496e6713cfa                  
                          b869b586f3e619f08fa80.json.                           
2025-06-26 00:18:46.467273: I tensorflow/core/grappler/optimizers/data/replicate_on_split.cc:32] Running replicate on split optimization
2025-06-26 00:18:46.467760: I tensorflow/core/grappler/optimizers/data/replicate_on_split.cc:32] Running replicate on split optimization
2025-06-26 00:18:46.467946: I tensorflow/core/grappler/optimizers/data/replicate_on_split.cc:32] Running replicate on split optimization
2025-06-26 00:18:46.468749: I tensorflow/core/grappler/optimizers/data/replicate_on_split.cc:32] Running replicate on split optimization
2025-06-26 00:18:46.647047: I tensorflow/core/grappler/optimizers/data/replicate_on_split.cc:32] Running replicate on split optimization
2025-06-26 00:18:46.649256: I tensorflow/core/grappler/optimizers/data/replicate_on_split.cc:32] Running replicate on split optimization
2025-06-26 00:18:46.649763: I tensorflow/core/grappler/optimizers/data/replicate_on_split.cc:32] Running replicate on split optimization
2025-06-26 00:18:46.654959: I tensorflow/core/grappler/optimizers/data/replicate_on_split.cc:32] Running replicate on split optimization
                 INFO     | >> [*] Loading existing dataset    data_utils.py:208
                          statistics from                                       
                          data/mikasa_robo_tfds/SeqOfColors3-v                  
                          0/1.0.0/dataset_statistics_fbf978a6c                  
                          95034ca4613b591890ff89d052fd21b7f260                  
                          db1bb7537c3adca7589.json.                             
2025-06-26 00:18:46.783323: I tensorflow/core/grappler/optimizers/data/replicate_on_split.cc:32] Running replicate on split optimization
2025-06-26 00:18:46.786171: I tensorflow/core/grappler/optimizers/data/replicate_on_split.cc:32] Running replicate on split optimization
2025-06-26 00:18:46.786994: I tensorflow/core/grappler/optimizers/data/replicate_on_split.cc:32] Running replicate on split optimization
2025-06-26 00:18:46.787455: I tensorflow/core/grappler/optimizers/data/replicate_on_split.cc:32] Running replicate on split optimization
2025-06-26 00:18:46.964624: I tensorflow/core/grappler/optimizers/data/replicate_on_split.cc:32] Running replicate on split optimization
2025-06-26 00:18:46.964723: I tensorflow/core/grappler/optimizers/data/replicate_on_split.cc:32] Running replicate on split optimization
2025-06-26 00:18:46.964818: I tensorflow/core/grappler/optimizers/data/replicate_on_split.cc:32] Running replicate on split optimization
2025-06-26 00:18:46.965187: I tensorflow/core/grappler/optimizers/data/replicate_on_split.cc:32] Running replicate on split optimization
06/26 [00:18:47] INFO     | >> [*] Loading existing dataset    data_utils.py:208
                          statistics from                                       
                          data/mikasa_robo_tfds/SeqOfColors5-v                  
                          0/1.0.0/dataset_statistics_0ea0125ad                  
                          7ac583814b84ad7d41e0424ca26bbcbf088e                  
                          58578529d2603910ab8.json.                             
2025-06-26 00:18:47.084454: I tensorflow/core/grappler/optimizers/data/replicate_on_split.cc:32] Running replicate on split optimization
2025-06-26 00:18:47.085042: I tensorflow/core/grappler/optimizers/data/replicate_on_split.cc:32] Running replicate on split optimization
2025-06-26 00:18:47.085136: I tensorflow/core/grappler/optimizers/data/replicate_on_split.cc:32] Running replicate on split optimization
2025-06-26 00:18:47.085400: I tensorflow/core/grappler/optimizers/data/replicate_on_split.cc:32] Running replicate on split optimization
2025-06-26 00:18:47.268758: I tensorflow/core/grappler/optimizers/data/replicate_on_split.cc:32] Running replicate on split optimization
2025-06-26 00:18:47.269509: I tensorflow/core/grappler/optimizers/data/replicate_on_split.cc:32] Running replicate on split optimization
2025-06-26 00:18:47.269599: I tensorflow/core/grappler/optimizers/data/replicate_on_split.cc:32] Running replicate on split optimization
2025-06-26 00:18:47.270060: I tensorflow/core/grappler/optimizers/data/replicate_on_split.cc:32] Running replicate on split optimization
                 INFO     | >> [*] Loading existing dataset    data_utils.py:208
                          statistics from                                       
                          data/mikasa_robo_tfds/SeqOfColors7-v                  
                          0/1.0.0/dataset_statistics_c196cd4cf                  
                          924f9efea0c39b9eb00768886b4986d0a84b                  
                          4e3a75f807316acdb92.json.                             
2025-06-26 00:18:47.408113: I tensorflow/core/grappler/optimizers/data/replicate_on_split.cc:32] Running replicate on split optimization
2025-06-26 00:18:47.408853: I tensorflow/core/grappler/optimizers/data/replicate_on_split.cc:32] Running replicate on split optimization
2025-06-26 00:18:47.409031: I tensorflow/core/grappler/optimizers/data/replicate_on_split.cc:32] Running replicate on split optimization
2025-06-26 00:18:47.409592: I tensorflow/core/grappler/optimizers/data/replicate_on_split.cc:32] Running replicate on split optimization
2025-06-26 00:18:47.539752: I tensorflow/core/grappler/optimizers/data/replicate_on_split.cc:32] Running replicate on split optimization
2025-06-26 00:18:47.540444: I tensorflow/core/grappler/optimizers/data/replicate_on_split.cc:32] Running replicate on split optimization
2025-06-26 00:18:47.541595: I tensorflow/core/grappler/optimizers/data/replicate_on_split.cc:32] Running replicate on split optimization
2025-06-26 00:18:47.541829: I tensorflow/core/grappler/optimizers/data/replicate_on_split.cc:32] Running replicate on split optimization
                 INFO     | >> [*] Loading existing dataset    data_utils.py:208
                          statistics from                                       
                          data/mikasa_robo_tfds/ChainOfColors3                  
                          -v0/1.0.0/dataset_statistics_4e6fcd8                  
                          c3b872220ab912f05134aa93e52e27002858                  
                          0de40e29126581a839fb4.json.                           
2025-06-26 00:18:47.680585: I tensorflow/core/grappler/optimizers/data/replicate_on_split.cc:32] Running replicate on split optimization
2025-06-26 00:18:47.681296: I tensorflow/core/grappler/optimizers/data/replicate_on_split.cc:32] Running replicate on split optimization
2025-06-26 00:18:47.681794: I tensorflow/core/grappler/optimizers/data/replicate_on_split.cc:32] Running replicate on split optimization
2025-06-26 00:18:47.682049: I tensorflow/core/grappler/optimizers/data/replicate_on_split.cc:32] Running replicate on split optimization
2025-06-26 00:18:47.854135: I tensorflow/core/grappler/optimizers/data/replicate_on_split.cc:32] Running replicate on split optimization
2025-06-26 00:18:47.854443: I tensorflow/core/grappler/optimizers/data/replicate_on_split.cc:32] Running replicate on split optimization
2025-06-26 00:18:47.854727: I tensorflow/core/grappler/optimizers/data/replicate_on_split.cc:32] Running replicate on split optimization
2025-06-26 00:18:47.855608: I tensorflow/core/grappler/optimizers/data/replicate_on_split.cc:32] Running replicate on split optimization
                 INFO     | >> [*] Loading existing dataset    data_utils.py:208
                          statistics from                                       
                          data/mikasa_robo_tfds/ChainOfColors5                  
                          -v0/1.0.0/dataset_statistics_cea1568                  
                          5a6e14f5087d9fe202a1a1628b38749074f9                  
                          039e14077a10d08a50fb6.json.                           
2025-06-26 00:18:47.977976: I tensorflow/core/grappler/optimizers/data/replicate_on_split.cc:32] Running replicate on split optimization
2025-06-26 00:18:47.979089: I tensorflow/core/grappler/optimizers/data/replicate_on_split.cc:32] Running replicate on split optimization
2025-06-26 00:18:47.979873: I tensorflow/core/grappler/optimizers/data/replicate_on_split.cc:32] Running replicate on split optimization
2025-06-26 00:18:47.979942: I tensorflow/core/grappler/optimizers/data/replicate_on_split.cc:32] Running replicate on split optimization
2025-06-26 00:18:48.129320: I tensorflow/core/grappler/optimizers/data/replicate_on_split.cc:32] Running replicate on split optimization
2025-06-26 00:18:48.130065: I tensorflow/core/grappler/optimizers/data/replicate_on_split.cc:32] Running replicate on split optimization
2025-06-26 00:18:48.130564: I tensorflow/core/grappler/optimizers/data/replicate_on_split.cc:32] Running replicate on split optimization
2025-06-26 00:18:48.135913: I tensorflow/core/grappler/optimizers/data/replicate_on_split.cc:32] Running replicate on split optimization
06/26 [00:18:48] INFO     | >> [*] Loading existing dataset    data_utils.py:208
                          statistics from                                       
                          data/mikasa_robo_tfds/ChainOfColors7                  
                          -v0/1.0.0/dataset_statistics_009053c                  
                          892629a15b5b0299948f52b71f55f00456b6                  
                          99f659bcd14904e5a3606.json.                           
2025-06-26 00:18:48.234872: I tensorflow/core/grappler/optimizers/data/replicate_on_split.cc:32] Running replicate on split optimization
2025-06-26 00:18:48.235894: I tensorflow/core/grappler/optimizers/data/replicate_on_split.cc:32] Running replicate on split optimization
2025-06-26 00:18:48.236089: I tensorflow/core/grappler/optimizers/data/replicate_on_split.cc:32] Running replicate on split optimization
2025-06-26 00:18:48.244575: I tensorflow/core/grappler/optimizers/data/replicate_on_split.cc:32] Running replicate on split optimization
2025-06-26 00:18:48.397891: I tensorflow/core/grappler/optimizers/data/replicate_on_split.cc:32] Running replicate on split optimization
2025-06-26 00:18:48.398628: I tensorflow/core/grappler/optimizers/data/replicate_on_split.cc:32] Running replicate on split optimization
2025-06-26 00:18:48.398844: I tensorflow/core/grappler/optimizers/data/replicate_on_split.cc:32] Running replicate on split optimization
2025-06-26 00:18:48.399209: I tensorflow/core/grappler/optimizers/data/replicate_on_split.cc:32] Running replicate on split optimization
                 INFO     | >> [*] Loading existing dataset    data_utils.py:208
                          statistics from                                       
                          data/mikasa_robo_tfds/RememberColor3                  
                          -v0_baseline/1.0.0/dataset_statistic                  
                          s_55613fad5fe09ac925a77bc2cda794c2dd                  
                          cb810471bd4849c154db2cf11327fb.json.                  
2025-06-26 00:18:48.524734: I tensorflow/core/grappler/optimizers/data/replicate_on_split.cc:32] Running replicate on split optimization
2025-06-26 00:18:48.525078: I tensorflow/core/grappler/optimizers/data/replicate_on_split.cc:32] Running replicate on split optimization
2025-06-26 00:18:48.525084: I tensorflow/core/grappler/optimizers/data/replicate_on_split.cc:32] Running replicate on split optimization
2025-06-26 00:18:48.525267: I tensorflow/core/grappler/optimizers/data/replicate_on_split.cc:32] Running replicate on split optimization
2025-06-26 00:18:48.696568: I tensorflow/core/grappler/optimizers/data/replicate_on_split.cc:32] Running replicate on split optimization
2025-06-26 00:18:48.697535: I tensorflow/core/grappler/optimizers/data/replicate_on_split.cc:32] Running replicate on split optimization
2025-06-26 00:18:48.698285: I tensorflow/core/grappler/optimizers/data/replicate_on_split.cc:32] Running replicate on split optimization
2025-06-26 00:18:48.698451: I tensorflow/core/grappler/optimizers/data/replicate_on_split.cc:32] Running replicate on split optimization
                 INFO     | >> [*] Loading existing dataset    data_utils.py:208
                          statistics from                                       
                          data/mikasa_robo_tfds/RememberColor9                  
                          -v0_baseline/1.0.0/dataset_statistic                  
                          s_4a16fbfeda508221197a51004b913829ff                  
                          51fcaa4ef4cbd8e3fed617975d4959.json.                  
2025-06-26 00:18:48.832409: I tensorflow/core/grappler/optimizers/data/replicate_on_split.cc:32] Running replicate on split optimization
2025-06-26 00:18:48.833325: I tensorflow/core/grappler/optimizers/data/replicate_on_split.cc:32] Running replicate on split optimization
2025-06-26 00:18:48.833582: I tensorflow/core/grappler/optimizers/data/replicate_on_split.cc:32] Running replicate on split optimization
2025-06-26 00:18:48.833835: I tensorflow/core/grappler/optimizers/data/replicate_on_split.cc:32] Running replicate on split optimization

######################################################################################
# Loading the following 34 datasets (incl. sampling weight):                         #
# mikasa_robo_tfds/ShellGameTouch-v0: ======================================0.029123 #
# mikasa_robo_tfds/ShellGamePush-v0: =======================================0.029123 #
# mikasa_robo_tfds/ShellGamePick-v0: =======================================0.029123 #
# mikasa_robo_tfds/InterceptSlow-v0: =======================================0.029123 #
# mikasa_robo_tfds/InterceptMedium-v0: =====================================0.029123 #
# mikasa_robo_tfds/InterceptFast-v0: =======================================0.029123 #
# mikasa_robo_tfds/InterceptGrabSlow-v0: ===================================0.029123 #
# mikasa_robo_tfds/InterceptGrabMedium-v0: =================================0.029123 #
# mikasa_robo_tfds/InterceptGrabFast-v0: ===================================0.029123 #
# mikasa_robo_tfds/RotateLenientPos-v0: ====================================0.029123 #
# mikasa_robo_tfds/RotateLenientPosNeg-v0: =================================0.029123 #
# mikasa_robo_tfds/RotateStrictPos-v0: =====================================0.029123 #
# mikasa_robo_tfds/RotateStrictPosNeg-v0: ==================================0.029123 #
# mikasa_robo_tfds/TakeItBack-v0: ==========================================0.058573 #
# mikasa_robo_tfds/RememberColor3-v0: ======================================0.019306 #
# mikasa_robo_tfds/RememberColor5-v0: ======================================0.019306 #
# mikasa_robo_tfds/RememberColor9-v0: ======================================0.019306 #
# mikasa_robo_tfds/RememberShape3-v0: ======================================0.019306 #
# mikasa_robo_tfds/RememberShape5-v0: ======================================0.019306 #
######################################################################################

# Loading the following 34 datasets (incl. sampling weight):                         #
# mikasa_robo_tfds/RememberShape9-v0: ======================================0.019306 ## mikasa_robo_tfds/ShellGameTouch-v0: ======================================0.029123 #
# mikasa_robo_tfds/ShellGamePush-v0: =======================================0.029123 #

# mikasa_robo_tfds/ShellGamePick-v0: =======================================0.029123 #
# mikasa_robo_tfds/InterceptSlow-v0: =======================================0.029123 ## mikasa_robo_tfds/RememberShapeAndColor3x2-v0: ============================0.019306 #
# mikasa_robo_tfds/InterceptMedium-v0: =====================================0.029123 #

# mikasa_robo_tfds/InterceptFast-v0: =======================================0.029123 #
# mikasa_robo_tfds/InterceptGrabSlow-v0: ===================================0.029123 #
# mikasa_robo_tfds/RememberShapeAndColor3x3-v0: ============================0.019306 ## mikasa_robo_tfds/InterceptGrabMedium-v0: =================================0.029123 #
######################################################################################


# mikasa_robo_tfds/InterceptGrabFast-v0: ===================================0.029123 ## Loading the following 34 datasets (incl. sampling weight):                         #
# mikasa_robo_tfds/RememberShapeAndColor5x3-v0: ============================0.019306 #
# mikasa_robo_tfds/RotateLenientPos-v0: ====================================0.029123 ## mikasa_robo_tfds/ShellGameTouch-v0: ======================================0.029123 #


# mikasa_robo_tfds/RotateLenientPosNeg-v0: =================================0.029123 ## mikasa_robo_tfds/ShellGamePush-v0: =======================================0.029123 #
# mikasa_robo_tfds/BunchOfColors3-v0: ======================================0.038940 #
# mikasa_robo_tfds/RotateStrictPos-v0: =====================================0.029123 ## mikasa_robo_tfds/ShellGamePick-v0: =======================================0.029123 #


# mikasa_robo_tfds/RotateStrictPosNeg-v0: ==================================0.029123 ## mikasa_robo_tfds/InterceptSlow-v0: =======================================0.029123 #
# mikasa_robo_tfds/BunchOfColors5-v0: ======================================0.038940 #
# mikasa_robo_tfds/TakeItBack-v0: ==========================================0.058573 ## mikasa_robo_tfds/InterceptMedium-v0: =====================================0.029123 #


# mikasa_robo_tfds/RememberColor3-v0: ======================================0.019306 ## mikasa_robo_tfds/InterceptFast-v0: =======================================0.029123 ## mikasa_robo_tfds/BunchOfColors7-v0: ======================================0.038940 #

# mikasa_robo_tfds/RememberColor5-v0: ======================================0.019306 ## mikasa_robo_tfds/InterceptGrabSlow-v0: ===================================0.029123 #


# mikasa_robo_tfds/RememberColor9-v0: ======================================0.019306 #
####################################################################################### mikasa_robo_tfds/InterceptGrabMedium-v0: =================================0.029123 ## mikasa_robo_tfds/SeqOfColors3-v0: ========================================0.038940 #


# mikasa_robo_tfds/RememberShape3-v0: ======================================0.019306 ## Loading the following 34 datasets (incl. sampling weight):                         #
# mikasa_robo_tfds/InterceptGrabFast-v0: ===================================0.029123 #


# mikasa_robo_tfds/RememberShape5-v0: ======================================0.019306 ## mikasa_robo_tfds/SeqOfColors5-v0: ========================================0.038940 ## mikasa_robo_tfds/ShellGameTouch-v0: ======================================0.029123 ## mikasa_robo_tfds/RotateLenientPos-v0: ====================================0.029123 #



# mikasa_robo_tfds/RememberShape9-v0: ======================================0.019306 ## mikasa_robo_tfds/ShellGamePush-v0: =======================================0.029123 ## mikasa_robo_tfds/RotateLenientPosNeg-v0: =================================0.029123 #

# mikasa_robo_tfds/SeqOfColors7-v0: ========================================0.038940 #
# mikasa_robo_tfds/RememberShapeAndColor3x2-v0: ============================0.019306 ## mikasa_robo_tfds/ShellGamePick-v0: =======================================0.029123 ## mikasa_robo_tfds/RotateStrictPos-v0: =====================================0.029123 #



# mikasa_robo_tfds/RememberShapeAndColor3x3-v0: ============================0.019306 ## mikasa_robo_tfds/InterceptSlow-v0: =======================================0.029123 ## mikasa_robo_tfds/RotateStrictPosNeg-v0: ==================================0.029123 ## mikasa_robo_tfds/ChainOfColors3-v0: ======================================0.038940 #


# mikasa_robo_tfds/RememberShapeAndColor5x3-v0: ============================0.019306 ## mikasa_robo_tfds/InterceptMedium-v0: =====================================0.029123 #
# mikasa_robo_tfds/TakeItBack-v0: ==========================================0.058573 #


# mikasa_robo_tfds/BunchOfColors3-v0: ======================================0.038940 ## mikasa_robo_tfds/ChainOfColors5-v0: ======================================0.038940 ## mikasa_robo_tfds/InterceptFast-v0: =======================================0.029123 ## mikasa_robo_tfds/RememberColor3-v0: ======================================0.019306 #



# mikasa_robo_tfds/BunchOfColors5-v0: ======================================0.038940 ## mikasa_robo_tfds/InterceptGrabSlow-v0: ===================================0.029123 ## mikasa_robo_tfds/RememberColor5-v0: ======================================0.019306 #

# mikasa_robo_tfds/ChainOfColors7-v0: ======================================0.038940 #
# mikasa_robo_tfds/BunchOfColors7-v0: ======================================0.038940 ## mikasa_robo_tfds/InterceptGrabMedium-v0: =================================0.029123 ## mikasa_robo_tfds/RememberColor9-v0: ======================================0.019306 #



# mikasa_robo_tfds/SeqOfColors3-v0: ========================================0.038940 ## mikasa_robo_tfds/InterceptGrabFast-v0: ===================================0.029123 ## mikasa_robo_tfds/RememberShape3-v0: ======================================0.019306 ## mikasa_robo_tfds/RememberColor3-v0_baseline: =============================0.019306 #


# mikasa_robo_tfds/SeqOfColors5-v0: ========================================0.038940 ## mikasa_robo_tfds/RotateLenientPos-v0: ====================================0.029123 #
# mikasa_robo_tfds/RememberShape5-v0: ======================================0.019306 #


# mikasa_robo_tfds/SeqOfColors7-v0: ========================================0.038940 ## mikasa_robo_tfds/RememberColor9-v0_baseline: =============================0.019306 ## mikasa_robo_tfds/RotateLenientPosNeg-v0: =================================0.029123 ## mikasa_robo_tfds/RememberShape9-v0: ======================================0.019306 #



# mikasa_robo_tfds/ChainOfColors3-v0: ======================================0.038940 ## mikasa_robo_tfds/RotateStrictPos-v0: =====================================0.029123 ## mikasa_robo_tfds/RememberShapeAndColor3x2-v0: ============================0.019306 #

######################################################################################

# mikasa_robo_tfds/ChainOfColors5-v0: ======================================0.038940 ## mikasa_robo_tfds/RotateStrictPosNeg-v0: ==================================0.029123 ## mikasa_robo_tfds/RememberShapeAndColor3x3-v0: ============================0.019306 #



# mikasa_robo_tfds/ChainOfColors7-v0: ======================================0.038940 ## mikasa_robo_tfds/TakeItBack-v0: ==========================================0.058573 ## mikasa_robo_tfds/RememberShapeAndColor5x3-v0: ============================0.019306 #


# mikasa_robo_tfds/RememberColor3-v0_baseline: =============================0.019306 ## mikasa_robo_tfds/RememberColor3-v0: ======================================0.019306 ## mikasa_robo_tfds/BunchOfColors3-v0: ======================================0.038940 #


# mikasa_robo_tfds/RememberColor9-v0_baseline: =============================0.019306 ## mikasa_robo_tfds/RememberColor5-v0: ======================================0.019306 ## mikasa_robo_tfds/BunchOfColors5-v0: ======================================0.038940 #


######################################################################################
# mikasa_robo_tfds/RememberColor9-v0: ======================================0.019306 ## mikasa_robo_tfds/BunchOfColors7-v0: ======================================0.038940 #


# mikasa_robo_tfds/RememberShape3-v0: ======================================0.019306 ## mikasa_robo_tfds/SeqOfColors3-v0: ========================================0.038940 #

# mikasa_robo_tfds/RememberShape5-v0: ======================================0.019306 ## mikasa_robo_tfds/SeqOfColors5-v0: ========================================0.038940 #

# mikasa_robo_tfds/RememberShape9-v0: ======================================0.019306 ## mikasa_robo_tfds/SeqOfColors7-v0: ========================================0.038940 #

# mikasa_robo_tfds/RememberShapeAndColor3x2-v0: ============================0.019306 ## mikasa_robo_tfds/ChainOfColors3-v0: ======================================0.038940 #

# mikasa_robo_tfds/RememberShapeAndColor3x3-v0: ============================0.019306 ## mikasa_robo_tfds/ChainOfColors5-v0: ======================================0.038940 #

# mikasa_robo_tfds/RememberShapeAndColor5x3-v0: ============================0.019306 ## mikasa_robo_tfds/ChainOfColors7-v0: ======================================0.038940 #

# mikasa_robo_tfds/BunchOfColors3-v0: ======================================0.038940 ## mikasa_robo_tfds/RememberColor3-v0_baseline: =============================0.019306 #

# mikasa_robo_tfds/BunchOfColors5-v0: ======================================0.038940 ## mikasa_robo_tfds/RememberColor9-v0_baseline: =============================0.019306 #

# mikasa_robo_tfds/BunchOfColors7-v0: ======================================0.038940 #######################################################################################


# mikasa_robo_tfds/SeqOfColors3-v0: ========================================0.038940 #
# mikasa_robo_tfds/SeqOfColors5-v0: ========================================0.038940 #
# mikasa_robo_tfds/SeqOfColors7-v0: ========================================0.038940 #
# mikasa_robo_tfds/ChainOfColors3-v0: ======================================0.038940 #
# mikasa_robo_tfds/ChainOfColors5-v0: ======================================0.038940 #
# mikasa_robo_tfds/ChainOfColors7-v0: ======================================0.038940 #
# mikasa_robo_tfds/RememberColor3-v0_baseline: =============================0.019306 #
# mikasa_robo_tfds/RememberColor9-v0_baseline: =============================0.019306 #
######################################################################################

06/26 [00:18:49] INFO     | >> [*] Threads per Dataset: [1 1 1 1  dataset.py:531
                          1 1 1 1 1 1 1 1 1 1 1 1 1 1 1 1 1 1 1 1               
                          1 1 1 1 1 1 1 1 1 1]                                  
                 INFO     | >> [*] Reads per Dataset: [1 1 1 1 1  dataset.py:532
                          1 1 1 1 1 1 1 1 1 1 1 1 1 1 1 1 1 1 1 1               
                          1 1 1 1 1 1 1 1 1]                                    
                 INFO     | >> [*] Constructing datasets...       dataset.py:535
2025-06-26 00:18:49.091500: I tensorflow/core/grappler/optimizers/data/replicate_on_split.cc:32] Running replicate on split optimization
2025-06-26 00:18:49.091892: I tensorflow/core/grappler/optimizers/data/replicate_on_split.cc:32] Running replicate on split optimization
2025-06-26 00:18:49.092340: I tensorflow/core/grappler/optimizers/data/replicate_on_split.cc:32] Running replicate on split optimization
2025-06-26 00:18:49.096042: I tensorflow/core/grappler/optimizers/data/replicate_on_split.cc:32] Running replicate on split optimization
2025-06-26 00:18:50.247630: I tensorflow/core/grappler/optimizers/data/replicate_on_split.cc:32] Running replicate on split optimization
2025-06-26 00:18:50.290853: I tensorflow/core/grappler/optimizers/data/replicate_on_split.cc:32] Running replicate on split optimization
2025-06-26 00:18:50.294303: I tensorflow/core/grappler/optimizers/data/replicate_on_split.cc:32] Running replicate on split optimization
2025-06-26 00:18:50.314051: I tensorflow/core/grappler/optimizers/data/replicate_on_split.cc:32] Running replicate on split optimization
2025-06-26 00:18:50.462716: I tensorflow/core/grappler/optimizers/data/replicate_on_split.cc:32] Running replicate on split optimization
2025-06-26 00:18:50.513319: I tensorflow/core/grappler/optimizers/data/replicate_on_split.cc:32] Running replicate on split optimization
2025-06-26 00:18:50.514070: I tensorflow/core/grappler/optimizers/data/replicate_on_split.cc:32] Running replicate on split optimization
2025-06-26 00:18:50.535073: I tensorflow/core/grappler/optimizers/data/replicate_on_split.cc:32] Running replicate on split optimization
2025-06-26 00:18:50.677925: I tensorflow/core/grappler/optimizers/data/replicate_on_split.cc:32] Running replicate on split optimization
2025-06-26 00:18:50.732659: I tensorflow/core/grappler/optimizers/data/replicate_on_split.cc:32] Running replicate on split optimization
2025-06-26 00:18:50.733422: I tensorflow/core/grappler/optimizers/data/replicate_on_split.cc:32] Running replicate on split optimization
2025-06-26 00:18:50.754409: I tensorflow/core/grappler/optimizers/data/replicate_on_split.cc:32] Running replicate on split optimization
2025-06-26 00:18:50.891811: I tensorflow/core/grappler/optimizers/data/replicate_on_split.cc:32] Running replicate on split optimization
2025-06-26 00:18:50.952892: I tensorflow/core/grappler/optimizers/data/replicate_on_split.cc:32] Running replicate on split optimization
2025-06-26 00:18:50.955211: I tensorflow/core/grappler/optimizers/data/replicate_on_split.cc:32] Running replicate on split optimization
2025-06-26 00:18:50.972889: I tensorflow/core/grappler/optimizers/data/replicate_on_split.cc:32] Running replicate on split optimization
2025-06-26 00:18:51.105533: I tensorflow/core/grappler/optimizers/data/replicate_on_split.cc:32] Running replicate on split optimization
2025-06-26 00:18:51.172350: I tensorflow/core/grappler/optimizers/data/replicate_on_split.cc:32] Running replicate on split optimization
2025-06-26 00:18:51.174172: I tensorflow/core/grappler/optimizers/data/replicate_on_split.cc:32] Running replicate on split optimization
2025-06-26 00:18:51.191193: I tensorflow/core/grappler/optimizers/data/replicate_on_split.cc:32] Running replicate on split optimization
2025-06-26 00:18:51.319424: I tensorflow/core/grappler/optimizers/data/replicate_on_split.cc:32] Running replicate on split optimization
2025-06-26 00:18:51.390292: I tensorflow/core/grappler/optimizers/data/replicate_on_split.cc:32] Running replicate on split optimization
2025-06-26 00:18:51.391030: I tensorflow/core/grappler/optimizers/data/replicate_on_split.cc:32] Running replicate on split optimization
2025-06-26 00:18:51.408674: I tensorflow/core/grappler/optimizers/data/replicate_on_split.cc:32] Running replicate on split optimization
2025-06-26 00:18:51.533578: I tensorflow/core/grappler/optimizers/data/replicate_on_split.cc:32] Running replicate on split optimization
2025-06-26 00:18:51.605470: I tensorflow/core/grappler/optimizers/data/replicate_on_split.cc:32] Running replicate on split optimization
2025-06-26 00:18:51.608583: I tensorflow/core/grappler/optimizers/data/replicate_on_split.cc:32] Running replicate on split optimization
2025-06-26 00:18:51.627210: I tensorflow/core/grappler/optimizers/data/replicate_on_split.cc:32] Running replicate on split optimization
2025-06-26 00:18:51.748091: I tensorflow/core/grappler/optimizers/data/replicate_on_split.cc:32] Running replicate on split optimization
2025-06-26 00:18:51.821923: I tensorflow/core/grappler/optimizers/data/replicate_on_split.cc:32] Running replicate on split optimization
2025-06-26 00:18:51.826873: I tensorflow/core/grappler/optimizers/data/replicate_on_split.cc:32] Running replicate on split optimization
2025-06-26 00:18:51.845220: I tensorflow/core/grappler/optimizers/data/replicate_on_split.cc:32] Running replicate on split optimization
2025-06-26 00:18:51.964251: I tensorflow/core/grappler/optimizers/data/replicate_on_split.cc:32] Running replicate on split optimization
2025-06-26 00:18:52.037061: I tensorflow/core/grappler/optimizers/data/replicate_on_split.cc:32] Running replicate on split optimization
2025-06-26 00:18:52.044241: I tensorflow/core/grappler/optimizers/data/replicate_on_split.cc:32] Running replicate on split optimization
2025-06-26 00:18:52.063582: I tensorflow/core/grappler/optimizers/data/replicate_on_split.cc:32] Running replicate on split optimization
2025-06-26 00:18:52.178858: I tensorflow/core/grappler/optimizers/data/replicate_on_split.cc:32] Running replicate on split optimization
2025-06-26 00:18:52.253800: I tensorflow/core/grappler/optimizers/data/replicate_on_split.cc:32] Running replicate on split optimization
2025-06-26 00:18:52.263312: I tensorflow/core/grappler/optimizers/data/replicate_on_split.cc:32] Running replicate on split optimization
2025-06-26 00:18:52.281889: I tensorflow/core/grappler/optimizers/data/replicate_on_split.cc:32] Running replicate on split optimization
2025-06-26 00:18:52.393227: I tensorflow/core/grappler/optimizers/data/replicate_on_split.cc:32] Running replicate on split optimization
2025-06-26 00:18:52.470426: I tensorflow/core/grappler/optimizers/data/replicate_on_split.cc:32] Running replicate on split optimization
2025-06-26 00:18:52.482467: I tensorflow/core/grappler/optimizers/data/replicate_on_split.cc:32] Running replicate on split optimization
2025-06-26 00:18:52.501280: I tensorflow/core/grappler/optimizers/data/replicate_on_split.cc:32] Running replicate on split optimization
2025-06-26 00:18:52.606378: I tensorflow/core/grappler/optimizers/data/replicate_on_split.cc:32] Running replicate on split optimization
2025-06-26 00:18:52.686140: I tensorflow/core/grappler/optimizers/data/replicate_on_split.cc:32] Running replicate on split optimization
2025-06-26 00:18:52.701768: I tensorflow/core/grappler/optimizers/data/replicate_on_split.cc:32] Running replicate on split optimization
2025-06-26 00:18:52.720291: I tensorflow/core/grappler/optimizers/data/replicate_on_split.cc:32] Running replicate on split optimization
2025-06-26 00:18:52.820921: I tensorflow/core/grappler/optimizers/data/replicate_on_split.cc:32] Running replicate on split optimization
2025-06-26 00:18:52.900904: I tensorflow/core/grappler/optimizers/data/replicate_on_split.cc:32] Running replicate on split optimization
2025-06-26 00:18:52.920131: I tensorflow/core/grappler/optimizers/data/replicate_on_split.cc:32] Running replicate on split optimization
2025-06-26 00:18:52.937827: I tensorflow/core/grappler/optimizers/data/replicate_on_split.cc:32] Running replicate on split optimization
2025-06-26 00:18:53.035714: I tensorflow/core/grappler/optimizers/data/replicate_on_split.cc:32] Running replicate on split optimization
2025-06-26 00:18:53.115534: I tensorflow/core/grappler/optimizers/data/replicate_on_split.cc:32] Running replicate on split optimization
2025-06-26 00:18:53.137648: I tensorflow/core/grappler/optimizers/data/replicate_on_split.cc:32] Running replicate on split optimization
2025-06-26 00:18:53.155596: I tensorflow/core/grappler/optimizers/data/replicate_on_split.cc:32] Running replicate on split optimization
2025-06-26 00:18:53.248452: I tensorflow/core/grappler/optimizers/data/replicate_on_split.cc:32] Running replicate on split optimization
2025-06-26 00:18:53.330178: I tensorflow/core/grappler/optimizers/data/replicate_on_split.cc:32] Running replicate on split optimization
2025-06-26 00:18:53.356066: I tensorflow/core/grappler/optimizers/data/replicate_on_split.cc:32] Running replicate on split optimization
2025-06-26 00:18:53.373967: I tensorflow/core/grappler/optimizers/data/replicate_on_split.cc:32] Running replicate on split optimization
2025-06-26 00:18:53.459861: I tensorflow/core/grappler/optimizers/data/replicate_on_split.cc:32] Running replicate on split optimization
2025-06-26 00:18:53.544106: I tensorflow/core/grappler/optimizers/data/replicate_on_split.cc:32] Running replicate on split optimization
2025-06-26 00:18:53.572629: I tensorflow/core/grappler/optimizers/data/replicate_on_split.cc:32] Running replicate on split optimization
2025-06-26 00:18:53.590475: I tensorflow/core/grappler/optimizers/data/replicate_on_split.cc:32] Running replicate on split optimization
2025-06-26 00:18:53.672719: I tensorflow/core/grappler/optimizers/data/replicate_on_split.cc:32] Running replicate on split optimization
2025-06-26 00:18:53.758926: I tensorflow/core/grappler/optimizers/data/replicate_on_split.cc:32] Running replicate on split optimization
2025-06-26 00:18:53.789567: I tensorflow/core/grappler/optimizers/data/replicate_on_split.cc:32] Running replicate on split optimization
2025-06-26 00:18:53.808246: I tensorflow/core/grappler/optimizers/data/replicate_on_split.cc:32] Running replicate on split optimization
2025-06-26 00:18:53.887421: I tensorflow/core/grappler/optimizers/data/replicate_on_split.cc:32] Running replicate on split optimization
2025-06-26 00:18:53.974904: I tensorflow/core/grappler/optimizers/data/replicate_on_split.cc:32] Running replicate on split optimization
2025-06-26 00:18:54.008290: I tensorflow/core/grappler/optimizers/data/replicate_on_split.cc:32] Running replicate on split optimization
2025-06-26 00:18:54.026582: I tensorflow/core/grappler/optimizers/data/replicate_on_split.cc:32] Running replicate on split optimization
2025-06-26 00:18:54.101080: I tensorflow/core/grappler/optimizers/data/replicate_on_split.cc:32] Running replicate on split optimization
2025-06-26 00:18:54.190339: I tensorflow/core/grappler/optimizers/data/replicate_on_split.cc:32] Running replicate on split optimization
2025-06-26 00:18:54.226394: I tensorflow/core/grappler/optimizers/data/replicate_on_split.cc:32] Running replicate on split optimization
2025-06-26 00:18:54.244971: I tensorflow/core/grappler/optimizers/data/replicate_on_split.cc:32] Running replicate on split optimization
2025-06-26 00:18:54.314449: I tensorflow/core/grappler/optimizers/data/replicate_on_split.cc:32] Running replicate on split optimization
2025-06-26 00:18:54.405099: I tensorflow/core/grappler/optimizers/data/replicate_on_split.cc:32] Running replicate on split optimization
2025-06-26 00:18:54.445055: I tensorflow/core/grappler/optimizers/data/replicate_on_split.cc:32] Running replicate on split optimization
2025-06-26 00:18:54.462664: I tensorflow/core/grappler/optimizers/data/replicate_on_split.cc:32] Running replicate on split optimization
2025-06-26 00:18:54.528315: I tensorflow/core/grappler/optimizers/data/replicate_on_split.cc:32] Running replicate on split optimization
2025-06-26 00:18:54.619908: I tensorflow/core/grappler/optimizers/data/replicate_on_split.cc:32] Running replicate on split optimization
2025-06-26 00:18:54.665299: I tensorflow/core/grappler/optimizers/data/replicate_on_split.cc:32] Running replicate on split optimization
2025-06-26 00:18:54.680810: I tensorflow/core/grappler/optimizers/data/replicate_on_split.cc:32] Running replicate on split optimization
2025-06-26 00:18:54.741676: I tensorflow/core/grappler/optimizers/data/replicate_on_split.cc:32] Running replicate on split optimization
2025-06-26 00:18:54.835240: I tensorflow/core/grappler/optimizers/data/replicate_on_split.cc:32] Running replicate on split optimization
2025-06-26 00:18:54.885598: I tensorflow/core/grappler/optimizers/data/replicate_on_split.cc:32] Running replicate on split optimization
2025-06-26 00:18:54.898463: I tensorflow/core/grappler/optimizers/data/replicate_on_split.cc:32] Running replicate on split optimization
2025-06-26 00:18:54.954759: I tensorflow/core/grappler/optimizers/data/replicate_on_split.cc:32] Running replicate on split optimization
2025-06-26 00:18:55.050523: I tensorflow/core/grappler/optimizers/data/replicate_on_split.cc:32] Running replicate on split optimization
2025-06-26 00:18:55.104839: I tensorflow/core/grappler/optimizers/data/replicate_on_split.cc:32] Running replicate on split optimization
2025-06-26 00:18:55.117099: I tensorflow/core/grappler/optimizers/data/replicate_on_split.cc:32] Running replicate on split optimization
2025-06-26 00:18:55.167544: I tensorflow/core/grappler/optimizers/data/replicate_on_split.cc:32] Running replicate on split optimization
2025-06-26 00:18:55.267117: I tensorflow/core/grappler/optimizers/data/replicate_on_split.cc:32] Running replicate on split optimization
2025-06-26 00:18:55.323847: I tensorflow/core/grappler/optimizers/data/replicate_on_split.cc:32] Running replicate on split optimization
2025-06-26 00:18:55.335673: I tensorflow/core/grappler/optimizers/data/replicate_on_split.cc:32] Running replicate on split optimization
2025-06-26 00:18:55.381591: I tensorflow/core/grappler/optimizers/data/replicate_on_split.cc:32] Running replicate on split optimization
2025-06-26 00:18:55.483459: I tensorflow/core/grappler/optimizers/data/replicate_on_split.cc:32] Running replicate on split optimization
2025-06-26 00:18:55.542753: I tensorflow/core/grappler/optimizers/data/replicate_on_split.cc:32] Running replicate on split optimization
2025-06-26 00:18:55.554861: I tensorflow/core/grappler/optimizers/data/replicate_on_split.cc:32] Running replicate on split optimization
2025-06-26 00:18:55.595832: I tensorflow/core/grappler/optimizers/data/replicate_on_split.cc:32] Running replicate on split optimization
2025-06-26 00:18:55.700986: I tensorflow/core/grappler/optimizers/data/replicate_on_split.cc:32] Running replicate on split optimization
2025-06-26 00:18:55.762148: I tensorflow/core/grappler/optimizers/data/replicate_on_split.cc:32] Running replicate on split optimization
2025-06-26 00:18:55.773790: I tensorflow/core/grappler/optimizers/data/replicate_on_split.cc:32] Running replicate on split optimization
2025-06-26 00:18:55.811243: I tensorflow/core/grappler/optimizers/data/replicate_on_split.cc:32] Running replicate on split optimization
2025-06-26 00:18:55.918252: I tensorflow/core/grappler/optimizers/data/replicate_on_split.cc:32] Running replicate on split optimization
2025-06-26 00:18:55.982991: I tensorflow/core/grappler/optimizers/data/replicate_on_split.cc:32] Running replicate on split optimization
2025-06-26 00:18:55.994354: I tensorflow/core/grappler/optimizers/data/replicate_on_split.cc:32] Running replicate on split optimization
2025-06-26 00:18:56.026352: I tensorflow/core/grappler/optimizers/data/replicate_on_split.cc:32] Running replicate on split optimization
2025-06-26 00:18:56.135604: I tensorflow/core/grappler/optimizers/data/replicate_on_split.cc:32] Running replicate on split optimization
2025-06-26 00:18:56.203438: I tensorflow/core/grappler/optimizers/data/replicate_on_split.cc:32] Running replicate on split optimization
2025-06-26 00:18:56.214320: I tensorflow/core/grappler/optimizers/data/replicate_on_split.cc:32] Running replicate on split optimization
2025-06-26 00:18:56.241290: I tensorflow/core/grappler/optimizers/data/replicate_on_split.cc:32] Running replicate on split optimization
2025-06-26 00:18:56.352466: I tensorflow/core/grappler/optimizers/data/replicate_on_split.cc:32] Running replicate on split optimization
2025-06-26 00:18:56.423457: I tensorflow/core/grappler/optimizers/data/replicate_on_split.cc:32] Running replicate on split optimization
2025-06-26 00:18:56.434503: I tensorflow/core/grappler/optimizers/data/replicate_on_split.cc:32] Running replicate on split optimization
2025-06-26 00:18:56.456822: I tensorflow/core/grappler/optimizers/data/replicate_on_split.cc:32] Running replicate on split optimization
2025-06-26 00:18:56.568607: I tensorflow/core/grappler/optimizers/data/replicate_on_split.cc:32] Running replicate on split optimization
2025-06-26 00:18:56.643683: I tensorflow/core/grappler/optimizers/data/replicate_on_split.cc:32] Running replicate on split optimization
2025-06-26 00:18:56.654768: I tensorflow/core/grappler/optimizers/data/replicate_on_split.cc:32] Running replicate on split optimization
2025-06-26 00:18:56.671844: I tensorflow/core/grappler/optimizers/data/replicate_on_split.cc:32] Running replicate on split optimization
2025-06-26 00:18:57.190177: I tensorflow/core/grappler/optimizers/data/replicate_on_split.cc:32] Running replicate on split optimization
2025-06-26 00:18:57.260742: I tensorflow/core/grappler/optimizers/data/replicate_on_split.cc:32] Running replicate on split optimization
2025-06-26 00:18:57.274038: I tensorflow/core/grappler/optimizers/data/replicate_on_split.cc:32] Running replicate on split optimization
2025-06-26 00:18:57.306040: I tensorflow/core/grappler/optimizers/data/replicate_on_split.cc:32] Running replicate on split optimization
2025-06-26 00:18:57.410977: I tensorflow/core/grappler/optimizers/data/replicate_on_split.cc:32] Running replicate on split optimization
2025-06-26 00:18:57.486816: I tensorflow/core/grappler/optimizers/data/replicate_on_split.cc:32] Running replicate on split optimization
2025-06-26 00:18:57.490137: I tensorflow/core/grappler/optimizers/data/replicate_on_split.cc:32] Running replicate on split optimization
2025-06-26 00:18:57.529975: I tensorflow/core/grappler/optimizers/data/replicate_on_split.cc:32] Running replicate on split optimization
2025-06-26 00:18:57.626795: I tensorflow/core/grappler/optimizers/data/replicate_on_split.cc:32] Running replicate on split optimization
2025-06-26 00:18:57.705794: I tensorflow/core/grappler/optimizers/data/replicate_on_split.cc:32] Running replicate on split optimization
2025-06-26 00:18:57.750015: I tensorflow/core/grappler/optimizers/data/replicate_on_split.cc:32] Running replicate on split optimization
06/26 [00:18:57] INFO     | >> [*] Applying frame transforms on   dataset.py:575
                          dataset...                                            
self.data_root_dir data
self.data_root_dir data
OXE_DATASET_CONFIGS {'image_obs_keys': {'primary': 'image', 'secondary': None, 'wrist': None}, 'depth_obs_keys': {'primary': None, 'secondary': None, 'wrist': None}, 'state_obs_keys': ['state'], 'state_encoding': <StateEncoding.POS_EULER: 1>, 'action_encoding': <ActionEncoding.EEF_POS: 1>}
OXE_DATASET_CONFIGS {'image_obs_keys': {'primary': 'image', 'secondary': None, 'wrist': None}, 'depth_obs_keys': {'primary': None, 'secondary': None, 'wrist': None}, 'state_obs_keys': ['state'], 'state_encoding': <StateEncoding.POS_EULER: 1>, 'action_encoding': <ActionEncoding.EEF_POS: 1>}
OXE_DATASET_CONFIGS {'image_obs_keys': {'primary': 'image', 'secondary': None, 'wrist': None}, 'depth_obs_keys': {'primary': None, 'secondary': None, 'wrist': None}, 'state_obs_keys': ['state'], 'state_encoding': <StateEncoding.POS_EULER: 1>, 'action_encoding': <ActionEncoding.EEF_POS: 1>}
OXE_DATASET_CONFIGS {'image_obs_keys': {'primary': 'image', 'secondary': None, 'wrist': None}, 'depth_obs_keys': {'primary': None, 'secondary': None, 'wrist': None}, 'state_obs_keys': ['state'], 'state_encoding': <StateEncoding.POS_EULER: 1>, 'action_encoding': <ActionEncoding.EEF_POS: 1>}
OXE_DATASET_CONFIGS {'image_obs_keys': {'primary': 'image', 'secondary': None, 'wrist': None}, 'depth_obs_keys': {'primary': None, 'secondary': None, 'wrist': None}, 'state_obs_keys': ['state'], 'state_encoding': <StateEncoding.POS_EULER: 1>, 'action_encoding': <ActionEncoding.EEF_POS: 1>}
OXE_DATASET_CONFIGS {'image_obs_keys': {'primary': 'image', 'secondary': None, 'wrist': None}, 'depth_obs_keys': {'primary': None, 'secondary': None, 'wrist': None}, 'state_obs_keys': ['state'], 'state_encoding': <StateEncoding.POS_EULER: 1>, 'action_encoding': <ActionEncoding.EEF_POS: 1>}
OXE_DATASET_CONFIGS {'image_obs_keys': {'primary': 'image', 'secondary': None, 'wrist': None}, 'depth_obs_keys': {'primary': None, 'secondary': None, 'wrist': None}, 'state_obs_keys': ['state'], 'state_encoding': <StateEncoding.POS_EULER: 1>, 'action_encoding': <ActionEncoding.EEF_POS: 1>}
OXE_DATASET_CONFIGS {'image_obs_keys': {'primary': 'image', 'secondary': None, 'wrist': None}, 'depth_obs_keys': {'primary': None, 'secondary': None, 'wrist': None}, 'state_obs_keys': ['state'], 'state_encoding': <StateEncoding.POS_EULER: 1>, 'action_encoding': <ActionEncoding.EEF_POS: 1>}
OXE_DATASET_CONFIGS {'image_obs_keys': {'primary': 'image', 'secondary': None, 'wrist': None}, 'depth_obs_keys': {'primary': None, 'secondary': None, 'wrist': None}, 'state_obs_keys': ['state'], 'state_encoding': <StateEncoding.POS_EULER: 1>, 'action_encoding': <ActionEncoding.EEF_POS: 1>}
OXE_DATASET_CONFIGS {'image_obs_keys': {'primary': 'image', 'secondary': None, 'wrist': None}, 'depth_obs_keys': {'primary': None, 'secondary': None, 'wrist': None}, 'state_obs_keys': ['state'], 'state_encoding': <StateEncoding.POS_EULER: 1>, 'action_encoding': <ActionEncoding.EEF_POS: 1>}
OXE_DATASET_CONFIGS {'image_obs_keys': {'primary': 'image', 'secondary': None, 'wrist': None}, 'depth_obs_keys': {'primary': None, 'secondary': None, 'wrist': None}, 'state_obs_keys': ['state'], 'state_encoding': <StateEncoding.POS_EULER: 1>, 'action_encoding': <ActionEncoding.EEF_POS: 1>}
OXE_DATASET_CONFIGS {'image_obs_keys': {'primary': 'image', 'secondary': None, 'wrist': None}, 'depth_obs_keys': {'primary': None, 'secondary': None, 'wrist': None}, 'state_obs_keys': ['state'], 'state_encoding': <StateEncoding.POS_EULER: 1>, 'action_encoding': <ActionEncoding.EEF_POS: 1>}
OXE_DATASET_CONFIGS {'image_obs_keys': {'primary': 'image', 'secondary': None, 'wrist': None}, 'depth_obs_keys': {'primary': None, 'secondary': None, 'wrist': None}, 'state_obs_keys': ['state'], 'state_encoding': <StateEncoding.POS_EULER: 1>, 'action_encoding': <ActionEncoding.EEF_POS: 1>}
OXE_DATASET_CONFIGS {'image_obs_keys': {'primary': 'image', 'secondary': None, 'wrist': None}, 'depth_obs_keys': {'primary': None, 'secondary': None, 'wrist': None}, 'state_obs_keys': ['state'], 'state_encoding': <StateEncoding.POS_EULER: 1>, 'action_encoding': <ActionEncoding.EEF_POS: 1>}
OXE_DATASET_CONFIGS {'image_obs_keys': {'primary': 'image', 'secondary': None, 'wrist': None}, 'depth_obs_keys': {'primary': None, 'secondary': None, 'wrist': None}, 'state_obs_keys': ['state'], 'state_encoding': <StateEncoding.POS_EULER: 1>, 'action_encoding': <ActionEncoding.EEF_POS: 1>}
OXE_DATASET_CONFIGS {'image_obs_keys': {'primary': 'image', 'secondary': None, 'wrist': None}, 'depth_obs_keys': {'primary': None, 'secondary': None, 'wrist': None}, 'state_obs_keys': ['state'], 'state_encoding': <StateEncoding.POS_EULER: 1>, 'action_encoding': <ActionEncoding.EEF_POS: 1>}
OXE_DATASET_CONFIGS {'image_obs_keys': {'primary': 'image', 'secondary': None, 'wrist': None}, 'depth_obs_keys': {'primary': None, 'secondary': None, 'wrist': None}, 'state_obs_keys': ['state'], 'state_encoding': <StateEncoding.POS_EULER: 1>, 'action_encoding': <ActionEncoding.EEF_POS: 1>}
OXE_DATASET_CONFIGSself.data_root_dir  {'image_obs_keys': {'primary': 'image', 'secondary': None, 'wrist': None}, 'depth_obs_keys': {'primary': None, 'secondary': None, 'wrist': None}, 'state_obs_keys': ['state'], 'state_encoding': <StateEncoding.POS_EULER: 1>, 'action_encoding': <ActionEncoding.EEF_POS: 1>}data

self.data_root_dirOXE_DATASET_CONFIGS  data{'image_obs_keys': {'primary': 'image', 'secondary': None, 'wrist': None}, 'depth_obs_keys': {'primary': None, 'secondary': None, 'wrist': None}, 'state_obs_keys': ['state'], 'state_encoding': <StateEncoding.POS_EULER: 1>, 'action_encoding': <ActionEncoding.EEF_POS: 1>}
self.data_root_dir
OXE_DATASET_CONFIGS  OXE_DATASET_CONFIGSdata{'image_obs_keys': {'primary': 'image', 'secondary': None, 'wrist': None}, 'depth_obs_keys': {'primary': None, 'secondary': None, 'wrist': None}, 'state_obs_keys': ['state'], 'state_encoding': <StateEncoding.POS_EULER: 1>, 'action_encoding': <ActionEncoding.EEF_POS: 1>} 

{'image_obs_keys': {'primary': 'image', 'secondary': None, 'wrist': None}, 'depth_obs_keys': {'primary': None, 'secondary': None, 'wrist': None}, 'state_obs_keys': ['state'], 'state_encoding': <StateEncoding.POS_EULER: 1>, 'action_encoding': <ActionEncoding.EEF_POS: 1>}self.data_root_dir
 OXE_DATASET_CONFIGSdataOXE_DATASET_CONFIGS 
 {'image_obs_keys': {'primary': 'image', 'secondary': None, 'wrist': None}, 'depth_obs_keys': {'primary': None, 'secondary': None, 'wrist': None}, 'state_obs_keys': ['state'], 'state_encoding': <StateEncoding.POS_EULER: 1>, 'action_encoding': <ActionEncoding.EEF_POS: 1>}{'image_obs_keys': {'primary': 'image', 'secondary': None, 'wrist': None}, 'depth_obs_keys': {'primary': None, 'secondary': None, 'wrist': None}, 'state_obs_keys': ['state'], 'state_encoding': <StateEncoding.POS_EULER: 1>, 'action_encoding': <ActionEncoding.EEF_POS: 1>}OXE_DATASET_CONFIGS

 OXE_DATASET_CONFIGSOXE_DATASET_CONFIGS {'image_obs_keys': {'primary': 'image', 'secondary': None, 'wrist': None}, 'depth_obs_keys': {'primary': None, 'secondary': None, 'wrist': None}, 'state_obs_keys': ['state'], 'state_encoding': <StateEncoding.POS_EULER: 1>, 'action_encoding': <ActionEncoding.EEF_POS: 1>} {'image_obs_keys': {'primary': 'image', 'secondary': None, 'wrist': None}, 'depth_obs_keys': {'primary': None, 'secondary': None, 'wrist': None}, 'state_obs_keys': ['state'], 'state_encoding': <StateEncoding.POS_EULER: 1>, 'action_encoding': <ActionEncoding.EEF_POS: 1>}
{'image_obs_keys': {'primary': 'image', 'secondary': None, 'wrist': None}, 'depth_obs_keys': {'primary': None, 'secondary': None, 'wrist': None}, 'state_obs_keys': ['state'], 'state_encoding': <StateEncoding.POS_EULER: 1>, 'action_encoding': <ActionEncoding.EEF_POS: 1>}

OXE_DATASET_CONFIGSOXE_DATASET_CONFIGSOXE_DATASET_CONFIGS  self.data_root_dir {'image_obs_keys': {'primary': 'image', 'secondary': None, 'wrist': None}, 'depth_obs_keys': {'primary': None, 'secondary': None, 'wrist': None}, 'state_obs_keys': ['state'], 'state_encoding': <StateEncoding.POS_EULER: 1>, 'action_encoding': <ActionEncoding.EEF_POS: 1>}{'image_obs_keys': {'primary': 'image', 'secondary': None, 'wrist': None}, 'depth_obs_keys': {'primary': None, 'secondary': None, 'wrist': None}, 'state_obs_keys': ['state'], 'state_encoding': <StateEncoding.POS_EULER: 1>, 'action_encoding': <ActionEncoding.EEF_POS: 1>}{'image_obs_keys': {'primary': 'image', 'secondary': None, 'wrist': None}, 'depth_obs_keys': {'primary': None, 'secondary': None, 'wrist': None}, 'state_obs_keys': ['state'], 'state_encoding': <StateEncoding.POS_EULER: 1>, 'action_encoding': <ActionEncoding.EEF_POS: 1>}


OXE_DATASET_CONFIGSOXE_DATASET_CONFIGS OXE_DATASET_CONFIGS  {'image_obs_keys': {'primary': 'image', 'secondary': None, 'wrist': None}, 'depth_obs_keys': {'primary': None, 'secondary': None, 'wrist': None}, 'state_obs_keys': ['state'], 'state_encoding': <StateEncoding.POS_EULER: 1>, 'action_encoding': <ActionEncoding.EEF_POS: 1>} {'image_obs_keys': {'primary': 'image', 'secondary': None, 'wrist': None}, 'depth_obs_keys': {'primary': None, 'secondary': None, 'wrist': None}, 'state_obs_keys': ['state'], 'state_encoding': <StateEncoding.POS_EULER: 1>, 'action_encoding': <ActionEncoding.EEF_POS: 1>}
data{'image_obs_keys': {'primary': 'image', 'secondary': None, 'wrist': None}, 'depth_obs_keys': {'primary': None, 'secondary': None, 'wrist': None}, 'state_obs_keys': ['state'], 'state_encoding': <StateEncoding.POS_EULER: 1>, 'action_encoding': <ActionEncoding.EEF_POS: 1>}
OXE_DATASET_CONFIGS

 OXE_DATASET_CONFIGSOXE_DATASET_CONFIGS{'image_obs_keys': {'primary': 'image', 'secondary': None, 'wrist': None}, 'depth_obs_keys': {'primary': None, 'secondary': None, 'wrist': None}, 'state_obs_keys': ['state'], 'state_encoding': <StateEncoding.POS_EULER: 1>, 'action_encoding': <ActionEncoding.EEF_POS: 1>}self.data_root_dir  
{'image_obs_keys': {'primary': 'image', 'secondary': None, 'wrist': None}, 'depth_obs_keys': {'primary': None, 'secondary': None, 'wrist': None}, 'state_obs_keys': ['state'], 'state_encoding': <StateEncoding.POS_EULER: 1>, 'action_encoding': <ActionEncoding.EEF_POS: 1>} {'image_obs_keys': {'primary': 'image', 'secondary': None, 'wrist': None}, 'depth_obs_keys': {'primary': None, 'secondary': None, 'wrist': None}, 'state_obs_keys': ['state'], 'state_encoding': <StateEncoding.POS_EULER: 1>, 'action_encoding': <ActionEncoding.EEF_POS: 1>}
OXE_DATASET_CONFIGS
data OXE_DATASET_CONFIGSOXE_DATASET_CONFIGS{'image_obs_keys': {'primary': 'image', 'secondary': None, 'wrist': None}, 'depth_obs_keys': {'primary': None, 'secondary': None, 'wrist': None}, 'state_obs_keys': ['state'], 'state_encoding': <StateEncoding.POS_EULER: 1>, 'action_encoding': <ActionEncoding.EEF_POS: 1>}
  
{'image_obs_keys': {'primary': 'image', 'secondary': None, 'wrist': None}, 'depth_obs_keys': {'primary': None, 'secondary': None, 'wrist': None}, 'state_obs_keys': ['state'], 'state_encoding': <StateEncoding.POS_EULER: 1>, 'action_encoding': <ActionEncoding.EEF_POS: 1>}{'image_obs_keys': {'primary': 'image', 'secondary': None, 'wrist': None}, 'depth_obs_keys': {'primary': None, 'secondary': None, 'wrist': None}, 'state_obs_keys': ['state'], 'state_encoding': <StateEncoding.POS_EULER: 1>, 'action_encoding': <ActionEncoding.EEF_POS: 1>}OXE_DATASET_CONFIGS
OXE_DATASET_CONFIGS
  OXE_DATASET_CONFIGSOXE_DATASET_CONFIGS{'image_obs_keys': {'primary': 'image', 'secondary': None, 'wrist': None}, 'depth_obs_keys': {'primary': None, 'secondary': None, 'wrist': None}, 'state_obs_keys': ['state'], 'state_encoding': <StateEncoding.POS_EULER: 1>, 'action_encoding': <ActionEncoding.EEF_POS: 1>} {'image_obs_keys': {'primary': 'image', 'secondary': None, 'wrist': None}, 'depth_obs_keys': {'primary': None, 'secondary': None, 'wrist': None}, 'state_obs_keys': ['state'], 'state_encoding': <StateEncoding.POS_EULER: 1>, 'action_encoding': <ActionEncoding.EEF_POS: 1>} 
{'image_obs_keys': {'primary': 'image', 'secondary': None, 'wrist': None}, 'depth_obs_keys': {'primary': None, 'secondary': None, 'wrist': None}, 'state_obs_keys': ['state'], 'state_encoding': <StateEncoding.POS_EULER: 1>, 'action_encoding': <ActionEncoding.EEF_POS: 1>}{'image_obs_keys': {'primary': 'image', 'secondary': None, 'wrist': None}, 'depth_obs_keys': {'primary': None, 'secondary': None, 'wrist': None}, 'state_obs_keys': ['state'], 'state_encoding': <StateEncoding.POS_EULER: 1>, 'action_encoding': <ActionEncoding.EEF_POS: 1>}

OXE_DATASET_CONFIGS
 OXE_DATASET_CONFIGS{'image_obs_keys': {'primary': 'image', 'secondary': None, 'wrist': None}, 'depth_obs_keys': {'primary': None, 'secondary': None, 'wrist': None}, 'state_obs_keys': ['state'], 'state_encoding': <StateEncoding.POS_EULER: 1>, 'action_encoding': <ActionEncoding.EEF_POS: 1>}OXE_DATASET_CONFIGSOXE_DATASET_CONFIGS 
 {'image_obs_keys': {'primary': 'image', 'secondary': None, 'wrist': None}, 'depth_obs_keys': {'primary': None, 'secondary': None, 'wrist': None}, 'state_obs_keys': ['state'], 'state_encoding': <StateEncoding.POS_EULER: 1>, 'action_encoding': <ActionEncoding.EEF_POS: 1>} {'image_obs_keys': {'primary': 'image', 'secondary': None, 'wrist': None}, 'depth_obs_keys': {'primary': None, 'secondary': None, 'wrist': None}, 'state_obs_keys': ['state'], 'state_encoding': <StateEncoding.POS_EULER: 1>, 'action_encoding': <ActionEncoding.EEF_POS: 1>}OXE_DATASET_CONFIGS

 {'image_obs_keys': {'primary': 'image', 'secondary': None, 'wrist': None}, 'depth_obs_keys': {'primary': None, 'secondary': None, 'wrist': None}, 'state_obs_keys': ['state'], 'state_encoding': <StateEncoding.POS_EULER: 1>, 'action_encoding': <ActionEncoding.EEF_POS: 1>}OXE_DATASET_CONFIGS{'image_obs_keys': {'primary': 'image', 'secondary': None, 'wrist': None}, 'depth_obs_keys': {'primary': None, 'secondary': None, 'wrist': None}, 'state_obs_keys': ['state'], 'state_encoding': <StateEncoding.POS_EULER: 1>, 'action_encoding': <ActionEncoding.EEF_POS: 1>}OXE_DATASET_CONFIGS 

 {'image_obs_keys': {'primary': 'image', 'secondary': None, 'wrist': None}, 'depth_obs_keys': {'primary': None, 'secondary': None, 'wrist': None}, 'state_obs_keys': ['state'], 'state_encoding': <StateEncoding.POS_EULER: 1>, 'action_encoding': <ActionEncoding.EEF_POS: 1>}{'image_obs_keys': {'primary': 'image', 'secondary': None, 'wrist': None}, 'depth_obs_keys': {'primary': None, 'secondary': None, 'wrist': None}, 'state_obs_keys': ['state'], 'state_encoding': <StateEncoding.POS_EULER: 1>, 'action_encoding': <ActionEncoding.EEF_POS: 1>}OXE_DATASET_CONFIGS
OXE_DATASET_CONFIGS
 OXE_DATASET_CONFIGS {'image_obs_keys': {'primary': 'image', 'secondary': None, 'wrist': None}, 'depth_obs_keys': {'primary': None, 'secondary': None, 'wrist': None}, 'state_obs_keys': ['state'], 'state_encoding': <StateEncoding.POS_EULER: 1>, 'action_encoding': <ActionEncoding.EEF_POS: 1>}OXE_DATASET_CONFIGS 
{'image_obs_keys': {'primary': 'image', 'secondary': None, 'wrist': None}, 'depth_obs_keys': {'primary': None, 'secondary': None, 'wrist': None}, 'state_obs_keys': ['state'], 'state_encoding': <StateEncoding.POS_EULER: 1>, 'action_encoding': <ActionEncoding.EEF_POS: 1>} {'image_obs_keys': {'primary': 'image', 'secondary': None, 'wrist': None}, 'depth_obs_keys': {'primary': None, 'secondary': None, 'wrist': None}, 'state_obs_keys': ['state'], 'state_encoding': <StateEncoding.POS_EULER: 1>, 'action_encoding': <ActionEncoding.EEF_POS: 1>}OXE_DATASET_CONFIGS{'image_obs_keys': {'primary': 'image', 'secondary': None, 'wrist': None}, 'depth_obs_keys': {'primary': None, 'secondary': None, 'wrist': None}, 'state_obs_keys': ['state'], 'state_encoding': <StateEncoding.POS_EULER: 1>, 'action_encoding': <ActionEncoding.EEF_POS: 1>}

 
OXE_DATASET_CONFIGS{'image_obs_keys': {'primary': 'image', 'secondary': None, 'wrist': None}, 'depth_obs_keys': {'primary': None, 'secondary': None, 'wrist': None}, 'state_obs_keys': ['state'], 'state_encoding': <StateEncoding.POS_EULER: 1>, 'action_encoding': <ActionEncoding.EEF_POS: 1>} OXE_DATASET_CONFIGSOXE_DATASET_CONFIGS
{'image_obs_keys': {'primary': 'image', 'secondary': None, 'wrist': None}, 'depth_obs_keys': {'primary': None, 'secondary': None, 'wrist': None}, 'state_obs_keys': ['state'], 'state_encoding': <StateEncoding.POS_EULER: 1>, 'action_encoding': <ActionEncoding.EEF_POS: 1>} 
 OXE_DATASET_CONFIGS{'image_obs_keys': {'primary': 'image', 'secondary': None, 'wrist': None}, 'depth_obs_keys': {'primary': None, 'secondary': None, 'wrist': None}, 'state_obs_keys': ['state'], 'state_encoding': <StateEncoding.POS_EULER: 1>, 'action_encoding': <ActionEncoding.EEF_POS: 1>}OXE_DATASET_CONFIGS 
{'image_obs_keys': {'primary': 'image', 'secondary': None, 'wrist': None}, 'depth_obs_keys': {'primary': None, 'secondary': None, 'wrist': None}, 'state_obs_keys': ['state'], 'state_encoding': <StateEncoding.POS_EULER: 1>, 'action_encoding': <ActionEncoding.EEF_POS: 1>} {'image_obs_keys': {'primary': 'image', 'secondary': None, 'wrist': None}, 'depth_obs_keys': {'primary': None, 'secondary': None, 'wrist': None}, 'state_obs_keys': ['state'], 'state_encoding': <StateEncoding.POS_EULER: 1>, 'action_encoding': <ActionEncoding.EEF_POS: 1>}OXE_DATASET_CONFIGS{'image_obs_keys': {'primary': 'image', 'secondary': None, 'wrist': None}, 'depth_obs_keys': {'primary': None, 'secondary': None, 'wrist': None}, 'state_obs_keys': ['state'], 'state_encoding': <StateEncoding.POS_EULER: 1>, 'action_encoding': <ActionEncoding.EEF_POS: 1>}

 
{'image_obs_keys': {'primary': 'image', 'secondary': None, 'wrist': None}, 'depth_obs_keys': {'primary': None, 'secondary': None, 'wrist': None}, 'state_obs_keys': ['state'], 'state_encoding': <StateEncoding.POS_EULER: 1>, 'action_encoding': <ActionEncoding.EEF_POS: 1>}OXE_DATASET_CONFIGSOXE_DATASET_CONFIGS
OXE_DATASET_CONFIGS   OXE_DATASET_CONFIGS{'image_obs_keys': {'primary': 'image', 'secondary': None, 'wrist': None}, 'depth_obs_keys': {'primary': None, 'secondary': None, 'wrist': None}, 'state_obs_keys': ['state'], 'state_encoding': <StateEncoding.POS_EULER: 1>, 'action_encoding': <ActionEncoding.EEF_POS: 1>}{'image_obs_keys': {'primary': 'image', 'secondary': None, 'wrist': None}, 'depth_obs_keys': {'primary': None, 'secondary': None, 'wrist': None}, 'state_obs_keys': ['state'], 'state_encoding': <StateEncoding.POS_EULER: 1>, 'action_encoding': <ActionEncoding.EEF_POS: 1>} 
{'image_obs_keys': {'primary': 'image', 'secondary': None, 'wrist': None}, 'depth_obs_keys': {'primary': None, 'secondary': None, 'wrist': None}, 'state_obs_keys': ['state'], 'state_encoding': <StateEncoding.POS_EULER: 1>, 'action_encoding': <ActionEncoding.EEF_POS: 1>}
{'image_obs_keys': {'primary': 'image', 'secondary': None, 'wrist': None}, 'depth_obs_keys': {'primary': None, 'secondary': None, 'wrist': None}, 'state_obs_keys': ['state'], 'state_encoding': <StateEncoding.POS_EULER: 1>, 'action_encoding': <ActionEncoding.EEF_POS: 1>}OXE_DATASET_CONFIGS

OXE_DATASET_CONFIGS  OXE_DATASET_CONFIGS{'image_obs_keys': {'primary': 'image', 'secondary': None, 'wrist': None}, 'depth_obs_keys': {'primary': None, 'secondary': None, 'wrist': None}, 'state_obs_keys': ['state'], 'state_encoding': <StateEncoding.POS_EULER: 1>, 'action_encoding': <ActionEncoding.EEF_POS: 1>}OXE_DATASET_CONFIGS{'image_obs_keys': {'primary': 'image', 'secondary': None, 'wrist': None}, 'depth_obs_keys': {'primary': None, 'secondary': None, 'wrist': None}, 'state_obs_keys': ['state'], 'state_encoding': <StateEncoding.POS_EULER: 1>, 'action_encoding': <ActionEncoding.EEF_POS: 1>} 

 {'image_obs_keys': {'primary': 'image', 'secondary': None, 'wrist': None}, 'depth_obs_keys': {'primary': None, 'secondary': None, 'wrist': None}, 'state_obs_keys': ['state'], 'state_encoding': <StateEncoding.POS_EULER: 1>, 'action_encoding': <ActionEncoding.EEF_POS: 1>}OXE_DATASET_CONFIGSself.data_root_dir
 {'image_obs_keys': {'primary': 'image', 'secondary': None, 'wrist': None}, 'depth_obs_keys': {'primary': None, 'secondary': None, 'wrist': None}, 'state_obs_keys': ['state'], 'state_encoding': <StateEncoding.POS_EULER: 1>, 'action_encoding': <ActionEncoding.EEF_POS: 1>} {'image_obs_keys': {'primary': 'image', 'secondary': None, 'wrist': None}, 'depth_obs_keys': {'primary': None, 'secondary': None, 'wrist': None}, 'state_obs_keys': ['state'], 'state_encoding': <StateEncoding.POS_EULER: 1>, 'action_encoding': <ActionEncoding.EEF_POS: 1>}OXE_DATASET_CONFIGSdata

 
{'image_obs_keys': {'primary': 'image', 'secondary': None, 'wrist': None}, 'depth_obs_keys': {'primary': None, 'secondary': None, 'wrist': None}, 'state_obs_keys': ['state'], 'state_encoding': <StateEncoding.POS_EULER: 1>, 'action_encoding': <ActionEncoding.EEF_POS: 1>}OXE_DATASET_CONFIGSOXE_DATASET_CONFIGS
 {'image_obs_keys': {'primary': 'image', 'secondary': None, 'wrist': None}, 'depth_obs_keys': {'primary': None, 'secondary': None, 'wrist': None}, 'state_obs_keys': ['state'], 'state_encoding': <StateEncoding.POS_EULER: 1>, 'action_encoding': <ActionEncoding.EEF_POS: 1>} OXE_DATASET_CONFIGS
 {'image_obs_keys': {'primary': 'image', 'secondary': None, 'wrist': None}, 'depth_obs_keys': {'primary': None, 'secondary': None, 'wrist': None}, 'state_obs_keys': ['state'], 'state_encoding': <StateEncoding.POS_EULER: 1>, 'action_encoding': <ActionEncoding.EEF_POS: 1>}{'image_obs_keys': {'primary': 'image', 'secondary': None, 'wrist': None}, 'depth_obs_keys': {'primary': None, 'secondary': None, 'wrist': None}, 'state_obs_keys': ['state'], 'state_encoding': <StateEncoding.POS_EULER: 1>, 'action_encoding': <ActionEncoding.EEF_POS: 1>}OXE_DATASET_CONFIGS
 
{'image_obs_keys': {'primary': 'image', 'secondary': None, 'wrist': None}, 'depth_obs_keys': {'primary': None, 'secondary': None, 'wrist': None}, 'state_obs_keys': ['state'], 'state_encoding': <StateEncoding.POS_EULER: 1>, 'action_encoding': <ActionEncoding.EEF_POS: 1>}OXE_DATASET_CONFIGS
 OXE_DATASET_CONFIGS{'image_obs_keys': {'primary': 'image', 'secondary': None, 'wrist': None}, 'depth_obs_keys': {'primary': None, 'secondary': None, 'wrist': None}, 'state_obs_keys': ['state'], 'state_encoding': <StateEncoding.POS_EULER: 1>, 'action_encoding': <ActionEncoding.EEF_POS: 1>}OXE_DATASET_CONFIGS
  {'image_obs_keys': {'primary': 'image', 'secondary': None, 'wrist': None}, 'depth_obs_keys': {'primary': None, 'secondary': None, 'wrist': None}, 'state_obs_keys': ['state'], 'state_encoding': <StateEncoding.POS_EULER: 1>, 'action_encoding': <ActionEncoding.EEF_POS: 1>}OXE_DATASET_CONFIGS
 {'image_obs_keys': {'primary': 'image', 'secondary': None, 'wrist': None}, 'depth_obs_keys': {'primary': None, 'secondary': None, 'wrist': None}, 'state_obs_keys': ['state'], 'state_encoding': <StateEncoding.POS_EULER: 1>, 'action_encoding': <ActionEncoding.EEF_POS: 1>}{'image_obs_keys': {'primary': 'image', 'secondary': None, 'wrist': None}, 'depth_obs_keys': {'primary': None, 'secondary': None, 'wrist': None}, 'state_obs_keys': ['state'], 'state_encoding': <StateEncoding.POS_EULER: 1>, 'action_encoding': <ActionEncoding.EEF_POS: 1>}OXE_DATASET_CONFIGS
 
{'image_obs_keys': {'primary': 'image', 'secondary': None, 'wrist': None}, 'depth_obs_keys': {'primary': None, 'secondary': None, 'wrist': None}, 'state_obs_keys': ['state'], 'state_encoding': <StateEncoding.POS_EULER: 1>, 'action_encoding': <ActionEncoding.EEF_POS: 1>}OXE_DATASET_CONFIGS
 OXE_DATASET_CONFIGS{'image_obs_keys': {'primary': 'image', 'secondary': None, 'wrist': None}, 'depth_obs_keys': {'primary': None, 'secondary': None, 'wrist': None}, 'state_obs_keys': ['state'], 'state_encoding': <StateEncoding.POS_EULER: 1>, 'action_encoding': <ActionEncoding.EEF_POS: 1>}OXE_DATASET_CONFIGS
  {'image_obs_keys': {'primary': 'image', 'secondary': None, 'wrist': None}, 'depth_obs_keys': {'primary': None, 'secondary': None, 'wrist': None}, 'state_obs_keys': ['state'], 'state_encoding': <StateEncoding.POS_EULER: 1>, 'action_encoding': <ActionEncoding.EEF_POS: 1>}OXE_DATASET_CONFIGS
 {'image_obs_keys': {'primary': 'image', 'secondary': None, 'wrist': None}, 'depth_obs_keys': {'primary': None, 'secondary': None, 'wrist': None}, 'state_obs_keys': ['state'], 'state_encoding': <StateEncoding.POS_EULER: 1>, 'action_encoding': <ActionEncoding.EEF_POS: 1>}{'image_obs_keys': {'primary': 'image', 'secondary': None, 'wrist': None}, 'depth_obs_keys': {'primary': None, 'secondary': None, 'wrist': None}, 'state_obs_keys': ['state'], 'state_encoding': <StateEncoding.POS_EULER: 1>, 'action_encoding': <ActionEncoding.EEF_POS: 1>}OXE_DATASET_CONFIGS
 
{'image_obs_keys': {'primary': 'image', 'secondary': None, 'wrist': None}, 'depth_obs_keys': {'primary': None, 'secondary': None, 'wrist': None}, 'state_obs_keys': ['state'], 'state_encoding': <StateEncoding.POS_EULER: 1>, 'action_encoding': <ActionEncoding.EEF_POS: 1>}OXE_DATASET_CONFIGS
 OXE_DATASET_CONFIGS{'image_obs_keys': {'primary': 'image', 'secondary': None, 'wrist': None}, 'depth_obs_keys': {'primary': None, 'secondary': None, 'wrist': None}, 'state_obs_keys': ['state'], 'state_encoding': <StateEncoding.POS_EULER: 1>, 'action_encoding': <ActionEncoding.EEF_POS: 1>}OXE_DATASET_CONFIGS
  {'image_obs_keys': {'primary': 'image', 'secondary': None, 'wrist': None}, 'depth_obs_keys': {'primary': None, 'secondary': None, 'wrist': None}, 'state_obs_keys': ['state'], 'state_encoding': <StateEncoding.POS_EULER: 1>, 'action_encoding': <ActionEncoding.EEF_POS: 1>}OXE_DATASET_CONFIGS
{'image_obs_keys': {'primary': 'image', 'secondary': None, 'wrist': None}, 'depth_obs_keys': {'primary': None, 'secondary': None, 'wrist': None}, 'state_obs_keys': ['state'], 'state_encoding': <StateEncoding.POS_EULER: 1>, 'action_encoding': <ActionEncoding.EEF_POS: 1>} OXE_DATASET_CONFIGS{'image_obs_keys': {'primary': 'image', 'secondary': None, 'wrist': None}, 'depth_obs_keys': {'primary': None, 'secondary': None, 'wrist': None}, 'state_obs_keys': ['state'], 'state_encoding': <StateEncoding.POS_EULER: 1>, 'action_encoding': <ActionEncoding.EEF_POS: 1>}
 
{'image_obs_keys': {'primary': 'image', 'secondary': None, 'wrist': None}, 'depth_obs_keys': {'primary': None, 'secondary': None, 'wrist': None}, 'state_obs_keys': ['state'], 'state_encoding': <StateEncoding.POS_EULER: 1>, 'action_encoding': <ActionEncoding.EEF_POS: 1>}
OXE_DATASET_CONFIGSOXE_DATASET_CONFIGS OXE_DATASET_CONFIGS{'image_obs_keys': {'primary': 'image', 'secondary': None, 'wrist': None}, 'depth_obs_keys': {'primary': None, 'secondary': None, 'wrist': None}, 'state_obs_keys': ['state'], 'state_encoding': <StateEncoding.POS_EULER: 1>, 'action_encoding': <ActionEncoding.EEF_POS: 1>}  
{'image_obs_keys': {'primary': 'image', 'secondary': None, 'wrist': None}, 'depth_obs_keys': {'primary': None, 'secondary': None, 'wrist': None}, 'state_obs_keys': ['state'], 'state_encoding': <StateEncoding.POS_EULER: 1>, 'action_encoding': <ActionEncoding.EEF_POS: 1>}
OXE_DATASET_CONFIGS{'image_obs_keys': {'primary': 'image', 'secondary': None, 'wrist': None}, 'depth_obs_keys': {'primary': None, 'secondary': None, 'wrist': None}, 'state_obs_keys': ['state'], 'state_encoding': <StateEncoding.POS_EULER: 1>, 'action_encoding': <ActionEncoding.EEF_POS: 1>} OXE_DATASET_CONFIGS{'image_obs_keys': {'primary': 'image', 'secondary': None, 'wrist': None}, 'depth_obs_keys': {'primary': None, 'secondary': None, 'wrist': None}, 'state_obs_keys': ['state'], 'state_encoding': <StateEncoding.POS_EULER: 1>, 'action_encoding': <ActionEncoding.EEF_POS: 1>} 

{'image_obs_keys': {'primary': 'image', 'secondary': None, 'wrist': None}, 'depth_obs_keys': {'primary': None, 'secondary': None, 'wrist': None}, 'state_obs_keys': ['state'], 'state_encoding': <StateEncoding.POS_EULER: 1>, 'action_encoding': <ActionEncoding.EEF_POS: 1>}
OXE_DATASET_CONFIGS OXE_DATASET_CONFIGSOXE_DATASET_CONFIGS{'image_obs_keys': {'primary': 'image', 'secondary': None, 'wrist': None}, 'depth_obs_keys': {'primary': None, 'secondary': None, 'wrist': None}, 'state_obs_keys': ['state'], 'state_encoding': <StateEncoding.POS_EULER: 1>, 'action_encoding': <ActionEncoding.EEF_POS: 1>} 
 {'image_obs_keys': {'primary': 'image', 'secondary': None, 'wrist': None}, 'depth_obs_keys': {'primary': None, 'secondary': None, 'wrist': None}, 'state_obs_keys': ['state'], 'state_encoding': <StateEncoding.POS_EULER: 1>, 'action_encoding': <ActionEncoding.EEF_POS: 1>}OXE_DATASET_CONFIGS
 {'image_obs_keys': {'primary': 'image', 'secondary': None, 'wrist': None}, 'depth_obs_keys': {'primary': None, 'secondary': None, 'wrist': None}, 'state_obs_keys': ['state'], 'state_encoding': <StateEncoding.POS_EULER: 1>, 'action_encoding': <ActionEncoding.EEF_POS: 1>}{'image_obs_keys': {'primary': 'image', 'secondary': None, 'wrist': None}, 'depth_obs_keys': {'primary': None, 'secondary': None, 'wrist': None}, 'state_obs_keys': ['state'], 'state_encoding': <StateEncoding.POS_EULER: 1>, 'action_encoding': <ActionEncoding.EEF_POS: 1>}OXE_DATASET_CONFIGS
 
{'image_obs_keys': {'primary': 'image', 'secondary': None, 'wrist': None}, 'depth_obs_keys': {'primary': None, 'secondary': None, 'wrist': None}, 'state_obs_keys': ['state'], 'state_encoding': <StateEncoding.POS_EULER: 1>, 'action_encoding': <ActionEncoding.EEF_POS: 1>}OXE_DATASET_CONFIGS
 OXE_DATASET_CONFIGS{'image_obs_keys': {'primary': 'image', 'secondary': None, 'wrist': None}, 'depth_obs_keys': {'primary': None, 'secondary': None, 'wrist': None}, 'state_obs_keys': ['state'], 'state_encoding': <StateEncoding.POS_EULER: 1>, 'action_encoding': <ActionEncoding.EEF_POS: 1>}OXE_DATASET_CONFIGS 
 {'image_obs_keys': {'primary': 'image', 'secondary': None, 'wrist': None}, 'depth_obs_keys': {'primary': None, 'secondary': None, 'wrist': None}, 'state_obs_keys': ['state'], 'state_encoding': <StateEncoding.POS_EULER: 1>, 'action_encoding': <ActionEncoding.EEF_POS: 1>}{'image_obs_keys': {'primary': 'image', 'secondary': None, 'wrist': None}, 'depth_obs_keys': {'primary': None, 'secondary': None, 'wrist': None}, 'state_obs_keys': ['state'], 'state_encoding': <StateEncoding.POS_EULER: 1>, 'action_encoding': <ActionEncoding.EEF_POS: 1>}OXE_DATASET_CONFIGS
 
{'image_obs_keys': {'primary': 'image', 'secondary': None, 'wrist': None}, 'depth_obs_keys': {'primary': None, 'secondary': None, 'wrist': None}, 'state_obs_keys': ['state'], 'state_encoding': <StateEncoding.POS_EULER: 1>, 'action_encoding': <ActionEncoding.EEF_POS: 1>}OXE_DATASET_CONFIGS
 OXE_DATASET_CONFIGS{'image_obs_keys': {'primary': 'image', 'secondary': None, 'wrist': None}, 'depth_obs_keys': {'primary': None, 'secondary': None, 'wrist': None}, 'state_obs_keys': ['state'], 'state_encoding': <StateEncoding.POS_EULER: 1>, 'action_encoding': <ActionEncoding.EEF_POS: 1>}OXE_DATASET_CONFIGS
  {'image_obs_keys': {'primary': 'image', 'secondary': None, 'wrist': None}, 'depth_obs_keys': {'primary': None, 'secondary': None, 'wrist': None}, 'state_obs_keys': ['state'], 'state_encoding': <StateEncoding.POS_EULER: 1>, 'action_encoding': <ActionEncoding.EEF_POS: 1>}OXE_DATASET_CONFIGS
 {'image_obs_keys': {'primary': 'image', 'secondary': None, 'wrist': None}, 'depth_obs_keys': {'primary': None, 'secondary': None, 'wrist': None}, 'state_obs_keys': ['state'], 'state_encoding': <StateEncoding.POS_EULER: 1>, 'action_encoding': <ActionEncoding.EEF_POS: 1>}{'image_obs_keys': {'primary': 'image', 'secondary': None, 'wrist': None}, 'depth_obs_keys': {'primary': None, 'secondary': None, 'wrist': None}, 'state_obs_keys': ['state'], 'state_encoding': <StateEncoding.POS_EULER: 1>, 'action_encoding': <ActionEncoding.EEF_POS: 1>}OXE_DATASET_CONFIGS
 
{'image_obs_keys': {'primary': 'image', 'secondary': None, 'wrist': None}, 'depth_obs_keys': {'primary': None, 'secondary': None, 'wrist': None}, 'state_obs_keys': ['state'], 'state_encoding': <StateEncoding.POS_EULER: 1>, 'action_encoding': <ActionEncoding.EEF_POS: 1>}OXE_DATASET_CONFIGS
 OXE_DATASET_CONFIGS{'image_obs_keys': {'primary': 'image', 'secondary': None, 'wrist': None}, 'depth_obs_keys': {'primary': None, 'secondary': None, 'wrist': None}, 'state_obs_keys': ['state'], 'state_encoding': <StateEncoding.POS_EULER: 1>, 'action_encoding': <ActionEncoding.EEF_POS: 1>}OXE_DATASET_CONFIGS
  {'image_obs_keys': {'primary': 'image', 'secondary': None, 'wrist': None}, 'depth_obs_keys': {'primary': None, 'secondary': None, 'wrist': None}, 'state_obs_keys': ['state'], 'state_encoding': <StateEncoding.POS_EULER: 1>, 'action_encoding': <ActionEncoding.EEF_POS: 1>}OXE_DATASET_CONFIGS
 {'image_obs_keys': {'primary': 'image', 'secondary': None, 'wrist': None}, 'depth_obs_keys': {'primary': None, 'secondary': None, 'wrist': None}, 'state_obs_keys': ['state'], 'state_encoding': <StateEncoding.POS_EULER: 1>, 'action_encoding': <ActionEncoding.EEF_POS: 1>}{'image_obs_keys': {'primary': 'image', 'secondary': None, 'wrist': None}, 'depth_obs_keys': {'primary': None, 'secondary': None, 'wrist': None}, 'state_obs_keys': ['state'], 'state_encoding': <StateEncoding.POS_EULER: 1>, 'action_encoding': <ActionEncoding.EEF_POS: 1>}OXE_DATASET_CONFIGS
 
{'image_obs_keys': {'primary': 'image', 'secondary': None, 'wrist': None}, 'depth_obs_keys': {'primary': None, 'secondary': None, 'wrist': None}, 'state_obs_keys': ['state'], 'state_encoding': <StateEncoding.POS_EULER: 1>, 'action_encoding': <ActionEncoding.EEF_POS: 1>}OXE_DATASET_CONFIGS
 OXE_DATASET_CONFIGS{'image_obs_keys': {'primary': 'image', 'secondary': None, 'wrist': None}, 'depth_obs_keys': {'primary': None, 'secondary': None, 'wrist': None}, 'state_obs_keys': ['state'], 'state_encoding': <StateEncoding.POS_EULER: 1>, 'action_encoding': <ActionEncoding.EEF_POS: 1>}OXE_DATASET_CONFIGS
  OXE_DATASET_CONFIGS{'image_obs_keys': {'primary': 'image', 'secondary': None, 'wrist': None}, 'depth_obs_keys': {'primary': None, 'secondary': None, 'wrist': None}, 'state_obs_keys': ['state'], 'state_encoding': <StateEncoding.POS_EULER: 1>, 'action_encoding': <ActionEncoding.EEF_POS: 1>} {'image_obs_keys': {'primary': 'image', 'secondary': None, 'wrist': None}, 'depth_obs_keys': {'primary': None, 'secondary': None, 'wrist': None}, 'state_obs_keys': ['state'], 'state_encoding': <StateEncoding.POS_EULER: 1>, 'action_encoding': <ActionEncoding.EEF_POS: 1>}
{'image_obs_keys': {'primary': 'image', 'secondary': None, 'wrist': None}, 'depth_obs_keys': {'primary': None, 'secondary': None, 'wrist': None}, 'state_obs_keys': ['state'], 'state_encoding': <StateEncoding.POS_EULER: 1>, 'action_encoding': <ActionEncoding.EEF_POS: 1>}

self.data_root_dirOXE_DATASET_CONFIGS  dataOXE_DATASET_CONFIGS{'image_obs_keys': {'primary': 'image', 'secondary': None, 'wrist': None}, 'depth_obs_keys': {'primary': None, 'secondary': None, 'wrist': None}, 'state_obs_keys': ['state'], 'state_encoding': <StateEncoding.POS_EULER: 1>, 'action_encoding': <ActionEncoding.EEF_POS: 1>}

 self.data_root_dir {'image_obs_keys': {'primary': 'image', 'secondary': None, 'wrist': None}, 'depth_obs_keys': {'primary': None, 'secondary': None, 'wrist': None}, 'state_obs_keys': ['state'], 'state_encoding': <StateEncoding.POS_EULER: 1>, 'action_encoding': <ActionEncoding.EEF_POS: 1>}data

OXE_DATASET_CONFIGS {'image_obs_keys': {'primary': 'image', 'secondary': None, 'wrist': None}, 'depth_obs_keys': {'primary': None, 'secondary': None, 'wrist': None}, 'state_obs_keys': ['state'], 'state_encoding': <StateEncoding.POS_EULER: 1>, 'action_encoding': <ActionEncoding.EEF_POS: 1>}
OXE_DATASET_CONFIGS {'image_obs_keys': {'primary': 'image', 'secondary': None, 'wrist': None}, 'depth_obs_keys': {'primary': None, 'secondary': None, 'wrist': None}, 'state_obs_keys': ['state'], 'state_encoding': <StateEncoding.POS_EULER: 1>, 'action_encoding': <ActionEncoding.EEF_POS: 1>}
OXE_DATASET_CONFIGS {'image_obs_keys': {'primary': 'image', 'secondary': None, 'wrist': None}, 'depth_obs_keys': {'primary': None, 'secondary': None, 'wrist': None}, 'state_obs_keys': ['state'], 'state_encoding': <StateEncoding.POS_EULER: 1>, 'action_encoding': <ActionEncoding.EEF_POS: 1>}
OXE_DATASET_CONFIGS {'image_obs_keys': {'primary': 'image', 'secondary': None, 'wrist': None}, 'depth_obs_keys': {'primary': None, 'secondary': None, 'wrist': None}, 'state_obs_keys': ['state'], 'state_encoding': <StateEncoding.POS_EULER: 1>, 'action_encoding': <ActionEncoding.EEF_POS: 1>}
OXE_DATASET_CONFIGS {'image_obs_keys': {'primary': 'image', 'secondary': None, 'wrist': None}, 'depth_obs_keys': {'primary': None, 'secondary': None, 'wrist': None}, 'state_obs_keys': ['state'], 'state_encoding': <StateEncoding.POS_EULER: 1>, 'action_encoding': <ActionEncoding.EEF_POS: 1>}
OXE_DATASET_CONFIGS {'image_obs_keys': {'primary': 'image', 'secondary': None, 'wrist': None}, 'depth_obs_keys': {'primary': None, 'secondary': None, 'wrist': None}, 'state_obs_keys': ['state'], 'state_encoding': <StateEncoding.POS_EULER: 1>, 'action_encoding': <ActionEncoding.EEF_POS: 1>}
OXE_DATASET_CONFIGS {'image_obs_keys': {'primary': 'image', 'secondary': None, 'wrist': None}, 'depth_obs_keys': {'primary': None, 'secondary': None, 'wrist': None}, 'state_obs_keys': ['state'], 'state_encoding': <StateEncoding.POS_EULER: 1>, 'action_encoding': <ActionEncoding.EEF_POS: 1>}
OXE_DATASET_CONFIGS {'image_obs_keys': {'primary': 'image', 'secondary': None, 'wrist': None}, 'depth_obs_keys': {'primary': None, 'secondary': None, 'wrist': None}, 'state_obs_keys': ['state'], 'state_encoding': <StateEncoding.POS_EULER: 1>, 'action_encoding': <ActionEncoding.EEF_POS: 1>}
OXE_DATASET_CONFIGS {'image_obs_keys': {'primary': 'image', 'secondary': None, 'wrist': None}, 'depth_obs_keys': {'primary': None, 'secondary': None, 'wrist': None}, 'state_obs_keys': ['state'], 'state_encoding': <StateEncoding.POS_EULER: 1>, 'action_encoding': <ActionEncoding.EEF_POS: 1>}
OXE_DATASET_CONFIGS {'image_obs_keys': {'primary': 'image', 'secondary': None, 'wrist': None}, 'depth_obs_keys': {'primary': None, 'secondary': None, 'wrist': None}, 'state_obs_keys': ['state'], 'state_encoding': <StateEncoding.POS_EULER: 1>, 'action_encoding': <ActionEncoding.EEF_POS: 1>}
OXE_DATASET_CONFIGS {'image_obs_keys': {'primary': 'image', 'secondary': None, 'wrist': None}, 'depth_obs_keys': {'primary': None, 'secondary': None, 'wrist': None}, 'state_obs_keys': ['state'], 'state_encoding': <StateEncoding.POS_EULER: 1>, 'action_encoding': <ActionEncoding.EEF_POS: 1>}
OXE_DATASET_CONFIGS {'image_obs_keys': {'primary': 'image', 'secondary': None, 'wrist': None}, 'depth_obs_keys': {'primary': None, 'secondary': None, 'wrist': None}, 'state_obs_keys': ['state'], 'state_encoding': <StateEncoding.POS_EULER: 1>, 'action_encoding': <ActionEncoding.EEF_POS: 1>}
OXE_DATASET_CONFIGS {'image_obs_keys': {'primary': 'image', 'secondary': None, 'wrist': None}, 'depth_obs_keys': {'primary': None, 'secondary': None, 'wrist': None}, 'state_obs_keys': ['state'], 'state_encoding': <StateEncoding.POS_EULER: 1>, 'action_encoding': <ActionEncoding.EEF_POS: 1>}
OXE_DATASET_CONFIGS {'image_obs_keys': {'primary': 'image', 'secondary': None, 'wrist': None}, 'depth_obs_keys': {'primary': None, 'secondary': None, 'wrist': None}, 'state_obs_keys': ['state'], 'state_encoding': <StateEncoding.POS_EULER: 1>, 'action_encoding': <ActionEncoding.EEF_POS: 1>}
OXE_DATASET_CONFIGS {'image_obs_keys': {'primary': 'image', 'secondary': None, 'wrist': None}, 'depth_obs_keys': {'primary': None, 'secondary': None, 'wrist': None}, 'state_obs_keys': ['state'], 'state_encoding': <StateEncoding.POS_EULER: 1>, 'action_encoding': <ActionEncoding.EEF_POS: 1>}
OXE_DATASET_CONFIGS {'image_obs_keys': {'primary': 'image', 'secondary': None, 'wrist': None}, 'depth_obs_keys': {'primary': None, 'secondary': None, 'wrist': None}, 'state_obs_keys': ['state'], 'state_encoding': <StateEncoding.POS_EULER: 1>, 'action_encoding': <ActionEncoding.EEF_POS: 1>}
OXE_DATASET_CONFIGS {'image_obs_keys': {'primary': 'image', 'secondary': None, 'wrist': None}, 'depth_obs_keys': {'primary': None, 'secondary': None, 'wrist': None}, 'state_obs_keys': ['state'], 'state_encoding': <StateEncoding.POS_EULER: 1>, 'action_encoding': <ActionEncoding.EEF_POS: 1>}
self.data_root_dir data
2025-06-26 00:18:58.942274: I tensorflow/core/grappler/optimizers/data/replicate_on_split.cc:32] Running replicate on split optimization
2025-06-26 00:18:58.946952: I tensorflow/core/grappler/optimizers/data/replicate_on_split.cc:32] Running replicate on split optimization
2025-06-26 00:18:58.947729: I tensorflow/core/grappler/optimizers/data/replicate_on_split.cc:32] Running replicate on split optimization
2025-06-26 00:18:58.949499: I tensorflow/core/grappler/optimizers/data/replicate_on_split.cc:32] Running replicate on split optimization
06/26 [00:18:59] INFO     | >> [*] Loading existing dataset    data_utils.py:208
                          statistics from                                       
                          data/mikasa_robo_tfds/ShellGameTouch                  
                          -v0/1.0.0/dataset_statistics_3c0ebe6                  
                          7131435bb4cf51e096df6b15aa5c36691229                  
                          c65e2c6fcdda7bfb55e65.json.                           
2025-06-26 00:18:59.044401: I tensorflow/core/grappler/optimizers/data/replicate_on_split.cc:32] Running replicate on split optimization
2025-06-26 00:18:59.049850: I tensorflow/core/grappler/optimizers/data/replicate_on_split.cc:32] Running replicate on split optimization
2025-06-26 00:18:59.051493: I tensorflow/core/grappler/optimizers/data/replicate_on_split.cc:32] Running replicate on split optimization
2025-06-26 00:18:59.053570: I tensorflow/core/grappler/optimizers/data/replicate_on_split.cc:32] Running replicate on split optimization
2025-06-26 00:18:59.171703: I tensorflow/core/grappler/optimizers/data/replicate_on_split.cc:32] Running replicate on split optimization
2025-06-26 00:18:59.178259: I tensorflow/core/grappler/optimizers/data/replicate_on_split.cc:32] Running replicate on split optimization
2025-06-26 00:18:59.180702: I tensorflow/core/grappler/optimizers/data/replicate_on_split.cc:32] Running replicate on split optimization
2025-06-26 00:18:59.181686: I tensorflow/core/grappler/optimizers/data/replicate_on_split.cc:32] Running replicate on split optimization
                 INFO     | >> [*] Loading existing dataset    data_utils.py:208
                          statistics from                                       
                          data/mikasa_robo_tfds/ShellGamePush-                  
                          v0/1.0.0/dataset_statistics_ebeabc91                  
                          85a58bf136b809c2ca35554cee8bc02c0a99                  
                          9562a5c380ce1b3337cb.json.                            
2025-06-26 00:18:59.273985: I tensorflow/core/grappler/optimizers/data/replicate_on_split.cc:32] Running replicate on split optimization
2025-06-26 00:18:59.281196: I tensorflow/core/grappler/optimizers/data/replicate_on_split.cc:32] Running replicate on split optimization
2025-06-26 00:18:59.284066: I tensorflow/core/grappler/optimizers/data/replicate_on_split.cc:32] Running replicate on split optimization
2025-06-26 00:18:59.285579: I tensorflow/core/grappler/optimizers/data/replicate_on_split.cc:32] Running replicate on split optimization
2025-06-26 00:18:59.402433: I tensorflow/core/grappler/optimizers/data/replicate_on_split.cc:32] Running replicate on split optimization
2025-06-26 00:18:59.410887: I tensorflow/core/grappler/optimizers/data/replicate_on_split.cc:32] Running replicate on split optimization
2025-06-26 00:18:59.412980: I tensorflow/core/grappler/optimizers/data/replicate_on_split.cc:32] Running replicate on split optimization
2025-06-26 00:18:59.416837: I tensorflow/core/grappler/optimizers/data/replicate_on_split.cc:32] Running replicate on split optimization
                 INFO     | >> [*] Loading existing dataset    data_utils.py:208
                          statistics from                                       
                          data/mikasa_robo_tfds/ShellGamePick-                  
                          v0/1.0.0/dataset_statistics_323e3894                  
                          299c56de3b6832b6c4c63f93f0a7ba133793                  
                          d7c2f4b55bfd30bf5d5e.json.                            
2025-06-26 00:18:59.504729: I tensorflow/core/grappler/optimizers/data/replicate_on_split.cc:32] Running replicate on split optimization
2025-06-26 00:18:59.513789: I tensorflow/core/grappler/optimizers/data/replicate_on_split.cc:32] Running replicate on split optimization
2025-06-26 00:18:59.517188: I tensorflow/core/grappler/optimizers/data/replicate_on_split.cc:32] Running replicate on split optimization
2025-06-26 00:18:59.521296: I tensorflow/core/grappler/optimizers/data/replicate_on_split.cc:32] Running replicate on split optimization
2025-06-26 00:18:59.633657: I tensorflow/core/grappler/optimizers/data/replicate_on_split.cc:32] Running replicate on split optimization
2025-06-26 00:18:59.644769: I tensorflow/core/grappler/optimizers/data/replicate_on_split.cc:32] Running replicate on split optimization
2025-06-26 00:18:59.644970: I tensorflow/core/grappler/optimizers/data/replicate_on_split.cc:32] Running replicate on split optimization
2025-06-26 00:18:59.652131: I tensorflow/core/grappler/optimizers/data/replicate_on_split.cc:32] Running replicate on split optimization
                 INFO     | >> [*] Loading existing dataset    data_utils.py:208
                          statistics from                                       
                          data/mikasa_robo_tfds/InterceptSlow-                  
                          v0/1.0.0/dataset_statistics_70ea4ca9                  
                          86a7985fa990279f3a3866b5f6b487b971d1                  
                          6ec79c36cf54d2764704.json.                            
2025-06-26 00:18:59.736945: I tensorflow/core/grappler/optimizers/data/replicate_on_split.cc:32] Running replicate on split optimization
2025-06-26 00:18:59.748147: I tensorflow/core/grappler/optimizers/data/replicate_on_split.cc:32] Running replicate on split optimization
2025-06-26 00:18:59.749366: I tensorflow/core/grappler/optimizers/data/replicate_on_split.cc:32] Running replicate on split optimization
2025-06-26 00:18:59.756250: I tensorflow/core/grappler/optimizers/data/replicate_on_split.cc:32] Running replicate on split optimization
2025-06-26 00:18:59.867086: I tensorflow/core/grappler/optimizers/data/replicate_on_split.cc:32] Running replicate on split optimization
2025-06-26 00:18:59.876446: I tensorflow/core/grappler/optimizers/data/replicate_on_split.cc:32] Running replicate on split optimization
2025-06-26 00:18:59.880207: I tensorflow/core/grappler/optimizers/data/replicate_on_split.cc:32] Running replicate on split optimization
2025-06-26 00:18:59.887576: I tensorflow/core/grappler/optimizers/data/replicate_on_split.cc:32] Running replicate on split optimization
                 INFO     | >> [*] Loading existing dataset    data_utils.py:208
                          statistics from                                       
                          data/mikasa_robo_tfds/InterceptMediu                  
                          m-v0/1.0.0/dataset_statistics_e7294f                  
                          470ffac7244cb9d5ab7671850566555b5556                  
                          c8bc2e0c71ebd58b1909f0.json.                          
2025-06-26 00:18:59.970043: I tensorflow/core/grappler/optimizers/data/replicate_on_split.cc:32] Running replicate on split optimization
2025-06-26 00:18:59.980228: I tensorflow/core/grappler/optimizers/data/replicate_on_split.cc:32] Running replicate on split optimization
2025-06-26 00:18:59.983427: I tensorflow/core/grappler/optimizers/data/replicate_on_split.cc:32] Running replicate on split optimization
2025-06-26 00:18:59.992150: I tensorflow/core/grappler/optimizers/data/replicate_on_split.cc:32] Running replicate on split optimization
2025-06-26 00:19:00.099178: I tensorflow/core/grappler/optimizers/data/replicate_on_split.cc:32] Running replicate on split optimization
2025-06-26 00:19:00.108028: I tensorflow/core/grappler/optimizers/data/replicate_on_split.cc:32] Running replicate on split optimization
2025-06-26 00:19:00.114482: I tensorflow/core/grappler/optimizers/data/replicate_on_split.cc:32] Running replicate on split optimization
2025-06-26 00:19:00.123873: I tensorflow/core/grappler/optimizers/data/replicate_on_split.cc:32] Running replicate on split optimization
06/26 [00:19:00] INFO     | >> [*] Loading existing dataset    data_utils.py:208
                          statistics from                                       
                          data/mikasa_robo_tfds/InterceptFast-                  
                          v0/1.0.0/dataset_statistics_c2cd242a                  
                          752791cbf089c3bfca810c1437635b53a206                  
                          20345af5e94c84bec511.json.                            
2025-06-26 00:19:00.202562: I tensorflow/core/grappler/optimizers/data/replicate_on_split.cc:32] Running replicate on split optimization
2025-06-26 00:19:00.211634: I tensorflow/core/grappler/optimizers/data/replicate_on_split.cc:32] Running replicate on split optimization
2025-06-26 00:19:00.217742: I tensorflow/core/grappler/optimizers/data/replicate_on_split.cc:32] Running replicate on split optimization
2025-06-26 00:19:00.228042: I tensorflow/core/grappler/optimizers/data/replicate_on_split.cc:32] Running replicate on split optimization
2025-06-26 00:19:00.332758: I tensorflow/core/grappler/optimizers/data/replicate_on_split.cc:32] Running replicate on split optimization
2025-06-26 00:19:00.339359: I tensorflow/core/grappler/optimizers/data/replicate_on_split.cc:32] Running replicate on split optimization
2025-06-26 00:19:00.348846: I tensorflow/core/grappler/optimizers/data/replicate_on_split.cc:32] Running replicate on split optimization
2025-06-26 00:19:00.358874: I tensorflow/core/grappler/optimizers/data/replicate_on_split.cc:32] Running replicate on split optimization
                 INFO     | >> [*] Loading existing dataset    data_utils.py:208
                          statistics from                                       
                          data/mikasa_robo_tfds/InterceptGrabS                  
                          low-v0/1.0.0/dataset_statistics_3d49                  
                          3d542172a93ec1f5b36fd174d607f4a605c2                  
                          21d972721b3b671e04435114.json.                        
2025-06-26 00:19:00.435307: I tensorflow/core/grappler/optimizers/data/replicate_on_split.cc:32] Running replicate on split optimization
2025-06-26 00:19:00.442935: I tensorflow/core/grappler/optimizers/data/replicate_on_split.cc:32] Running replicate on split optimization
2025-06-26 00:19:00.452287: I tensorflow/core/grappler/optimizers/data/replicate_on_split.cc:32] Running replicate on split optimization
2025-06-26 00:19:00.463299: I tensorflow/core/grappler/optimizers/data/replicate_on_split.cc:32] Running replicate on split optimization
2025-06-26 00:19:00.564982: I tensorflow/core/grappler/optimizers/data/replicate_on_split.cc:32] Running replicate on split optimization
2025-06-26 00:19:00.570345: I tensorflow/core/grappler/optimizers/data/replicate_on_split.cc:32] Running replicate on split optimization
2025-06-26 00:19:00.583509: I tensorflow/core/grappler/optimizers/data/replicate_on_split.cc:32] Running replicate on split optimization
2025-06-26 00:19:00.595413: I tensorflow/core/grappler/optimizers/data/replicate_on_split.cc:32] Running replicate on split optimization
                 INFO     | >> [*] Loading existing dataset    data_utils.py:208
                          statistics from                                       
                          data/mikasa_robo_tfds/InterceptGrabM                  
                          edium-v0/1.0.0/dataset_statistics_dc                  
                          4e9bf5c47b5898c5594d33567d8444510fea                  
                          9f7e32b5e9bb7c7d3c87dc778e.json.                      
2025-06-26 00:19:00.668080: I tensorflow/core/grappler/optimizers/data/replicate_on_split.cc:32] Running replicate on split optimization
2025-06-26 00:19:00.674006: I tensorflow/core/grappler/optimizers/data/replicate_on_split.cc:32] Running replicate on split optimization
2025-06-26 00:19:00.687040: I tensorflow/core/grappler/optimizers/data/replicate_on_split.cc:32] Running replicate on split optimization
2025-06-26 00:19:00.699600: I tensorflow/core/grappler/optimizers/data/replicate_on_split.cc:32] Running replicate on split optimization
2025-06-26 00:19:00.797242: I tensorflow/core/grappler/optimizers/data/replicate_on_split.cc:32] Running replicate on split optimization
2025-06-26 00:19:00.801884: I tensorflow/core/grappler/optimizers/data/replicate_on_split.cc:32] Running replicate on split optimization
2025-06-26 00:19:00.818961: I tensorflow/core/grappler/optimizers/data/replicate_on_split.cc:32] Running replicate on split optimization
2025-06-26 00:19:00.831629: I tensorflow/core/grappler/optimizers/data/replicate_on_split.cc:32] Running replicate on split optimization
                 INFO     | >> [*] Loading existing dataset    data_utils.py:208
                          statistics from                                       
                          data/mikasa_robo_tfds/InterceptGrabF                  
                          ast-v0/1.0.0/dataset_statistics_9b9b                  
                          2e458c74cc0f4d24a59373b2c27b4264723b                  
                          582cbbcf23cde20d5b27735e.json.                        
2025-06-26 00:19:00.903195: I tensorflow/core/grappler/optimizers/data/replicate_on_split.cc:32] Running replicate on split optimization
2025-06-26 00:19:00.905437: I tensorflow/core/grappler/optimizers/data/replicate_on_split.cc:32] Running replicate on split optimization
2025-06-26 00:19:00.923875: I tensorflow/core/grappler/optimizers/data/replicate_on_split.cc:32] Running replicate on split optimization
2025-06-26 00:19:00.935586: I tensorflow/core/grappler/optimizers/data/replicate_on_split.cc:32] Running replicate on split optimization
2025-06-26 00:19:01.033017: I tensorflow/core/grappler/optimizers/data/replicate_on_split.cc:32] Running replicate on split optimization
2025-06-26 00:19:01.034002: I tensorflow/core/grappler/optimizers/data/replicate_on_split.cc:32] Running replicate on split optimization
2025-06-26 00:19:01.054053: I tensorflow/core/grappler/optimizers/data/replicate_on_split.cc:32] Running replicate on split optimization
2025-06-26 00:19:01.066422: I tensorflow/core/grappler/optimizers/data/replicate_on_split.cc:32] Running replicate on split optimization
06/26 [00:19:01] INFO     | >> [*] Loading existing dataset    data_utils.py:208
                          statistics from                                       
                          data/mikasa_robo_tfds/RotateLenientP                  
                          os-v0/1.0.0/dataset_statistics_8d9cb                  
                          f02dabfedd546b2ca7c3c33c0bb8271f71d7                  
                          25200d9ff19edc27b666d77.json.                         
2025-06-26 00:19:01.137139: I tensorflow/core/grappler/optimizers/data/replicate_on_split.cc:32] Running replicate on split optimization
2025-06-26 00:19:01.138394: I tensorflow/core/grappler/optimizers/data/replicate_on_split.cc:32] Running replicate on split optimization
2025-06-26 00:19:01.158765: I tensorflow/core/grappler/optimizers/data/replicate_on_split.cc:32] Running replicate on split optimization
2025-06-26 00:19:01.172365: I tensorflow/core/grappler/optimizers/data/replicate_on_split.cc:32] Running replicate on split optimization
2025-06-26 00:19:01.265528: I tensorflow/core/grappler/optimizers/data/replicate_on_split.cc:32] Running replicate on split optimization
2025-06-26 00:19:01.267548: I tensorflow/core/grappler/optimizers/data/replicate_on_split.cc:32] Running replicate on split optimization
2025-06-26 00:19:01.288640: I tensorflow/core/grappler/optimizers/data/replicate_on_split.cc:32] Running replicate on split optimization
2025-06-26 00:19:01.302909: I tensorflow/core/grappler/optimizers/data/replicate_on_split.cc:32] Running replicate on split optimization
                 INFO     | >> [*] Loading existing dataset    data_utils.py:208
                          statistics from                                       
                          data/mikasa_robo_tfds/RotateLenientP                  
                          osNeg-v0/1.0.0/dataset_statistics_76                  
                          a92233366940aa9e857937e6725e326d3fb7                  
                          908a5d787853ecb16635d02d2f.json.                      
2025-06-26 00:19:01.368871: I tensorflow/core/grappler/optimizers/data/replicate_on_split.cc:32] Running replicate on split optimization
2025-06-26 00:19:01.372210: I tensorflow/core/grappler/optimizers/data/replicate_on_split.cc:32] Running replicate on split optimization
2025-06-26 00:19:01.392860: I tensorflow/core/grappler/optimizers/data/replicate_on_split.cc:32] Running replicate on split optimization
2025-06-26 00:19:01.408251: I tensorflow/core/grappler/optimizers/data/replicate_on_split.cc:32] Running replicate on split optimization
2025-06-26 00:19:01.497337: I tensorflow/core/grappler/optimizers/data/replicate_on_split.cc:32] Running replicate on split optimization
2025-06-26 00:19:01.499424: I tensorflow/core/grappler/optimizers/data/replicate_on_split.cc:32] Running replicate on split optimization
2025-06-26 00:19:01.522946: I tensorflow/core/grappler/optimizers/data/replicate_on_split.cc:32] Running replicate on split optimization
2025-06-26 00:19:01.539915: I tensorflow/core/grappler/optimizers/data/replicate_on_split.cc:32] Running replicate on split optimization
                 INFO     | >> [*] Loading existing dataset    data_utils.py:208
                          statistics from                                       
                          data/mikasa_robo_tfds/RotateStrictPo                  
                          s-v0/1.0.0/dataset_statistics_e4dc73                  
                          c1406d3424c5607d5f176c7216d42babcf0e                  
                          bb14a3f90dd5b8d69cf184.json.                          
2025-06-26 00:19:01.601040: I tensorflow/core/grappler/optimizers/data/replicate_on_split.cc:32] Running replicate on split optimization
2025-06-26 00:19:01.605298: I tensorflow/core/grappler/optimizers/data/replicate_on_split.cc:32] Running replicate on split optimization
2025-06-26 00:19:01.627016: I tensorflow/core/grappler/optimizers/data/replicate_on_split.cc:32] Running replicate on split optimization
2025-06-26 00:19:01.645140: I tensorflow/core/grappler/optimizers/data/replicate_on_split.cc:32] Running replicate on split optimization
2025-06-26 00:19:01.729408: I tensorflow/core/grappler/optimizers/data/replicate_on_split.cc:32] Running replicate on split optimization
2025-06-26 00:19:01.732884: I tensorflow/core/grappler/optimizers/data/replicate_on_split.cc:32] Running replicate on split optimization
2025-06-26 00:19:01.756094: I tensorflow/core/grappler/optimizers/data/replicate_on_split.cc:32] Running replicate on split optimization
2025-06-26 00:19:01.775931: I tensorflow/core/grappler/optimizers/data/replicate_on_split.cc:32] Running replicate on split optimization
                 INFO     | >> [*] Loading existing dataset    data_utils.py:208
                          statistics from                                       
                          data/mikasa_robo_tfds/RotateStrictPo                  
                          sNeg-v0/1.0.0/dataset_statistics_8cb                  
                          b0925a8179d321ffcdc4358308850f2edaf0                  
                          f6eb7d44d307e2092b21081d7.json.                       
2025-06-26 00:19:01.832777: I tensorflow/core/grappler/optimizers/data/replicate_on_split.cc:32] Running replicate on split optimization
2025-06-26 00:19:01.838178: I tensorflow/core/grappler/optimizers/data/replicate_on_split.cc:32] Running replicate on split optimization
2025-06-26 00:19:01.860361: I tensorflow/core/grappler/optimizers/data/replicate_on_split.cc:32] Running replicate on split optimization
2025-06-26 00:19:01.880902: I tensorflow/core/grappler/optimizers/data/replicate_on_split.cc:32] Running replicate on split optimization
2025-06-26 00:19:01.961012: I tensorflow/core/grappler/optimizers/data/replicate_on_split.cc:32] Running replicate on split optimization
2025-06-26 00:19:01.965763: I tensorflow/core/grappler/optimizers/data/replicate_on_split.cc:32] Running replicate on split optimization
2025-06-26 00:19:01.990227: I tensorflow/core/grappler/optimizers/data/replicate_on_split.cc:32] Running replicate on split optimization
2025-06-26 00:19:02.011952: I tensorflow/core/grappler/optimizers/data/replicate_on_split.cc:32] Running replicate on split optimization
06/26 [00:19:02] INFO     | >> [*] Loading existing dataset    data_utils.py:208
                          statistics from                                       
                          data/mikasa_robo_tfds/TakeItBack-v0/                  
                          1.0.0/dataset_statistics_ce0b03fe5e2                  
                          a3f7db020adf62582184b8178e580896418e                  
                          00895e808bcc06bca.json.                               
2025-06-26 00:19:02.064056: I tensorflow/core/grappler/optimizers/data/replicate_on_split.cc:32] Running replicate on split optimization
2025-06-26 00:19:02.070753: I tensorflow/core/grappler/optimizers/data/replicate_on_split.cc:32] Running replicate on split optimization
2025-06-26 00:19:02.093756: I tensorflow/core/grappler/optimizers/data/replicate_on_split.cc:32] Running replicate on split optimization
2025-06-26 00:19:02.117272: I tensorflow/core/grappler/optimizers/data/replicate_on_split.cc:32] Running replicate on split optimization
2025-06-26 00:19:02.191478: I tensorflow/core/grappler/optimizers/data/replicate_on_split.cc:32] Running replicate on split optimization
2025-06-26 00:19:02.197728: I tensorflow/core/grappler/optimizers/data/replicate_on_split.cc:32] Running replicate on split optimization
2025-06-26 00:19:02.222094: I tensorflow/core/grappler/optimizers/data/replicate_on_split.cc:32] Running replicate on split optimization
2025-06-26 00:19:02.246409: I tensorflow/core/grappler/optimizers/data/replicate_on_split.cc:32] Running replicate on split optimization
                 INFO     | >> [*] Loading existing dataset    data_utils.py:208
                          statistics from                                       
                          data/mikasa_robo_tfds/RememberColor3                  
                          -v0/1.0.0/dataset_statistics_7f1eb27                  
                          28b9bad5a5c6c850f4b13412a94c941dfdc7                  
                          29fced2afdd5c7226b9fe.json.                           
2025-06-26 00:19:02.291943: I tensorflow/core/grappler/optimizers/data/replicate_on_split.cc:32] Running replicate on split optimization
2025-06-26 00:19:02.299625: I tensorflow/core/grappler/optimizers/data/replicate_on_split.cc:32] Running replicate on split optimization
2025-06-26 00:19:02.322926: I tensorflow/core/grappler/optimizers/data/replicate_on_split.cc:32] Running replicate on split optimization
2025-06-26 00:19:02.348006: I tensorflow/core/grappler/optimizers/data/replicate_on_split.cc:32] Running replicate on split optimization
2025-06-26 00:19:02.424590: I tensorflow/core/grappler/optimizers/data/replicate_on_split.cc:32] Running replicate on split optimization
2025-06-26 00:19:02.429075: I tensorflow/core/grappler/optimizers/data/replicate_on_split.cc:32] Running replicate on split optimization
2025-06-26 00:19:02.456971: I tensorflow/core/grappler/optimizers/data/replicate_on_split.cc:32] Running replicate on split optimization
2025-06-26 00:19:02.483784: I tensorflow/core/grappler/optimizers/data/replicate_on_split.cc:32] Running replicate on split optimization
                 INFO     | >> [*] Loading existing dataset    data_utils.py:208
                          statistics from                                       
                          data/mikasa_robo_tfds/RememberColor5                  
                          -v0/1.0.0/dataset_statistics_2ecc443                  
                          1459657d2f45be1de16d90556dd5411df87a                  
                          a94a2f5d9ccfd8056b253.json.                           
2025-06-26 00:19:02.527729: I tensorflow/core/grappler/optimizers/data/replicate_on_split.cc:32] Running replicate on split optimization
2025-06-26 00:19:02.533502: I tensorflow/core/grappler/optimizers/data/replicate_on_split.cc:32] Running replicate on split optimization
2025-06-26 00:19:02.559664: I tensorflow/core/grappler/optimizers/data/replicate_on_split.cc:32] Running replicate on split optimization
2025-06-26 00:19:02.588112: I tensorflow/core/grappler/optimizers/data/replicate_on_split.cc:32] Running replicate on split optimization
2025-06-26 00:19:02.655239: I tensorflow/core/grappler/optimizers/data/replicate_on_split.cc:32] Running replicate on split optimization
2025-06-26 00:19:02.658869: I tensorflow/core/grappler/optimizers/data/replicate_on_split.cc:32] Running replicate on split optimization
2025-06-26 00:19:02.687933: I tensorflow/core/grappler/optimizers/data/replicate_on_split.cc:32] Running replicate on split optimization
2025-06-26 00:19:02.717490: I tensorflow/core/grappler/optimizers/data/replicate_on_split.cc:32] Running replicate on split optimization
                 INFO     | >> [*] Loading existing dataset    data_utils.py:208
                          statistics from                                       
                          data/mikasa_robo_tfds/RememberColor9                  
                          -v0/1.0.0/dataset_statistics_824940f                  
                          4cffc722412bd496cf77f425735c3e3645d9                  
                          2b155a0ce39de2ea24180.json.                           
2025-06-26 00:19:02.755982: I tensorflow/core/grappler/optimizers/data/replicate_on_split.cc:32] Running replicate on split optimization
2025-06-26 00:19:02.760062: I tensorflow/core/grappler/optimizers/data/replicate_on_split.cc:32] Running replicate on split optimization
2025-06-26 00:19:02.788787: I tensorflow/core/grappler/optimizers/data/replicate_on_split.cc:32] Running replicate on split optimization
2025-06-26 00:19:02.819232: I tensorflow/core/grappler/optimizers/data/replicate_on_split.cc:32] Running replicate on split optimization
2025-06-26 00:19:02.884937: I tensorflow/core/grappler/optimizers/data/replicate_on_split.cc:32] Running replicate on split optimization
2025-06-26 00:19:02.887342: I tensorflow/core/grappler/optimizers/data/replicate_on_split.cc:32] Running replicate on split optimization
2025-06-26 00:19:02.919232: I tensorflow/core/grappler/optimizers/data/replicate_on_split.cc:32] Running replicate on split optimization
2025-06-26 00:19:02.950008: I tensorflow/core/grappler/optimizers/data/replicate_on_split.cc:32] Running replicate on split optimization
                 INFO     | >> [*] Loading existing dataset    data_utils.py:208
                          statistics from                                       
                          data/mikasa_robo_tfds/RememberShape3                  
                          -v0/1.0.0/dataset_statistics_792f49e                  
                          0ddf1ba95f25d8d134cfe9e0d10f93d0bf9a                  
                          6aefe3abd04ec609136e5.json.                           
2025-06-26 00:19:02.988644: I tensorflow/core/grappler/optimizers/data/replicate_on_split.cc:32] Running replicate on split optimization
2025-06-26 00:19:02.991236: I tensorflow/core/grappler/optimizers/data/replicate_on_split.cc:32] Running replicate on split optimization
2025-06-26 00:19:03.022756: I tensorflow/core/grappler/optimizers/data/replicate_on_split.cc:32] Running replicate on split optimization
2025-06-26 00:19:03.053978: I tensorflow/core/grappler/optimizers/data/replicate_on_split.cc:32] Running replicate on split optimization
2025-06-26 00:19:03.119294: I tensorflow/core/grappler/optimizers/data/replicate_on_split.cc:32] Running replicate on split optimization
2025-06-26 00:19:03.125956: I tensorflow/core/grappler/optimizers/data/replicate_on_split.cc:32] Running replicate on split optimization
2025-06-26 00:19:03.154193: I tensorflow/core/grappler/optimizers/data/replicate_on_split.cc:32] Running replicate on split optimization
2025-06-26 00:19:03.185396: I tensorflow/core/grappler/optimizers/data/replicate_on_split.cc:32] Running replicate on split optimization
06/26 [00:19:03] INFO     | >> [*] Loading existing dataset    data_utils.py:208
                          statistics from                                       
                          data/mikasa_robo_tfds/RememberShape5                  
                          -v0/1.0.0/dataset_statistics_c254414                  
                          8e15744bc356188f567cb96ef27b5f40b735                  
                          a9adaf656f1258ce364e7.json.                           
2025-06-26 00:19:03.223010: I tensorflow/core/grappler/optimizers/data/replicate_on_split.cc:32] Running replicate on split optimization
2025-06-26 00:19:03.229275: I tensorflow/core/grappler/optimizers/data/replicate_on_split.cc:32] Running replicate on split optimization
2025-06-26 00:19:03.258136: I tensorflow/core/grappler/optimizers/data/replicate_on_split.cc:32] Running replicate on split optimization
2025-06-26 00:19:03.289938: I tensorflow/core/grappler/optimizers/data/replicate_on_split.cc:32] Running replicate on split optimization
2025-06-26 00:19:03.354774: I tensorflow/core/grappler/optimizers/data/replicate_on_split.cc:32] Running replicate on split optimization
2025-06-26 00:19:03.357726: I tensorflow/core/grappler/optimizers/data/replicate_on_split.cc:32] Running replicate on split optimization
2025-06-26 00:19:03.390518: I tensorflow/core/grappler/optimizers/data/replicate_on_split.cc:32] Running replicate on split optimization
2025-06-26 00:19:03.421534: I tensorflow/core/grappler/optimizers/data/replicate_on_split.cc:32] Running replicate on split optimization
                 INFO     | >> [*] Loading existing dataset    data_utils.py:208
                          statistics from                                       
                          data/mikasa_robo_tfds/RememberShape9                  
                          -v0/1.0.0/dataset_statistics_cc9e9ec                  
                          7b59528c62e95ae25bd561d7d9505b33402d                  
                          3b4fd9cd29dfea8ca8d05.json.                           
2025-06-26 00:19:03.459785: I tensorflow/core/grappler/optimizers/data/replicate_on_split.cc:32] Running replicate on split optimization
2025-06-26 00:19:03.461419: I tensorflow/core/grappler/optimizers/data/replicate_on_split.cc:32] Running replicate on split optimization
2025-06-26 00:19:03.494522: I tensorflow/core/grappler/optimizers/data/replicate_on_split.cc:32] Running replicate on split optimization
2025-06-26 00:19:03.526084: I tensorflow/core/grappler/optimizers/data/replicate_on_split.cc:32] Running replicate on split optimization
2025-06-26 00:19:03.589851: I tensorflow/core/grappler/optimizers/data/replicate_on_split.cc:32] Running replicate on split optimization
2025-06-26 00:19:03.590184: I tensorflow/core/grappler/optimizers/data/replicate_on_split.cc:32] Running replicate on split optimization
2025-06-26 00:19:03.626609: I tensorflow/core/grappler/optimizers/data/replicate_on_split.cc:32] Running replicate on split optimization
2025-06-26 00:19:03.658221: I tensorflow/core/grappler/optimizers/data/replicate_on_split.cc:32] Running replicate on split optimization
                 INFO     | >> [*] Loading existing dataset    data_utils.py:208
                          statistics from                                       
                          data/mikasa_robo_tfds/RememberShapeA                  
                          ndColor3x2-v0/1.0.0/dataset_statisti                  
                          cs_1f08b92db45037e5e4e9c96f0baba75ef                  
                          7932c01048f41a110d2037be0289453.json                  
                          .                                                     
2025-06-26 00:19:03.694105: I tensorflow/core/grappler/optimizers/data/replicate_on_split.cc:32] Running replicate on split optimization
2025-06-26 00:19:03.696482: I tensorflow/core/grappler/optimizers/data/replicate_on_split.cc:32] Running replicate on split optimization
2025-06-26 00:19:03.732343: I tensorflow/core/grappler/optimizers/data/replicate_on_split.cc:32] Running replicate on split optimization
2025-06-26 00:19:03.763377: I tensorflow/core/grappler/optimizers/data/replicate_on_split.cc:32] Running replicate on split optimization
2025-06-26 00:19:03.822507: I tensorflow/core/grappler/optimizers/data/replicate_on_split.cc:32] Running replicate on split optimization
2025-06-26 00:19:03.826564: I tensorflow/core/grappler/optimizers/data/replicate_on_split.cc:32] Running replicate on split optimization
2025-06-26 00:19:03.862574: I tensorflow/core/grappler/optimizers/data/replicate_on_split.cc:32] Running replicate on split optimization
                 INFO     | >> [*] Loading existing dataset    data_utils.py:208
                          statistics from                                       
                          data/mikasa_robo_tfds/RememberShapeA                  
                          ndColor3x3-v0/1.0.0/dataset_statisti                  
                          cs_812e4399209153e40c4bb4efebac63d5a                  
                          1138a44e4c4e13211eb15fcf8cd4530.json                  
                          .                                                     
2025-06-26 00:19:03.894293: I tensorflow/core/grappler/optimizers/data/replicate_on_split.cc:32] Running replicate on split optimization
2025-06-26 00:19:03.926790: I tensorflow/core/grappler/optimizers/data/replicate_on_split.cc:32] Running replicate on split optimization
2025-06-26 00:19:03.931563: I tensorflow/core/grappler/optimizers/data/replicate_on_split.cc:32] Running replicate on split optimization
2025-06-26 00:19:03.967477: I tensorflow/core/grappler/optimizers/data/replicate_on_split.cc:32] Running replicate on split optimization
2025-06-26 00:19:04.001034: I tensorflow/core/grappler/optimizers/data/replicate_on_split.cc:32] Running replicate on split optimization
2025-06-26 00:19:04.054982: I tensorflow/core/grappler/optimizers/data/replicate_on_split.cc:32] Running replicate on split optimization
2025-06-26 00:19:04.061339: I tensorflow/core/grappler/optimizers/data/replicate_on_split.cc:32] Running replicate on split optimization
2025-06-26 00:19:04.096870: I tensorflow/core/grappler/optimizers/data/replicate_on_split.cc:32] Running replicate on split optimization
06/26 [00:19:04] INFO     | >> [*] Loading existing dataset    data_utils.py:208
                          statistics from                                       
                          data/mikasa_robo_tfds/RememberShapeA                  
                          ndColor5x3-v0/1.0.0/dataset_statisti                  
                          cs_6da4e6b78b132c31e91c837b870125a17                  
                          727acc86f3bbc45dd68e50c5a65125f.json                  
                          .                                                     
2025-06-26 00:19:04.131976: I tensorflow/core/grappler/optimizers/data/replicate_on_split.cc:32] Running replicate on split optimization
2025-06-26 00:19:04.158106: I tensorflow/core/grappler/optimizers/data/replicate_on_split.cc:32] Running replicate on split optimization
2025-06-26 00:19:04.166595: I tensorflow/core/grappler/optimizers/data/replicate_on_split.cc:32] Running replicate on split optimization
2025-06-26 00:19:04.201212: I tensorflow/core/grappler/optimizers/data/replicate_on_split.cc:32] Running replicate on split optimization
2025-06-26 00:19:04.238205: I tensorflow/core/grappler/optimizers/data/replicate_on_split.cc:32] Running replicate on split optimization
2025-06-26 00:19:04.284274: I tensorflow/core/grappler/optimizers/data/replicate_on_split.cc:32] Running replicate on split optimization
2025-06-26 00:19:04.296082: I tensorflow/core/grappler/optimizers/data/replicate_on_split.cc:32] Running replicate on split optimization
2025-06-26 00:19:04.331329: I tensorflow/core/grappler/optimizers/data/replicate_on_split.cc:32] Running replicate on split optimization
                 INFO     | >> [*] Loading existing dataset    data_utils.py:208
                          statistics from                                       
                          data/mikasa_robo_tfds/BunchOfColors3                  
                          -v0/1.0.0/dataset_statistics_331f2d7                  
                          ddcf32322a303eb7f85182a1924a767fc51a                  
                          0329292ed83f3d199b05d.json.                           
2025-06-26 00:19:04.369673: I tensorflow/core/grappler/optimizers/data/replicate_on_split.cc:32] Running replicate on split optimization
2025-06-26 00:19:04.388713: I tensorflow/core/grappler/optimizers/data/replicate_on_split.cc:32] Running replicate on split optimization
2025-06-26 00:19:04.400216: I tensorflow/core/grappler/optimizers/data/replicate_on_split.cc:32] Running replicate on split optimization
2025-06-26 00:19:04.435512: I tensorflow/core/grappler/optimizers/data/replicate_on_split.cc:32] Running replicate on split optimization
2025-06-26 00:19:04.475484: I tensorflow/core/grappler/optimizers/data/replicate_on_split.cc:32] Running replicate on split optimization
2025-06-26 00:19:04.516836: I tensorflow/core/grappler/optimizers/data/replicate_on_split.cc:32] Running replicate on split optimization
2025-06-26 00:19:04.529828: I tensorflow/core/grappler/optimizers/data/replicate_on_split.cc:32] Running replicate on split optimization
2025-06-26 00:19:04.565125: I tensorflow/core/grappler/optimizers/data/replicate_on_split.cc:32] Running replicate on split optimization
                 INFO     | >> [*] Loading existing dataset    data_utils.py:208
                          statistics from                                       
                          data/mikasa_robo_tfds/BunchOfColors5                  
                          -v0/1.0.0/dataset_statistics_c683597                  
                          191b6cfac46a4bdd7cf54fd452ae9434febe                  
                          ba7704551ee06b3d1d505.json.                           
2025-06-26 00:19:04.606942: I tensorflow/core/grappler/optimizers/data/replicate_on_split.cc:32] Running replicate on split optimization
2025-06-26 00:19:04.621920: I tensorflow/core/grappler/optimizers/data/replicate_on_split.cc:32] Running replicate on split optimization
2025-06-26 00:19:04.634240: I tensorflow/core/grappler/optimizers/data/replicate_on_split.cc:32] Running replicate on split optimization
2025-06-26 00:19:04.669188: I tensorflow/core/grappler/optimizers/data/replicate_on_split.cc:32] Running replicate on split optimization
2025-06-26 00:19:04.712189: I tensorflow/core/grappler/optimizers/data/replicate_on_split.cc:32] Running replicate on split optimization
2025-06-26 00:19:04.749536: I tensorflow/core/grappler/optimizers/data/replicate_on_split.cc:32] Running replicate on split optimization
2025-06-26 00:19:04.763636: I tensorflow/core/grappler/optimizers/data/replicate_on_split.cc:32] Running replicate on split optimization
2025-06-26 00:19:04.799183: I tensorflow/core/grappler/optimizers/data/replicate_on_split.cc:32] Running replicate on split optimization
                 INFO     | >> [*] Loading existing dataset    data_utils.py:208
                          statistics from                                       
                          data/mikasa_robo_tfds/BunchOfColors7                  
                          -v0/1.0.0/dataset_statistics_23047af                  
                          2842de75636d624fe83a6a521496e6713cfa                  
                          b869b586f3e619f08fa80.json.                           
2025-06-26 00:19:04.843259: I tensorflow/core/grappler/optimizers/data/replicate_on_split.cc:32] Running replicate on split optimization
2025-06-26 00:19:04.854156: I tensorflow/core/grappler/optimizers/data/replicate_on_split.cc:32] Running replicate on split optimization
2025-06-26 00:19:04.867079: I tensorflow/core/grappler/optimizers/data/replicate_on_split.cc:32] Running replicate on split optimization
2025-06-26 00:19:04.902634: I tensorflow/core/grappler/optimizers/data/replicate_on_split.cc:32] Running replicate on split optimization
2025-06-26 00:19:04.948633: I tensorflow/core/grappler/optimizers/data/replicate_on_split.cc:32] Running replicate on split optimization
2025-06-26 00:19:04.982505: I tensorflow/core/grappler/optimizers/data/replicate_on_split.cc:32] Running replicate on split optimization
06/26 [00:19:05] INFO     | >> [*] Loading existing dataset    data_utils.py:208
                          statistics from                                       
                          data/mikasa_robo_tfds/SeqOfColors3-v                  
                          0/1.0.0/dataset_statistics_fbf978a6c                  
                          95034ca4613b591890ff89d052fd21b7f260                  
                          db1bb7537c3adca7589.json.                             
2025-06-26 00:19:05.079199: I tensorflow/core/grappler/optimizers/data/replicate_on_split.cc:32] Running replicate on split optimization
2025-06-26 00:19:05.183159: I tensorflow/core/grappler/optimizers/data/replicate_on_split.cc:32] Running replicate on split optimization
2025-06-26 00:19:05.537796: I tensorflow/core/grappler/optimizers/data/replicate_on_split.cc:32] Running replicate on split optimization
2025-06-26 00:19:05.575632: I tensorflow/core/grappler/optimizers/data/replicate_on_split.cc:32] Running replicate on split optimization
2025-06-26 00:19:05.632416: I tensorflow/core/grappler/optimizers/data/replicate_on_split.cc:32] Running replicate on split optimization
2025-06-26 00:19:05.640914: I tensorflow/core/grappler/optimizers/data/replicate_on_split.cc:32] Running replicate on split optimization
2025-06-26 00:19:05.679193: I tensorflow/core/grappler/optimizers/data/replicate_on_split.cc:32] Running replicate on split optimization
2025-06-26 00:19:05.762889: I tensorflow/core/grappler/optimizers/data/replicate_on_split.cc:32] Running replicate on split optimization
2025-06-26 00:19:05.770251: I tensorflow/core/grappler/optimizers/data/replicate_on_split.cc:32] Running replicate on split optimization
2025-06-26 00:19:05.810293: I tensorflow/core/grappler/optimizers/data/replicate_on_split.cc:32] Running replicate on split optimization
                 INFO     | >> [*] Loading existing dataset    data_utils.py:208
                          statistics from                                       
                          data/mikasa_robo_tfds/SeqOfColors5-v                  
                          0/1.0.0/dataset_statistics_0ea0125ad                  
                          7ac583814b84ad7d41e0424ca26bbcbf088e                  
                          58578529d2603910ab8.json.                             
2025-06-26 00:19:05.867945: I tensorflow/core/grappler/optimizers/data/replicate_on_split.cc:32] Running replicate on split optimization
2025-06-26 00:19:05.873109: I tensorflow/core/grappler/optimizers/data/replicate_on_split.cc:32] Running replicate on split optimization
2025-06-26 00:19:05.913699: I tensorflow/core/grappler/optimizers/data/replicate_on_split.cc:32] Running replicate on split optimization
2025-06-26 00:19:05.977282: I tensorflow/core/grappler/optimizers/data/replicate_on_split.cc:32] Running replicate on split optimization
2025-06-26 00:19:05.994889: I tensorflow/core/grappler/optimizers/data/replicate_on_split.cc:32] Running replicate on split optimization
2025-06-26 00:19:06.002653: I tensorflow/core/grappler/optimizers/data/replicate_on_split.cc:32] Running replicate on split optimization
2025-06-26 00:19:06.044255: I tensorflow/core/grappler/optimizers/data/replicate_on_split.cc:32] Running replicate on split optimization
06/26 [00:19:06] INFO     | >> [*] Loading existing dataset    data_utils.py:208
                          statistics from                                       
                          data/mikasa_robo_tfds/SeqOfColors7-v                  
                          0/1.0.0/dataset_statistics_c196cd4cf                  
                          924f9efea0c39b9eb00768886b4986d0a84b                  
                          4e3a75f807316acdb92.json.                             
2025-06-26 00:19:06.082853: I tensorflow/core/grappler/optimizers/data/replicate_on_split.cc:32] Running replicate on split optimization
2025-06-26 00:19:06.099275: I tensorflow/core/grappler/optimizers/data/replicate_on_split.cc:32] Running replicate on split optimization
2025-06-26 00:19:06.105093: I tensorflow/core/grappler/optimizers/data/replicate_on_split.cc:32] Running replicate on split optimization
2025-06-26 00:19:06.147570: I tensorflow/core/grappler/optimizers/data/replicate_on_split.cc:32] Running replicate on split optimization
2025-06-26 00:19:06.215669: I tensorflow/core/grappler/optimizers/data/replicate_on_split.cc:32] Running replicate on split optimization
2025-06-26 00:19:06.227280: I tensorflow/core/grappler/optimizers/data/replicate_on_split.cc:32] Running replicate on split optimization
2025-06-26 00:19:06.234341: I tensorflow/core/grappler/optimizers/data/replicate_on_split.cc:32] Running replicate on split optimization
2025-06-26 00:19:06.278384: I tensorflow/core/grappler/optimizers/data/replicate_on_split.cc:32] Running replicate on split optimization
                 INFO     | >> [*] Loading existing dataset    data_utils.py:208
                          statistics from                                       
                          data/mikasa_robo_tfds/ChainOfColors3                  
                          -v0/1.0.0/dataset_statistics_4e6fcd8                  
                          c3b872220ab912f05134aa93e52e27002858                  
                          0de40e29126581a839fb4.json.                           
2025-06-26 00:19:06.320084: I tensorflow/core/grappler/optimizers/data/replicate_on_split.cc:32] Running replicate on split optimization
2025-06-26 00:19:06.332148: I tensorflow/core/grappler/optimizers/data/replicate_on_split.cc:32] Running replicate on split optimization
2025-06-26 00:19:06.337031: I tensorflow/core/grappler/optimizers/data/replicate_on_split.cc:32] Running replicate on split optimization
2025-06-26 00:19:06.381607: I tensorflow/core/grappler/optimizers/data/replicate_on_split.cc:32] Running replicate on split optimization
2025-06-26 00:19:06.452392: I tensorflow/core/grappler/optimizers/data/replicate_on_split.cc:32] Running replicate on split optimization
2025-06-26 00:19:06.460058: I tensorflow/core/grappler/optimizers/data/replicate_on_split.cc:32] Running replicate on split optimization
2025-06-26 00:19:06.465939: I tensorflow/core/grappler/optimizers/data/replicate_on_split.cc:32] Running replicate on split optimization
2025-06-26 00:19:06.511816: I tensorflow/core/grappler/optimizers/data/replicate_on_split.cc:32] Running replicate on split optimization
                 INFO     | >> [*] Loading existing dataset    data_utils.py:208
                          statistics from                                       
                          data/mikasa_robo_tfds/ChainOfColors5                  
                          -v0/1.0.0/dataset_statistics_cea1568                  
                          5a6e14f5087d9fe202a1a1628b38749074f9                  
                          039e14077a10d08a50fb6.json.                           
2025-06-26 00:19:06.556597: I tensorflow/core/grappler/optimizers/data/replicate_on_split.cc:32] Running replicate on split optimization
2025-06-26 00:19:06.564497: I tensorflow/core/grappler/optimizers/data/replicate_on_split.cc:32] Running replicate on split optimization
2025-06-26 00:19:06.568181: I tensorflow/core/grappler/optimizers/data/replicate_on_split.cc:32] Running replicate on split optimization
2025-06-26 00:19:06.614402: I tensorflow/core/grappler/optimizers/data/replicate_on_split.cc:32] Running replicate on split optimization
2025-06-26 00:19:06.688259: I tensorflow/core/grappler/optimizers/data/replicate_on_split.cc:32] Running replicate on split optimization
2025-06-26 00:19:06.692331: I tensorflow/core/grappler/optimizers/data/replicate_on_split.cc:32] Running replicate on split optimization
2025-06-26 00:19:06.696743: I tensorflow/core/grappler/optimizers/data/replicate_on_split.cc:32] Running replicate on split optimization
2025-06-26 00:19:06.745333: I tensorflow/core/grappler/optimizers/data/replicate_on_split.cc:32] Running replicate on split optimization
                 INFO     | >> [*] Loading existing dataset    data_utils.py:208
                          statistics from                                       
                          data/mikasa_robo_tfds/ChainOfColors7                  
                          -v0/1.0.0/dataset_statistics_009053c                  
                          892629a15b5b0299948f52b71f55f00456b6                  
                          99f659bcd14904e5a3606.json.                           
2025-06-26 00:19:06.792273: I tensorflow/core/grappler/optimizers/data/replicate_on_split.cc:32] Running replicate on split optimization
2025-06-26 00:19:06.796031: I tensorflow/core/grappler/optimizers/data/replicate_on_split.cc:32] Running replicate on split optimization
2025-06-26 00:19:06.799297: I tensorflow/core/grappler/optimizers/data/replicate_on_split.cc:32] Running replicate on split optimization
2025-06-26 00:19:06.848022: I tensorflow/core/grappler/optimizers/data/replicate_on_split.cc:32] Running replicate on split optimization
2025-06-26 00:19:06.924187: I tensorflow/core/grappler/optimizers/data/replicate_on_split.cc:32] Running replicate on split optimization
2025-06-26 00:19:06.924247: I tensorflow/core/grappler/optimizers/data/replicate_on_split.cc:32] Running replicate on split optimization
2025-06-26 00:19:06.927435: I tensorflow/core/grappler/optimizers/data/replicate_on_split.cc:32] Running replicate on split optimization
2025-06-26 00:19:06.977149: I tensorflow/core/grappler/optimizers/data/replicate_on_split.cc:32] Running replicate on split optimization
                 INFO     | >> [*] Loading existing dataset    data_utils.py:208
                          statistics from                                       
                          data/mikasa_robo_tfds/RememberColor3                  
                          -v0_baseline/1.0.0/dataset_statistic                  
                          s_55613fad5fe09ac925a77bc2cda794c2dd                  
                          cb810471bd4849c154db2cf11327fb.json.                  
2025-06-26 00:19:07.027565: I tensorflow/core/grappler/optimizers/data/replicate_on_split.cc:32] Running replicate on split optimization
2025-06-26 00:19:07.028190: I tensorflow/core/grappler/optimizers/data/replicate_on_split.cc:32] Running replicate on split optimization
2025-06-26 00:19:07.030618: I tensorflow/core/grappler/optimizers/data/replicate_on_split.cc:32] Running replicate on split optimization
2025-06-26 00:19:07.080074: I tensorflow/core/grappler/optimizers/data/replicate_on_split.cc:32] Running replicate on split optimization
2025-06-26 00:19:07.154923: I tensorflow/core/grappler/optimizers/data/replicate_on_split.cc:32] Running replicate on split optimization
2025-06-26 00:19:07.158948: I tensorflow/core/grappler/optimizers/data/replicate_on_split.cc:32] Running replicate on split optimization
2025-06-26 00:19:07.159000: I tensorflow/core/grappler/optimizers/data/replicate_on_split.cc:32] Running replicate on split optimization
2025-06-26 00:19:07.209473: I tensorflow/core/grappler/optimizers/data/replicate_on_split.cc:32] Running replicate on split optimization
06/26 [00:19:07] INFO     | >> [*] Loading existing dataset    data_utils.py:208
                          statistics from                                       
                          data/mikasa_robo_tfds/RememberColor9                  
                          -v0_baseline/1.0.0/dataset_statistic                  
                          s_4a16fbfeda508221197a51004b913829ff                  
                          51fcaa4ef4cbd8e3fed617975d4959.json.                  
2025-06-26 00:19:07.258243: I tensorflow/core/grappler/optimizers/data/replicate_on_split.cc:32] Running replicate on split optimization
2025-06-26 00:19:07.260736: I tensorflow/core/grappler/optimizers/data/replicate_on_split.cc:32] Running replicate on split optimization
2025-06-26 00:19:07.262444: I tensorflow/core/grappler/optimizers/data/replicate_on_split.cc:32] Running replicate on split optimization
2025-06-26 00:19:07.311806: I tensorflow/core/grappler/optimizers/data/replicate_on_split.cc:32] Running replicate on split optimization

######################################################################################
# Loading the following 34 datasets (incl. sampling weight):                         #
# mikasa_robo_tfds/ShellGameTouch-v0: ======================================0.029123 #
# mikasa_robo_tfds/ShellGamePush-v0: =======================================0.029123 #
# mikasa_robo_tfds/ShellGamePick-v0: =======================================0.029123 #
# mikasa_robo_tfds/InterceptSlow-v0: =======================================0.029123 #
# mikasa_robo_tfds/InterceptMedium-v0: =====================================0.029123 #
# mikasa_robo_tfds/InterceptFast-v0: =======================================0.029123 #
# mikasa_robo_tfds/InterceptGrabSlow-v0: ===================================0.029123 #
# mikasa_robo_tfds/InterceptGrabMedium-v0: =================================0.029123 #
# mikasa_robo_tfds/InterceptGrabFast-v0: ===================================0.029123 #
# mikasa_robo_tfds/RotateLenientPos-v0: ====================================0.029123 #
# mikasa_robo_tfds/RotateLenientPosNeg-v0: =================================0.029123 #
# mikasa_robo_tfds/RotateStrictPos-v0: =====================================0.029123 #
# mikasa_robo_tfds/RotateStrictPosNeg-v0: ==================================0.029123 #
# mikasa_robo_tfds/TakeItBack-v0: ==========================================0.058573 #
# mikasa_robo_tfds/RememberColor3-v0: ======================================0.019306 #
# mikasa_robo_tfds/RememberColor5-v0: ======================================0.019306 #
# mikasa_robo_tfds/RememberColor9-v0: ======================================0.019306 #
# mikasa_robo_tfds/RememberShape3-v0: ======================================0.019306 #
# mikasa_robo_tfds/RememberShape5-v0: ======================================0.019306 #
# mikasa_robo_tfds/RememberShape9-v0: ======================================0.019306 #
# mikasa_robo_tfds/RememberShapeAndColor3x2-v0: ============================0.019306 #
# mikasa_robo_tfds/RememberShapeAndColor3x3-v0: ============================0.019306 #

####################################################################################### mikasa_robo_tfds/RememberShapeAndColor5x3-v0: ============================0.019306 #
# Loading the following 34 datasets (incl. sampling weight):                         #

# mikasa_robo_tfds/ShellGameTouch-v0: ======================================0.029123 #
# mikasa_robo_tfds/ShellGamePush-v0: =======================================0.029123 #
# mikasa_robo_tfds/BunchOfColors3-v0: ======================================0.038940 ## mikasa_robo_tfds/ShellGamePick-v0: =======================================0.029123 #
# mikasa_robo_tfds/InterceptSlow-v0: =======================================0.029123 #

# mikasa_robo_tfds/InterceptMedium-v0: =====================================0.029123 #
# mikasa_robo_tfds/InterceptFast-v0: =======================================0.029123 #
# mikasa_robo_tfds/BunchOfColors5-v0: ======================================0.038940 ## mikasa_robo_tfds/InterceptGrabSlow-v0: ===================================0.029123 #
# mikasa_robo_tfds/InterceptGrabMedium-v0: =================================0.029123 #

# mikasa_robo_tfds/InterceptGrabFast-v0: ===================================0.029123 #
# mikasa_robo_tfds/RotateLenientPos-v0: ====================================0.029123 #
# mikasa_robo_tfds/BunchOfColors7-v0: ======================================0.038940 ## mikasa_robo_tfds/RotateLenientPosNeg-v0: =================================0.029123 #
# mikasa_robo_tfds/RotateStrictPos-v0: =====================================0.029123 #

# mikasa_robo_tfds/RotateStrictPosNeg-v0: ==================================0.029123 #
# mikasa_robo_tfds/TakeItBack-v0: ==========================================0.058573 #
# mikasa_robo_tfds/SeqOfColors3-v0: ========================================0.038940 ## mikasa_robo_tfds/RememberColor3-v0: ======================================0.019306 #
# mikasa_robo_tfds/RememberColor5-v0: ======================================0.019306 #

# mikasa_robo_tfds/RememberColor9-v0: ======================================0.019306 #
# mikasa_robo_tfds/RememberShape3-v0: ======================================0.019306 ## mikasa_robo_tfds/SeqOfColors5-v0: ========================================0.038940 #
# mikasa_robo_tfds/RememberShape5-v0: ======================================0.019306 #
# mikasa_robo_tfds/RememberShape9-v0: ======================================0.019306 #

# mikasa_robo_tfds/RememberShapeAndColor3x2-v0: ============================0.019306 #
# mikasa_robo_tfds/RememberShapeAndColor3x3-v0: ============================0.019306 ## mikasa_robo_tfds/SeqOfColors7-v0: ========================================0.038940 #
# mikasa_robo_tfds/RememberShapeAndColor5x3-v0: ============================0.019306 #
# mikasa_robo_tfds/BunchOfColors3-v0: ======================================0.038940 #

# mikasa_robo_tfds/BunchOfColors5-v0: ======================================0.038940 #
# mikasa_robo_tfds/BunchOfColors7-v0: ======================================0.038940 ## mikasa_robo_tfds/ChainOfColors3-v0: ======================================0.038940 #
# mikasa_robo_tfds/SeqOfColors3-v0: ========================================0.038940 #
# mikasa_robo_tfds/SeqOfColors5-v0: ========================================0.038940 #

# mikasa_robo_tfds/SeqOfColors7-v0: ========================================0.038940 #
# mikasa_robo_tfds/ChainOfColors5-v0: ======================================0.038940 ## mikasa_robo_tfds/ChainOfColors3-v0: ======================================0.038940 #
# mikasa_robo_tfds/ChainOfColors5-v0: ======================================0.038940 #

# mikasa_robo_tfds/ChainOfColors7-v0: ======================================0.038940 #
# mikasa_robo_tfds/RememberColor3-v0_baseline: =============================0.019306 #
# mikasa_robo_tfds/ChainOfColors7-v0: ======================================0.038940 ## mikasa_robo_tfds/RememberColor9-v0_baseline: =============================0.019306 #
######################################################################################


# mikasa_robo_tfds/RememberColor3-v0_baseline: =============================0.019306 #
# mikasa_robo_tfds/RememberColor9-v0_baseline: =============================0.019306 #
######################################################################################

                 INFO     | >> [*] Threads per Dataset: [1 1 1 1  dataset.py:531
                          1 1 1 1 1 1 1 1 1 1 1 1 1 1 1 1 1 1 1 1               
                          1 1 1 1 1 1 1 1 1 1]                                  
                 INFO     | >> [*] Reads per Dataset: [1 1 1 1 1  dataset.py:532
                          1 1 1 1 1 1 1 1 1 1 1 1 1 1 1 1 1 1 1 1               
                          1 1 1 1 1 1 1 1 1]                                    
                 INFO     | >> [*] Constructing datasets...       dataset.py:535
2025-06-26 00:19:07.394414: I tensorflow/core/grappler/optimizers/data/replicate_on_split.cc:32] Running replicate on split optimization
2025-06-26 00:19:07.395103: I tensorflow/core/grappler/optimizers/data/replicate_on_split.cc:32] Running replicate on split optimization
2025-06-26 00:19:07.396742: I tensorflow/core/grappler/optimizers/data/replicate_on_split.cc:32] Running replicate on split optimization

######################################################################################
# Loading the following 34 datasets (incl. sampling weight):                         #
# mikasa_robo_tfds/ShellGameTouch-v0: ======================================0.029123 #
# mikasa_robo_tfds/ShellGamePush-v0: =======================================0.029123 #
# mikasa_robo_tfds/ShellGamePick-v0: =======================================0.029123 #
# mikasa_robo_tfds/InterceptSlow-v0: =======================================0.029123 #
# mikasa_robo_tfds/InterceptMedium-v0: =====================================0.029123 #
# mikasa_robo_tfds/InterceptFast-v0: =======================================0.029123 #
# mikasa_robo_tfds/InterceptGrabSlow-v0: ===================================0.029123 #
# mikasa_robo_tfds/InterceptGrabMedium-v0: =================================0.029123 #
# mikasa_robo_tfds/InterceptGrabFast-v0: ===================================0.029123 #
# mikasa_robo_tfds/RotateLenientPos-v0: ====================================0.029123 #
# mikasa_robo_tfds/RotateLenientPosNeg-v0: =================================0.029123 #
# mikasa_robo_tfds/RotateStrictPos-v0: =====================================0.029123 #
# mikasa_robo_tfds/RotateStrictPosNeg-v0: ==================================0.029123 #
# mikasa_robo_tfds/TakeItBack-v0: ==========================================0.058573 #
# mikasa_robo_tfds/RememberColor3-v0: ======================================0.019306 #
# mikasa_robo_tfds/RememberColor5-v0: ======================================0.019306 #
# mikasa_robo_tfds/RememberColor9-v0: ======================================0.019306 #
# mikasa_robo_tfds/RememberShape3-v0: ======================================0.019306 #
# mikasa_robo_tfds/RememberShape5-v0: ======================================0.019306 #
# mikasa_robo_tfds/RememberShape9-v0: ======================================0.019306 #
# mikasa_robo_tfds/RememberShapeAndColor3x2-v0: ============================0.019306 #
# mikasa_robo_tfds/RememberShapeAndColor3x3-v0: ============================0.019306 #
# mikasa_robo_tfds/RememberShapeAndColor5x3-v0: ============================0.019306 #
# mikasa_robo_tfds/BunchOfColors3-v0: ======================================0.038940 #
# mikasa_robo_tfds/BunchOfColors5-v0: ======================================0.038940 #
# mikasa_robo_tfds/BunchOfColors7-v0: ======================================0.038940 #
# mikasa_robo_tfds/SeqOfColors3-v0: ========================================0.038940 #
# mikasa_robo_tfds/SeqOfColors5-v0: ========================================0.038940 #
# mikasa_robo_tfds/SeqOfColors7-v0: ========================================0.038940 #
# mikasa_robo_tfds/ChainOfColors3-v0: ======================================0.038940 #
# mikasa_robo_tfds/ChainOfColors5-v0: ======================================0.038940 #
# mikasa_robo_tfds/ChainOfColors7-v0: ======================================0.038940 #
# mikasa_robo_tfds/RememberColor3-v0_baseline: =============================0.019306 #
# mikasa_robo_tfds/RememberColor9-v0_baseline: =============================0.019306 #
######################################################################################

2025-06-26 00:19:07.444677: I tensorflow/core/grappler/optimizers/data/replicate_on_split.cc:32] Running replicate on split optimization
2025-06-26 00:19:07.499093: I tensorflow/core/grappler/optimizers/data/replicate_on_split.cc:32] Running replicate on split optimization

######################################################################################
# Loading the following 34 datasets (incl. sampling weight):                         #
# mikasa_robo_tfds/ShellGameTouch-v0: ======================================0.029123 #
# mikasa_robo_tfds/ShellGamePush-v0: =======================================0.029123 #
# mikasa_robo_tfds/ShellGamePick-v0: =======================================0.029123 #
# mikasa_robo_tfds/InterceptSlow-v0: =======================================0.029123 #
# mikasa_robo_tfds/InterceptMedium-v0: =====================================0.029123 #
# mikasa_robo_tfds/InterceptFast-v0: =======================================0.029123 #
# mikasa_robo_tfds/InterceptGrabSlow-v0: ===================================0.029123 #
# mikasa_robo_tfds/InterceptGrabMedium-v0: =================================0.029123 #
# mikasa_robo_tfds/InterceptGrabFast-v0: ===================================0.029123 #
# mikasa_robo_tfds/RotateLenientPos-v0: ====================================0.029123 #
# mikasa_robo_tfds/RotateLenientPosNeg-v0: =================================0.029123 #
# mikasa_robo_tfds/RotateStrictPos-v0: =====================================0.029123 #
# mikasa_robo_tfds/RotateStrictPosNeg-v0: ==================================0.029123 #
# mikasa_robo_tfds/TakeItBack-v0: ==========================================0.058573 #
# mikasa_robo_tfds/RememberColor3-v0: ======================================0.019306 #
# mikasa_robo_tfds/RememberColor5-v0: ======================================0.019306 #
# mikasa_robo_tfds/RememberColor9-v0: ======================================0.019306 #
# mikasa_robo_tfds/RememberShape3-v0: ======================================0.019306 #
# mikasa_robo_tfds/RememberShape5-v0: ======================================0.019306 #
# mikasa_robo_tfds/RememberShape9-v0: ======================================0.019306 #
# mikasa_robo_tfds/RememberShapeAndColor3x2-v0: ============================0.019306 #
# mikasa_robo_tfds/RememberShapeAndColor3x3-v0: ============================0.019306 #
# mikasa_robo_tfds/RememberShapeAndColor5x3-v0: ============================0.019306 #
# mikasa_robo_tfds/BunchOfColors3-v0: ======================================0.038940 #
# mikasa_robo_tfds/BunchOfColors5-v0: ======================================0.038940 #
# mikasa_robo_tfds/BunchOfColors7-v0: ======================================0.038940 #
# mikasa_robo_tfds/SeqOfColors3-v0: ========================================0.038940 #
# mikasa_robo_tfds/SeqOfColors5-v0: ========================================0.038940 #
# mikasa_robo_tfds/SeqOfColors7-v0: ========================================0.038940 #
# mikasa_robo_tfds/ChainOfColors3-v0: ======================================0.038940 #
# mikasa_robo_tfds/ChainOfColors5-v0: ======================================0.038940 #
# mikasa_robo_tfds/ChainOfColors7-v0: ======================================0.038940 #
# mikasa_robo_tfds/RememberColor3-v0_baseline: =============================0.019306 #
# mikasa_robo_tfds/RememberColor9-v0_baseline: =============================0.019306 #
######################################################################################

2025-06-26 00:19:07.611878: I tensorflow/core/grappler/optimizers/data/replicate_on_split.cc:32] Running replicate on split optimization
2025-06-26 00:19:07.613178: I tensorflow/core/grappler/optimizers/data/replicate_on_split.cc:32] Running replicate on split optimization
2025-06-26 00:19:07.632309: I tensorflow/core/grappler/optimizers/data/replicate_on_split.cc:32] Running replicate on split optimization
2025-06-26 00:19:07.664198: I tensorflow/core/grappler/optimizers/data/replicate_on_split.cc:32] Running replicate on split optimization
2025-06-26 00:19:07.828863: I tensorflow/core/grappler/optimizers/data/replicate_on_split.cc:32] Running replicate on split optimization
2025-06-26 00:19:07.829315: I tensorflow/core/grappler/optimizers/data/replicate_on_split.cc:32] Running replicate on split optimization
2025-06-26 00:19:07.852942: I tensorflow/core/grappler/optimizers/data/replicate_on_split.cc:32] Running replicate on split optimization
2025-06-26 00:19:07.881450: I tensorflow/core/grappler/optimizers/data/replicate_on_split.cc:32] Running replicate on split optimization
2025-06-26 00:19:08.044209: I tensorflow/core/grappler/optimizers/data/replicate_on_split.cc:32] Running replicate on split optimization
2025-06-26 00:19:08.045730: I tensorflow/core/grappler/optimizers/data/replicate_on_split.cc:32] Running replicate on split optimization
2025-06-26 00:19:08.071561: I tensorflow/core/grappler/optimizers/data/replicate_on_split.cc:32] Running replicate on split optimization
2025-06-26 00:19:08.099412: I tensorflow/core/grappler/optimizers/data/replicate_on_split.cc:32] Running replicate on split optimization
2025-06-26 00:19:08.257467: I tensorflow/core/grappler/optimizers/data/replicate_on_split.cc:32] Running replicate on split optimization
2025-06-26 00:19:08.263103: I tensorflow/core/grappler/optimizers/data/replicate_on_split.cc:32] Running replicate on split optimization
2025-06-26 00:19:08.289571: I tensorflow/core/grappler/optimizers/data/replicate_on_split.cc:32] Running replicate on split optimization
2025-06-26 00:19:08.316970: I tensorflow/core/grappler/optimizers/data/replicate_on_split.cc:32] Running replicate on split optimization
2025-06-26 00:19:08.469398: I tensorflow/core/grappler/optimizers/data/replicate_on_split.cc:32] Running replicate on split optimization
2025-06-26 00:19:08.478228: I tensorflow/core/grappler/optimizers/data/replicate_on_split.cc:32] Running replicate on split optimization
2025-06-26 00:19:08.508584: I tensorflow/core/grappler/optimizers/data/replicate_on_split.cc:32] Running replicate on split optimization
2025-06-26 00:19:08.533439: I tensorflow/core/grappler/optimizers/data/replicate_on_split.cc:32] Running replicate on split optimization
2025-06-26 00:19:08.683368: I tensorflow/core/grappler/optimizers/data/replicate_on_split.cc:32] Running replicate on split optimization
2025-06-26 00:19:08.692895: I tensorflow/core/grappler/optimizers/data/replicate_on_split.cc:32] Running replicate on split optimization
2025-06-26 00:19:08.727195: I tensorflow/core/grappler/optimizers/data/replicate_on_split.cc:32] Running replicate on split optimization
2025-06-26 00:19:08.750620: I tensorflow/core/grappler/optimizers/data/replicate_on_split.cc:32] Running replicate on split optimization
2025-06-26 00:19:08.897384: I tensorflow/core/grappler/optimizers/data/replicate_on_split.cc:32] Running replicate on split optimization
2025-06-26 00:19:08.908119: I tensorflow/core/grappler/optimizers/data/replicate_on_split.cc:32] Running replicate on split optimization
2025-06-26 00:19:08.945585: I tensorflow/core/grappler/optimizers/data/replicate_on_split.cc:32] Running replicate on split optimization
2025-06-26 00:19:08.968348: I tensorflow/core/grappler/optimizers/data/replicate_on_split.cc:32] Running replicate on split optimization
2025-06-26 00:19:09.110152: I tensorflow/core/grappler/optimizers/data/replicate_on_split.cc:32] Running replicate on split optimization
2025-06-26 00:19:09.124029: I tensorflow/core/grappler/optimizers/data/replicate_on_split.cc:32] Running replicate on split optimization
2025-06-26 00:19:09.164267: I tensorflow/core/grappler/optimizers/data/replicate_on_split.cc:32] Running replicate on split optimization
2025-06-26 00:19:09.185143: I tensorflow/core/grappler/optimizers/data/replicate_on_split.cc:32] Running replicate on split optimization
2025-06-26 00:19:09.322635: I tensorflow/core/grappler/optimizers/data/replicate_on_split.cc:32] Running replicate on split optimization
2025-06-26 00:19:09.339401: I tensorflow/core/grappler/optimizers/data/replicate_on_split.cc:32] Running replicate on split optimization
2025-06-26 00:19:09.383732: I tensorflow/core/grappler/optimizers/data/replicate_on_split.cc:32] Running replicate on split optimization
2025-06-26 00:19:09.402425: I tensorflow/core/grappler/optimizers/data/replicate_on_split.cc:32] Running replicate on split optimization
2025-06-26 00:19:09.534716: I tensorflow/core/grappler/optimizers/data/replicate_on_split.cc:32] Running replicate on split optimization
2025-06-26 00:19:09.555085: I tensorflow/core/grappler/optimizers/data/replicate_on_split.cc:32] Running replicate on split optimization
2025-06-26 00:19:09.603071: I tensorflow/core/grappler/optimizers/data/replicate_on_split.cc:32] Running replicate on split optimization
2025-06-26 00:19:09.621794: I tensorflow/core/grappler/optimizers/data/replicate_on_split.cc:32] Running replicate on split optimization
2025-06-26 00:19:09.746894: I tensorflow/core/grappler/optimizers/data/replicate_on_split.cc:32] Running replicate on split optimization
2025-06-26 00:19:09.776145: I tensorflow/core/grappler/optimizers/data/replicate_on_split.cc:32] Running replicate on split optimization
2025-06-26 00:19:09.821990: I tensorflow/core/grappler/optimizers/data/replicate_on_split.cc:32] Running replicate on split optimization
2025-06-26 00:19:09.839810: I tensorflow/core/grappler/optimizers/data/replicate_on_split.cc:32] Running replicate on split optimization
2025-06-26 00:19:09.958558: I tensorflow/core/grappler/optimizers/data/replicate_on_split.cc:32] Running replicate on split optimization
2025-06-26 00:19:09.996256: I tensorflow/core/grappler/optimizers/data/replicate_on_split.cc:32] Running replicate on split optimization
2025-06-26 00:19:10.040832: I tensorflow/core/grappler/optimizers/data/replicate_on_split.cc:32] Running replicate on split optimization
2025-06-26 00:19:10.057138: I tensorflow/core/grappler/optimizers/data/replicate_on_split.cc:32] Running replicate on split optimization
2025-06-26 00:19:10.170488: I tensorflow/core/grappler/optimizers/data/replicate_on_split.cc:32] Running replicate on split optimization
2025-06-26 00:19:10.215268: I tensorflow/core/grappler/optimizers/data/replicate_on_split.cc:32] Running replicate on split optimization
2025-06-26 00:19:10.260726: I tensorflow/core/grappler/optimizers/data/replicate_on_split.cc:32] Running replicate on split optimization
2025-06-26 00:19:10.275049: I tensorflow/core/grappler/optimizers/data/replicate_on_split.cc:32] Running replicate on split optimization
2025-06-26 00:19:10.382403: I tensorflow/core/grappler/optimizers/data/replicate_on_split.cc:32] Running replicate on split optimization
2025-06-26 00:19:10.430921: I tensorflow/core/grappler/optimizers/data/replicate_on_split.cc:32] Running replicate on split optimization
2025-06-26 00:19:10.480847: I tensorflow/core/grappler/optimizers/data/replicate_on_split.cc:32] Running replicate on split optimization
2025-06-26 00:19:10.491049: I tensorflow/core/grappler/optimizers/data/replicate_on_split.cc:32] Running replicate on split optimization
2025-06-26 00:19:10.594693: I tensorflow/core/grappler/optimizers/data/replicate_on_split.cc:32] Running replicate on split optimization
2025-06-26 00:19:10.648767: I tensorflow/core/grappler/optimizers/data/replicate_on_split.cc:32] Running replicate on split optimization
2025-06-26 00:19:10.698355: I tensorflow/core/grappler/optimizers/data/replicate_on_split.cc:32] Running replicate on split optimization
2025-06-26 00:19:10.708701: I tensorflow/core/grappler/optimizers/data/replicate_on_split.cc:32] Running replicate on split optimization
2025-06-26 00:19:10.806340: I tensorflow/core/grappler/optimizers/data/replicate_on_split.cc:32] Running replicate on split optimization
2025-06-26 00:19:10.865153: I tensorflow/core/grappler/optimizers/data/replicate_on_split.cc:32] Running replicate on split optimization
2025-06-26 00:19:10.917365: I tensorflow/core/grappler/optimizers/data/replicate_on_split.cc:32] Running replicate on split optimization
2025-06-26 00:19:10.925452: I tensorflow/core/grappler/optimizers/data/replicate_on_split.cc:32] Running replicate on split optimization
2025-06-26 00:19:11.017733: I tensorflow/core/grappler/optimizers/data/replicate_on_split.cc:32] Running replicate on split optimization
2025-06-26 00:19:11.082756: I tensorflow/core/grappler/optimizers/data/replicate_on_split.cc:32] Running replicate on split optimization
2025-06-26 00:19:11.135925: I tensorflow/core/grappler/optimizers/data/replicate_on_split.cc:32] Running replicate on split optimization
2025-06-26 00:19:11.143071: I tensorflow/core/grappler/optimizers/data/replicate_on_split.cc:32] Running replicate on split optimization
2025-06-26 00:19:11.231281: I tensorflow/core/grappler/optimizers/data/replicate_on_split.cc:32] Running replicate on split optimization
2025-06-26 00:19:11.302780: I tensorflow/core/grappler/optimizers/data/replicate_on_split.cc:32] Running replicate on split optimization
2025-06-26 00:19:11.356818: I tensorflow/core/grappler/optimizers/data/replicate_on_split.cc:32] Running replicate on split optimization
2025-06-26 00:19:11.361325: I tensorflow/core/grappler/optimizers/data/replicate_on_split.cc:32] Running replicate on split optimization
2025-06-26 00:19:11.444878: I tensorflow/core/grappler/optimizers/data/replicate_on_split.cc:32] Running replicate on split optimization
2025-06-26 00:19:11.520384: I tensorflow/core/grappler/optimizers/data/replicate_on_split.cc:32] Running replicate on split optimization
2025-06-26 00:19:11.577836: I tensorflow/core/grappler/optimizers/data/replicate_on_split.cc:32] Running replicate on split optimization
2025-06-26 00:19:11.581910: I tensorflow/core/grappler/optimizers/data/replicate_on_split.cc:32] Running replicate on split optimization
2025-06-26 00:19:11.657766: I tensorflow/core/grappler/optimizers/data/replicate_on_split.cc:32] Running replicate on split optimization
2025-06-26 00:19:11.736184: I tensorflow/core/grappler/optimizers/data/replicate_on_split.cc:32] Running replicate on split optimization
2025-06-26 00:19:11.797859: I tensorflow/core/grappler/optimizers/data/replicate_on_split.cc:32] Running replicate on split optimization
2025-06-26 00:19:11.800311: I tensorflow/core/grappler/optimizers/data/replicate_on_split.cc:32] Running replicate on split optimization
2025-06-26 00:19:11.870568: I tensorflow/core/grappler/optimizers/data/replicate_on_split.cc:32] Running replicate on split optimization
2025-06-26 00:19:11.952194: I tensorflow/core/grappler/optimizers/data/replicate_on_split.cc:32] Running replicate on split optimization
2025-06-26 00:19:12.019180: I tensorflow/core/grappler/optimizers/data/replicate_on_split.cc:32] Running replicate on split optimization
2025-06-26 00:19:12.019194: I tensorflow/core/grappler/optimizers/data/replicate_on_split.cc:32] Running replicate on split optimization
2025-06-26 00:19:12.083780: I tensorflow/core/grappler/optimizers/data/replicate_on_split.cc:32] Running replicate on split optimization
2025-06-26 00:19:12.167722: I tensorflow/core/grappler/optimizers/data/replicate_on_split.cc:32] Running replicate on split optimization
2025-06-26 00:19:12.237308: I tensorflow/core/grappler/optimizers/data/replicate_on_split.cc:32] Running replicate on split optimization
2025-06-26 00:19:12.240426: I tensorflow/core/grappler/optimizers/data/replicate_on_split.cc:32] Running replicate on split optimization
2025-06-26 00:19:12.297341: I tensorflow/core/grappler/optimizers/data/replicate_on_split.cc:32] Running replicate on split optimization
2025-06-26 00:19:12.384214: I tensorflow/core/grappler/optimizers/data/replicate_on_split.cc:32] Running replicate on split optimization
2025-06-26 00:19:12.456249: I tensorflow/core/grappler/optimizers/data/replicate_on_split.cc:32] Running replicate on split optimization
2025-06-26 00:19:12.460604: I tensorflow/core/grappler/optimizers/data/replicate_on_split.cc:32] Running replicate on split optimization
2025-06-26 00:19:12.510974: I tensorflow/core/grappler/optimizers/data/replicate_on_split.cc:32] Running replicate on split optimization
2025-06-26 00:19:12.600158: I tensorflow/core/grappler/optimizers/data/replicate_on_split.cc:32] Running replicate on split optimization
2025-06-26 00:19:12.675539: I tensorflow/core/grappler/optimizers/data/replicate_on_split.cc:32] Running replicate on split optimization
2025-06-26 00:19:12.683124: I tensorflow/core/grappler/optimizers/data/replicate_on_split.cc:32] Running replicate on split optimization
2025-06-26 00:19:12.724061: I tensorflow/core/grappler/optimizers/data/replicate_on_split.cc:32] Running replicate on split optimization
2025-06-26 00:19:12.816549: I tensorflow/core/grappler/optimizers/data/replicate_on_split.cc:32] Running replicate on split optimization
2025-06-26 00:19:12.894268: I tensorflow/core/grappler/optimizers/data/replicate_on_split.cc:32] Running replicate on split optimization
2025-06-26 00:19:12.905279: I tensorflow/core/grappler/optimizers/data/replicate_on_split.cc:32] Running replicate on split optimization
2025-06-26 00:19:12.938196: I tensorflow/core/grappler/optimizers/data/replicate_on_split.cc:32] Running replicate on split optimization
2025-06-26 00:19:13.033317: I tensorflow/core/grappler/optimizers/data/replicate_on_split.cc:32] Running replicate on split optimization
2025-06-26 00:19:13.112827: I tensorflow/core/grappler/optimizers/data/replicate_on_split.cc:32] Running replicate on split optimization
2025-06-26 00:19:13.125812: I tensorflow/core/grappler/optimizers/data/replicate_on_split.cc:32] Running replicate on split optimization
2025-06-26 00:19:13.151931: I tensorflow/core/grappler/optimizers/data/replicate_on_split.cc:32] Running replicate on split optimization
2025-06-26 00:19:13.250631: I tensorflow/core/grappler/optimizers/data/replicate_on_split.cc:32] Running replicate on split optimization
2025-06-26 00:19:13.332381: I tensorflow/core/grappler/optimizers/data/replicate_on_split.cc:32] Running replicate on split optimization
2025-06-26 00:19:13.349089: I tensorflow/core/grappler/optimizers/data/replicate_on_split.cc:32] Running replicate on split optimization
2025-06-26 00:19:13.371699: I tensorflow/core/grappler/optimizers/data/replicate_on_split.cc:32] Running replicate on split optimization
2025-06-26 00:19:13.467669: I tensorflow/core/grappler/optimizers/data/replicate_on_split.cc:32] Running replicate on split optimization
2025-06-26 00:19:13.550228: I tensorflow/core/grappler/optimizers/data/replicate_on_split.cc:32] Running replicate on split optimization
2025-06-26 00:19:13.568495: I tensorflow/core/grappler/optimizers/data/replicate_on_split.cc:32] Running replicate on split optimization
2025-06-26 00:19:13.584303: I tensorflow/core/grappler/optimizers/data/replicate_on_split.cc:32] Running replicate on split optimization
2025-06-26 00:19:13.684692: I tensorflow/core/grappler/optimizers/data/replicate_on_split.cc:32] Running replicate on split optimization
2025-06-26 00:19:13.768540: I tensorflow/core/grappler/optimizers/data/replicate_on_split.cc:32] Running replicate on split optimization
2025-06-26 00:19:13.789018: I tensorflow/core/grappler/optimizers/data/replicate_on_split.cc:32] Running replicate on split optimization
2025-06-26 00:19:13.798077: I tensorflow/core/grappler/optimizers/data/replicate_on_split.cc:32] Running replicate on split optimization
2025-06-26 00:19:13.902094: I tensorflow/core/grappler/optimizers/data/replicate_on_split.cc:32] Running replicate on split optimization
2025-06-26 00:19:13.987295: I tensorflow/core/grappler/optimizers/data/replicate_on_split.cc:32] Running replicate on split optimization
2025-06-26 00:19:14.010504: I tensorflow/core/grappler/optimizers/data/replicate_on_split.cc:32] Running replicate on split optimization
2025-06-26 00:19:14.012391: I tensorflow/core/grappler/optimizers/data/replicate_on_split.cc:32] Running replicate on split optimization
2025-06-26 00:19:14.119086: I tensorflow/core/grappler/optimizers/data/replicate_on_split.cc:32] Running replicate on split optimization
2025-06-26 00:19:14.205692: I tensorflow/core/grappler/optimizers/data/replicate_on_split.cc:32] Running replicate on split optimization
2025-06-26 00:19:14.225711: I tensorflow/core/grappler/optimizers/data/replicate_on_split.cc:32] Running replicate on split optimization
2025-06-26 00:19:14.231643: I tensorflow/core/grappler/optimizers/data/replicate_on_split.cc:32] Running replicate on split optimization
2025-06-26 00:19:14.336605: I tensorflow/core/grappler/optimizers/data/replicate_on_split.cc:32] Running replicate on split optimization
2025-06-26 00:19:14.423998: I tensorflow/core/grappler/optimizers/data/replicate_on_split.cc:32] Running replicate on split optimization
2025-06-26 00:19:14.436869: I tensorflow/core/grappler/optimizers/data/replicate_on_split.cc:32] Running replicate on split optimization
2025-06-26 00:19:14.451846: I tensorflow/core/grappler/optimizers/data/replicate_on_split.cc:32] Running replicate on split optimization
2025-06-26 00:19:14.553768: I tensorflow/core/grappler/optimizers/data/replicate_on_split.cc:32] Running replicate on split optimization
2025-06-26 00:19:14.642077: I tensorflow/core/grappler/optimizers/data/replicate_on_split.cc:32] Running replicate on split optimization
2025-06-26 00:19:14.673345: I tensorflow/core/grappler/optimizers/data/replicate_on_split.cc:32] Running replicate on split optimization
2025-06-26 00:19:14.893204: I tensorflow/core/grappler/optimizers/data/replicate_on_split.cc:32] Running replicate on split optimization
06/26 [00:19:15] INFO     | >> [*] Applying frame transforms on   dataset.py:575
                          dataset...                                            
vla_dataset len: 3056000
                 INFO     | >> [*] Saved dataset statistics    data_utils.py:293
                          file at path                                          
                          logs/openvla-7b+mikasa_mix+b16+lr-0.                  
                          0005+lora-r128+dropout-0.01--mikasa_                  
                          mix--image_aug--25-06-26_00-14-04/da                  
                          taset_statistics.json                                 
val_dataset len: 3056000, train_dataset len: 3056000
  0%|          | 0/70005 [00:00<?, ?it/s]vla_dataset len: 3056000
val_dataset len: 3056000, train_dataset len: 3056000
  0%|          | 0/70005 [00:00<?, ?it/s]vla_dataset len: 3056000
val_dataset len: 3056000, train_dataset len: 3056000
  0%|          | 0/70005 [00:00<?, ?it/s]vla_dataset len: 3056000
val_dataset len: 3056000, train_dataset len: 3056000
  0%|          | 0/70005 [00:00<?, ?it/s]WARNING: All log messages before absl::InitializeLog() is called are written to STDERR
WARNING: All log messages before absl::InitializeLog() is called are written to STDERR
WARNING: All log messages before absl::InitializeLog() is called are written to STDERR
W0000 00:00:1750893557.598821  203171 op_level_cost_estimator.cc:699] Error in PredictCost() for the op: op: "CropAndResize" attr { key: "T" value { type: DT_FLOAT } } attr { key: "extrapolation_value" value { f: 0 } } attr { key: "method" value { s: "bilinear" } } inputs { dtype: DT_FLOAT shape { dim { size: 1 } dim { size: 224 } dim { size: 224 } dim { size: -7 } } } inputs { dtype: DT_FLOAT shape { dim { size: -2 } dim { size: 4 } } } inputs { dtype: DT_INT32 shape { dim { size: -2 } } } inputs { dtype: DT_INT32 shape { dim { size: 2 } } } device { type: "CPU" vendor: "AuthenticAMD" model: "241" frequency: 2445 num_cores: 128 environment { key: "cpu_instruction_set" value: "AVX SSE, SSE2, SSE3, SSSE3, SSE4.1, SSE4.2" } environment { key: "eigen" value: "3.4.90" } l1_cache_size: 32768 l2_cache_size: 524288 l3_cache_size: 268435456 memory_size: 268435456 } outputs { dtype: DT_FLOAT shape { dim { size: -2 } dim { size: -8 } dim { size: -9 } dim { size: -7 } } }
W0000 00:00:1750893557.598933  203174 op_level_cost_estimator.cc:699] Error in PredictCost() for the op: op: "CropAndResize" attr { key: "T" value { type: DT_FLOAT } } attr { key: "extrapolation_value" value { f: 0 } } attr { key: "method" value { s: "bilinear" } } inputs { dtype: DT_FLOAT shape { dim { size: 1 } dim { size: 224 } dim { size: 224 } dim { size: -7 } } } inputs { dtype: DT_FLOAT shape { dim { size: -2 } dim { size: 4 } } } inputs { dtype: DT_INT32 shape { dim { size: -2 } } } inputs { dtype: DT_INT32 shape { dim { size: 2 } } } device { type: "CPU" vendor: "AuthenticAMD" model: "241" frequency: 2445 num_cores: 128 environment { key: "cpu_instruction_set" value: "AVX SSE, SSE2, SSE3, SSSE3, SSE4.1, SSE4.2" } environment { key: "eigen" value: "3.4.90" } l1_cache_size: 32768 l2_cache_size: 524288 l3_cache_size: 268435456 memory_size: 268435456 } outputs { dtype: DT_FLOAT shape { dim { size: -2 } dim { size: -8 } dim { size: -9 } dim { size: -7 } } }
W0000 00:00:1750893557.598875  203172 op_level_cost_estimator.cc:699] Error in PredictCost() for the op: op: "CropAndResize" attr { key: "T" value { type: DT_FLOAT } } attr { key: "extrapolation_value" value { f: 0 } } attr { key: "method" value { s: "bilinear" } } inputs { dtype: DT_FLOAT shape { dim { size: 1 } dim { size: 224 } dim { size: 224 } dim { size: -7 } } } inputs { dtype: DT_FLOAT shape { dim { size: -2 } dim { size: 4 } } } inputs { dtype: DT_INT32 shape { dim { size: -2 } } } inputs { dtype: DT_INT32 shape { dim { size: 2 } } } device { type: "CPU" vendor: "AuthenticAMD" model: "241" frequency: 2445 num_cores: 128 environment { key: "cpu_instruction_set" value: "AVX SSE, SSE2, SSE3, SSSE3, SSE4.1, SSE4.2" } environment { key: "eigen" value: "3.4.90" } l1_cache_size: 32768 l2_cache_size: 524288 l3_cache_size: 268435456 memory_size: 268435456 } outputs { dtype: DT_FLOAT shape { dim { size: -2 } dim { size: -8 } dim { size: -9 } dim { size: -7 } } }
W0000 00:00:1750893557.600054  203171 op_level_cost_estimator.cc:699] Error in PredictCost() for the op: op: "CropAndResize" attr { key: "T" value { type: DT_FLOAT } } attr { key: "extrapolation_value" value { f: 0 } } attr { key: "method" value { s: "bilinear" } } inputs { dtype: DT_FLOAT shape { dim { size: 1 } dim { size: 224 } dim { size: 224 } dim { size: -6 } } } inputs { dtype: DT_FLOAT shape { dim { size: -3 } dim { size: 4 } } } inputs { dtype: DT_INT32 shape { dim { size: -3 } } } inputs { dtype: DT_INT32 shape { dim { size: 2 } } } device { type: "CPU" vendor: "AuthenticAMD" model: "241" frequency: 2445 num_cores: 128 environment { key: "cpu_instruction_set" value: "AVX SSE, SSE2, SSE3, SSSE3, SSE4.1, SSE4.2" } environment { key: "eigen" value: "3.4.90" } l1_cache_size: 32768 l2_cache_size: 524288 l3_cache_size: 268435456 memory_size: 268435456 } outputs { dtype: DT_FLOAT shape { dim { size: -3 } dim { size: -10 } dim { size: -11 } dim { size: -6 } } }
W0000 00:00:1750893557.600158  203174 op_level_cost_estimator.cc:699] Error in PredictCost() for the op: op: "CropAndResize" attr { key: "T" value { type: DT_FLOAT } } attr { key: "extrapolation_value" value { f: 0 } } attr { key: "method" value { s: "bilinear" } } inputs { dtype: DT_FLOAT shape { dim { size: 1 } dim { size: 224 } dim { size: 224 } dim { size: -6 } } } inputs { dtype: DT_FLOAT shape { dim { size: -3 } dim { size: 4 } } } inputs { dtype: DT_INT32 shape { dim { size: -3 } } } inputs { dtype: DT_INT32 shape { dim { size: 2 } } } device { type: "CPU" vendor: "AuthenticAMD" model: "241" frequency: 2445 num_cores: 128 environment { key: "cpu_instruction_set" value: "AVX SSE, SSE2, SSE3, SSSE3, SSE4.1, SSE4.2" } environment { key: "eigen" value: "3.4.90" } l1_cache_size: 32768 l2_cache_size: 524288 l3_cache_size: 268435456 memory_size: 268435456 } outputs { dtype: DT_FLOAT shape { dim { size: -3 } dim { size: -10 } dim { size: -11 } dim { size: -6 } } }
W0000 00:00:1750893557.600206  203172 op_level_cost_estimator.cc:699] Error in PredictCost() for the op: op: "CropAndResize" attr { key: "T" value { type: DT_FLOAT } } attr { key: "extrapolation_value" value { f: 0 } } attr { key: "method" value { s: "bilinear" } } inputs { dtype: DT_FLOAT shape { dim { size: 1 } dim { size: 224 } dim { size: 224 } dim { size: -6 } } } inputs { dtype: DT_FLOAT shape { dim { size: -3 } dim { size: 4 } } } inputs { dtype: DT_INT32 shape { dim { size: -3 } } } inputs { dtype: DT_INT32 shape { dim { size: 2 } } } device { type: "CPU" vendor: "AuthenticAMD" model: "241" frequency: 2445 num_cores: 128 environment { key: "cpu_instruction_set" value: "AVX SSE, SSE2, SSE3, SSSE3, SSE4.1, SSE4.2" } environment { key: "eigen" value: "3.4.90" } l1_cache_size: 32768 l2_cache_size: 524288 l3_cache_size: 268435456 memory_size: 268435456 } outputs { dtype: DT_FLOAT shape { dim { size: -3 } dim { size: -10 } dim { size: -11 } dim { size: -6 } } }
WARNING: All log messages before absl::InitializeLog() is called are written to STDERR
W0000 00:00:1750893557.665267  203173 op_level_cost_estimator.cc:699] Error in PredictCost() for the op: op: "CropAndResize" attr { key: "T" value { type: DT_FLOAT } } attr { key: "extrapolation_value" value { f: 0 } } attr { key: "method" value { s: "bilinear" } } inputs { dtype: DT_FLOAT shape { dim { size: 1 } dim { size: 224 } dim { size: 224 } dim { size: -7 } } } inputs { dtype: DT_FLOAT shape { dim { size: -2 } dim { size: 4 } } } inputs { dtype: DT_INT32 shape { dim { size: -2 } } } inputs { dtype: DT_INT32 shape { dim { size: 2 } } } device { type: "CPU" vendor: "AuthenticAMD" model: "241" frequency: 2445 num_cores: 128 environment { key: "cpu_instruction_set" value: "AVX SSE, SSE2, SSE3, SSSE3, SSE4.1, SSE4.2" } environment { key: "eigen" value: "3.4.90" } l1_cache_size: 32768 l2_cache_size: 524288 l3_cache_size: 268435456 memory_size: 268435456 } outputs { dtype: DT_FLOAT shape { dim { size: -2 } dim { size: -8 } dim { size: -9 } dim { size: -7 } } }
W0000 00:00:1750893557.666519  203173 op_level_cost_estimator.cc:699] Error in PredictCost() for the op: op: "CropAndResize" attr { key: "T" value { type: DT_FLOAT } } attr { key: "extrapolation_value" value { f: 0 } } attr { key: "method" value { s: "bilinear" } } inputs { dtype: DT_FLOAT shape { dim { size: 1 } dim { size: 224 } dim { size: 224 } dim { size: -6 } } } inputs { dtype: DT_FLOAT shape { dim { size: -3 } dim { size: 4 } } } inputs { dtype: DT_INT32 shape { dim { size: -3 } } } inputs { dtype: DT_INT32 shape { dim { size: 2 } } } device { type: "CPU" vendor: "AuthenticAMD" model: "241" frequency: 2445 num_cores: 128 environment { key: "cpu_instruction_set" value: "AVX SSE, SSE2, SSE3, SSSE3, SSE4.1, SSE4.2" } environment { key: "eigen" value: "3.4.90" } l1_cache_size: 32768 l2_cache_size: 524288 l3_cache_size: 268435456 memory_size: 268435456 } outputs { dtype: DT_FLOAT shape { dim { size: -3 } dim { size: -10 } dim { size: -11 } dim { size: -6 } } }
2025-06-26 00:19:27.579188: I tensorflow/core/kernels/data/shuffle_dataset_op.cc:422] ShuffleDatasetV3:1466: Filling up shuffle buffer (this may take a while): 99130 of 100000
2025-06-26 00:19:27.600738: I tensorflow/core/kernels/data/shuffle_dataset_op.cc:452] Shuffle buffer filled.
  0%|          | 1/70005 [00:26<508:12:13, 26.13s/it]                                         Traceback (most recent call last):
  File "/rds/user/lz307/hpc-work/openvla/vla-scripts/finetune.py", line 648, in <module>
    finetune()
  File "/rds/user/lz307/hpc-work/openvla/.venv/lib64/python3.9/site-packages/draccus/argparsing.py", line 203, in wrapper_inner
    response = fn(cfg, *args, **kwargs)
  File "/rds/user/lz307/hpc-work/openvla/vla-scripts/finetune.py", line 536, in finetune
    log_metrics_to_wandb(
  File "/rds/user/lz307/hpc-work/openvla/vla-scripts/finetune.py", line 148, in log_metrics_to_wandb
    wandb_entity.log(log_dict, step=step)
  File "/rds/user/lz307/hpc-work/openvla/.venv/lib64/python3.9/site-packages/wandb/sdk/lib/preinit.py", line 36, in preinit_wrapper
                                         Traceback (most recent call last):
  File "/rds/user/lz307/hpc-work/openvla/vla-scripts/finetune.py", line 648, in <module>
    finetune()
  File "/rds/user/lz307/hpc-work/openvla/.venv/lib64/python3.9/site-packages/draccus/argparsing.py", line 203, in wrapper_inner
    response = fn(cfg, *args, **kwargs)
  File "/rds/user/lz307/hpc-work/openvla/vla-scripts/finetune.py", line 536, in finetune
    log_metrics_to_wandb(
  File "/rds/user/lz307/hpc-work/openvla/vla-scripts/finetune.py", line 148, in log_metrics_to_wandb
    wandb_entity.log(log_dict, step=step)
  File "/rds/user/lz307/hpc-work/openvla/.venv/lib64/python3.9/site-packages/wandb/sdk/lib/preinit.py", line 36, in preinit_wrapper
                                         Traceback (most recent call last):
  File "/rds/user/lz307/hpc-work/openvla/vla-scripts/finetune.py", line 648, in <module>
    finetune()
  File "/rds/user/lz307/hpc-work/openvla/.venv/lib64/python3.9/site-packages/draccus/argparsing.py", line 203, in wrapper_inner
    response = fn(cfg, *args, **kwargs)
  File "/rds/user/lz307/hpc-work/openvla/vla-scripts/finetune.py", line 536, in finetune
    log_metrics_to_wandb(
  File "/rds/user/lz307/hpc-work/openvla/vla-scripts/finetune.py", line 148, in log_metrics_to_wandb
    wandb_entity.log(log_dict, step=step)
  File "/rds/user/lz307/hpc-work/openvla/.venv/lib64/python3.9/site-packages/wandb/sdk/lib/preinit.py", line 36, in preinit_wrapper
        raise wandb.Error(f"You must call wandb.init() before {name}()")raise wandb.Error(f"You must call wandb.init() before {name}()")

    wandb.errors.errorswandb.errors.errorsraise wandb.Error(f"You must call wandb.init() before {name}()")..
ErrorErrorwandb.errors.errors: : .You must call wandb.init() before wandb.log()You must call wandb.init() before wandb.log()Error

: You must call wandb.init() before wandb.log()
[2025-06-26 00:19:57,534] torch.distributed.elastic.multiprocessing.api: [WARNING] Sending process 203171 closing signal SIGTERM
[2025-06-26 00:19:57,537] torch.distributed.elastic.multiprocessing.api: [WARNING] Sending process 203172 closing signal SIGTERM
[2025-06-26 00:19:57,537] torch.distributed.elastic.multiprocessing.api: [WARNING] Sending process 203173 closing signal SIGTERM
[2025-06-26 00:20:00,412] torch.distributed.elastic.multiprocessing.api: [ERROR] failed (exitcode: 1) local_rank: 3 (pid: 203174) of binary: /rds/user/lz307/hpc-work/openvla/.venv/bin/python
Traceback (most recent call last):
  File "/rds/user/lz307/hpc-work/openvla/.venv/bin/torchrun", line 8, in <module>
    sys.exit(main())
  File "/rds/user/lz307/hpc-work/openvla/.venv/lib64/python3.9/site-packages/torch/distributed/elastic/multiprocessing/errors/__init__.py", line 347, in wrapper
    return f(*args, **kwargs)
  File "/rds/user/lz307/hpc-work/openvla/.venv/lib64/python3.9/site-packages/torch/distributed/run.py", line 812, in main
    run(args)
  File "/rds/user/lz307/hpc-work/openvla/.venv/lib64/python3.9/site-packages/torch/distributed/run.py", line 803, in run
    elastic_launch(
  File "/rds/user/lz307/hpc-work/openvla/.venv/lib64/python3.9/site-packages/torch/distributed/launcher/api.py", line 135, in __call__
    return launch_agent(self._config, self._entrypoint, list(args))
  File "/rds/user/lz307/hpc-work/openvla/.venv/lib64/python3.9/site-packages/torch/distributed/launcher/api.py", line 268, in launch_agent
    raise ChildFailedError(
torch.distributed.elastic.multiprocessing.errors.ChildFailedError: 
============================================================
vla-scripts/finetune.py FAILED
------------------------------------------------------------
Failures:
  <NO_OTHER_FAILURES>
------------------------------------------------------------
Root Cause (first observed failure):
[0]:
  time      : 2025-06-26_00:19:57
  host      : gpu-q-26.data.cluster
  rank      : 3 (local_rank: 3)
  exitcode  : 1 (pid: 203174)
  error_file: <N/A>
  traceback : To enable traceback see: https://pytorch.org/docs/stable/elastic/errors.html
============================================================
