Loading rhel8/default-amp
  Loading requirement: rhel8/slurm singularity/current rhel8/global cuda/11.4
    libpciaccess/0.16/gcc-9.4.0-6fonbj6 libiconv/1.16/gcc-9.4.0-ahebbov
    libxml2/2.9.12/gcc-9.4.0-gnknt5e ncurses/6.2/gcc-9.4.0-aiirok7
    hwloc/2.5.0/gcc-9.4.0-7sqomga libevent/2.1.12/gcc-9.4.0-hgny7cm
    numactl/2.0.14/gcc-9.4.0-52dwc6n cuda/11.4.0/gcc-9.4.0-3hnxhjt
    gdrcopy/2.2/gcc-9.4.0-e4igtfp knem/1.1.4/gcc-9.4.0-bpbxgva
    libnl/3.3.0/gcc-9.4.0-whwhrwb rdma-core/34.0/gcc-9.4.0-5eo5n2u
    ucx/1.11.1/gcc-9.4.0-lktqyl4 openmpi/4.1.1/gcc-9.4.0-epagguv
Changed directory to /rds/user/lz307/hpc-work/openvla.

JobID: 11393157
======
Time: Mon 23 Jun 10:03:24 BST 2025
Running on master node: gpu-q-36
Current directory: /rds/user/lz307/hpc-work/openvla

Nodes allocated:
================
gpu-q-36

numtasks=4, numnodes=1, mpi_tasks_per_node=4 (OMP_NUM_THREADS=1)

Executing command:
==================
/home/lz307/rds/hpc-work/openvla/fine_tune_mikasa.sh 

2025-06-23 10:05:15.842168: E external/local_xla/xla/stream_executor/cuda/cuda_dnn.cc:9261] Unable to register cuDNN factory: Attempting to register factory for plugin cuDNN when one has already been registered
2025-06-23 10:05:15.843815: E external/local_xla/xla/stream_executor/cuda/cuda_fft.cc:607] Unable to register cuFFT factory: Attempting to register factory for plugin cuFFT when one has already been registered
2025-06-23 10:05:16.230724: E external/local_xla/xla/stream_executor/cuda/cuda_blas.cc:1515] Unable to register cuBLAS factory: Attempting to register factory for plugin cuBLAS when one has already been registered
2025-06-23 10:05:17.520102: I tensorflow/core/platform/cpu_feature_guard.cc:182] This TensorFlow binary is optimized to use available CPU instructions in performance-critical operations.
To enable the following instructions: AVX2 FMA, in other operations, rebuild TensorFlow with the appropriate compiler flags.
2025-06-23 10:05:55.801330: W tensorflow/compiler/tf2tensorrt/utils/py_utils.cc:38] TF-TRT Warning: Could not find TensorRT
val: 400 180 True
wandb: Currently logged in as: leothemagnificent (leothemagnificent-university-of-cambridge) to https://api.wandb.ai. Use `wandb login --relogin` to force relogin
wandb: Tracking run with wandb version 0.19.10
wandb: Run data is saved locally in /rds/user/lz307/hpc-work/openvla/wandb/run-20250623_100848-r5pjrtv6
wandb: Run `wandb offline` to turn off syncing.
wandb: Syncing run ft+openvla-7b+mikasa_mix+b16+lr-0.0005+lora-r32+dropout-0.05--mikasa_mix--image_aug--25-06-23_10-08-47
wandb: ⭐️ View project at https://wandb.ai/leothemagnificent-university-of-cambridge/openvla-mikasa
wandb: 🚀 View run at https://wandb.ai/leothemagnificent-university-of-cambridge/openvla-mikasa/runs/r5pjrtv6
Fine-tuning OpenVLA Model `openvla/openvla-7b` on `mikasa_mix`
Loading checkpoint shards:   0%|          | 0/3 [00:00<?, ?it/s]Loading checkpoint shards:  33%|███▎      | 1/3 [00:07<00:14,  7.37s/it]Loading checkpoint shards:  67%|██████▋   | 2/3 [00:09<00:04,  4.56s/it]Loading checkpoint shards: 100%|██████████| 3/3 [00:10<00:00,  2.74s/it]Loading checkpoint shards: 100%|██████████| 3/3 [00:10<00:00,  3.51s/it]
trainable params: 110,828,288 || all params: 7,652,065,472 || trainable%: 1.4483
build dataset `data`
self.data_root_dir data
self.data_root_dir data
OXE_DATASET_CONFIGS {'image_obs_keys': {'primary': 'image', 'secondary': None, 'wrist': None}, 'depth_obs_keys': {'primary': None, 'secondary': None, 'wrist': None}, 'state_obs_keys': ['state'], 'state_encoding': <StateEncoding.POS_EULER: 1>, 'action_encoding': <ActionEncoding.EEF_POS: 1>}
OXE_DATASET_CONFIGS {'image_obs_keys': {'primary': 'image', 'secondary': None, 'wrist': None}, 'depth_obs_keys': {'primary': None, 'secondary': None, 'wrist': None}, 'state_obs_keys': ['state'], 'state_encoding': <StateEncoding.POS_EULER: 1>, 'action_encoding': <ActionEncoding.EEF_POS: 1>}
OXE_DATASET_CONFIGS {'image_obs_keys': {'primary': 'image', 'secondary': None, 'wrist': None}, 'depth_obs_keys': {'primary': None, 'secondary': None, 'wrist': None}, 'state_obs_keys': ['state'], 'state_encoding': <StateEncoding.POS_EULER: 1>, 'action_encoding': <ActionEncoding.EEF_POS: 1>}
OXE_DATASET_CONFIGS {'image_obs_keys': {'primary': 'image', 'secondary': None, 'wrist': None}, 'depth_obs_keys': {'primary': None, 'secondary': None, 'wrist': None}, 'state_obs_keys': ['state'], 'state_encoding': <StateEncoding.POS_EULER: 1>, 'action_encoding': <ActionEncoding.EEF_POS: 1>}
OXE_DATASET_CONFIGS {'image_obs_keys': {'primary': 'image', 'secondary': None, 'wrist': None}, 'depth_obs_keys': {'primary': None, 'secondary': None, 'wrist': None}, 'state_obs_keys': ['state'], 'state_encoding': <StateEncoding.POS_EULER: 1>, 'action_encoding': <ActionEncoding.EEF_POS: 1>}
OXE_DATASET_CONFIGS {'image_obs_keys': {'primary': 'image', 'secondary': None, 'wrist': None}, 'depth_obs_keys': {'primary': None, 'secondary': None, 'wrist': None}, 'state_obs_keys': ['state'], 'state_encoding': <StateEncoding.POS_EULER: 1>, 'action_encoding': <ActionEncoding.EEF_POS: 1>}
OXE_DATASET_CONFIGS {'image_obs_keys': {'primary': 'image', 'secondary': None, 'wrist': None}, 'depth_obs_keys': {'primary': None, 'secondary': None, 'wrist': None}, 'state_obs_keys': ['state'], 'state_encoding': <StateEncoding.POS_EULER: 1>, 'action_encoding': <ActionEncoding.EEF_POS: 1>}
OXE_DATASET_CONFIGS {'image_obs_keys': {'primary': 'image', 'secondary': None, 'wrist': None}, 'depth_obs_keys': {'primary': None, 'secondary': None, 'wrist': None}, 'state_obs_keys': ['state'], 'state_encoding': <StateEncoding.POS_EULER: 1>, 'action_encoding': <ActionEncoding.EEF_POS: 1>}
OXE_DATASET_CONFIGS {'image_obs_keys': {'primary': 'image', 'secondary': None, 'wrist': None}, 'depth_obs_keys': {'primary': None, 'secondary': None, 'wrist': None}, 'state_obs_keys': ['state'], 'state_encoding': <StateEncoding.POS_EULER: 1>, 'action_encoding': <ActionEncoding.EEF_POS: 1>}
OXE_DATASET_CONFIGS {'image_obs_keys': {'primary': 'image', 'secondary': None, 'wrist': None}, 'depth_obs_keys': {'primary': None, 'secondary': None, 'wrist': None}, 'state_obs_keys': ['state'], 'state_encoding': <StateEncoding.POS_EULER: 1>, 'action_encoding': <ActionEncoding.EEF_POS: 1>}
OXE_DATASET_CONFIGS {'image_obs_keys': {'primary': 'image', 'secondary': None, 'wrist': None}, 'depth_obs_keys': {'primary': None, 'secondary': None, 'wrist': None}, 'state_obs_keys': ['state'], 'state_encoding': <StateEncoding.POS_EULER: 1>, 'action_encoding': <ActionEncoding.EEF_POS: 1>}
OXE_DATASET_CONFIGS {'image_obs_keys': {'primary': 'image', 'secondary': None, 'wrist': None}, 'depth_obs_keys': {'primary': None, 'secondary': None, 'wrist': None}, 'state_obs_keys': ['state'], 'state_encoding': <StateEncoding.POS_EULER: 1>, 'action_encoding': <ActionEncoding.EEF_POS: 1>}
OXE_DATASET_CONFIGS {'image_obs_keys': {'primary': 'image', 'secondary': None, 'wrist': None}, 'depth_obs_keys': {'primary': None, 'secondary': None, 'wrist': None}, 'state_obs_keys': ['state'], 'state_encoding': <StateEncoding.POS_EULER: 1>, 'action_encoding': <ActionEncoding.EEF_POS: 1>}
OXE_DATASET_CONFIGS {'image_obs_keys': {'primary': 'image', 'secondary': None, 'wrist': None}, 'depth_obs_keys': {'primary': None, 'secondary': None, 'wrist': None}, 'state_obs_keys': ['state'], 'state_encoding': <StateEncoding.POS_EULER: 1>, 'action_encoding': <ActionEncoding.EEF_POS: 1>}
OXE_DATASET_CONFIGS {'image_obs_keys': {'primary': 'image', 'secondary': None, 'wrist': None}, 'depth_obs_keys': {'primary': None, 'secondary': None, 'wrist': None}, 'state_obs_keys': ['state'], 'state_encoding': <StateEncoding.POS_EULER: 1>, 'action_encoding': <ActionEncoding.EEF_POS: 1>}
OXE_DATASET_CONFIGS {'image_obs_keys': {'primary': 'image', 'secondary': None, 'wrist': None}, 'depth_obs_keys': {'primary': None, 'secondary': None, 'wrist': None}, 'state_obs_keys': ['state'], 'state_encoding': <StateEncoding.POS_EULER: 1>, 'action_encoding': <ActionEncoding.EEF_POS: 1>}
OXE_DATASET_CONFIGS {'image_obs_keys': {'primary': 'image', 'secondary': None, 'wrist': None}, 'depth_obs_keys': {'primary': None, 'secondary': None, 'wrist': None}, 'state_obs_keys': ['state'], 'state_encoding': <StateEncoding.POS_EULER: 1>, 'action_encoding': <ActionEncoding.EEF_POS: 1>}
OXE_DATASET_CONFIGS {'image_obs_keys': {'primary': 'image', 'secondary': None, 'wrist': None}, 'depth_obs_keys': {'primary': None, 'secondary': None, 'wrist': None}, 'state_obs_keys': ['state'], 'state_encoding': <StateEncoding.POS_EULER: 1>, 'action_encoding': <ActionEncoding.EEF_POS: 1>}
OXE_DATASET_CONFIGS {'image_obs_keys': {'primary': 'image', 'secondary': None, 'wrist': None}, 'depth_obs_keys': {'primary': None, 'secondary': None, 'wrist': None}, 'state_obs_keys': ['state'], 'state_encoding': <StateEncoding.POS_EULER: 1>, 'action_encoding': <ActionEncoding.EEF_POS: 1>}
OXE_DATASET_CONFIGS {'image_obs_keys': {'primary': 'image', 'secondary': None, 'wrist': None}, 'depth_obs_keys': {'primary': None, 'secondary': None, 'wrist': None}, 'state_obs_keys': ['state'], 'state_encoding': <StateEncoding.POS_EULER: 1>, 'action_encoding': <ActionEncoding.EEF_POS: 1>}
OXE_DATASET_CONFIGS {'image_obs_keys': {'primary': 'image', 'secondary': None, 'wrist': None}, 'depth_obs_keys': {'primary': None, 'secondary': None, 'wrist': None}, 'state_obs_keys': ['state'], 'state_encoding': <StateEncoding.POS_EULER: 1>, 'action_encoding': <ActionEncoding.EEF_POS: 1>}
OXE_DATASET_CONFIGS {'image_obs_keys': {'primary': 'image', 'secondary': None, 'wrist': None}, 'depth_obs_keys': {'primary': None, 'secondary': None, 'wrist': None}, 'state_obs_keys': ['state'], 'state_encoding': <StateEncoding.POS_EULER: 1>, 'action_encoding': <ActionEncoding.EEF_POS: 1>}
OXE_DATASET_CONFIGS {'image_obs_keys': {'primary': 'image', 'secondary': None, 'wrist': None}, 'depth_obs_keys': {'primary': None, 'secondary': None, 'wrist': None}, 'state_obs_keys': ['state'], 'state_encoding': <StateEncoding.POS_EULER: 1>, 'action_encoding': <ActionEncoding.EEF_POS: 1>}
OXE_DATASET_CONFIGS {'image_obs_keys': {'primary': 'image', 'secondary': None, 'wrist': None}, 'depth_obs_keys': {'primary': None, 'secondary': None, 'wrist': None}, 'state_obs_keys': ['state'], 'state_encoding': <StateEncoding.POS_EULER: 1>, 'action_encoding': <ActionEncoding.EEF_POS: 1>}
OXE_DATASET_CONFIGS {'image_obs_keys': {'primary': 'image', 'secondary': None, 'wrist': None}, 'depth_obs_keys': {'primary': None, 'secondary': None, 'wrist': None}, 'state_obs_keys': ['state'], 'state_encoding': <StateEncoding.POS_EULER: 1>, 'action_encoding': <ActionEncoding.EEF_POS: 1>}
OXE_DATASET_CONFIGS {'image_obs_keys': {'primary': 'image', 'secondary': None, 'wrist': None}, 'depth_obs_keys': {'primary': None, 'secondary': None, 'wrist': None}, 'state_obs_keys': ['state'], 'state_encoding': <StateEncoding.POS_EULER: 1>, 'action_encoding': <ActionEncoding.EEF_POS: 1>}
OXE_DATASET_CONFIGS {'image_obs_keys': {'primary': 'image', 'secondary': None, 'wrist': None}, 'depth_obs_keys': {'primary': None, 'secondary': None, 'wrist': None}, 'state_obs_keys': ['state'], 'state_encoding': <StateEncoding.POS_EULER: 1>, 'action_encoding': <ActionEncoding.EEF_POS: 1>}
OXE_DATASET_CONFIGS {'image_obs_keys': {'primary': 'image', 'secondary': None, 'wrist': None}, 'depth_obs_keys': {'primary': None, 'secondary': None, 'wrist': None}, 'state_obs_keys': ['state'], 'state_encoding': <StateEncoding.POS_EULER: 1>, 'action_encoding': <ActionEncoding.EEF_POS: 1>}
OXE_DATASET_CONFIGS {'image_obs_keys': {'primary': 'image', 'secondary': None, 'wrist': None}, 'depth_obs_keys': {'primary': None, 'secondary': None, 'wrist': None}, 'state_obs_keys': ['state'], 'state_encoding': <StateEncoding.POS_EULER: 1>, 'action_encoding': <ActionEncoding.EEF_POS: 1>}
OXE_DATASET_CONFIGS {'image_obs_keys': {'primary': 'image', 'secondary': None, 'wrist': None}, 'depth_obs_keys': {'primary': None, 'secondary': None, 'wrist': None}, 'state_obs_keys': ['state'], 'state_encoding': <StateEncoding.POS_EULER: 1>, 'action_encoding': <ActionEncoding.EEF_POS: 1>}
OXE_DATASET_CONFIGS {'image_obs_keys': {'primary': 'image', 'secondary': None, 'wrist': None}, 'depth_obs_keys': {'primary': None, 'secondary': None, 'wrist': None}, 'state_obs_keys': ['state'], 'state_encoding': <StateEncoding.POS_EULER: 1>, 'action_encoding': <ActionEncoding.EEF_POS: 1>}
OXE_DATASET_CONFIGS {'image_obs_keys': {'primary': 'image', 'secondary': None, 'wrist': None}, 'depth_obs_keys': {'primary': None, 'secondary': None, 'wrist': None}, 'state_obs_keys': ['state'], 'state_encoding': <StateEncoding.POS_EULER: 1>, 'action_encoding': <ActionEncoding.EEF_POS: 1>}
OXE_DATASET_CONFIGS {'image_obs_keys': {'primary': 'image', 'secondary': None, 'wrist': None}, 'depth_obs_keys': {'primary': None, 'secondary': None, 'wrist': None}, 'state_obs_keys': ['state'], 'state_encoding': <StateEncoding.POS_EULER: 1>, 'action_encoding': <ActionEncoding.EEF_POS: 1>}
OXE_DATASET_CONFIGS {'image_obs_keys': {'primary': 'image', 'secondary': None, 'wrist': None}, 'depth_obs_keys': {'primary': None, 'secondary': None, 'wrist': None}, 'state_obs_keys': ['state'], 'state_encoding': <StateEncoding.POS_EULER: 1>, 'action_encoding': <ActionEncoding.EEF_POS: 1>}
self.data_root_dir data
2025-06-23 10:12:35.367503: I tensorflow/core/grappler/optimizers/data/replicate_on_split.cc:32] Running replicate on split optimization
06/23 [10:12:36] INFO     | >> [*] Loading existing dataset    data_utils.py:208
                          statistics from                                       
                          data/mikasa_robo_tfds/ShellGameTouch                  
                          -v0/1.0.0/dataset_statistics_3c0ebe6                  
                          7131435bb4cf51e096df6b15aa5c36691229                  
                          c65e2c6fcdda7bfb55e65.json.                           
2025-06-23 10:12:36.241713: I tensorflow/core/grappler/optimizers/data/replicate_on_split.cc:32] Running replicate on split optimization
2025-06-23 10:12:36.832390: I tensorflow/core/grappler/optimizers/data/replicate_on_split.cc:32] Running replicate on split optimization
                 INFO     | >> [*] Loading existing dataset    data_utils.py:208
                          statistics from                                       
                          data/mikasa_robo_tfds/ShellGamePush-                  
                          v0/1.0.0/dataset_statistics_ebeabc91                  
                          85a58bf136b809c2ca35554cee8bc02c0a99                  
                          9562a5c380ce1b3337cb.json.                            
2025-06-23 10:12:36.961423: I tensorflow/core/grappler/optimizers/data/replicate_on_split.cc:32] Running replicate on split optimization
2025-06-23 10:12:37.133205: I tensorflow/core/grappler/optimizers/data/replicate_on_split.cc:32] Running replicate on split optimization
06/23 [10:12:37] INFO     | >> [*] Loading existing dataset    data_utils.py:208
                          statistics from                                       
                          data/mikasa_robo_tfds/ShellGamePick-                  
                          v0/1.0.0/dataset_statistics_323e3894                  
                          299c56de3b6832b6c4c63f93f0a7ba133793                  
                          d7c2f4b55bfd30bf5d5e.json.                            
2025-06-23 10:12:37.270209: I tensorflow/core/grappler/optimizers/data/replicate_on_split.cc:32] Running replicate on split optimization
2025-06-23 10:12:37.438944: I tensorflow/core/grappler/optimizers/data/replicate_on_split.cc:32] Running replicate on split optimization
                 INFO     | >> [*] Loading existing dataset    data_utils.py:208
                          statistics from                                       
                          data/mikasa_robo_tfds/InterceptSlow-                  
                          v0/1.0.0/dataset_statistics_70ea4ca9                  
                          86a7985fa990279f3a3866b5f6b487b971d1                  
                          6ec79c36cf54d2764704.json.                            
2025-06-23 10:12:37.941251: I tensorflow/core/grappler/optimizers/data/replicate_on_split.cc:32] Running replicate on split optimization
2025-06-23 10:12:38.118129: I tensorflow/core/grappler/optimizers/data/replicate_on_split.cc:32] Running replicate on split optimization
06/23 [10:12:38] INFO     | >> [*] Loading existing dataset    data_utils.py:208
                          statistics from                                       
                          data/mikasa_robo_tfds/InterceptMediu                  
                          m-v0/1.0.0/dataset_statistics_e7294f                  
                          470ffac7244cb9d5ab7671850566555b5556                  
                          c8bc2e0c71ebd58b1909f0.json.                          
2025-06-23 10:12:38.267568: I tensorflow/core/grappler/optimizers/data/replicate_on_split.cc:32] Running replicate on split optimization
2025-06-23 10:12:38.443287: I tensorflow/core/grappler/optimizers/data/replicate_on_split.cc:32] Running replicate on split optimization
                 INFO     | >> [*] Loading existing dataset    data_utils.py:208
                          statistics from                                       
                          data/mikasa_robo_tfds/InterceptFast-                  
                          v0/1.0.0/dataset_statistics_c2cd242a                  
                          752791cbf089c3bfca810c1437635b53a206                  
                          20345af5e94c84bec511.json.                            
2025-06-23 10:12:38.571424: I tensorflow/core/grappler/optimizers/data/replicate_on_split.cc:32] Running replicate on split optimization
2025-06-23 10:12:38.754774: I tensorflow/core/grappler/optimizers/data/replicate_on_split.cc:32] Running replicate on split optimization
                 INFO     | >> [*] Loading existing dataset    data_utils.py:208
                          statistics from                                       
                          data/mikasa_robo_tfds/InterceptGrabS                  
                          low-v0/1.0.0/dataset_statistics_3d49                  
                          3d542172a93ec1f5b36fd174d607f4a605c2                  
                          21d972721b3b671e04435114.json.                        
2025-06-23 10:12:38.876424: I tensorflow/core/grappler/optimizers/data/replicate_on_split.cc:32] Running replicate on split optimization
2025-06-23 10:12:39.070319: I tensorflow/core/grappler/optimizers/data/replicate_on_split.cc:32] Running replicate on split optimization
06/23 [10:12:39] INFO     | >> [*] Loading existing dataset    data_utils.py:208
                          statistics from                                       
                          data/mikasa_robo_tfds/InterceptGrabM                  
                          edium-v0/1.0.0/dataset_statistics_dc                  
                          4e9bf5c47b5898c5594d33567d8444510fea                  
                          9f7e32b5e9bb7c7d3c87dc778e.json.                      
2025-06-23 10:12:39.201463: I tensorflow/core/grappler/optimizers/data/replicate_on_split.cc:32] Running replicate on split optimization
2025-06-23 10:12:39.352980: I tensorflow/core/grappler/optimizers/data/replicate_on_split.cc:32] Running replicate on split optimization
                 INFO     | >> [*] Loading existing dataset    data_utils.py:208
                          statistics from                                       
                          data/mikasa_robo_tfds/InterceptGrabF                  
                          ast-v0/1.0.0/dataset_statistics_9b9b                  
                          2e458c74cc0f4d24a59373b2c27b4264723b                  
                          582cbbcf23cde20d5b27735e.json.                        
2025-06-23 10:12:39.494097: I tensorflow/core/grappler/optimizers/data/replicate_on_split.cc:32] Running replicate on split optimization
2025-06-23 10:12:39.693605: I tensorflow/core/grappler/optimizers/data/replicate_on_split.cc:32] Running replicate on split optimization
                 INFO     | >> [*] Loading existing dataset    data_utils.py:208
                          statistics from                                       
                          data/mikasa_robo_tfds/RotateLenientP                  
                          os-v0/1.0.0/dataset_statistics_8d9cb                  
                          f02dabfedd546b2ca7c3c33c0bb8271f71d7                  
                          25200d9ff19edc27b666d77.json.                         
2025-06-23 10:12:39.824947: I tensorflow/core/grappler/optimizers/data/replicate_on_split.cc:32] Running replicate on split optimization
2025-06-23 10:12:40.034574: I tensorflow/core/grappler/optimizers/data/replicate_on_split.cc:32] Running replicate on split optimization
06/23 [10:12:40] INFO     | >> [*] Loading existing dataset    data_utils.py:208
                          statistics from                                       
                          data/mikasa_robo_tfds/RotateLenientP                  
                          osNeg-v0/1.0.0/dataset_statistics_76                  
                          a92233366940aa9e857937e6725e326d3fb7                  
                          908a5d787853ecb16635d02d2f.json.                      
2025-06-23 10:12:40.165122: I tensorflow/core/grappler/optimizers/data/replicate_on_split.cc:32] Running replicate on split optimization
2025-06-23 10:12:40.393159: I tensorflow/core/grappler/optimizers/data/replicate_on_split.cc:32] Running replicate on split optimization
                 INFO     | >> [*] Loading existing dataset    data_utils.py:208
                          statistics from                                       
                          data/mikasa_robo_tfds/RotateStrictPo                  
                          s-v0/1.0.0/dataset_statistics_e4dc73                  
                          c1406d3424c5607d5f176c7216d42babcf0e                  
                          bb14a3f90dd5b8d69cf184.json.                          
2025-06-23 10:12:40.516531: I tensorflow/core/grappler/optimizers/data/replicate_on_split.cc:32] Running replicate on split optimization
2025-06-23 10:12:40.672111: I tensorflow/core/grappler/optimizers/data/replicate_on_split.cc:32] Running replicate on split optimization
                 INFO     | >> [*] Loading existing dataset    data_utils.py:208
                          statistics from                                       
                          data/mikasa_robo_tfds/RotateStrictPo                  
                          sNeg-v0/1.0.0/dataset_statistics_8cb                  
                          b0925a8179d321ffcdc4358308850f2edaf0                  
                          f6eb7d44d307e2092b21081d7.json.                       
2025-06-23 10:12:40.786105: I tensorflow/core/grappler/optimizers/data/replicate_on_split.cc:32] Running replicate on split optimization
2025-06-23 10:12:40.996406: I tensorflow/core/grappler/optimizers/data/replicate_on_split.cc:32] Running replicate on split optimization
06/23 [10:12:41] INFO     | >> [*] Loading existing dataset    data_utils.py:208
                          statistics from                                       
                          data/mikasa_robo_tfds/TakeItBack-v0/                  
                          1.0.0/dataset_statistics_ce0b03fe5e2                  
                          a3f7db020adf62582184b8178e580896418e                  
                          00895e808bcc06bca.json.                               
2025-06-23 10:12:41.133094: I tensorflow/core/grappler/optimizers/data/replicate_on_split.cc:32] Running replicate on split optimization
2025-06-23 10:12:41.281369: I tensorflow/core/grappler/optimizers/data/replicate_on_split.cc:32] Running replicate on split optimization
                 INFO     | >> [*] Loading existing dataset    data_utils.py:208
                          statistics from                                       
                          data/mikasa_robo_tfds/RememberColor3                  
                          -v0/1.0.0/dataset_statistics_7f1eb27                  
                          28b9bad5a5c6c850f4b13412a94c941dfdc7                  
                          29fced2afdd5c7226b9fe.json.                           
2025-06-23 10:12:41.418452: I tensorflow/core/grappler/optimizers/data/replicate_on_split.cc:32] Running replicate on split optimization
2025-06-23 10:12:41.590890: I tensorflow/core/grappler/optimizers/data/replicate_on_split.cc:32] Running replicate on split optimization
                 INFO     | >> [*] Loading existing dataset    data_utils.py:208
                          statistics from                                       
                          data/mikasa_robo_tfds/RememberColor5                  
                          -v0/1.0.0/dataset_statistics_2ecc443                  
                          1459657d2f45be1de16d90556dd5411df87a                  
                          a94a2f5d9ccfd8056b253.json.                           
2025-06-23 10:12:41.732865: I tensorflow/core/grappler/optimizers/data/replicate_on_split.cc:32] Running replicate on split optimization
2025-06-23 10:12:41.900225: I tensorflow/core/grappler/optimizers/data/replicate_on_split.cc:32] Running replicate on split optimization
                 INFO     | >> [*] Loading existing dataset    data_utils.py:208
                          statistics from                                       
                          data/mikasa_robo_tfds/RememberColor9                  
                          -v0/1.0.0/dataset_statistics_824940f                  
                          4cffc722412bd496cf77f425735c3e3645d9                  
                          2b155a0ce39de2ea24180.json.                           
2025-06-23 10:12:42.035179: I tensorflow/core/grappler/optimizers/data/replicate_on_split.cc:32] Running replicate on split optimization
2025-06-23 10:12:42.212206: I tensorflow/core/grappler/optimizers/data/replicate_on_split.cc:32] Running replicate on split optimization
06/23 [10:12:42] INFO     | >> [*] Loading existing dataset    data_utils.py:208
                          statistics from                                       
                          data/mikasa_robo_tfds/RememberShape3                  
                          -v0/1.0.0/dataset_statistics_792f49e                  
                          0ddf1ba95f25d8d134cfe9e0d10f93d0bf9a                  
                          6aefe3abd04ec609136e5.json.                           
2025-06-23 10:12:42.342421: I tensorflow/core/grappler/optimizers/data/replicate_on_split.cc:32] Running replicate on split optimization
2025-06-23 10:12:42.535601: I tensorflow/core/grappler/optimizers/data/replicate_on_split.cc:32] Running replicate on split optimization
                 INFO     | >> [*] Loading existing dataset    data_utils.py:208
                          statistics from                                       
                          data/mikasa_robo_tfds/RememberShape5                  
                          -v0/1.0.0/dataset_statistics_c254414                  
                          8e15744bc356188f567cb96ef27b5f40b735                  
                          a9adaf656f1258ce364e7.json.                           
2025-06-23 10:12:42.650251: I tensorflow/core/grappler/optimizers/data/replicate_on_split.cc:32] Running replicate on split optimization
2025-06-23 10:12:42.832695: I tensorflow/core/grappler/optimizers/data/replicate_on_split.cc:32] Running replicate on split optimization
                 INFO     | >> [*] Loading existing dataset    data_utils.py:208
                          statistics from                                       
                          data/mikasa_robo_tfds/RememberShape9                  
                          -v0/1.0.0/dataset_statistics_cc9e9ec                  
                          7b59528c62e95ae25bd561d7d9505b33402d                  
                          3b4fd9cd29dfea8ca8d05.json.                           
2025-06-23 10:12:42.988968: I tensorflow/core/grappler/optimizers/data/replicate_on_split.cc:32] Running replicate on split optimization
2025-06-23 10:12:43.140461: I tensorflow/core/grappler/optimizers/data/replicate_on_split.cc:32] Running replicate on split optimization
06/23 [10:12:43] INFO     | >> [*] Loading existing dataset    data_utils.py:208
                          statistics from                                       
                          data/mikasa_robo_tfds/RememberShapeA                  
                          ndColor3x2-v0/1.0.0/dataset_statisti                  
                          cs_1f08b92db45037e5e4e9c96f0baba75ef                  
                          7932c01048f41a110d2037be0289453.json                  
                          .                                                     
2025-06-23 10:12:43.246252: I tensorflow/core/grappler/optimizers/data/replicate_on_split.cc:32] Running replicate on split optimization
2025-06-23 10:12:43.402972: I tensorflow/core/grappler/optimizers/data/replicate_on_split.cc:32] Running replicate on split optimization
                 INFO     | >> [*] Loading existing dataset    data_utils.py:208
                          statistics from                                       
                          data/mikasa_robo_tfds/RememberShapeA                  
                          ndColor3x3-v0/1.0.0/dataset_statisti                  
                          cs_812e4399209153e40c4bb4efebac63d5a                  
                          1138a44e4c4e13211eb15fcf8cd4530.json                  
                          .                                                     
2025-06-23 10:12:43.548622: I tensorflow/core/grappler/optimizers/data/replicate_on_split.cc:32] Running replicate on split optimization
2025-06-23 10:12:43.724697: I tensorflow/core/grappler/optimizers/data/replicate_on_split.cc:32] Running replicate on split optimization
                 INFO     | >> [*] Loading existing dataset    data_utils.py:208
                          statistics from                                       
                          data/mikasa_robo_tfds/RememberShapeA                  
                          ndColor5x3-v0/1.0.0/dataset_statisti                  
                          cs_6da4e6b78b132c31e91c837b870125a17                  
                          727acc86f3bbc45dd68e50c5a65125f.json                  
                          .                                                     
2025-06-23 10:12:43.865601: I tensorflow/core/grappler/optimizers/data/replicate_on_split.cc:32] Running replicate on split optimization
2025-06-23 10:12:44.042210: I tensorflow/core/grappler/optimizers/data/replicate_on_split.cc:32] Running replicate on split optimization
06/23 [10:12:44] INFO     | >> [*] Loading existing dataset    data_utils.py:208
                          statistics from                                       
                          data/mikasa_robo_tfds/BunchOfColors3                  
                          -v0/1.0.0/dataset_statistics_331f2d7                  
                          ddcf32322a303eb7f85182a1924a767fc51a                  
                          0329292ed83f3d199b05d.json.                           
2025-06-23 10:12:44.152913: I tensorflow/core/grappler/optimizers/data/replicate_on_split.cc:32] Running replicate on split optimization
2025-06-23 10:12:44.340041: I tensorflow/core/grappler/optimizers/data/replicate_on_split.cc:32] Running replicate on split optimization
                 INFO     | >> [*] Loading existing dataset    data_utils.py:208
                          statistics from                                       
                          data/mikasa_robo_tfds/BunchOfColors5                  
                          -v0/1.0.0/dataset_statistics_c683597                  
                          191b6cfac46a4bdd7cf54fd452ae9434febe                  
                          ba7704551ee06b3d1d505.json.                           
2025-06-23 10:12:44.463444: I tensorflow/core/grappler/optimizers/data/replicate_on_split.cc:32] Running replicate on split optimization
2025-06-23 10:12:44.630730: I tensorflow/core/grappler/optimizers/data/replicate_on_split.cc:32] Running replicate on split optimization
                 INFO     | >> [*] Loading existing dataset    data_utils.py:208
                          statistics from                                       
                          data/mikasa_robo_tfds/BunchOfColors7                  
                          -v0/1.0.0/dataset_statistics_23047af                  
                          2842de75636d624fe83a6a521496e6713cfa                  
                          b869b586f3e619f08fa80.json.                           
2025-06-23 10:12:44.760154: I tensorflow/core/grappler/optimizers/data/replicate_on_split.cc:32] Running replicate on split optimization
2025-06-23 10:12:44.915761: I tensorflow/core/grappler/optimizers/data/replicate_on_split.cc:32] Running replicate on split optimization
                 INFO     | >> [*] Loading existing dataset    data_utils.py:208
                          statistics from                                       
                          data/mikasa_robo_tfds/SeqOfColors3-v                  
                          0/1.0.0/dataset_statistics_fbf978a6c                  
                          95034ca4613b591890ff89d052fd21b7f260                  
                          db1bb7537c3adca7589.json.                             
2025-06-23 10:12:45.033194: I tensorflow/core/grappler/optimizers/data/replicate_on_split.cc:32] Running replicate on split optimization
2025-06-23 10:12:45.339569: I tensorflow/core/grappler/optimizers/data/replicate_on_split.cc:32] Running replicate on split optimization
06/23 [10:12:45] INFO     | >> [*] Loading existing dataset    data_utils.py:208
                          statistics from                                       
                          data/mikasa_robo_tfds/SeqOfColors5-v                  
                          0/1.0.0/dataset_statistics_0ea0125ad                  
                          7ac583814b84ad7d41e0424ca26bbcbf088e                  
                          58578529d2603910ab8.json.                             
2025-06-23 10:12:45.453447: I tensorflow/core/grappler/optimizers/data/replicate_on_split.cc:32] Running replicate on split optimization
2025-06-23 10:12:45.626166: I tensorflow/core/grappler/optimizers/data/replicate_on_split.cc:32] Running replicate on split optimization
                 INFO     | >> [*] Loading existing dataset    data_utils.py:208
                          statistics from                                       
                          data/mikasa_robo_tfds/SeqOfColors7-v                  
                          0/1.0.0/dataset_statistics_c196cd4cf                  
                          924f9efea0c39b9eb00768886b4986d0a84b                  
                          4e3a75f807316acdb92.json.                             
2025-06-23 10:12:45.741141: I tensorflow/core/grappler/optimizers/data/replicate_on_split.cc:32] Running replicate on split optimization
2025-06-23 10:12:45.924847: I tensorflow/core/grappler/optimizers/data/replicate_on_split.cc:32] Running replicate on split optimization
                 INFO     | >> [*] Loading existing dataset    data_utils.py:208
                          statistics from                                       
                          data/mikasa_robo_tfds/ChainOfColors3                  
                          -v0/1.0.0/dataset_statistics_4e6fcd8                  
                          c3b872220ab912f05134aa93e52e27002858                  
                          0de40e29126581a839fb4.json.                           
2025-06-23 10:12:46.041027: I tensorflow/core/grappler/optimizers/data/replicate_on_split.cc:32] Running replicate on split optimization
2025-06-23 10:12:46.212771: I tensorflow/core/grappler/optimizers/data/replicate_on_split.cc:32] Running replicate on split optimization
06/23 [10:12:46] INFO     | >> [*] Loading existing dataset    data_utils.py:208
                          statistics from                                       
                          data/mikasa_robo_tfds/ChainOfColors5                  
                          -v0/1.0.0/dataset_statistics_cea1568                  
                          5a6e14f5087d9fe202a1a1628b38749074f9                  
                          039e14077a10d08a50fb6.json.                           
2025-06-23 10:12:46.338878: I tensorflow/core/grappler/optimizers/data/replicate_on_split.cc:32] Running replicate on split optimization
2025-06-23 10:12:46.524761: I tensorflow/core/grappler/optimizers/data/replicate_on_split.cc:32] Running replicate on split optimization
                 INFO     | >> [*] Loading existing dataset    data_utils.py:208
                          statistics from                                       
                          data/mikasa_robo_tfds/ChainOfColors7                  
                          -v0/1.0.0/dataset_statistics_009053c                  
                          892629a15b5b0299948f52b71f55f00456b6                  
                          99f659bcd14904e5a3606.json.                           
2025-06-23 10:12:46.686515: I tensorflow/core/grappler/optimizers/data/replicate_on_split.cc:32] Running replicate on split optimization
2025-06-23 10:12:46.869673: I tensorflow/core/grappler/optimizers/data/replicate_on_split.cc:32] Running replicate on split optimization
                 INFO     | >> [*] Loading existing dataset    data_utils.py:208
                          statistics from                                       
                          data/mikasa_robo_tfds/RememberColor3                  
                          -v0_baseline/1.0.0/dataset_statistic                  
                          s_55613fad5fe09ac925a77bc2cda794c2dd                  
                          cb810471bd4849c154db2cf11327fb.json.                  
2025-06-23 10:12:46.998865: I tensorflow/core/grappler/optimizers/data/replicate_on_split.cc:32] Running replicate on split optimization
2025-06-23 10:12:47.171518: I tensorflow/core/grappler/optimizers/data/replicate_on_split.cc:32] Running replicate on split optimization
06/23 [10:12:47] INFO     | >> [*] Loading existing dataset    data_utils.py:208
                          statistics from                                       
                          data/mikasa_robo_tfds/RememberColor9                  
                          -v0_baseline/1.0.0/dataset_statistic                  
                          s_4a16fbfeda508221197a51004b913829ff                  
                          51fcaa4ef4cbd8e3fed617975d4959.json.                  
2025-06-23 10:12:47.296987: I tensorflow/core/grappler/optimizers/data/replicate_on_split.cc:32] Running replicate on split optimization

######################################################################################
# Loading the following 34 datasets (incl. sampling weight):                         #
# mikasa_robo_tfds/ShellGameTouch-v0: ======================================0.029123 #
# mikasa_robo_tfds/ShellGamePush-v0: =======================================0.029123 #
# mikasa_robo_tfds/ShellGamePick-v0: =======================================0.029123 #
# mikasa_robo_tfds/InterceptSlow-v0: =======================================0.029123 #
# mikasa_robo_tfds/InterceptMedium-v0: =====================================0.029123 #
# mikasa_robo_tfds/InterceptFast-v0: =======================================0.029123 #
# mikasa_robo_tfds/InterceptGrabSlow-v0: ===================================0.029123 #
# mikasa_robo_tfds/InterceptGrabMedium-v0: =================================0.029123 #
# mikasa_robo_tfds/InterceptGrabFast-v0: ===================================0.029123 #
# mikasa_robo_tfds/RotateLenientPos-v0: ====================================0.029123 #
# mikasa_robo_tfds/RotateLenientPosNeg-v0: =================================0.029123 #
# mikasa_robo_tfds/RotateStrictPos-v0: =====================================0.029123 #
# mikasa_robo_tfds/RotateStrictPosNeg-v0: ==================================0.029123 #
# mikasa_robo_tfds/TakeItBack-v0: ==========================================0.058573 #
# mikasa_robo_tfds/RememberColor3-v0: ======================================0.019306 #
# mikasa_robo_tfds/RememberColor5-v0: ======================================0.019306 #
# mikasa_robo_tfds/RememberColor9-v0: ======================================0.019306 #
# mikasa_robo_tfds/RememberShape3-v0: ======================================0.019306 #
# mikasa_robo_tfds/RememberShape5-v0: ======================================0.019306 #
# mikasa_robo_tfds/RememberShape9-v0: ======================================0.019306 #
# mikasa_robo_tfds/RememberShapeAndColor3x2-v0: ============================0.019306 #
# mikasa_robo_tfds/RememberShapeAndColor3x3-v0: ============================0.019306 #
# mikasa_robo_tfds/RememberShapeAndColor5x3-v0: ============================0.019306 #
# mikasa_robo_tfds/BunchOfColors3-v0: ======================================0.038940 #
# mikasa_robo_tfds/BunchOfColors5-v0: ======================================0.038940 #
# mikasa_robo_tfds/BunchOfColors7-v0: ======================================0.038940 #
# mikasa_robo_tfds/SeqOfColors3-v0: ========================================0.038940 #
# mikasa_robo_tfds/SeqOfColors5-v0: ========================================0.038940 #
# mikasa_robo_tfds/SeqOfColors7-v0: ========================================0.038940 #
# mikasa_robo_tfds/ChainOfColors3-v0: ======================================0.038940 #
# mikasa_robo_tfds/ChainOfColors5-v0: ======================================0.038940 #
# mikasa_robo_tfds/ChainOfColors7-v0: ======================================0.038940 #
# mikasa_robo_tfds/RememberColor3-v0_baseline: =============================0.019306 #
# mikasa_robo_tfds/RememberColor9-v0_baseline: =============================0.019306 #
######################################################################################

                 INFO     | >> [*] Threads per Dataset: [1 1 1 1  dataset.py:531
                          1 1 1 1 1 1 1 1 1 1 1 1 1 1 1 1 1 1 1 1               
                          1 1 1 1 1 1 1 1 1 1]                                  
                 INFO     | >> [*] Reads per Dataset: [1 1 1 1 1  dataset.py:532
                          1 1 1 1 1 1 1 1 1 1 1 1 1 1 1 1 1 1 1 1               
                          1 1 1 1 1 1 1 1 1]                                    
                 INFO     | >> [*] Constructing datasets...       dataset.py:535
2025-06-23 10:12:47.548702: I tensorflow/core/grappler/optimizers/data/replicate_on_split.cc:32] Running replicate on split optimization
2025-06-23 10:12:48.702098: I tensorflow/core/grappler/optimizers/data/replicate_on_split.cc:32] Running replicate on split optimization
2025-06-23 10:12:48.917408: I tensorflow/core/grappler/optimizers/data/replicate_on_split.cc:32] Running replicate on split optimization
2025-06-23 10:12:49.130728: I tensorflow/core/grappler/optimizers/data/replicate_on_split.cc:32] Running replicate on split optimization
2025-06-23 10:12:49.343215: I tensorflow/core/grappler/optimizers/data/replicate_on_split.cc:32] Running replicate on split optimization
2025-06-23 10:12:49.557676: I tensorflow/core/grappler/optimizers/data/replicate_on_split.cc:32] Running replicate on split optimization
2025-06-23 10:12:49.770229: I tensorflow/core/grappler/optimizers/data/replicate_on_split.cc:32] Running replicate on split optimization
2025-06-23 10:12:49.982163: I tensorflow/core/grappler/optimizers/data/replicate_on_split.cc:32] Running replicate on split optimization
2025-06-23 10:12:50.196021: I tensorflow/core/grappler/optimizers/data/replicate_on_split.cc:32] Running replicate on split optimization
2025-06-23 10:12:50.408402: I tensorflow/core/grappler/optimizers/data/replicate_on_split.cc:32] Running replicate on split optimization
2025-06-23 10:12:50.620830: I tensorflow/core/grappler/optimizers/data/replicate_on_split.cc:32] Running replicate on split optimization
2025-06-23 10:12:50.833082: I tensorflow/core/grappler/optimizers/data/replicate_on_split.cc:32] Running replicate on split optimization
2025-06-23 10:12:51.046100: I tensorflow/core/grappler/optimizers/data/replicate_on_split.cc:32] Running replicate on split optimization
2025-06-23 10:12:51.259429: I tensorflow/core/grappler/optimizers/data/replicate_on_split.cc:32] Running replicate on split optimization
2025-06-23 10:12:51.470802: I tensorflow/core/grappler/optimizers/data/replicate_on_split.cc:32] Running replicate on split optimization
2025-06-23 10:12:51.683204: I tensorflow/core/grappler/optimizers/data/replicate_on_split.cc:32] Running replicate on split optimization
2025-06-23 10:12:51.893626: I tensorflow/core/grappler/optimizers/data/replicate_on_split.cc:32] Running replicate on split optimization
2025-06-23 10:12:52.106169: I tensorflow/core/grappler/optimizers/data/replicate_on_split.cc:32] Running replicate on split optimization
2025-06-23 10:12:52.318097: I tensorflow/core/grappler/optimizers/data/replicate_on_split.cc:32] Running replicate on split optimization
2025-06-23 10:12:52.529159: I tensorflow/core/grappler/optimizers/data/replicate_on_split.cc:32] Running replicate on split optimization
2025-06-23 10:12:52.748037: I tensorflow/core/grappler/optimizers/data/replicate_on_split.cc:32] Running replicate on split optimization
2025-06-23 10:12:52.965535: I tensorflow/core/grappler/optimizers/data/replicate_on_split.cc:32] Running replicate on split optimization
2025-06-23 10:12:53.181120: I tensorflow/core/grappler/optimizers/data/replicate_on_split.cc:32] Running replicate on split optimization
2025-06-23 10:12:53.396795: I tensorflow/core/grappler/optimizers/data/replicate_on_split.cc:32] Running replicate on split optimization
2025-06-23 10:12:53.612249: I tensorflow/core/grappler/optimizers/data/replicate_on_split.cc:32] Running replicate on split optimization
2025-06-23 10:12:53.827555: I tensorflow/core/grappler/optimizers/data/replicate_on_split.cc:32] Running replicate on split optimization
2025-06-23 10:12:54.043473: I tensorflow/core/grappler/optimizers/data/replicate_on_split.cc:32] Running replicate on split optimization
2025-06-23 10:12:54.263090: I tensorflow/core/grappler/optimizers/data/replicate_on_split.cc:32] Running replicate on split optimization
2025-06-23 10:12:54.479423: I tensorflow/core/grappler/optimizers/data/replicate_on_split.cc:32] Running replicate on split optimization
2025-06-23 10:12:54.694636: I tensorflow/core/grappler/optimizers/data/replicate_on_split.cc:32] Running replicate on split optimization
2025-06-23 10:12:54.908929: I tensorflow/core/grappler/optimizers/data/replicate_on_split.cc:32] Running replicate on split optimization
2025-06-23 10:12:55.124016: I tensorflow/core/grappler/optimizers/data/replicate_on_split.cc:32] Running replicate on split optimization
2025-06-23 10:12:55.793865: I tensorflow/core/grappler/optimizers/data/replicate_on_split.cc:32] Running replicate on split optimization
2025-06-23 10:12:56.014285: I tensorflow/core/grappler/optimizers/data/replicate_on_split.cc:32] Running replicate on split optimization
06/23 [10:12:56] INFO     | >> [*] Applying frame transforms on   dataset.py:575
                          dataset...                                            
self.data_root_dir data
self.data_root_dir data
OXE_DATASET_CONFIGS {'image_obs_keys': {'primary': 'image', 'secondary': None, 'wrist': None}, 'depth_obs_keys': {'primary': None, 'secondary': None, 'wrist': None}, 'state_obs_keys': ['state'], 'state_encoding': <StateEncoding.POS_EULER: 1>, 'action_encoding': <ActionEncoding.EEF_POS: 1>}
OXE_DATASET_CONFIGS {'image_obs_keys': {'primary': 'image', 'secondary': None, 'wrist': None}, 'depth_obs_keys': {'primary': None, 'secondary': None, 'wrist': None}, 'state_obs_keys': ['state'], 'state_encoding': <StateEncoding.POS_EULER: 1>, 'action_encoding': <ActionEncoding.EEF_POS: 1>}
OXE_DATASET_CONFIGS {'image_obs_keys': {'primary': 'image', 'secondary': None, 'wrist': None}, 'depth_obs_keys': {'primary': None, 'secondary': None, 'wrist': None}, 'state_obs_keys': ['state'], 'state_encoding': <StateEncoding.POS_EULER: 1>, 'action_encoding': <ActionEncoding.EEF_POS: 1>}
OXE_DATASET_CONFIGS {'image_obs_keys': {'primary': 'image', 'secondary': None, 'wrist': None}, 'depth_obs_keys': {'primary': None, 'secondary': None, 'wrist': None}, 'state_obs_keys': ['state'], 'state_encoding': <StateEncoding.POS_EULER: 1>, 'action_encoding': <ActionEncoding.EEF_POS: 1>}
OXE_DATASET_CONFIGS {'image_obs_keys': {'primary': 'image', 'secondary': None, 'wrist': None}, 'depth_obs_keys': {'primary': None, 'secondary': None, 'wrist': None}, 'state_obs_keys': ['state'], 'state_encoding': <StateEncoding.POS_EULER: 1>, 'action_encoding': <ActionEncoding.EEF_POS: 1>}
OXE_DATASET_CONFIGS {'image_obs_keys': {'primary': 'image', 'secondary': None, 'wrist': None}, 'depth_obs_keys': {'primary': None, 'secondary': None, 'wrist': None}, 'state_obs_keys': ['state'], 'state_encoding': <StateEncoding.POS_EULER: 1>, 'action_encoding': <ActionEncoding.EEF_POS: 1>}
OXE_DATASET_CONFIGS {'image_obs_keys': {'primary': 'image', 'secondary': None, 'wrist': None}, 'depth_obs_keys': {'primary': None, 'secondary': None, 'wrist': None}, 'state_obs_keys': ['state'], 'state_encoding': <StateEncoding.POS_EULER: 1>, 'action_encoding': <ActionEncoding.EEF_POS: 1>}
OXE_DATASET_CONFIGS {'image_obs_keys': {'primary': 'image', 'secondary': None, 'wrist': None}, 'depth_obs_keys': {'primary': None, 'secondary': None, 'wrist': None}, 'state_obs_keys': ['state'], 'state_encoding': <StateEncoding.POS_EULER: 1>, 'action_encoding': <ActionEncoding.EEF_POS: 1>}
OXE_DATASET_CONFIGS {'image_obs_keys': {'primary': 'image', 'secondary': None, 'wrist': None}, 'depth_obs_keys': {'primary': None, 'secondary': None, 'wrist': None}, 'state_obs_keys': ['state'], 'state_encoding': <StateEncoding.POS_EULER: 1>, 'action_encoding': <ActionEncoding.EEF_POS: 1>}
OXE_DATASET_CONFIGS {'image_obs_keys': {'primary': 'image', 'secondary': None, 'wrist': None}, 'depth_obs_keys': {'primary': None, 'secondary': None, 'wrist': None}, 'state_obs_keys': ['state'], 'state_encoding': <StateEncoding.POS_EULER: 1>, 'action_encoding': <ActionEncoding.EEF_POS: 1>}
OXE_DATASET_CONFIGS {'image_obs_keys': {'primary': 'image', 'secondary': None, 'wrist': None}, 'depth_obs_keys': {'primary': None, 'secondary': None, 'wrist': None}, 'state_obs_keys': ['state'], 'state_encoding': <StateEncoding.POS_EULER: 1>, 'action_encoding': <ActionEncoding.EEF_POS: 1>}
OXE_DATASET_CONFIGS {'image_obs_keys': {'primary': 'image', 'secondary': None, 'wrist': None}, 'depth_obs_keys': {'primary': None, 'secondary': None, 'wrist': None}, 'state_obs_keys': ['state'], 'state_encoding': <StateEncoding.POS_EULER: 1>, 'action_encoding': <ActionEncoding.EEF_POS: 1>}
OXE_DATASET_CONFIGS {'image_obs_keys': {'primary': 'image', 'secondary': None, 'wrist': None}, 'depth_obs_keys': {'primary': None, 'secondary': None, 'wrist': None}, 'state_obs_keys': ['state'], 'state_encoding': <StateEncoding.POS_EULER: 1>, 'action_encoding': <ActionEncoding.EEF_POS: 1>}
OXE_DATASET_CONFIGS {'image_obs_keys': {'primary': 'image', 'secondary': None, 'wrist': None}, 'depth_obs_keys': {'primary': None, 'secondary': None, 'wrist': None}, 'state_obs_keys': ['state'], 'state_encoding': <StateEncoding.POS_EULER: 1>, 'action_encoding': <ActionEncoding.EEF_POS: 1>}
OXE_DATASET_CONFIGS {'image_obs_keys': {'primary': 'image', 'secondary': None, 'wrist': None}, 'depth_obs_keys': {'primary': None, 'secondary': None, 'wrist': None}, 'state_obs_keys': ['state'], 'state_encoding': <StateEncoding.POS_EULER: 1>, 'action_encoding': <ActionEncoding.EEF_POS: 1>}
OXE_DATASET_CONFIGS {'image_obs_keys': {'primary': 'image', 'secondary': None, 'wrist': None}, 'depth_obs_keys': {'primary': None, 'secondary': None, 'wrist': None}, 'state_obs_keys': ['state'], 'state_encoding': <StateEncoding.POS_EULER: 1>, 'action_encoding': <ActionEncoding.EEF_POS: 1>}
OXE_DATASET_CONFIGS {'image_obs_keys': {'primary': 'image', 'secondary': None, 'wrist': None}, 'depth_obs_keys': {'primary': None, 'secondary': None, 'wrist': None}, 'state_obs_keys': ['state'], 'state_encoding': <StateEncoding.POS_EULER: 1>, 'action_encoding': <ActionEncoding.EEF_POS: 1>}
OXE_DATASET_CONFIGS {'image_obs_keys': {'primary': 'image', 'secondary': None, 'wrist': None}, 'depth_obs_keys': {'primary': None, 'secondary': None, 'wrist': None}, 'state_obs_keys': ['state'], 'state_encoding': <StateEncoding.POS_EULER: 1>, 'action_encoding': <ActionEncoding.EEF_POS: 1>}
OXE_DATASET_CONFIGS {'image_obs_keys': {'primary': 'image', 'secondary': None, 'wrist': None}, 'depth_obs_keys': {'primary': None, 'secondary': None, 'wrist': None}, 'state_obs_keys': ['state'], 'state_encoding': <StateEncoding.POS_EULER: 1>, 'action_encoding': <ActionEncoding.EEF_POS: 1>}
OXE_DATASET_CONFIGS {'image_obs_keys': {'primary': 'image', 'secondary': None, 'wrist': None}, 'depth_obs_keys': {'primary': None, 'secondary': None, 'wrist': None}, 'state_obs_keys': ['state'], 'state_encoding': <StateEncoding.POS_EULER: 1>, 'action_encoding': <ActionEncoding.EEF_POS: 1>}
OXE_DATASET_CONFIGS {'image_obs_keys': {'primary': 'image', 'secondary': None, 'wrist': None}, 'depth_obs_keys': {'primary': None, 'secondary': None, 'wrist': None}, 'state_obs_keys': ['state'], 'state_encoding': <StateEncoding.POS_EULER: 1>, 'action_encoding': <ActionEncoding.EEF_POS: 1>}
OXE_DATASET_CONFIGS {'image_obs_keys': {'primary': 'image', 'secondary': None, 'wrist': None}, 'depth_obs_keys': {'primary': None, 'secondary': None, 'wrist': None}, 'state_obs_keys': ['state'], 'state_encoding': <StateEncoding.POS_EULER: 1>, 'action_encoding': <ActionEncoding.EEF_POS: 1>}
OXE_DATASET_CONFIGS {'image_obs_keys': {'primary': 'image', 'secondary': None, 'wrist': None}, 'depth_obs_keys': {'primary': None, 'secondary': None, 'wrist': None}, 'state_obs_keys': ['state'], 'state_encoding': <StateEncoding.POS_EULER: 1>, 'action_encoding': <ActionEncoding.EEF_POS: 1>}
OXE_DATASET_CONFIGS {'image_obs_keys': {'primary': 'image', 'secondary': None, 'wrist': None}, 'depth_obs_keys': {'primary': None, 'secondary': None, 'wrist': None}, 'state_obs_keys': ['state'], 'state_encoding': <StateEncoding.POS_EULER: 1>, 'action_encoding': <ActionEncoding.EEF_POS: 1>}
OXE_DATASET_CONFIGS {'image_obs_keys': {'primary': 'image', 'secondary': None, 'wrist': None}, 'depth_obs_keys': {'primary': None, 'secondary': None, 'wrist': None}, 'state_obs_keys': ['state'], 'state_encoding': <StateEncoding.POS_EULER: 1>, 'action_encoding': <ActionEncoding.EEF_POS: 1>}
OXE_DATASET_CONFIGS {'image_obs_keys': {'primary': 'image', 'secondary': None, 'wrist': None}, 'depth_obs_keys': {'primary': None, 'secondary': None, 'wrist': None}, 'state_obs_keys': ['state'], 'state_encoding': <StateEncoding.POS_EULER: 1>, 'action_encoding': <ActionEncoding.EEF_POS: 1>}
OXE_DATASET_CONFIGS {'image_obs_keys': {'primary': 'image', 'secondary': None, 'wrist': None}, 'depth_obs_keys': {'primary': None, 'secondary': None, 'wrist': None}, 'state_obs_keys': ['state'], 'state_encoding': <StateEncoding.POS_EULER: 1>, 'action_encoding': <ActionEncoding.EEF_POS: 1>}
OXE_DATASET_CONFIGS {'image_obs_keys': {'primary': 'image', 'secondary': None, 'wrist': None}, 'depth_obs_keys': {'primary': None, 'secondary': None, 'wrist': None}, 'state_obs_keys': ['state'], 'state_encoding': <StateEncoding.POS_EULER: 1>, 'action_encoding': <ActionEncoding.EEF_POS: 1>}
OXE_DATASET_CONFIGS {'image_obs_keys': {'primary': 'image', 'secondary': None, 'wrist': None}, 'depth_obs_keys': {'primary': None, 'secondary': None, 'wrist': None}, 'state_obs_keys': ['state'], 'state_encoding': <StateEncoding.POS_EULER: 1>, 'action_encoding': <ActionEncoding.EEF_POS: 1>}
OXE_DATASET_CONFIGS {'image_obs_keys': {'primary': 'image', 'secondary': None, 'wrist': None}, 'depth_obs_keys': {'primary': None, 'secondary': None, 'wrist': None}, 'state_obs_keys': ['state'], 'state_encoding': <StateEncoding.POS_EULER: 1>, 'action_encoding': <ActionEncoding.EEF_POS: 1>}
OXE_DATASET_CONFIGS {'image_obs_keys': {'primary': 'image', 'secondary': None, 'wrist': None}, 'depth_obs_keys': {'primary': None, 'secondary': None, 'wrist': None}, 'state_obs_keys': ['state'], 'state_encoding': <StateEncoding.POS_EULER: 1>, 'action_encoding': <ActionEncoding.EEF_POS: 1>}
OXE_DATASET_CONFIGS {'image_obs_keys': {'primary': 'image', 'secondary': None, 'wrist': None}, 'depth_obs_keys': {'primary': None, 'secondary': None, 'wrist': None}, 'state_obs_keys': ['state'], 'state_encoding': <StateEncoding.POS_EULER: 1>, 'action_encoding': <ActionEncoding.EEF_POS: 1>}
OXE_DATASET_CONFIGS {'image_obs_keys': {'primary': 'image', 'secondary': None, 'wrist': None}, 'depth_obs_keys': {'primary': None, 'secondary': None, 'wrist': None}, 'state_obs_keys': ['state'], 'state_encoding': <StateEncoding.POS_EULER: 1>, 'action_encoding': <ActionEncoding.EEF_POS: 1>}
OXE_DATASET_CONFIGS {'image_obs_keys': {'primary': 'image', 'secondary': None, 'wrist': None}, 'depth_obs_keys': {'primary': None, 'secondary': None, 'wrist': None}, 'state_obs_keys': ['state'], 'state_encoding': <StateEncoding.POS_EULER: 1>, 'action_encoding': <ActionEncoding.EEF_POS: 1>}
self.data_root_dir data
2025-06-23 10:12:57.495843: I tensorflow/core/grappler/optimizers/data/replicate_on_split.cc:32] Running replicate on split optimization
06/23 [10:12:57] INFO     | >> [*] Loading existing dataset    data_utils.py:208
                          statistics from                                       
                          data/mikasa_robo_tfds/ShellGameTouch                  
                          -v0/1.0.0/dataset_statistics_3c0ebe6                  
                          7131435bb4cf51e096df6b15aa5c36691229                  
                          c65e2c6fcdda7bfb55e65.json.                           
2025-06-23 10:12:57.601080: I tensorflow/core/grappler/optimizers/data/replicate_on_split.cc:32] Running replicate on split optimization
2025-06-23 10:12:57.727068: I tensorflow/core/grappler/optimizers/data/replicate_on_split.cc:32] Running replicate on split optimization
                 INFO     | >> [*] Loading existing dataset    data_utils.py:208
                          statistics from                                       
                          data/mikasa_robo_tfds/ShellGamePush-                  
                          v0/1.0.0/dataset_statistics_ebeabc91                  
                          85a58bf136b809c2ca35554cee8bc02c0a99                  
                          9562a5c380ce1b3337cb.json.                            
2025-06-23 10:12:57.830848: I tensorflow/core/grappler/optimizers/data/replicate_on_split.cc:32] Running replicate on split optimization
2025-06-23 10:12:57.957561: I tensorflow/core/grappler/optimizers/data/replicate_on_split.cc:32] Running replicate on split optimization
06/23 [10:12:58] INFO     | >> [*] Loading existing dataset    data_utils.py:208
                          statistics from                                       
                          data/mikasa_robo_tfds/ShellGamePick-                  
                          v0/1.0.0/dataset_statistics_323e3894                  
                          299c56de3b6832b6c4c63f93f0a7ba133793                  
                          d7c2f4b55bfd30bf5d5e.json.                            
2025-06-23 10:12:58.061668: I tensorflow/core/grappler/optimizers/data/replicate_on_split.cc:32] Running replicate on split optimization
2025-06-23 10:12:58.188667: I tensorflow/core/grappler/optimizers/data/replicate_on_split.cc:32] Running replicate on split optimization
                 INFO     | >> [*] Loading existing dataset    data_utils.py:208
                          statistics from                                       
                          data/mikasa_robo_tfds/InterceptSlow-                  
                          v0/1.0.0/dataset_statistics_70ea4ca9                  
                          86a7985fa990279f3a3866b5f6b487b971d1                  
                          6ec79c36cf54d2764704.json.                            
2025-06-23 10:12:58.292992: I tensorflow/core/grappler/optimizers/data/replicate_on_split.cc:32] Running replicate on split optimization
2025-06-23 10:12:58.420165: I tensorflow/core/grappler/optimizers/data/replicate_on_split.cc:32] Running replicate on split optimization
                 INFO     | >> [*] Loading existing dataset    data_utils.py:208
                          statistics from                                       
                          data/mikasa_robo_tfds/InterceptMediu                  
                          m-v0/1.0.0/dataset_statistics_e7294f                  
                          470ffac7244cb9d5ab7671850566555b5556                  
                          c8bc2e0c71ebd58b1909f0.json.                          
2025-06-23 10:12:58.523729: I tensorflow/core/grappler/optimizers/data/replicate_on_split.cc:32] Running replicate on split optimization
2025-06-23 10:12:58.651522: I tensorflow/core/grappler/optimizers/data/replicate_on_split.cc:32] Running replicate on split optimization
                 INFO     | >> [*] Loading existing dataset    data_utils.py:208
                          statistics from                                       
                          data/mikasa_robo_tfds/InterceptFast-                  
                          v0/1.0.0/dataset_statistics_c2cd242a                  
                          752791cbf089c3bfca810c1437635b53a206                  
                          20345af5e94c84bec511.json.                            
2025-06-23 10:12:58.755343: I tensorflow/core/grappler/optimizers/data/replicate_on_split.cc:32] Running replicate on split optimization
2025-06-23 10:12:58.883175: I tensorflow/core/grappler/optimizers/data/replicate_on_split.cc:32] Running replicate on split optimization
                 INFO     | >> [*] Loading existing dataset    data_utils.py:208
                          statistics from                                       
                          data/mikasa_robo_tfds/InterceptGrabS                  
                          low-v0/1.0.0/dataset_statistics_3d49                  
                          3d542172a93ec1f5b36fd174d607f4a605c2                  
                          21d972721b3b671e04435114.json.                        
2025-06-23 10:12:58.986687: I tensorflow/core/grappler/optimizers/data/replicate_on_split.cc:32] Running replicate on split optimization
2025-06-23 10:12:59.114740: I tensorflow/core/grappler/optimizers/data/replicate_on_split.cc:32] Running replicate on split optimization
06/23 [10:12:59] INFO     | >> [*] Loading existing dataset    data_utils.py:208
                          statistics from                                       
                          data/mikasa_robo_tfds/InterceptGrabM                  
                          edium-v0/1.0.0/dataset_statistics_dc                  
                          4e9bf5c47b5898c5594d33567d8444510fea                  
                          9f7e32b5e9bb7c7d3c87dc778e.json.                      
2025-06-23 10:12:59.217906: I tensorflow/core/grappler/optimizers/data/replicate_on_split.cc:32] Running replicate on split optimization
2025-06-23 10:12:59.345264: I tensorflow/core/grappler/optimizers/data/replicate_on_split.cc:32] Running replicate on split optimization
                 INFO     | >> [*] Loading existing dataset    data_utils.py:208
                          statistics from                                       
                          data/mikasa_robo_tfds/InterceptGrabF                  
                          ast-v0/1.0.0/dataset_statistics_9b9b                  
                          2e458c74cc0f4d24a59373b2c27b4264723b                  
                          582cbbcf23cde20d5b27735e.json.                        
2025-06-23 10:12:59.448884: I tensorflow/core/grappler/optimizers/data/replicate_on_split.cc:32] Running replicate on split optimization
2025-06-23 10:12:59.577877: I tensorflow/core/grappler/optimizers/data/replicate_on_split.cc:32] Running replicate on split optimization
                 INFO     | >> [*] Loading existing dataset    data_utils.py:208
                          statistics from                                       
                          data/mikasa_robo_tfds/RotateLenientP                  
                          os-v0/1.0.0/dataset_statistics_8d9cb                  
                          f02dabfedd546b2ca7c3c33c0bb8271f71d7                  
                          25200d9ff19edc27b666d77.json.                         
2025-06-23 10:12:59.681969: I tensorflow/core/grappler/optimizers/data/replicate_on_split.cc:32] Running replicate on split optimization
2025-06-23 10:12:59.811494: I tensorflow/core/grappler/optimizers/data/replicate_on_split.cc:32] Running replicate on split optimization
                 INFO     | >> [*] Loading existing dataset    data_utils.py:208
                          statistics from                                       
                          data/mikasa_robo_tfds/RotateLenientP                  
                          osNeg-v0/1.0.0/dataset_statistics_76                  
                          a92233366940aa9e857937e6725e326d3fb7                  
                          908a5d787853ecb16635d02d2f.json.                      
2025-06-23 10:12:59.916216: I tensorflow/core/grappler/optimizers/data/replicate_on_split.cc:32] Running replicate on split optimization
2025-06-23 10:13:00.043837: I tensorflow/core/grappler/optimizers/data/replicate_on_split.cc:32] Running replicate on split optimization
06/23 [10:13:00] INFO     | >> [*] Loading existing dataset    data_utils.py:208
                          statistics from                                       
                          data/mikasa_robo_tfds/RotateStrictPo                  
                          s-v0/1.0.0/dataset_statistics_e4dc73                  
                          c1406d3424c5607d5f176c7216d42babcf0e                  
                          bb14a3f90dd5b8d69cf184.json.                          
2025-06-23 10:13:00.149926: I tensorflow/core/grappler/optimizers/data/replicate_on_split.cc:32] Running replicate on split optimization
2025-06-23 10:13:00.278114: I tensorflow/core/grappler/optimizers/data/replicate_on_split.cc:32] Running replicate on split optimization
                 INFO     | >> [*] Loading existing dataset    data_utils.py:208
                          statistics from                                       
                          data/mikasa_robo_tfds/RotateStrictPo                  
                          sNeg-v0/1.0.0/dataset_statistics_8cb                  
                          b0925a8179d321ffcdc4358308850f2edaf0                  
                          f6eb7d44d307e2092b21081d7.json.                       
2025-06-23 10:13:00.383225: I tensorflow/core/grappler/optimizers/data/replicate_on_split.cc:32] Running replicate on split optimization
2025-06-23 10:13:00.510918: I tensorflow/core/grappler/optimizers/data/replicate_on_split.cc:32] Running replicate on split optimization
                 INFO     | >> [*] Loading existing dataset    data_utils.py:208
                          statistics from                                       
                          data/mikasa_robo_tfds/TakeItBack-v0/                  
                          1.0.0/dataset_statistics_ce0b03fe5e2                  
                          a3f7db020adf62582184b8178e580896418e                  
                          00895e808bcc06bca.json.                               
2025-06-23 10:13:00.615874: I tensorflow/core/grappler/optimizers/data/replicate_on_split.cc:32] Running replicate on split optimization
2025-06-23 10:13:00.741996: I tensorflow/core/grappler/optimizers/data/replicate_on_split.cc:32] Running replicate on split optimization
                 INFO     | >> [*] Loading existing dataset    data_utils.py:208
                          statistics from                                       
                          data/mikasa_robo_tfds/RememberColor3                  
                          -v0/1.0.0/dataset_statistics_7f1eb27                  
                          28b9bad5a5c6c850f4b13412a94c941dfdc7                  
                          29fced2afdd5c7226b9fe.json.                           
2025-06-23 10:13:00.843995: I tensorflow/core/grappler/optimizers/data/replicate_on_split.cc:32] Running replicate on split optimization
2025-06-23 10:13:00.973257: I tensorflow/core/grappler/optimizers/data/replicate_on_split.cc:32] Running replicate on split optimization
06/23 [10:13:01] INFO     | >> [*] Loading existing dataset    data_utils.py:208
                          statistics from                                       
                          data/mikasa_robo_tfds/RememberColor5                  
                          -v0/1.0.0/dataset_statistics_2ecc443                  
                          1459657d2f45be1de16d90556dd5411df87a                  
                          a94a2f5d9ccfd8056b253.json.                           
2025-06-23 10:13:01.077552: I tensorflow/core/grappler/optimizers/data/replicate_on_split.cc:32] Running replicate on split optimization
2025-06-23 10:13:01.202635: I tensorflow/core/grappler/optimizers/data/replicate_on_split.cc:32] Running replicate on split optimization
                 INFO     | >> [*] Loading existing dataset    data_utils.py:208
                          statistics from                                       
                          data/mikasa_robo_tfds/RememberColor9                  
                          -v0/1.0.0/dataset_statistics_824940f                  
                          4cffc722412bd496cf77f425735c3e3645d9                  
                          2b155a0ce39de2ea24180.json.                           
2025-06-23 10:13:01.303792: I tensorflow/core/grappler/optimizers/data/replicate_on_split.cc:32] Running replicate on split optimization
2025-06-23 10:13:01.430869: I tensorflow/core/grappler/optimizers/data/replicate_on_split.cc:32] Running replicate on split optimization
                 INFO     | >> [*] Loading existing dataset    data_utils.py:208
                          statistics from                                       
                          data/mikasa_robo_tfds/RememberShape3                  
                          -v0/1.0.0/dataset_statistics_792f49e                  
                          0ddf1ba95f25d8d134cfe9e0d10f93d0bf9a                  
                          6aefe3abd04ec609136e5.json.                           
2025-06-23 10:13:01.534415: I tensorflow/core/grappler/optimizers/data/replicate_on_split.cc:32] Running replicate on split optimization
2025-06-23 10:13:01.661848: I tensorflow/core/grappler/optimizers/data/replicate_on_split.cc:32] Running replicate on split optimization
                 INFO     | >> [*] Loading existing dataset    data_utils.py:208
                          statistics from                                       
                          data/mikasa_robo_tfds/RememberShape5                  
                          -v0/1.0.0/dataset_statistics_c254414                  
                          8e15744bc356188f567cb96ef27b5f40b735                  
                          a9adaf656f1258ce364e7.json.                           
2025-06-23 10:13:01.765288: I tensorflow/core/grappler/optimizers/data/replicate_on_split.cc:32] Running replicate on split optimization
2025-06-23 10:13:01.892801: I tensorflow/core/grappler/optimizers/data/replicate_on_split.cc:32] Running replicate on split optimization
                 INFO     | >> [*] Loading existing dataset    data_utils.py:208
                          statistics from                                       
                          data/mikasa_robo_tfds/RememberShape9                  
                          -v0/1.0.0/dataset_statistics_cc9e9ec                  
                          7b59528c62e95ae25bd561d7d9505b33402d                  
                          3b4fd9cd29dfea8ca8d05.json.                           
2025-06-23 10:13:01.996439: I tensorflow/core/grappler/optimizers/data/replicate_on_split.cc:32] Running replicate on split optimization
2025-06-23 10:13:02.123469: I tensorflow/core/grappler/optimizers/data/replicate_on_split.cc:32] Running replicate on split optimization
06/23 [10:13:02] INFO     | >> [*] Loading existing dataset    data_utils.py:208
                          statistics from                                       
                          data/mikasa_robo_tfds/RememberShapeA                  
                          ndColor3x2-v0/1.0.0/dataset_statisti                  
                          cs_1f08b92db45037e5e4e9c96f0baba75ef                  
                          7932c01048f41a110d2037be0289453.json                  
                          .                                                     
2025-06-23 10:13:02.227216: I tensorflow/core/grappler/optimizers/data/replicate_on_split.cc:32] Running replicate on split optimization
2025-06-23 10:13:02.355089: I tensorflow/core/grappler/optimizers/data/replicate_on_split.cc:32] Running replicate on split optimization
                 INFO     | >> [*] Loading existing dataset    data_utils.py:208
                          statistics from                                       
                          data/mikasa_robo_tfds/RememberShapeA                  
                          ndColor3x3-v0/1.0.0/dataset_statisti                  
                          cs_812e4399209153e40c4bb4efebac63d5a                  
                          1138a44e4c4e13211eb15fcf8cd4530.json                  
                          .                                                     
2025-06-23 10:13:02.458819: I tensorflow/core/grappler/optimizers/data/replicate_on_split.cc:32] Running replicate on split optimization
2025-06-23 10:13:02.587021: I tensorflow/core/grappler/optimizers/data/replicate_on_split.cc:32] Running replicate on split optimization
                 INFO     | >> [*] Loading existing dataset    data_utils.py:208
                          statistics from                                       
                          data/mikasa_robo_tfds/RememberShapeA                  
                          ndColor5x3-v0/1.0.0/dataset_statisti                  
                          cs_6da4e6b78b132c31e91c837b870125a17                  
                          727acc86f3bbc45dd68e50c5a65125f.json                  
                          .                                                     
2025-06-23 10:13:02.691193: I tensorflow/core/grappler/optimizers/data/replicate_on_split.cc:32] Running replicate on split optimization
2025-06-23 10:13:02.818865: I tensorflow/core/grappler/optimizers/data/replicate_on_split.cc:32] Running replicate on split optimization
                 INFO     | >> [*] Loading existing dataset    data_utils.py:208
                          statistics from                                       
                          data/mikasa_robo_tfds/BunchOfColors3                  
                          -v0/1.0.0/dataset_statistics_331f2d7                  
                          ddcf32322a303eb7f85182a1924a767fc51a                  
                          0329292ed83f3d199b05d.json.                           
2025-06-23 10:13:02.924737: I tensorflow/core/grappler/optimizers/data/replicate_on_split.cc:32] Running replicate on split optimization
2025-06-23 10:13:03.052404: I tensorflow/core/grappler/optimizers/data/replicate_on_split.cc:32] Running replicate on split optimization
06/23 [10:13:03] INFO     | >> [*] Loading existing dataset    data_utils.py:208
                          statistics from                                       
                          data/mikasa_robo_tfds/BunchOfColors5                  
                          -v0/1.0.0/dataset_statistics_c683597                  
                          191b6cfac46a4bdd7cf54fd452ae9434febe                  
                          ba7704551ee06b3d1d505.json.                           
2025-06-23 10:13:03.158735: I tensorflow/core/grappler/optimizers/data/replicate_on_split.cc:32] Running replicate on split optimization
2025-06-23 10:13:03.286421: I tensorflow/core/grappler/optimizers/data/replicate_on_split.cc:32] Running replicate on split optimization
                 INFO     | >> [*] Loading existing dataset    data_utils.py:208
                          statistics from                                       
                          data/mikasa_robo_tfds/BunchOfColors7                  
                          -v0/1.0.0/dataset_statistics_23047af                  
                          2842de75636d624fe83a6a521496e6713cfa                  
                          b869b586f3e619f08fa80.json.                           
2025-06-23 10:13:03.391283: I tensorflow/core/grappler/optimizers/data/replicate_on_split.cc:32] Running replicate on split optimization
2025-06-23 10:13:03.518692: I tensorflow/core/grappler/optimizers/data/replicate_on_split.cc:32] Running replicate on split optimization
                 INFO     | >> [*] Loading existing dataset    data_utils.py:208
                          statistics from                                       
                          data/mikasa_robo_tfds/SeqOfColors3-v                  
                          0/1.0.0/dataset_statistics_fbf978a6c                  
                          95034ca4613b591890ff89d052fd21b7f260                  
                          db1bb7537c3adca7589.json.                             
2025-06-23 10:13:03.622998: I tensorflow/core/grappler/optimizers/data/replicate_on_split.cc:32] Running replicate on split optimization
2025-06-23 10:13:03.750145: I tensorflow/core/grappler/optimizers/data/replicate_on_split.cc:32] Running replicate on split optimization
                 INFO     | >> [*] Loading existing dataset    data_utils.py:208
                          statistics from                                       
                          data/mikasa_robo_tfds/SeqOfColors5-v                  
                          0/1.0.0/dataset_statistics_0ea0125ad                  
                          7ac583814b84ad7d41e0424ca26bbcbf088e                  
                          58578529d2603910ab8.json.                             
2025-06-23 10:13:03.854513: I tensorflow/core/grappler/optimizers/data/replicate_on_split.cc:32] Running replicate on split optimization
2025-06-23 10:13:04.570518: I tensorflow/core/grappler/optimizers/data/replicate_on_split.cc:32] Running replicate on split optimization
06/23 [10:13:04] INFO     | >> [*] Loading existing dataset    data_utils.py:208
                          statistics from                                       
                          data/mikasa_robo_tfds/SeqOfColors7-v                  
                          0/1.0.0/dataset_statistics_c196cd4cf                  
                          924f9efea0c39b9eb00768886b4986d0a84b                  
                          4e3a75f807316acdb92.json.                             
2025-06-23 10:13:04.676196: I tensorflow/core/grappler/optimizers/data/replicate_on_split.cc:32] Running replicate on split optimization
2025-06-23 10:13:04.803755: I tensorflow/core/grappler/optimizers/data/replicate_on_split.cc:32] Running replicate on split optimization
                 INFO     | >> [*] Loading existing dataset    data_utils.py:208
                          statistics from                                       
                          data/mikasa_robo_tfds/ChainOfColors3                  
                          -v0/1.0.0/dataset_statistics_4e6fcd8                  
                          c3b872220ab912f05134aa93e52e27002858                  
                          0de40e29126581a839fb4.json.                           
2025-06-23 10:13:04.907317: I tensorflow/core/grappler/optimizers/data/replicate_on_split.cc:32] Running replicate on split optimization
2025-06-23 10:13:05.035171: I tensorflow/core/grappler/optimizers/data/replicate_on_split.cc:32] Running replicate on split optimization
06/23 [10:13:05] INFO     | >> [*] Loading existing dataset    data_utils.py:208
                          statistics from                                       
                          data/mikasa_robo_tfds/ChainOfColors5                  
                          -v0/1.0.0/dataset_statistics_cea1568                  
                          5a6e14f5087d9fe202a1a1628b38749074f9                  
                          039e14077a10d08a50fb6.json.                           
2025-06-23 10:13:05.138530: I tensorflow/core/grappler/optimizers/data/replicate_on_split.cc:32] Running replicate on split optimization
2025-06-23 10:13:05.266563: I tensorflow/core/grappler/optimizers/data/replicate_on_split.cc:32] Running replicate on split optimization
                 INFO     | >> [*] Loading existing dataset    data_utils.py:208
                          statistics from                                       
                          data/mikasa_robo_tfds/ChainOfColors7                  
                          -v0/1.0.0/dataset_statistics_009053c                  
                          892629a15b5b0299948f52b71f55f00456b6                  
                          99f659bcd14904e5a3606.json.                           
2025-06-23 10:13:05.369758: I tensorflow/core/grappler/optimizers/data/replicate_on_split.cc:32] Running replicate on split optimization
2025-06-23 10:13:05.497046: I tensorflow/core/grappler/optimizers/data/replicate_on_split.cc:32] Running replicate on split optimization
                 INFO     | >> [*] Loading existing dataset    data_utils.py:208
                          statistics from                                       
                          data/mikasa_robo_tfds/RememberColor3                  
                          -v0_baseline/1.0.0/dataset_statistic                  
                          s_55613fad5fe09ac925a77bc2cda794c2dd                  
                          cb810471bd4849c154db2cf11327fb.json.                  
2025-06-23 10:13:05.599874: I tensorflow/core/grappler/optimizers/data/replicate_on_split.cc:32] Running replicate on split optimization
2025-06-23 10:13:05.726978: I tensorflow/core/grappler/optimizers/data/replicate_on_split.cc:32] Running replicate on split optimization
                 INFO     | >> [*] Loading existing dataset    data_utils.py:208
                          statistics from                                       
                          data/mikasa_robo_tfds/RememberColor9                  
                          -v0_baseline/1.0.0/dataset_statistic                  
                          s_4a16fbfeda508221197a51004b913829ff                  
                          51fcaa4ef4cbd8e3fed617975d4959.json.                  
2025-06-23 10:13:05.830001: I tensorflow/core/grappler/optimizers/data/replicate_on_split.cc:32] Running replicate on split optimization

######################################################################################
# Loading the following 34 datasets (incl. sampling weight):                         #
# mikasa_robo_tfds/ShellGameTouch-v0: ======================================0.029123 #
# mikasa_robo_tfds/ShellGamePush-v0: =======================================0.029123 #
# mikasa_robo_tfds/ShellGamePick-v0: =======================================0.029123 #
# mikasa_robo_tfds/InterceptSlow-v0: =======================================0.029123 #
# mikasa_robo_tfds/InterceptMedium-v0: =====================================0.029123 #
# mikasa_robo_tfds/InterceptFast-v0: =======================================0.029123 #
# mikasa_robo_tfds/InterceptGrabSlow-v0: ===================================0.029123 #
# mikasa_robo_tfds/InterceptGrabMedium-v0: =================================0.029123 #
# mikasa_robo_tfds/InterceptGrabFast-v0: ===================================0.029123 #
# mikasa_robo_tfds/RotateLenientPos-v0: ====================================0.029123 #
# mikasa_robo_tfds/RotateLenientPosNeg-v0: =================================0.029123 #
# mikasa_robo_tfds/RotateStrictPos-v0: =====================================0.029123 #
# mikasa_robo_tfds/RotateStrictPosNeg-v0: ==================================0.029123 #
# mikasa_robo_tfds/TakeItBack-v0: ==========================================0.058573 #
# mikasa_robo_tfds/RememberColor3-v0: ======================================0.019306 #
# mikasa_robo_tfds/RememberColor5-v0: ======================================0.019306 #
# mikasa_robo_tfds/RememberColor9-v0: ======================================0.019306 #
# mikasa_robo_tfds/RememberShape3-v0: ======================================0.019306 #
# mikasa_robo_tfds/RememberShape5-v0: ======================================0.019306 #
# mikasa_robo_tfds/RememberShape9-v0: ======================================0.019306 #
# mikasa_robo_tfds/RememberShapeAndColor3x2-v0: ============================0.019306 #
# mikasa_robo_tfds/RememberShapeAndColor3x3-v0: ============================0.019306 #
# mikasa_robo_tfds/RememberShapeAndColor5x3-v0: ============================0.019306 #
# mikasa_robo_tfds/BunchOfColors3-v0: ======================================0.038940 #
# mikasa_robo_tfds/BunchOfColors5-v0: ======================================0.038940 #
# mikasa_robo_tfds/BunchOfColors7-v0: ======================================0.038940 #
# mikasa_robo_tfds/SeqOfColors3-v0: ========================================0.038940 #
# mikasa_robo_tfds/SeqOfColors5-v0: ========================================0.038940 #
# mikasa_robo_tfds/SeqOfColors7-v0: ========================================0.038940 #
# mikasa_robo_tfds/ChainOfColors3-v0: ======================================0.038940 #
# mikasa_robo_tfds/ChainOfColors5-v0: ======================================0.038940 #
# mikasa_robo_tfds/ChainOfColors7-v0: ======================================0.038940 #
# mikasa_robo_tfds/RememberColor3-v0_baseline: =============================0.019306 #
# mikasa_robo_tfds/RememberColor9-v0_baseline: =============================0.019306 #
######################################################################################

                 INFO     | >> [*] Threads per Dataset: [1 1 1 1  dataset.py:531
                          1 1 1 1 1 1 1 1 1 1 1 1 1 1 1 1 1 1 1 1               
                          1 1 1 1 1 1 1 1 1 1]                                  
                 INFO     | >> [*] Reads per Dataset: [1 1 1 1 1  dataset.py:532
                          1 1 1 1 1 1 1 1 1 1 1 1 1 1 1 1 1 1 1 1               
                          1 1 1 1 1 1 1 1 1]                                    
                 INFO     | >> [*] Constructing datasets...       dataset.py:535
2025-06-23 10:13:05.967991: I tensorflow/core/grappler/optimizers/data/replicate_on_split.cc:32] Running replicate on split optimization
2025-06-23 10:13:06.183327: I tensorflow/core/grappler/optimizers/data/replicate_on_split.cc:32] Running replicate on split optimization
2025-06-23 10:13:06.397632: I tensorflow/core/grappler/optimizers/data/replicate_on_split.cc:32] Running replicate on split optimization
2025-06-23 10:13:06.610822: I tensorflow/core/grappler/optimizers/data/replicate_on_split.cc:32] Running replicate on split optimization
2025-06-23 10:13:06.822626: I tensorflow/core/grappler/optimizers/data/replicate_on_split.cc:32] Running replicate on split optimization
2025-06-23 10:13:07.032664: I tensorflow/core/grappler/optimizers/data/replicate_on_split.cc:32] Running replicate on split optimization
2025-06-23 10:13:07.245877: I tensorflow/core/grappler/optimizers/data/replicate_on_split.cc:32] Running replicate on split optimization
2025-06-23 10:13:07.458999: I tensorflow/core/grappler/optimizers/data/replicate_on_split.cc:32] Running replicate on split optimization
2025-06-23 10:13:07.672729: I tensorflow/core/grappler/optimizers/data/replicate_on_split.cc:32] Running replicate on split optimization
2025-06-23 10:13:07.885597: I tensorflow/core/grappler/optimizers/data/replicate_on_split.cc:32] Running replicate on split optimization
2025-06-23 10:13:08.097333: I tensorflow/core/grappler/optimizers/data/replicate_on_split.cc:32] Running replicate on split optimization
2025-06-23 10:13:08.310789: I tensorflow/core/grappler/optimizers/data/replicate_on_split.cc:32] Running replicate on split optimization
2025-06-23 10:13:08.523705: I tensorflow/core/grappler/optimizers/data/replicate_on_split.cc:32] Running replicate on split optimization
2025-06-23 10:13:08.737137: I tensorflow/core/grappler/optimizers/data/replicate_on_split.cc:32] Running replicate on split optimization
2025-06-23 10:13:08.948718: I tensorflow/core/grappler/optimizers/data/replicate_on_split.cc:32] Running replicate on split optimization
2025-06-23 10:13:09.161546: I tensorflow/core/grappler/optimizers/data/replicate_on_split.cc:32] Running replicate on split optimization
2025-06-23 10:13:09.373863: I tensorflow/core/grappler/optimizers/data/replicate_on_split.cc:32] Running replicate on split optimization
2025-06-23 10:13:09.586048: I tensorflow/core/grappler/optimizers/data/replicate_on_split.cc:32] Running replicate on split optimization
2025-06-23 10:13:09.800878: I tensorflow/core/grappler/optimizers/data/replicate_on_split.cc:32] Running replicate on split optimization
2025-06-23 10:13:10.015532: I tensorflow/core/grappler/optimizers/data/replicate_on_split.cc:32] Running replicate on split optimization
2025-06-23 10:13:10.229557: I tensorflow/core/grappler/optimizers/data/replicate_on_split.cc:32] Running replicate on split optimization
2025-06-23 10:13:10.444154: I tensorflow/core/grappler/optimizers/data/replicate_on_split.cc:32] Running replicate on split optimization
2025-06-23 10:13:10.658323: I tensorflow/core/grappler/optimizers/data/replicate_on_split.cc:32] Running replicate on split optimization
2025-06-23 10:13:10.872608: I tensorflow/core/grappler/optimizers/data/replicate_on_split.cc:32] Running replicate on split optimization
2025-06-23 10:13:11.087492: I tensorflow/core/grappler/optimizers/data/replicate_on_split.cc:32] Running replicate on split optimization
2025-06-23 10:13:11.303507: I tensorflow/core/grappler/optimizers/data/replicate_on_split.cc:32] Running replicate on split optimization
2025-06-23 10:13:11.519068: I tensorflow/core/grappler/optimizers/data/replicate_on_split.cc:32] Running replicate on split optimization
2025-06-23 10:13:11.734807: I tensorflow/core/grappler/optimizers/data/replicate_on_split.cc:32] Running replicate on split optimization
2025-06-23 10:13:11.949963: I tensorflow/core/grappler/optimizers/data/replicate_on_split.cc:32] Running replicate on split optimization
2025-06-23 10:13:12.164941: I tensorflow/core/grappler/optimizers/data/replicate_on_split.cc:32] Running replicate on split optimization
2025-06-23 10:13:12.380164: I tensorflow/core/grappler/optimizers/data/replicate_on_split.cc:32] Running replicate on split optimization
2025-06-23 10:13:12.595036: I tensorflow/core/grappler/optimizers/data/replicate_on_split.cc:32] Running replicate on split optimization
2025-06-23 10:13:12.810335: I tensorflow/core/grappler/optimizers/data/replicate_on_split.cc:32] Running replicate on split optimization
2025-06-23 10:13:13.025431: I tensorflow/core/grappler/optimizers/data/replicate_on_split.cc:32] Running replicate on split optimization
06/23 [10:13:13] INFO     | >> [*] Applying frame transforms on   dataset.py:575
                          dataset...                                            
vla_dataset len: 3056000
                 INFO     | >> [*] Saved dataset statistics    data_utils.py:293
                          file at path                                          
                          logs/openvla-7b+mikasa_mix+b16+lr-0.                  
                          0005+lora-r32+dropout-0.05--mikasa_m                  
                          ix--image_aug--25-06-23_10-08-47/dat                  
                          aset_statistics.json                                  
val_dataset len: 3056000, train_dataset len: 3056000
  0%|          | 0/50005 [00:00<?, ?it/s]WARNING: All log messages before absl::InitializeLog() is called are written to STDERR
W0000 00:00:1750669995.823318   33731 op_level_cost_estimator.cc:699] Error in PredictCost() for the op: op: "CropAndResize" attr { key: "T" value { type: DT_FLOAT } } attr { key: "extrapolation_value" value { f: 0 } } attr { key: "method" value { s: "bilinear" } } inputs { dtype: DT_FLOAT shape { dim { size: 1 } dim { size: 224 } dim { size: 224 } dim { size: -7 } } } inputs { dtype: DT_FLOAT shape { dim { size: -2 } dim { size: 4 } } } inputs { dtype: DT_INT32 shape { dim { size: -2 } } } inputs { dtype: DT_INT32 shape { dim { size: 2 } } } device { type: "CPU" vendor: "AuthenticAMD" model: "241" frequency: 2445 num_cores: 128 environment { key: "cpu_instruction_set" value: "AVX SSE, SSE2, SSE3, SSSE3, SSE4.1, SSE4.2" } environment { key: "eigen" value: "3.4.90" } l1_cache_size: 32768 l2_cache_size: 524288 l3_cache_size: 268435456 memory_size: 268435456 } outputs { dtype: DT_FLOAT shape { dim { size: -2 } dim { size: -8 } dim { size: -9 } dim { size: -7 } } }
W0000 00:00:1750669995.823869   33731 op_level_cost_estimator.cc:699] Error in PredictCost() for the op: op: "CropAndResize" attr { key: "T" value { type: DT_FLOAT } } attr { key: "extrapolation_value" value { f: 0 } } attr { key: "method" value { s: "bilinear" } } inputs { dtype: DT_FLOAT shape { dim { size: 1 } dim { size: 224 } dim { size: 224 } dim { size: -6 } } } inputs { dtype: DT_FLOAT shape { dim { size: -3 } dim { size: 4 } } } inputs { dtype: DT_INT32 shape { dim { size: -3 } } } inputs { dtype: DT_INT32 shape { dim { size: 2 } } } device { type: "CPU" vendor: "AuthenticAMD" model: "241" frequency: 2445 num_cores: 128 environment { key: "cpu_instruction_set" value: "AVX SSE, SSE2, SSE3, SSSE3, SSE4.1, SSE4.2" } environment { key: "eigen" value: "3.4.90" } l1_cache_size: 32768 l2_cache_size: 524288 l3_cache_size: 268435456 memory_size: 268435456 } outputs { dtype: DT_FLOAT shape { dim { size: -3 } dim { size: -10 } dim { size: -11 } dim { size: -6 } } }
  0%|          | 1/50005 [00:28<392:32:22, 28.26s/it]  0%|          | 2/50005 [00:29<173:37:14, 12.50s/it]  0%|          | 3/50005 [00:31<103:25:42,  7.45s/it]  0%|          | 4/50005 [00:33<75:24:57,  5.43s/it]   0%|          | 5/50005 [00:34<55:28:54,  3.99s/it]  0%|          | 6/50005 [00:36<43:23:56,  3.12s/it]  0%|          | 7/50005 [00:37<35:41:37,  2.57s/it]  0%|          | 8/50005 [00:39<30:42:37,  2.21s/it]  0%|          | 9/50005 [00:40<27:20:25,  1.97s/it]  0%|          | 10/50005 [00:42<25:02:43,  1.80s/it]  0%|          | 11/50005 [00:43<23:31:08,  1.69s/it]  0%|          | 12/50005 [00:45<22:27:58,  1.62s/it]  0%|          | 13/50005 [00:46<21:44:27,  1.57s/it]  0%|          | 14/50005 [00:47<21:14:34,  1.53s/it]  0%|          | 15/50005 [00:49<20:53:53,  1.50s/it]  0%|          | 16/50005 [00:50<20:36:35,  1.48s/it]  0%|          | 17/50005 [00:52<20:24:58,  1.47s/it]  0%|          | 18/50005 [00:53<20:18:36,  1.46s/it]  0%|          | 19/50005 [00:55<20:13:51,  1.46s/it]  0%|          | 20/50005 [00:56<20:08:42,  1.45s/it]  0%|          | 21/50005 [00:58<20:07:57,  1.45s/it]  0%|          | 22/50005 [00:59<20:06:20,  1.45s/it]  0%|          | 23/50005 [01:00<20:05:35,  1.45s/it]  0%|          | 24/50005 [01:02<20:05:02,  1.45s/it]  0%|          | 25/50005 [01:03<20:01:33,  1.44s/it]  0%|          | 26/50005 [01:05<20:01:44,  1.44s/it]  0%|          | 27/50005 [01:06<20:02:04,  1.44s/it]  0%|          | 28/50005 [01:08<20:02:46,  1.44s/it]  0%|          | 29/50005 [01:09<20:03:35,  1.45s/it]  0%|          | 30/50005 [01:10<20:03:38,  1.45s/it]  0%|          | 31/50005 [01:12<20:03:47,  1.45s/it]  0%|          | 32/50005 [01:13<20:03:06,  1.44s/it]  0%|          | 33/50005 [01:15<20:00:54,  1.44s/it]  0%|          | 34/50005 [01:16<20:01:57,  1.44s/it]  0%|          | 35/50005 [01:18<19:59:26,  1.44s/it]  0%|          | 36/50005 [01:19<19:59:11,  1.44s/it]  0%|          | 37/50005 [01:21<19:58:47,  1.44s/it]  0%|          | 38/50005 [01:22<20:01:43,  1.44s/it]  0%|          | 39/50005 [01:23<20:00:39,  1.44s/it]  0%|          | 40/50005 [01:25<20:02:48,  1.44s/it]  0%|          | 41/50005 [01:26<20:02:57,  1.44s/it]  0%|          | 42/50005 [01:28<20:00:23,  1.44s/it]  0%|          | 43/50005 [01:29<20:00:48,  1.44s/it]  0%|          | 44/50005 [01:31<20:01:31,  1.44s/it]  0%|          | 45/50005 [01:32<19:59:22,  1.44s/it]  0%|          | 46/50005 [01:34<19:59:53,  1.44s/it]  0%|          | 47/50005 [01:35<20:00:33,  1.44s/it]  0%|          | 48/50005 [01:36<20:01:50,  1.44s/it]  0%|          | 49/50005 [01:38<20:00:07,  1.44s/it]  0%|          | 50/50005 [01:39<20:01:29,  1.44s/it]  0%|          | 51/50005 [01:41<20:01:28,  1.44s/it]  0%|          | 52/50005 [01:42<20:02:38,  1.44s/it]  0%|          | 53/50005 [01:44<20:00:25,  1.44s/it]  0%|          | 54/50005 [01:45<20:01:50,  1.44s/it]  0%|          | 55/50005 [01:47<20:03:03,  1.45s/it]  0%|          | 56/50005 [01:48<20:01:57,  1.44s/it]  0%|          | 57/50005 [01:49<19:59:46,  1.44s/it]  0%|          | 58/50005 [01:51<20:00:19,  1.44s/it]  0%|          | 59/50005 [01:52<20:01:07,  1.44s/it]  0%|          | 60/50005 [01:54<20:01:49,  1.44s/it]  0%|          | 61/50005 [01:55<20:00:19,  1.44s/it]  0%|          | 62/50005 [01:57<20:01:39,  1.44s/it]  0%|          | 63/50005 [01:58<19:59:01,  1.44s/it]  0%|          | 64/50005 [02:00<19:58:25,  1.44s/it]  0%|          | 65/50005 [02:01<19:57:36,  1.44s/it]  0%|          | 66/50005 [02:02<19:57:42,  1.44s/it]  0%|          | 67/50005 [02:04<19:56:57,  1.44s/it]  0%|          | 68/50005 [02:05<19:58:57,  1.44s/it]  0%|          | 69/50005 [02:07<20:00:07,  1.44s/it]  0%|          | 70/50005 [02:08<19:59:51,  1.44s/it]  0%|          | 71/50005 [02:10<20:01:32,  1.44s/it]  0%|          | 72/50005 [02:11<20:01:15,  1.44s/it]  0%|          | 73/50005 [02:13<20:02:45,  1.45s/it]  0%|          | 74/50005 [02:14<20:04:10,  1.45s/it]  0%|          | 75/50005 [02:15<20:04:46,  1.45s/it]  0%|          | 76/50005 [02:17<20:05:42,  1.45s/it]  0%|          | 77/50005 [02:18<20:02:26,  1.45s/it]  0%|          | 78/50005 [02:20<20:00:23,  1.44s/it]  0%|          | 79/50005 [02:21<20:00:51,  1.44s/it]  0%|          | 80/50005 [02:23<20:01:49,  1.44s/it]  0%|          | 81/50005 [02:24<19:59:58,  1.44s/it]  0%|          | 82/50005 [02:26<19:58:11,  1.44s/it]  0%|          | 83/50005 [02:27<19:59:53,  1.44s/it]  0%|          | 84/50005 [02:28<20:00:51,  1.44s/it]  0%|          | 85/50005 [02:30<20:03:04,  1.45s/it]  0%|          | 86/50005 [02:31<19:59:11,  1.44s/it]  0%|          | 87/50005 [02:33<19:57:39,  1.44s/it]  0%|          | 88/50005 [02:34<19:57:26,  1.44s/it]  0%|          | 89/50005 [02:36<20:00:02,  1.44s/it]  0%|          | 90/50005 [02:37<20:01:41,  1.44s/it]  0%|          | 91/50005 [02:38<20:02:06,  1.45s/it]  0%|          | 92/50005 [02:40<20:03:30,  1.45s/it]  0%|          | 93/50005 [02:41<20:03:15,  1.45s/it]  0%|          | 94/50005 [02:43<20:01:14,  1.44s/it]  0%|          | 95/50005 [02:44<20:02:04,  1.45s/it]  0%|          | 96/50005 [02:46<20:02:09,  1.45s/it]  0%|          | 97/50005 [02:47<20:02:21,  1.45s/it]  0%|          | 98/50005 [02:49<20:00:30,  1.44s/it]  0%|          | 99/50005 [02:50<19:57:26,  1.44s/it]  0%|          | 100/50005 [02:51<19:59:06,  1.44s/it]  0%|          | 101/50005 [02:53<20:00:01,  1.44s/it]  0%|          | 102/50005 [02:54<19:58:19,  1.44s/it]  0%|          | 103/50005 [02:56<19:59:28,  1.44s/it]  0%|          | 104/50005 [02:57<20:00:27,  1.44s/it]  0%|          | 105/50005 [02:59<20:01:13,  1.44s/it]  0%|          | 106/50005 [03:00<20:01:49,  1.45s/it]  0%|          | 107/50005 [03:02<20:03:32,  1.45s/it]  0%|          | 108/50005 [03:03<20:02:08,  1.45s/it]  0%|          | 109/50005 [03:04<20:03:33,  1.45s/it]  0%|          | 110/50005 [03:06<19:59:54,  1.44s/it]  0%|          | 111/50005 [03:07<19:59:53,  1.44s/it]  0%|          | 112/50005 [03:09<19:58:47,  1.44s/it]  0%|          | 113/50005 [03:10<19:57:55,  1.44s/it]  0%|          | 114/50005 [03:12<19:57:27,  1.44s/it]  0%|          | 115/50005 [03:13<19:59:09,  1.44s/it]  0%|          | 116/50005 [03:15<19:59:48,  1.44s/it]  0%|          | 117/50005 [03:16<19:57:44,  1.44s/it]  0%|          | 118/50005 [03:17<19:58:52,  1.44s/it]  0%|          | 119/50005 [03:19<19:59:57,  1.44s/it]  0%|          | 120/50005 [03:20<20:01:15,  1.44s/it]  0%|          | 121/50005 [03:22<20:01:40,  1.45s/it]  0%|          | 122/50005 [03:23<20:00:19,  1.44s/it]  0%|          | 123/50005 [03:25<19:59:11,  1.44s/it]  0%|          | 124/50005 [03:26<20:00:01,  1.44s/it]  0%|          | 125/50005 [03:28<20:00:36,  1.44s/it]  0%|          | 126/50005 [03:29<19:58:11,  1.44s/it]  0%|          | 127/50005 [03:30<20:00:09,  1.44s/it]  0%|          | 128/50005 [03:32<19:59:54,  1.44s/it]  0%|          | 129/50005 [03:33<19:57:42,  1.44s/it]  0%|          | 130/50005 [03:35<19:58:18,  1.44s/it]  0%|          | 131/50005 [03:36<19:57:45,  1.44s/it]  0%|          | 132/50005 [03:38<19:58:54,  1.44s/it]  0%|          | 133/50005 [03:39<19:59:19,  1.44s/it]  0%|          | 134/50005 [03:41<19:59:57,  1.44s/it]  0%|          | 135/50005 [03:42<20:00:23,  1.44s/it]  0%|          | 136/50005 [03:43<19:59:31,  1.44s/it]  0%|          | 137/50005 [03:45<20:00:39,  1.44s/it]  0%|          | 138/50005 [03:46<20:01:16,  1.45s/it]  0%|          | 139/50005 [03:48<20:00:21,  1.44s/it]  0%|          | 140/50005 [03:49<20:00:33,  1.44s/it]  0%|          | 141/50005 [03:51<19:58:33,  1.44s/it]  0%|          | 142/50005 [03:52<19:58:11,  1.44s/it]  0%|          | 143/50005 [03:54<19:58:56,  1.44s/it]  0%|          | 144/50005 [03:55<19:57:59,  1.44s/it]  0%|          | 145/50005 [03:56<19:59:30,  1.44s/it]  0%|          | 146/50005 [03:58<19:59:44,  1.44s/it]  0%|          | 147/50005 [03:59<19:58:01,  1.44s/it]  0%|          | 148/50005 [04:01<19:57:39,  1.44s/it]  0%|          | 149/50005 [04:02<19:56:44,  1.44s/it]  0%|          | 150/50005 [04:04<19:58:41,  1.44s/it]  0%|          | 151/50005 [04:05<20:00:02,  1.44s/it]  0%|          | 152/50005 [04:07<20:00:24,  1.44s/it]  0%|          | 153/50005 [04:08<19:58:01,  1.44s/it]  0%|          | 154/50005 [04:09<19:56:10,  1.44s/it]  0%|          | 155/50005 [04:11<19:55:11,  1.44s/it]  0%|          | 156/50005 [04:12<19:56:23,  1.44s/it]  0%|          | 157/50005 [04:14<19:54:47,  1.44s/it]  0%|          | 158/50005 [04:15<19:54:25,  1.44s/it]  0%|          | 159/50005 [04:17<19:56:08,  1.44s/it]  0%|          | 160/50005 [04:18<19:57:14,  1.44s/it]  0%|          | 161/50005 [04:19<19:58:20,  1.44s/it]  0%|          | 162/50005 [04:21<19:56:56,  1.44s/it]  0%|          | 163/50005 [04:22<19:58:18,  1.44s/it]  0%|          | 164/50005 [04:24<19:57:18,  1.44s/it]  0%|          | 165/50005 [04:25<19:58:29,  1.44s/it]  0%|          | 166/50005 [04:27<19:59:15,  1.44s/it]  0%|          | 167/50005 [04:28<19:58:16,  1.44s/it]  0%|          | 168/50005 [04:30<19:56:30,  1.44s/it]  0%|          | 169/50005 [04:31<19:58:04,  1.44s/it]  0%|          | 170/50005 [04:32<19:56:33,  1.44s/it]  0%|          | 171/50005 [04:34<19:57:31,  1.44s/it]  0%|          | 172/50005 [04:35<19:58:36,  1.44s/it]  0%|          | 173/50005 [04:37<19:56:37,  1.44s/it]  0%|          | 174/50005 [04:38<19:54:28,  1.44s/it]  0%|          | 175/50005 [04:40<19:56:08,  1.44s/it]  0%|          | 176/50005 [04:41<19:57:16,  1.44s/it]  0%|          | 177/50005 [04:43<19:58:03,  1.44s/it]  0%|          | 178/50005 [04:44<19:56:07,  1.44s/it]  0%|          | 179/50005 [04:45<19:57:36,  1.44s/it]  0%|          | 180/50005 [04:47<19:55:45,  1.44s/it]  0%|          | 181/50005 [04:48<19:55:13,  1.44s/it]  0%|          | 182/50005 [04:50<19:54:18,  1.44s/it]  0%|          | 183/50005 [04:51<19:53:54,  1.44s/it]  0%|          | 184/50005 [04:53<19:55:53,  1.44s/it]  0%|          | 185/50005 [04:54<19:57:03,  1.44s/it]  0%|          | 186/50005 [04:56<19:58:13,  1.44s/it]  0%|          | 187/50005 [04:57<19:58:50,  1.44s/it]  0%|          | 188/50005 [04:58<19:59:17,  1.44s/it]  0%|          | 189/50005 [05:00<19:59:30,  1.44s/it]  0%|          | 190/50005 [05:01<19:59:05,  1.44s/it]  0%|          | 191/50005 [05:03<19:59:32,  1.44s/it]  0%|          | 192/50005 [05:04<19:57:20,  1.44s/it]  0%|          | 193/50005 [05:06<19:58:19,  1.44s/it]  0%|          | 194/50005 [05:07<19:59:02,  1.44s/it]  0%|          | 195/50005 [05:09<19:59:20,  1.44s/it]  0%|          | 196/50005 [05:10<19:58:49,  1.44s/it]  0%|          | 197/50005 [05:11<19:59:36,  1.45s/it]  0%|          | 198/50005 [05:13<19:58:42,  1.44s/it]  0%|          | 199/50005 [05:14<19:56:45,  1.44s/it]  0%|          | 200/50005 [05:16<19:57:17,  1.44s/it]  0%|          | 201/50005 [05:17<19:55:42,  1.44s/it]  0%|          | 202/50005 [05:19<19:55:01,  1.44s/it]  0%|          | 203/50005 [05:20<19:55:43,  1.44s/it]  0%|          | 204/50005 [05:21<19:53:35,  1.44s/it]  0%|          | 205/50005 [05:23<19:55:27,  1.44s/it]  0%|          | 206/50005 [05:24<19:56:07,  1.44s/it]  0%|          | 207/50005 [05:26<19:56:35,  1.44s/it]  0%|          | 208/50005 [05:27<19:57:11,  1.44s/it]  0%|          | 209/50005 [05:29<19:57:18,  1.44s/it]  0%|          | 210/50005 [05:30<19:57:20,  1.44s/it]  0%|          | 211/50005 [05:32<19:57:41,  1.44s/it]  0%|          | 212/50005 [05:33<19:55:32,  1.44s/it]  0%|          | 213/50005 [05:34<19:56:17,  1.44s/it]  0%|          | 214/50005 [05:36<19:55:08,  1.44s/it]  0%|          | 215/50005 [05:37<19:53:29,  1.44s/it]  0%|          | 216/50005 [05:39<19:55:00,  1.44s/it]  0%|          | 217/50005 [05:40<19:55:25,  1.44s/it]  0%|          | 218/50005 [05:42<19:56:26,  1.44s/it]  0%|          | 219/50005 [05:43<19:57:10,  1.44s/it]  0%|          | 220/50005 [05:45<19:55:51,  1.44s/it]  0%|          | 221/50005 [05:46<19:55:00,  1.44s/it]  0%|          | 222/50005 [05:47<19:55:58,  1.44s/it]  0%|          | 223/50005 [05:49<19:56:52,  1.44s/it]  0%|          | 224/50005 [05:50<19:57:35,  1.44s/it]  0%|          | 225/50005 [05:52<19:57:48,  1.44s/it]  0%|          | 226/50005 [05:53<19:55:31,  1.44s/it]  0%|          | 227/50005 [05:55<19:56:48,  1.44s/it]  0%|          | 228/50005 [05:56<19:57:05,  1.44s/it]  0%|          | 229/50005 [05:58<19:57:33,  1.44s/it]  0%|          | 230/50005 [05:59<19:57:34,  1.44s/it]  0%|          | 231/50005 [06:00<19:55:41,  1.44s/it]  0%|          | 232/50005 [06:02<19:56:53,  1.44s/it]  0%|          | 233/50005 [06:03<19:57:30,  1.44s/it]  0%|          | 234/50005 [06:05<19:58:08,  1.44s/it]  0%|          | 235/50005 [06:06<19:55:48,  1.44s/it]  0%|          | 236/50005 [06:08<19:55:57,  1.44s/it]  0%|          | 237/50005 [06:09<19:53:47,  1.44s/it]  0%|          | 238/50005 [06:11<19:55:29,  1.44s/it]  0%|          | 239/50005 [06:12<19:54:30,  1.44s/it]  0%|          | 240/50005 [06:13<19:56:39,  1.44s/it]  0%|          | 241/50005 [06:15<19:56:53,  1.44s/it]  0%|          | 242/50005 [06:16<19:55:46,  1.44s/it]  0%|          | 243/50005 [06:18<19:54:23,  1.44s/it]  0%|          | 244/50005 [06:19<19:56:36,  1.44s/it]  0%|          | 245/50005 [06:21<19:55:01,  1.44s/it]  0%|          | 246/50005 [06:22<19:55:38,  1.44s/it]  0%|          | 247/50005 [06:23<19:54:33,  1.44s/it]  0%|          | 248/50005 [06:25<19:54:13,  1.44s/it]  0%|          | 249/50005 [06:26<19:55:40,  1.44s/it]  0%|          | 250/50005 [06:28<19:56:37,  1.44s/it]  1%|          | 251/50005 [06:29<19:54:40,  1.44s/it]  1%|          | 252/50005 [06:31<19:55:45,  1.44s/it]  1%|          | 253/50005 [06:32<19:55:53,  1.44s/it]  1%|          | 254/50005 [06:34<19:53:36,  1.44s/it]  1%|          | 255/50005 [06:35<19:52:24,  1.44s/it]  1%|          | 256/50005 [06:36<19:54:19,  1.44s/it]  1%|          | 257/50005 [06:38<19:52:47,  1.44s/it]  1%|          | 258/50005 [06:39<19:52:19,  1.44s/it]  1%|          | 259/50005 [06:41<19:53:42,  1.44s/it]  1%|          | 260/50005 [06:42<19:55:42,  1.44s/it]  1%|          | 261/50005 [06:44<19:56:22,  1.44s/it]  1%|          | 262/50005 [06:45<19:56:44,  1.44s/it]  1%|          | 263/50005 [06:47<19:54:58,  1.44s/it]  1%|          | 264/50005 [06:48<19:54:03,  1.44s/it]  1%|          | 265/50005 [06:49<19:54:52,  1.44s/it]  1%|          | 266/50005 [06:51<19:53:25,  1.44s/it]  1%|          | 267/50005 [06:52<19:55:56,  1.44s/it]  1%|          | 268/50005 [06:54<19:53:12,  1.44s/it]  1%|          | 269/50005 [06:55<19:53:24,  1.44s/it]  1%|          | 270/50005 [06:57<19:51:34,  1.44s/it]  1%|          | 271/50005 [06:58<19:51:22,  1.44s/it]  1%|          | 272/50005 [06:59<19:51:09,  1.44s/it]  1%|          | 273/50005 [07:01<19:51:33,  1.44s/it]  1%|          | 274/50005 [07:02<19:52:29,  1.44s/it]  1%|          | 275/50005 [07:04<19:54:48,  1.44s/it]  1%|          | 276/50005 [07:05<19:52:38,  1.44s/it]  1%|          | 277/50005 [07:07<19:52:09,  1.44s/it]  1%|          | 278/50005 [07:08<19:53:52,  1.44s/it]  1%|          | 279/50005 [07:10<19:55:38,  1.44s/it]  1%|          | 280/50005 [07:11<19:52:45,  1.44s/it]  1%|          | 281/50005 [07:12<19:52:37,  1.44s/it]  1%|          | 282/50005 [07:14<19:53:31,  1.44s/it]  1%|          | 283/50005 [07:15<19:52:22,  1.44s/it]  1%|          | 284/50005 [07:17<19:54:01,  1.44s/it]  1%|          | 285/50005 [07:18<19:52:50,  1.44s/it]  1%|          | 286/50005 [07:20<19:55:09,  1.44s/it]  1%|          | 287/50005 [07:21<19:53:12,  1.44s/it]  1%|          | 288/50005 [07:23<19:52:39,  1.44s/it]  1%|          | 289/50005 [07:24<19:53:53,  1.44s/it]  1%|          | 290/50005 [07:25<19:55:38,  1.44s/it]  1%|          | 291/50005 [07:27<19:55:30,  1.44s/it]  1%|          | 292/50005 [07:28<19:56:32,  1.44s/it]  1%|          | 293/50005 [07:30<19:55:52,  1.44s/it]  1%|          | 294/50005 [07:31<19:55:03,  1.44s/it]  1%|          | 295/50005 [07:33<19:55:54,  1.44s/it]  1%|          | 296/50005 [07:34<19:55:36,  1.44s/it]  1%|          | 297/50005 [07:36<19:54:09,  1.44s/it]  1%|          | 298/50005 [07:37<19:52:44,  1.44s/it]  1%|          | 299/50005 [07:38<19:53:45,  1.44s/it]  1%|          | 300/50005 [07:40<19:52:11,  1.44s/it]  1%|          | 301/50005 [07:41<19:51:08,  1.44s/it]  1%|          | 302/50005 [07:43<19:53:28,  1.44s/it]  1%|          | 303/50005 [07:44<19:54:15,  1.44s/it]  1%|          | 304/50005 [07:46<19:50:26,  1.44s/it]  1%|          | 305/50005 [07:47<19:49:48,  1.44s/it]  1%|          | 306/50005 [07:48<19:49:07,  1.44s/it]  1%|          | 307/50005 [07:50<19:51:14,  1.44s/it]  1%|          | 308/50005 [07:51<19:53:13,  1.44s/it]  1%|          | 309/50005 [07:53<19:54:22,  1.44s/it]  1%|          | 310/50005 [07:54<19:54:51,  1.44s/it]  1%|          | 311/50005 [07:56<19:53:04,  1.44s/it]  1%|          | 312/50005 [07:57<19:50:30,  1.44s/it]  1%|          | 313/50005 [07:59<19:50:29,  1.44s/it]  1%|          | 314/50005 [08:00<19:52:16,  1.44s/it]  1%|          | 315/50005 [08:01<19:54:00,  1.44s/it]  1%|          | 316/50005 [08:03<19:53:32,  1.44s/it]  1%|          | 317/50005 [08:04<19:54:16,  1.44s/it]  1%|          | 318/50005 [08:06<19:53:17,  1.44s/it]  1%|          | 319/50005 [08:07<19:53:34,  1.44s/it]  1%|          | 320/50005 [08:09<19:55:10,  1.44s/it]  1%|          | 321/50005 [08:10<19:54:57,  1.44s/it]  1%|          | 322/50005 [08:12<19:53:03,  1.44s/it]  1%|          | 323/50005 [08:13<19:55:12,  1.44s/it]  1%|          | 324/50005 [08:14<19:56:16,  1.44s/it]  1%|          | 325/50005 [08:16<19:53:16,  1.44s/it]  1%|          | 326/50005 [08:17<19:53:31,  1.44s/it]  1%|          | 327/50005 [08:19<19:52:21,  1.44s/it]  1%|          | 328/50005 [08:20<19:53:51,  1.44s/it]  1%|          | 329/50005 [08:22<19:51:49,  1.44s/it]  1%|          | 330/50005 [08:23<19:53:19,  1.44s/it]  1%|          | 331/50005 [08:24<19:54:41,  1.44s/it]  1%|          | 332/50005 [08:26<19:55:46,  1.44s/it]  1%|          | 333/50005 [08:27<19:55:40,  1.44s/it]  1%|          | 334/50005 [08:29<19:53:26,  1.44s/it]  1%|          | 335/50005 [08:30<19:54:39,  1.44s/it]  1%|          | 336/50005 [08:32<19:55:19,  1.44s/it]  1%|          | 337/50005 [08:33<19:56:35,  1.45s/it]  1%|          | 338/50005 [08:35<19:53:59,  1.44s/it]  1%|          | 339/50005 [08:36<19:55:22,  1.44s/it]  1%|          | 340/50005 [08:37<19:55:12,  1.44s/it]  1%|          | 341/50005 [08:39<19:53:54,  1.44s/it]  1%|          | 342/50005 [08:40<19:53:10,  1.44s/it]  1%|          | 343/50005 [08:42<19:53:05,  1.44s/it]  1%|          | 344/50005 [08:43<19:52:36,  1.44s/it]  1%|          | 345/50005 [08:45<19:52:33,  1.44s/it]  1%|          | 346/50005 [08:46<19:51:12,  1.44s/it]  1%|          | 347/50005 [08:48<19:52:25,  1.44s/it]  1%|          | 348/50005 [08:49<19:53:16,  1.44s/it]  1%|          | 349/50005 [08:50<19:54:14,  1.44s/it]  1%|          | 350/50005 [08:52<19:52:29,  1.44s/it]  1%|          | 351/50005 [08:53<19:53:43,  1.44s/it]  1%|          | 352/50005 [08:55<19:54:13,  1.44s/it]  1%|          | 353/50005 [08:56<19:55:41,  1.44s/it]  1%|          | 354/50005 [08:58<19:56:03,  1.45s/it]  1%|          | 355/50005 [08:59<19:56:06,  1.45s/it]  1%|          | 356/50005 [09:01<19:55:12,  1.44s/it]  1%|          | 357/50005 [09:02<19:52:39,  1.44s/it]  1%|          | 358/50005 [09:03<19:53:02,  1.44s/it]  1%|          | 359/50005 [09:05<19:53:47,  1.44s/it]  1%|          | 360/50005 [09:06<19:54:54,  1.44s/it]  1%|          | 361/50005 [09:08<19:55:07,  1.44s/it]  1%|          | 362/50005 [09:09<19:53:58,  1.44s/it]  1%|          | 363/50005 [09:11<19:54:17,  1.44s/it]  1%|          | 364/50005 [09:12<19:55:02,  1.44s/it]  1%|          | 365/50005 [09:14<19:56:02,  1.45s/it]  1%|          | 366/50005 [09:15<19:55:26,  1.44s/it]  1%|          | 367/50005 [09:16<19:55:37,  1.45s/it]  1%|          | 368/50005 [09:18<19:53:43,  1.44s/it]  1%|          | 369/50005 [09:19<19:52:24,  1.44s/it]  1%|          | 370/50005 [09:21<19:51:12,  1.44s/it]  1%|          | 371/50005 [09:22<19:52:34,  1.44s/it]  1%|          | 372/50005 [09:24<19:51:30,  1.44s/it]  1%|          | 373/50005 [09:25<19:53:15,  1.44s/it]  1%|          | 374/50005 [09:27<19:53:46,  1.44s/it]  1%|          | 375/50005 [09:28<19:53:14,  1.44s/it]  1%|          | 376/50005 [09:29<19:53:02,  1.44s/it]  1%|          | 377/50005 [09:31<19:51:12,  1.44s/it]  1%|          | 378/50005 [09:32<19:50:09,  1.44s/it]  1%|          | 379/50005 [09:34<19:51:50,  1.44s/it]  1%|          | 380/50005 [09:35<19:50:31,  1.44s/it]  1%|          | 381/50005 [09:37<19:51:39,  1.44s/it]  1%|          | 382/50005 [09:38<19:51:53,  1.44s/it]  1%|          | 383/50005 [09:40<19:52:56,  1.44s/it]  1%|          | 384/50005 [09:41<19:54:12,  1.44s/it]  1%|          | 385/50005 [09:42<19:52:21,  1.44s/it]  1%|          | 386/50005 [09:44<19:52:44,  1.44s/it]  1%|          | 387/50005 [09:45<19:51:02,  1.44s/it]  1%|          | 388/50005 [09:47<19:49:21,  1.44s/it]  1%|          | 389/50005 [09:48<19:48:06,  1.44s/it]  1%|          | 390/50005 [09:50<19:48:04,  1.44s/it]  1%|          | 391/50005 [09:51<19:50:19,  1.44s/it]  1%|          | 392/50005 [09:52<19:51:48,  1.44s/it]  1%|          | 393/50005 [09:54<19:50:29,  1.44s/it]  1%|          | 394/50005 [09:55<19:49:37,  1.44s/it]  1%|          | 395/50005 [09:57<19:51:23,  1.44s/it]  1%|          | 396/50005 [09:58<19:49:45,  1.44s/it]  1%|          | 397/50005 [10:00<19:48:42,  1.44s/it]  1%|          | 398/50005 [10:01<19:47:15,  1.44s/it]  1%|          | 399/50005 [10:03<19:49:22,  1.44s/it]  1%|          | 400/50005 [10:04<19:48:49,  1.44s/it]  1%|          | 401/50005 [10:05<19:49:57,  1.44s/it]
Validation:   0%|          | 0/100 [00:00<?, ?it/s][A
Validation:   1%|          | 1/100 [00:11<18:45, 11.37s/it][A
Validation:   2%|▏         | 2/100 [00:11<08:14,  5.05s/it][A
Validation:   3%|▎         | 3/100 [00:12<04:53,  3.02s/it][A
Validation:   4%|▍         | 4/100 [00:13<03:19,  2.07s/it][A
Validation:   5%|▌         | 5/100 [00:13<02:27,  1.55s/it][A
Validation:   6%|▌         | 6/100 [00:14<01:55,  1.23s/it][A
Validation:   7%|▋         | 7/100 [00:15<01:35,  1.03s/it][A
Validation:   8%|▊         | 8/100 [00:15<01:22,  1.12it/s][A
Validation:   9%|▉         | 9/100 [00:16<01:13,  1.24it/s][A
Validation:  10%|█         | 10/100 [00:16<01:07,  1.33it/s][A
Validation:  11%|█         | 11/100 [00:17<01:02,  1.41it/s][A
Validation:  12%|█▏        | 12/100 [00:18<00:59,  1.47it/s][A
Validation:  13%|█▎        | 13/100 [00:18<00:57,  1.51it/s][A
Validation:  14%|█▍        | 14/100 [00:19<00:55,  1.55it/s][A
Validation:  15%|█▌        | 15/100 [00:19<00:54,  1.57it/s][A
Validation:  16%|█▌        | 16/100 [00:20<00:53,  1.58it/s][A
Validation:  17%|█▋        | 17/100 [00:21<00:52,  1.59it/s][A
Validation:  18%|█▊        | 18/100 [00:21<00:51,  1.60it/s][A
Validation:  19%|█▉        | 19/100 [00:22<00:50,  1.61it/s][A
Validation:  20%|██        | 20/100 [00:23<00:49,  1.61it/s][A
Validation:  21%|██        | 21/100 [00:23<00:48,  1.62it/s][A
Validation:  22%|██▏       | 22/100 [00:24<00:48,  1.62it/s][A
Validation:  23%|██▎       | 23/100 [00:24<00:47,  1.62it/s][A
Validation:  24%|██▍       | 24/100 [00:25<00:46,  1.62it/s][A
Validation:  25%|██▌       | 25/100 [00:26<00:46,  1.62it/s][A
Validation:  26%|██▌       | 26/100 [00:26<00:45,  1.62it/s][A
Validation:  27%|██▋       | 27/100 [00:27<00:44,  1.63it/s][A
Validation:  28%|██▊       | 28/100 [00:27<00:44,  1.63it/s][A
Validation:  29%|██▉       | 29/100 [00:28<00:43,  1.63it/s][A
Validation:  30%|███       | 30/100 [00:29<00:43,  1.63it/s][A
Validation:  31%|███       | 31/100 [00:29<00:42,  1.62it/s][A
Validation:  32%|███▏      | 32/100 [00:30<00:41,  1.62it/s][A
Validation:  33%|███▎      | 33/100 [00:31<00:41,  1.63it/s][A
Validation:  34%|███▍      | 34/100 [00:31<00:40,  1.63it/s][A
Validation:  35%|███▌      | 35/100 [00:32<00:39,  1.63it/s][A
Validation:  36%|███▌      | 36/100 [00:32<00:39,  1.62it/s][A
Validation:  37%|███▋      | 37/100 [00:33<00:38,  1.63it/s][A
Validation:  38%|███▊      | 38/100 [00:34<00:38,  1.62it/s][A
Validation:  39%|███▉      | 39/100 [00:34<00:37,  1.62it/s][A
Validation:  40%|████      | 40/100 [00:35<00:36,  1.62it/s][A
Validation:  41%|████      | 41/100 [00:35<00:36,  1.62it/s][A
Validation:  42%|████▏     | 42/100 [00:36<00:35,  1.62it/s][A
Validation:  43%|████▎     | 43/100 [00:37<00:35,  1.62it/s][A
Validation:  44%|████▍     | 44/100 [00:37<00:34,  1.63it/s][A
Validation:  45%|████▌     | 45/100 [00:38<00:33,  1.63it/s][A
Validation:  46%|████▌     | 46/100 [00:39<00:33,  1.62it/s][A
Validation:  47%|████▋     | 47/100 [00:39<00:32,  1.62it/s][A
Validation:  48%|████▊     | 48/100 [00:40<00:32,  1.62it/s][A
Validation:  49%|████▉     | 49/100 [00:40<00:31,  1.62it/s][A
Validation:  50%|█████     | 50/100 [00:41<00:30,  1.62it/s][A
Validation:  51%|█████     | 51/100 [00:42<00:30,  1.62it/s][A
Validation:  52%|█████▏    | 52/100 [00:42<00:29,  1.63it/s][A
Validation:  53%|█████▎    | 53/100 [00:43<00:28,  1.62it/s][A
Validation:  54%|█████▍    | 54/100 [00:44<00:28,  1.63it/s][A
Validation:  55%|█████▌    | 55/100 [00:44<00:27,  1.62it/s][A
Validation:  56%|█████▌    | 56/100 [00:45<00:27,  1.62it/s][A
Validation:  57%|█████▋    | 57/100 [00:45<00:26,  1.62it/s][A
Validation:  58%|█████▊    | 58/100 [00:46<00:25,  1.62it/s][A
Validation:  59%|█████▉    | 59/100 [00:47<00:25,  1.62it/s][A
Validation:  60%|██████    | 60/100 [00:47<00:24,  1.62it/s][A
Validation:  61%|██████    | 61/100 [00:48<00:24,  1.62it/s][A
Validation:  62%|██████▏   | 62/100 [00:48<00:23,  1.62it/s][A
Validation:  63%|██████▎   | 63/100 [00:49<00:22,  1.62it/s][A
Validation:  64%|██████▍   | 64/100 [00:50<00:22,  1.62it/s][A
Validation:  65%|██████▌   | 65/100 [00:50<00:21,  1.63it/s][A
Validation:  66%|██████▌   | 66/100 [00:51<00:20,  1.62it/s][A
Validation:  67%|██████▋   | 67/100 [00:52<00:20,  1.63it/s][A
Validation:  68%|██████▊   | 68/100 [00:52<00:19,  1.63it/s][A
Validation:  69%|██████▉   | 69/100 [00:53<00:19,  1.63it/s][A
Validation:  70%|███████   | 70/100 [00:53<00:18,  1.63it/s][A
Validation:  71%|███████   | 71/100 [00:54<00:17,  1.63it/s][A
Validation:  72%|███████▏  | 72/100 [00:55<00:17,  1.63it/s][A
Validation:  73%|███████▎  | 73/100 [00:55<00:16,  1.62it/s][A
Validation:  74%|███████▍  | 74/100 [00:56<00:16,  1.62it/s][A
Validation:  75%|███████▌  | 75/100 [00:56<00:15,  1.62it/s][A
Validation:  76%|███████▌  | 76/100 [00:57<00:14,  1.63it/s][A
Validation:  77%|███████▋  | 77/100 [00:58<00:14,  1.63it/s][A
Validation:  78%|███████▊  | 78/100 [00:58<00:13,  1.63it/s][A
Validation:  79%|███████▉  | 79/100 [00:59<00:12,  1.63it/s][A
Validation:  80%|████████  | 80/100 [01:00<00:12,  1.62it/s][A
Validation:  81%|████████  | 81/100 [01:00<00:11,  1.62it/s][A
Validation:  82%|████████▏ | 82/100 [01:01<00:11,  1.62it/s][A
Validation:  83%|████████▎ | 83/100 [01:01<00:10,  1.62it/s][A
Validation:  84%|████████▍ | 84/100 [01:02<00:09,  1.62it/s][A
Validation:  85%|████████▌ | 85/100 [01:03<00:09,  1.63it/s][A
Validation:  86%|████████▌ | 86/100 [01:03<00:08,  1.62it/s][A
Validation:  87%|████████▋ | 87/100 [01:04<00:07,  1.63it/s][A
Validation:  88%|████████▊ | 88/100 [01:04<00:07,  1.62it/s][A
Validation:  89%|████████▉ | 89/100 [01:05<00:06,  1.62it/s][A
Validation:  90%|█████████ | 90/100 [01:06<00:06,  1.62it/s][A
Validation:  91%|█████████ | 91/100 [01:06<00:05,  1.63it/s][A
Validation:  92%|█████████▏| 92/100 [01:07<00:04,  1.63it/s][A
Validation:  93%|█████████▎| 93/100 [01:08<00:04,  1.63it/s][A
Validation:  94%|█████████▍| 94/100 [01:08<00:03,  1.63it/s][A
Validation:  95%|█████████▌| 95/100 [01:09<00:03,  1.63it/s][A
Validation:  96%|█████████▌| 96/100 [01:09<00:02,  1.62it/s][A
Validation:  97%|█████████▋| 97/100 [01:10<00:01,  1.63it/s][A
Validation:  98%|█████████▊| 98/100 [01:11<00:01,  1.63it/s][A
Validation:  99%|█████████▉| 99/100 [01:11<00:00,  1.63it/s][A
Validation: 100%|██████████| 100/100 [01:12<00:00,  1.63it/s][A
                                                             [A  1%|          | 402/50005 [11:19<319:41:15, 23.20s/it]  1%|          | 403/50005 [11:21<229:42:59, 16.67s/it]  1%|          | 404/50005 [11:22<166:46:25, 12.10s/it]  1%|          | 405/50005 [11:24<122:40:09,  8.90s/it]  1%|          | 406/50005 [11:25<91:50:40,  6.67s/it]   1%|          | 407/50005 [11:27<70:14:33,  5.10s/it]  1%|          | 408/50005 [11:28<55:07:56,  4.00s/it]  1%|          | 409/50005 [11:29<44:30:28,  3.23s/it]  1%|          | 410/50005 [11:31<37:03:58,  2.69s/it]  1%|          | 411/50005 [11:32<31:54:44,  2.32s/it]  1%|          | 412/50005 [11:34<28:17:52,  2.05s/it]  1%|          | 413/50005 [11:35<25:46:18,  1.87s/it]  1%|          | 414/50005 [11:37<23:58:04,  1.74s/it]  1%|          | 415/50005 [11:38<22:44:24,  1.65s/it]  1%|          | 416/50005 [11:40<21:53:12,  1.59s/it]  1%|          | 417/50005 [11:41<21:16:47,  1.54s/it]  1%|          | 418/50005 [11:42<20:52:48,  1.52s/it]  1%|          | 419/50005 [11:44<20:32:49,  1.49s/it]  1%|          | 420/50005 [11:45<20:20:53,  1.48s/it]  1%|          | 421/50005 [11:47<20:10:24,  1.46s/it]  1%|          | 422/50005 [11:48<20:05:29,  1.46s/it]  1%|          | 423/50005 [11:50<20:02:06,  1.45s/it]  1%|          | 424/50005 [11:51<19:57:21,  1.45s/it]  1%|          | 425/50005 [11:53<19:55:48,  1.45s/it]  1%|          | 426/50005 [11:54<19:55:43,  1.45s/it]  1%|          | 427/50005 [11:55<19:54:55,  1.45s/it]  1%|          | 428/50005 [11:57<19:54:14,  1.45s/it]  1%|          | 429/50005 [11:58<19:53:46,  1.44s/it]  1%|          | 430/50005 [12:00<19:53:02,  1.44s/it]  1%|          | 431/50005 [12:01<19:52:49,  1.44s/it]  1%|          | 432/50005 [12:03<19:51:03,  1.44s/it]  1%|          | 433/50005 [12:04<19:51:32,  1.44s/it]  1%|          | 434/50005 [12:06<19:52:15,  1.44s/it]  1%|          | 435/50005 [12:07<19:52:03,  1.44s/it]  1%|          | 436/50005 [12:08<19:50:02,  1.44s/it]  1%|          | 437/50005 [12:10<19:51:16,  1.44s/it]  1%|          | 438/50005 [12:11<19:51:31,  1.44s/it]  1%|          | 439/50005 [12:13<19:52:28,  1.44s/it]  1%|          | 440/50005 [12:14<19:49:56,  1.44s/it]  1%|          | 441/50005 [12:16<19:50:52,  1.44s/it]  1%|          | 442/50005 [12:17<19:52:36,  1.44s/it]  1%|          | 443/50005 [12:18<19:50:12,  1.44s/it]  1%|          | 444/50005 [12:20<19:50:19,  1.44s/it]  1%|          | 445/50005 [12:21<19:48:16,  1.44s/it]  1%|          | 446/50005 [12:23<19:48:15,  1.44s/it]  1%|          | 447/50005 [12:24<19:47:43,  1.44s/it]  1%|          | 448/50005 [12:26<19:49:41,  1.44s/it]  1%|          | 449/50005 [12:27<19:50:44,  1.44s/it]  1%|          | 450/50005 [12:29<19:52:03,  1.44s/it]  1%|          | 451/50005 [12:30<19:52:04,  1.44s/it]  1%|          | 452/50005 [12:31<19:51:34,  1.44s/it]  1%|          | 453/50005 [12:33<19:49:35,  1.44s/it]  1%|          | 454/50005 [12:34<19:47:54,  1.44s/it]  1%|          | 455/50005 [12:36<19:46:48,  1.44s/it]  1%|          | 456/50005 [12:37<19:46:21,  1.44s/it]  1%|          | 457/50005 [12:39<19:48:38,  1.44s/it]  1%|          | 458/50005 [12:40<19:48:10,  1.44s/it]  1%|          | 459/50005 [12:42<19:48:54,  1.44s/it]  1%|          | 460/50005 [12:43<19:48:40,  1.44s/it]  1%|          | 461/50005 [12:44<19:49:42,  1.44s/it]  1%|          | 462/50005 [12:46<19:50:28,  1.44s/it]  1%|          | 463/50005 [12:47<19:47:41,  1.44s/it]  1%|          | 464/50005 [12:49<19:46:20,  1.44s/it]  1%|          | 465/50005 [12:50<19:45:26,  1.44s/it]  1%|          | 466/50005 [12:52<19:46:10,  1.44s/it]  1%|          | 467/50005 [12:53<19:48:20,  1.44s/it]  1%|          | 468/50005 [12:54<19:47:45,  1.44s/it]  1%|          | 469/50005 [12:56<19:48:26,  1.44s/it]  1%|          | 470/50005 [12:57<19:47:06,  1.44s/it]  1%|          | 471/50005 [12:59<19:48:26,  1.44s/it]  1%|          | 472/50005 [13:00<19:50:29,  1.44s/it]  1%|          | 473/50005 [13:02<19:50:26,  1.44s/it]  1%|          | 474/50005 [13:03<19:49:54,  1.44s/it]  1%|          | 475/50005 [13:05<19:48:28,  1.44s/it]  1%|          | 476/50005 [13:06<19:47:44,  1.44s/it]  1%|          | 477/50005 [13:07<19:48:55,  1.44s/it]  1%|          | 478/50005 [13:09<19:49:26,  1.44s/it]  1%|          | 479/50005 [13:10<19:49:57,  1.44s/it]  1%|          | 480/50005 [13:12<19:47:52,  1.44s/it]  1%|          | 481/50005 [13:13<19:45:04,  1.44s/it]  1%|          | 482/50005 [13:15<19:44:21,  1.43s/it]  1%|          | 483/50005 [13:16<19:44:13,  1.43s/it]  1%|          | 484/50005 [13:17<19:45:28,  1.44s/it]  1%|          | 485/50005 [13:19<19:47:47,  1.44s/it]  1%|          | 486/50005 [13:20<19:49:56,  1.44s/it]  1%|          | 487/50005 [13:22<19:49:09,  1.44s/it]  1%|          | 488/50005 [13:23<19:47:25,  1.44s/it]  1%|          | 489/50005 [13:25<19:47:52,  1.44s/it]  1%|          | 490/50005 [13:26<19:47:12,  1.44s/it]  1%|          | 491/50005 [13:28<19:45:24,  1.44s/it]  1%|          | 492/50005 [13:29<19:47:24,  1.44s/it]  1%|          | 493/50005 [13:30<19:46:58,  1.44s/it]  1%|          | 494/50005 [13:32<19:45:22,  1.44s/it]  1%|          | 495/50005 [13:33<19:44:19,  1.44s/it]  1%|          | 496/50005 [13:35<19:47:22,  1.44s/it]  1%|          | 497/50005 [13:36<19:46:41,  1.44s/it]  1%|          | 498/50005 [13:38<19:48:00,  1.44s/it]  1%|          | 499/50005 [13:39<19:48:50,  1.44s/it]  1%|          | 500/50005 [13:41<19:48:03,  1.44s/it]  1%|          | 501/50005 [13:42<19:48:41,  1.44s/it]  1%|          | 502/50005 [13:43<19:47:51,  1.44s/it]  1%|          | 503/50005 [13:45<19:48:33,  1.44s/it]  1%|          | 504/50005 [13:46<19:50:27,  1.44s/it]  1%|          | 505/50005 [13:48<19:48:27,  1.44s/it]  1%|          | 506/50005 [13:49<19:49:54,  1.44s/it]  1%|          | 507/50005 [13:51<19:50:23,  1.44s/it]  1%|          | 508/50005 [13:52<19:49:07,  1.44s/it]  1%|          | 509/50005 [13:53<19:49:37,  1.44s/it]  1%|          | 510/50005 [13:55<19:49:58,  1.44s/it]  1%|          | 511/50005 [13:56<19:50:08,  1.44s/it]  1%|          | 512/50005 [13:58<19:50:58,  1.44s/it]  1%|          | 513/50005 [13:59<19:48:41,  1.44s/it]  1%|          | 514/50005 [14:01<19:50:35,  1.44s/it]  1%|          | 515/50005 [14:02<19:50:27,  1.44s/it]  1%|          | 516/50005 [14:04<19:48:48,  1.44s/it]  1%|          | 517/50005 [14:05<19:47:02,  1.44s/it]  1%|          | 518/50005 [14:06<19:48:03,  1.44s/it]  1%|          | 519/50005 [14:08<19:48:29,  1.44s/it]  1%|          | 520/50005 [14:09<19:46:54,  1.44s/it]  1%|          | 521/50005 [14:11<19:48:00,  1.44s/it]  1%|          | 522/50005 [14:12<19:49:09,  1.44s/it]  1%|          | 523/50005 [14:14<19:47:45,  1.44s/it]  1%|          | 524/50005 [14:15<19:48:02,  1.44s/it]  1%|          | 525/50005 [14:17<19:48:46,  1.44s/it]  1%|          | 526/50005 [14:18<19:50:04,  1.44s/it]  1%|          | 527/50005 [14:19<19:50:36,  1.44s/it]  1%|          | 528/50005 [14:21<19:51:38,  1.45s/it]  1%|          | 529/50005 [14:22<19:50:52,  1.44s/it]  1%|          | 530/50005 [14:24<19:50:59,  1.44s/it]  1%|          | 531/50005 [14:25<19:51:49,  1.45s/it]  1%|          | 532/50005 [14:27<19:52:17,  1.45s/it]  1%|          | 533/50005 [14:28<19:52:15,  1.45s/it]  1%|          | 534/50005 [14:30<19:49:36,  1.44s/it]  1%|          | 535/50005 [14:31<19:50:28,  1.44s/it]  1%|          | 536/50005 [14:32<19:50:18,  1.44s/it]  1%|          | 537/50005 [14:34<19:48:01,  1.44s/it]  1%|          | 538/50005 [14:35<19:45:58,  1.44s/it]  1%|          | 539/50005 [14:37<19:44:19,  1.44s/it]  1%|          | 540/50005 [14:38<19:45:38,  1.44s/it]  1%|          | 541/50005 [14:40<19:46:57,  1.44s/it]  1%|          | 542/50005 [14:41<19:47:49,  1.44s/it]  1%|          | 543/50005 [14:43<19:49:38,  1.44s/it]  1%|          | 544/50005 [14:44<19:48:58,  1.44s/it]  1%|          | 545/50005 [14:45<19:49:42,  1.44s/it]  1%|          | 546/50005 [14:47<19:46:29,  1.44s/it]  1%|          | 547/50005 [14:48<19:45:52,  1.44s/it]  1%|          | 548/50005 [14:50<19:46:59,  1.44s/it]  1%|          | 549/50005 [14:51<19:48:18,  1.44s/it]  1%|          | 550/50005 [14:53<19:46:18,  1.44s/it]  1%|          | 551/50005 [14:54<19:47:57,  1.44s/it]  1%|          | 552/50005 [14:55<19:46:20,  1.44s/it]  1%|          | 553/50005 [14:57<19:49:15,  1.44s/it]  1%|          | 554/50005 [14:58<19:49:13,  1.44s/it]  1%|          | 555/50005 [15:00<19:49:27,  1.44s/it]  1%|          | 556/50005 [15:01<19:49:28,  1.44s/it]  1%|          | 557/50005 [15:03<19:47:35,  1.44s/it]  1%|          | 558/50005 [15:04<19:45:36,  1.44s/it]  1%|          | 559/50005 [15:06<19:46:51,  1.44s/it]  1%|          | 560/50005 [15:07<19:47:01,  1.44s/it]  1%|          | 561/50005 [15:08<19:45:33,  1.44s/it]  1%|          | 562/50005 [15:10<19:44:12,  1.44s/it]  1%|          | 563/50005 [15:11<19:43:27,  1.44s/it]  1%|          | 564/50005 [15:13<19:42:00,  1.43s/it]  1%|          | 565/50005 [15:14<19:42:19,  1.43s/it]  1%|          | 566/50005 [15:16<19:45:08,  1.44s/it]  1%|          | 567/50005 [15:17<19:46:09,  1.44s/it]  1%|          | 568/50005 [15:19<19:47:19,  1.44s/it]  1%|          | 569/50005 [15:20<19:47:19,  1.44s/it]  1%|          | 570/50005 [15:21<19:48:42,  1.44s/it]  1%|          | 571/50005 [15:23<19:50:07,  1.44s/it]  1%|          | 572/50005 [15:24<19:49:56,  1.44s/it]  1%|          | 573/50005 [15:26<19:50:29,  1.44s/it]  1%|          | 574/50005 [15:27<19:47:53,  1.44s/it]  1%|          | 575/50005 [15:29<19:47:01,  1.44s/it]  1%|          | 576/50005 [15:30<19:45:41,  1.44s/it]  1%|          | 577/50005 [15:31<19:46:08,  1.44s/it]  1%|          | 578/50005 [15:33<19:47:16,  1.44s/it]  1%|          | 579/50005 [15:34<19:47:56,  1.44s/it]  1%|          | 580/50005 [15:36<19:47:26,  1.44s/it]  1%|          | 581/50005 [15:37<19:48:15,  1.44s/it]  1%|          | 582/50005 [15:39<19:48:34,  1.44s/it]  1%|          | 583/50005 [15:40<19:47:21,  1.44s/it]  1%|          | 584/50005 [15:42<19:47:28,  1.44s/it]  1%|          | 585/50005 [15:43<19:48:48,  1.44s/it]  1%|          | 586/50005 [15:44<19:48:07,  1.44s/it]  1%|          | 587/50005 [15:46<19:49:11,  1.44s/it]  1%|          | 588/50005 [15:47<19:46:36,  1.44s/it]  1%|          | 589/50005 [15:49<19:47:23,  1.44s/it]  1%|          | 590/50005 [15:50<19:45:57,  1.44s/it]  1%|          | 591/50005 [15:52<19:44:21,  1.44s/it]  1%|          | 592/50005 [15:53<19:43:05,  1.44s/it]  1%|          | 593/50005 [15:55<19:45:09,  1.44s/it]  1%|          | 594/50005 [15:56<19:47:04,  1.44s/it]  1%|          | 595/50005 [15:57<19:45:57,  1.44s/it]  1%|          | 596/50005 [15:59<19:46:49,  1.44s/it]  1%|          | 597/50005 [16:00<19:48:34,  1.44s/it]  1%|          | 598/50005 [16:02<19:46:25,  1.44s/it]  1%|          | 599/50005 [16:03<19:45:33,  1.44s/it]  1%|          | 600/50005 [16:05<19:46:42,  1.44s/it]  1%|          | 601/50005 [16:06<19:44:41,  1.44s/it]  1%|          | 602/50005 [16:08<19:43:17,  1.44s/it]  1%|          | 603/50005 [16:09<19:45:39,  1.44s/it]  1%|          | 604/50005 [16:10<19:46:42,  1.44s/it]  1%|          | 605/50005 [16:12<19:46:36,  1.44s/it]  1%|          | 606/50005 [16:13<19:46:16,  1.44s/it]  1%|          | 607/50005 [16:15<19:47:58,  1.44s/it]  1%|          | 608/50005 [16:16<19:46:29,  1.44s/it]  1%|          | 609/50005 [16:18<19:45:37,  1.44s/it]  1%|          | 610/50005 [16:19<19:46:15,  1.44s/it]  1%|          | 611/50005 [16:20<19:47:21,  1.44s/it]  1%|          | 612/50005 [16:22<19:48:23,  1.44s/it]  1%|          | 613/50005 [16:23<19:49:46,  1.45s/it]  1%|          | 614/50005 [16:25<19:50:11,  1.45s/it]  1%|          | 615/50005 [16:26<19:48:18,  1.44s/it]  1%|          | 616/50005 [16:28<19:48:50,  1.44s/it]  1%|          | 617/50005 [16:29<19:48:34,  1.44s/it]  1%|          | 618/50005 [16:31<19:49:14,  1.44s/it]  1%|          | 619/50005 [16:32<19:49:36,  1.45s/it]  1%|          | 620/50005 [16:34<19:49:06,  1.44s/it]  1%|          | 621/50005 [16:35<19:48:26,  1.44s/it]  1%|          | 622/50005 [16:36<19:48:59,  1.44s/it]  1%|          | 623/50005 [16:38<19:48:47,  1.44s/it]  1%|          | 624/50005 [16:39<19:45:57,  1.44s/it]  1%|          | 625/50005 [16:41<19:47:30,  1.44s/it]  1%|▏         | 626/50005 [16:42<19:46:56,  1.44s/it]  1%|▏         | 627/50005 [16:44<19:48:09,  1.44s/it]  1%|▏         | 628/50005 [16:45<19:45:53,  1.44s/it]  1%|▏         | 629/50005 [16:46<19:46:22,  1.44s/it]  1%|▏         | 630/50005 [16:48<19:44:07,  1.44s/it]  1%|▏         | 631/50005 [16:49<19:45:30,  1.44s/it]  1%|▏         | 632/50005 [16:51<19:47:13,  1.44s/it]  1%|▏         | 633/50005 [16:52<19:47:20,  1.44s/it]  1%|▏         | 634/50005 [16:54<19:47:51,  1.44s/it]  1%|▏         | 635/50005 [16:55<19:48:41,  1.44s/it]  1%|▏         | 636/50005 [16:57<19:45:38,  1.44s/it]  1%|▏         | 637/50005 [16:58<19:43:53,  1.44s/it]  1%|▏         | 638/50005 [16:59<19:46:07,  1.44s/it]  1%|▏         | 639/50005 [17:01<19:45:52,  1.44s/it]  1%|▏         | 640/50005 [17:02<19:46:36,  1.44s/it]  1%|▏         | 641/50005 [17:04<19:47:28,  1.44s/it]  1%|▏         | 642/50005 [17:05<19:48:42,  1.44s/it]  1%|▏         | 643/50005 [17:07<19:48:43,  1.44s/it]  1%|▏         | 644/50005 [17:08<19:49:22,  1.45s/it]  1%|▏         | 645/50005 [17:10<19:47:42,  1.44s/it]  1%|▏         | 646/50005 [17:11<19:45:14,  1.44s/it]  1%|▏         | 647/50005 [17:12<19:46:49,  1.44s/it]  1%|▏         | 648/50005 [17:14<19:45:02,  1.44s/it]  1%|▏         | 649/50005 [17:15<19:43:05,  1.44s/it]  1%|▏         | 650/50005 [17:17<19:44:27,  1.44s/it]  1%|▏         | 651/50005 [17:18<19:45:53,  1.44s/it]  1%|▏         | 652/50005 [17:20<19:45:47,  1.44s/it]  1%|▏         | 653/50005 [17:21<19:45:00,  1.44s/it]  1%|▏         | 654/50005 [17:23<19:45:29,  1.44s/it]  1%|▏         | 655/50005 [17:24<19:45:42,  1.44s/it]  1%|▏         | 656/50005 [17:25<19:46:45,  1.44s/it]  1%|▏         | 657/50005 [17:27<19:44:20,  1.44s/it]  1%|▏         | 658/50005 [17:28<19:45:46,  1.44s/it]  1%|▏         | 659/50005 [17:30<19:45:52,  1.44s/it]  1%|▏         | 660/50005 [17:31<19:46:35,  1.44s/it]  1%|▏         | 661/50005 [17:33<19:45:14,  1.44s/it]  1%|▏         | 662/50005 [17:34<19:43:23,  1.44s/it]  1%|▏         | 663/50005 [17:35<19:44:06,  1.44s/it]  1%|▏         | 664/50005 [17:37<19:45:26,  1.44s/it]  1%|▏         | 665/50005 [17:38<19:46:47,  1.44s/it]  1%|▏         | 666/50005 [17:40<19:47:55,  1.44s/it]  1%|▏         | 667/50005 [17:41<19:43:29,  1.44s/it]  1%|▏         | 668/50005 [17:43<19:43:22,  1.44s/it]  1%|▏         | 669/50005 [17:44<19:45:11,  1.44s/it]  1%|▏         | 670/50005 [17:46<19:45:30,  1.44s/it]  1%|▏         | 671/50005 [17:47<19:46:52,  1.44s/it]  1%|▏         | 672/50005 [17:48<19:47:15,  1.44s/it]  1%|▏         | 673/50005 [17:50<19:48:09,  1.45s/it]  1%|▏         | 674/50005 [17:51<19:45:54,  1.44s/it]  1%|▏         | 675/50005 [17:53<19:44:15,  1.44s/it]  1%|▏         | 676/50005 [17:54<19:45:01,  1.44s/it]  1%|▏         | 677/50005 [17:56<19:45:54,  1.44s/it]  1%|▏         | 678/50005 [17:57<19:46:30,  1.44s/it]  1%|▏         | 679/50005 [17:59<19:47:01,  1.44s/it]  1%|▏         | 680/50005 [18:00<19:45:04,  1.44s/it]  1%|▏         | 681/50005 [18:01<19:42:08,  1.44s/it]  1%|▏         | 682/50005 [18:03<19:44:17,  1.44s/it]  1%|▏         | 683/50005 [18:04<19:43:17,  1.44s/it]  1%|▏         | 684/50005 [18:06<19:42:35,  1.44s/it]  1%|▏         | 685/50005 [18:07<19:44:35,  1.44s/it]  1%|▏         | 686/50005 [18:09<19:44:52,  1.44s/it]  1%|▏         | 687/50005 [18:10<19:45:15,  1.44s/it]  1%|▏         | 688/50005 [18:12<19:44:06,  1.44s/it]  1%|▏         | 689/50005 [18:13<19:45:53,  1.44s/it]  1%|▏         | 690/50005 [18:14<19:46:38,  1.44s/it]  1%|▏         | 691/50005 [18:16<19:47:06,  1.44s/it]  1%|▏         | 692/50005 [18:17<19:47:00,  1.44s/it]  1%|▏         | 693/50005 [18:19<19:45:13,  1.44s/it]  1%|▏         | 694/50005 [18:20<19:46:29,  1.44s/it]  1%|▏         | 695/50005 [18:22<19:47:32,  1.44s/it]  1%|▏         | 696/50005 [18:23<19:46:52,  1.44s/it]  1%|▏         | 697/50005 [18:25<19:48:01,  1.45s/it]  1%|▏         | 698/50005 [18:26<19:44:47,  1.44s/it]  1%|▏         | 699/50005 [18:27<19:45:03,  1.44s/it]  1%|▏         | 700/50005 [18:29<19:45:16,  1.44s/it]  1%|▏         | 701/50005 [18:30<19:45:17,  1.44s/it]  1%|▏         | 702/50005 [18:32<19:44:42,  1.44s/it]  1%|▏         | 703/50005 [18:33<19:45:40,  1.44s/it]  1%|▏         | 704/50005 [18:35<19:43:42,  1.44s/it]  1%|▏         | 705/50005 [18:36<19:42:56,  1.44s/it]  1%|▏         | 706/50005 [18:38<19:41:49,  1.44s/it]  1%|▏         | 707/50005 [18:39<19:41:30,  1.44s/it]  1%|▏         | 708/50005 [18:40<19:41:26,  1.44s/it]  1%|▏         | 709/50005 [18:42<19:42:37,  1.44s/it]  1%|▏         | 710/50005 [18:43<19:42:36,  1.44s/it]  1%|▏         | 711/50005 [18:45<19:43:19,  1.44s/it]  1%|▏         | 712/50005 [18:46<19:42:33,  1.44s/it]  1%|▏         | 713/50005 [18:48<19:40:53,  1.44s/it]  1%|▏         | 714/50005 [18:49<19:42:42,  1.44s/it]  1%|▏         | 715/50005 [18:50<19:44:05,  1.44s/it]  1%|▏         | 716/50005 [18:52<19:44:20,  1.44s/it]  1%|▏         | 717/50005 [18:53<19:44:26,  1.44s/it]  1%|▏         | 718/50005 [18:55<19:45:01,  1.44s/it]  1%|▏         | 719/50005 [18:56<19:43:48,  1.44s/it]  1%|▏         | 720/50005 [18:58<19:43:00,  1.44s/it]  1%|▏         | 721/50005 [18:59<19:41:36,  1.44s/it]  1%|▏         | 722/50005 [19:01<19:42:44,  1.44s/it]  1%|▏         | 723/50005 [19:02<19:44:34,  1.44s/it]  1%|▏         | 724/50005 [19:03<19:43:30,  1.44s/it]  1%|▏         | 725/50005 [19:05<19:44:51,  1.44s/it]  1%|▏         | 726/50005 [19:06<19:43:25,  1.44s/it]  1%|▏         | 727/50005 [19:08<19:44:14,  1.44s/it]  1%|▏         | 728/50005 [19:09<19:45:14,  1.44s/it]  1%|▏         | 729/50005 [19:11<19:46:39,  1.44s/it]  1%|▏         | 730/50005 [19:12<19:45:37,  1.44s/it]  1%|▏         | 731/50005 [19:14<19:43:42,  1.44s/it]  1%|▏         | 732/50005 [19:15<19:45:19,  1.44s/it]  1%|▏         | 733/50005 [19:16<19:45:42,  1.44s/it]  1%|▏         | 734/50005 [19:18<19:45:15,  1.44s/it]  1%|▏         | 735/50005 [19:19<19:45:21,  1.44s/it]  1%|▏         | 736/50005 [19:21<19:45:19,  1.44s/it]  1%|▏         | 737/50005 [19:22<19:45:19,  1.44s/it]  1%|▏         | 738/50005 [19:24<19:44:17,  1.44s/it]  1%|▏         | 739/50005 [19:25<19:45:20,  1.44s/it]  1%|▏         | 740/50005 [19:27<19:44:18,  1.44s/it]  1%|▏         | 741/50005 [19:28<19:44:41,  1.44s/it]  1%|▏         | 742/50005 [19:29<19:45:46,  1.44s/it]  1%|▏         | 743/50005 [19:31<19:46:07,  1.44s/it]  1%|▏         | 744/50005 [19:32<19:46:35,  1.45s/it]  1%|▏         | 745/50005 [19:34<19:46:27,  1.45s/it]  1%|▏         | 746/50005 [19:35<19:44:14,  1.44s/it]  1%|▏         | 747/50005 [19:37<19:44:37,  1.44s/it]  1%|▏         | 748/50005 [19:38<19:44:36,  1.44s/it]  1%|▏         | 749/50005 [19:40<19:45:00,  1.44s/it]  1%|▏         | 750/50005 [19:41<19:45:58,  1.44s/it]  2%|▏         | 751/50005 [19:42<19:44:22,  1.44s/it]  2%|▏         | 752/50005 [19:44<19:44:50,  1.44s/it]  2%|▏         | 753/50005 [19:45<19:45:41,  1.44s/it]  2%|▏         | 754/50005 [19:47<19:46:19,  1.45s/it]  2%|▏         | 755/50005 [19:48<19:46:35,  1.45s/it]  2%|▏         | 756/50005 [19:50<19:43:33,  1.44s/it]  2%|▏         | 757/50005 [19:51<19:44:22,  1.44s/it]  2%|▏         | 758/50005 [19:53<19:45:57,  1.44s/it]  2%|▏         | 759/50005 [19:54<19:45:34,  1.44s/it]  2%|▏         | 760/50005 [19:55<19:45:58,  1.44s/it]  2%|▏         | 761/50005 [19:57<19:43:11,  1.44s/it]  2%|▏         | 762/50005 [19:58<19:44:40,  1.44s/it]  2%|▏         | 763/50005 [20:00<19:44:19,  1.44s/it]  2%|▏         | 764/50005 [20:01<19:44:15,  1.44s/it]  2%|▏         | 765/50005 [20:03<19:43:54,  1.44s/it]  2%|▏         | 766/50005 [20:04<19:44:43,  1.44s/it]  2%|▏         | 767/50005 [20:05<19:42:09,  1.44s/it]  2%|▏         | 768/50005 [20:07<19:41:24,  1.44s/it]  2%|▏         | 769/50005 [20:08<19:40:24,  1.44s/it]  2%|▏         | 770/50005 [20:10<19:39:25,  1.44s/it]  2%|▏         | 771/50005 [20:11<19:39:29,  1.44s/it]  2%|▏         | 772/50005 [20:13<19:41:49,  1.44s/it]  2%|▏         | 773/50005 [20:14<19:42:33,  1.44s/it]  2%|▏         | 774/50005 [20:16<19:41:50,  1.44s/it]  2%|▏         | 775/50005 [20:17<19:43:00,  1.44s/it]  2%|▏         | 776/50005 [20:18<19:42:28,  1.44s/it]  2%|▏         | 777/50005 [20:20<19:42:53,  1.44s/it]  2%|▏         | 778/50005 [20:21<19:40:46,  1.44s/it]  2%|▏         | 779/50005 [20:23<19:39:13,  1.44s/it]  2%|▏         | 780/50005 [20:24<19:41:19,  1.44s/it]  2%|▏         | 781/50005 [20:26<19:40:19,  1.44s/it]  2%|▏         | 782/50005 [20:27<19:42:35,  1.44s/it]  2%|▏         | 783/50005 [20:29<19:43:26,  1.44s/it]  2%|▏         | 784/50005 [20:30<19:44:25,  1.44s/it]  2%|▏         | 785/50005 [20:31<19:42:53,  1.44s/it]  2%|▏         | 786/50005 [20:33<19:42:18,  1.44s/it]  2%|▏         | 787/50005 [20:34<19:40:06,  1.44s/it]  2%|▏         | 788/50005 [20:36<19:39:43,  1.44s/it]  2%|▏         | 789/50005 [20:37<19:40:45,  1.44s/it]  2%|▏         | 790/50005 [20:39<19:39:29,  1.44s/it]  2%|▏         | 791/50005 [20:40<19:41:48,  1.44s/it]  2%|▏         | 792/50005 [20:41<19:40:38,  1.44s/it]  2%|▏         | 793/50005 [20:43<19:39:51,  1.44s/it]  2%|▏         | 794/50005 [20:44<19:40:43,  1.44s/it]  2%|▏         | 795/50005 [20:46<19:42:04,  1.44s/it]  2%|▏         | 796/50005 [20:47<19:41:08,  1.44s/it]  2%|▏         | 797/50005 [20:49<19:41:44,  1.44s/it]  2%|▏         | 798/50005 [20:50<19:41:04,  1.44s/it]  2%|▏         | 799/50005 [20:52<19:41:08,  1.44s/it]  2%|▏         | 800/50005 [20:53<19:39:34,  1.44s/it]  2%|▏         | 801/50005 [20:54<19:39:13,  1.44s/it]
Validation:   0%|          | 0/100 [00:00<?, ?it/s][A
Validation:   1%|          | 1/100 [00:01<01:40,  1.01s/it][A
Validation:   2%|▏         | 2/100 [00:01<01:16,  1.28it/s][A
Validation:   3%|▎         | 3/100 [00:02<01:08,  1.42it/s][A
Validation:   4%|▍         | 4/100 [00:02<01:04,  1.49it/s][A
Validation:   5%|▌         | 5/100 [00:03<01:01,  1.53it/s][A
Validation:   6%|▌         | 6/100 [00:04<01:00,  1.56it/s][A
Validation:   7%|▋         | 7/100 [00:04<00:58,  1.58it/s][A
Validation:   8%|▊         | 8/100 [00:05<00:57,  1.59it/s][A
Validation:   9%|▉         | 9/100 [00:05<00:56,  1.60it/s][A
Validation:  10%|█         | 10/100 [00:06<00:56,  1.60it/s][A
Validation:  11%|█         | 11/100 [00:07<00:55,  1.61it/s][A
Validation:  12%|█▏        | 12/100 [00:07<00:54,  1.61it/s][A
Validation:  13%|█▎        | 13/100 [00:08<00:53,  1.61it/s][A
Validation:  14%|█▍        | 14/100 [00:09<00:53,  1.62it/s][A
Validation:  15%|█▌        | 15/100 [00:09<00:52,  1.62it/s][A
Validation:  16%|█▌        | 16/100 [00:10<00:51,  1.62it/s][A
Validation:  17%|█▋        | 17/100 [00:10<00:51,  1.62it/s][A
Validation:  18%|█▊        | 18/100 [00:11<00:50,  1.62it/s][A
Validation:  19%|█▉        | 19/100 [00:12<00:50,  1.62it/s][A
Validation:  20%|██        | 20/100 [00:12<00:49,  1.62it/s][A
Validation:  21%|██        | 21/100 [00:13<00:48,  1.62it/s][A
Validation:  22%|██▏       | 22/100 [00:13<00:48,  1.62it/s][A
Validation:  23%|██▎       | 23/100 [00:14<00:47,  1.63it/s][A
Validation:  24%|██▍       | 24/100 [00:15<00:46,  1.62it/s][A
Validation:  25%|██▌       | 25/100 [00:15<00:46,  1.63it/s][A
Validation:  26%|██▌       | 26/100 [00:16<00:45,  1.62it/s][A
Validation:  27%|██▋       | 27/100 [00:17<00:44,  1.62it/s][A
Validation:  28%|██▊       | 28/100 [00:17<00:44,  1.62it/s][A
Validation:  29%|██▉       | 29/100 [00:18<00:43,  1.62it/s][A
Validation:  30%|███       | 30/100 [00:18<00:43,  1.62it/s][A
Validation:  31%|███       | 31/100 [00:19<00:42,  1.62it/s][A
Validation:  32%|███▏      | 32/100 [00:20<00:42,  1.62it/s][A
Validation:  33%|███▎      | 33/100 [00:20<00:41,  1.62it/s][A
Validation:  34%|███▍      | 34/100 [00:21<00:40,  1.62it/s][A
Validation:  35%|███▌      | 35/100 [00:21<00:40,  1.62it/s][A
Validation:  36%|███▌      | 36/100 [00:22<00:39,  1.62it/s][A
Validation:  37%|███▋      | 37/100 [00:23<00:38,  1.62it/s][A
Validation:  38%|███▊      | 38/100 [00:23<00:38,  1.62it/s][A
Validation:  39%|███▉      | 39/100 [00:24<00:37,  1.62it/s][A
Validation:  40%|████      | 40/100 [00:25<00:36,  1.62it/s][A
Validation:  41%|████      | 41/100 [00:25<00:36,  1.62it/s][A
Validation:  42%|████▏     | 42/100 [00:26<00:35,  1.62it/s][A
Validation:  43%|████▎     | 43/100 [00:26<00:35,  1.62it/s][A
Validation:  44%|████▍     | 44/100 [00:27<00:34,  1.63it/s][A
Validation:  45%|████▌     | 45/100 [00:28<00:33,  1.62it/s][A
Validation:  46%|████▌     | 46/100 [00:28<00:33,  1.62it/s][A
Validation:  47%|████▋     | 47/100 [00:29<00:32,  1.62it/s][A
Validation:  48%|████▊     | 48/100 [00:30<00:32,  1.62it/s][A
Validation:  49%|████▉     | 49/100 [00:30<00:31,  1.62it/s][A
Validation:  50%|█████     | 50/100 [00:31<00:30,  1.62it/s][A
Validation:  51%|█████     | 51/100 [00:31<00:30,  1.62it/s][A
Validation:  52%|█████▏    | 52/100 [00:32<00:29,  1.62it/s][A
Validation:  53%|█████▎    | 53/100 [00:33<00:28,  1.62it/s][A
Validation:  54%|█████▍    | 54/100 [00:33<00:28,  1.62it/s][A
Validation:  55%|█████▌    | 55/100 [00:34<00:27,  1.62it/s][A
Validation:  56%|█████▌    | 56/100 [00:34<00:27,  1.62it/s][A
Validation:  57%|█████▋    | 57/100 [00:35<00:26,  1.62it/s][A
Validation:  58%|█████▊    | 58/100 [00:36<00:25,  1.62it/s][A
Validation:  59%|█████▉    | 59/100 [00:36<00:25,  1.62it/s][A
Validation:  60%|██████    | 60/100 [00:37<00:24,  1.62it/s][A
Validation:  61%|██████    | 61/100 [00:38<00:24,  1.62it/s][A
Validation:  62%|██████▏   | 62/100 [00:38<00:23,  1.62it/s][A
Validation:  63%|██████▎   | 63/100 [00:39<00:22,  1.62it/s][A
Validation:  64%|██████▍   | 64/100 [00:39<00:22,  1.62it/s][A
Validation:  65%|██████▌   | 65/100 [00:40<00:21,  1.62it/s][A
Validation:  66%|██████▌   | 66/100 [00:41<00:21,  1.62it/s][A
Validation:  67%|██████▋   | 67/100 [00:41<00:20,  1.62it/s][A
Validation:  68%|██████▊   | 68/100 [00:42<00:19,  1.62it/s][A
Validation:  69%|██████▉   | 69/100 [00:42<00:19,  1.62it/s][A
Validation:  70%|███████   | 70/100 [00:43<00:18,  1.62it/s][A
Validation:  71%|███████   | 71/100 [00:44<00:17,  1.62it/s][A
Validation:  72%|███████▏  | 72/100 [00:44<00:17,  1.62it/s][A
Validation:  73%|███████▎  | 73/100 [00:45<00:16,  1.62it/s][A
Validation:  74%|███████▍  | 74/100 [00:46<00:16,  1.62it/s][A
Validation:  75%|███████▌  | 75/100 [00:46<00:15,  1.62it/s][A
Validation:  76%|███████▌  | 76/100 [00:47<00:14,  1.62it/s][A
Validation:  77%|███████▋  | 77/100 [00:47<00:14,  1.63it/s][A
Validation:  78%|███████▊  | 78/100 [00:48<00:13,  1.63it/s][A
Validation:  79%|███████▉  | 79/100 [00:49<00:12,  1.63it/s][A
Validation:  80%|████████  | 80/100 [00:49<00:12,  1.63it/s][A
Validation:  81%|████████  | 81/100 [00:50<00:11,  1.62it/s][A
Validation:  82%|████████▏ | 82/100 [00:50<00:11,  1.62it/s][A
Validation:  83%|████████▎ | 83/100 [00:51<00:10,  1.62it/s][A
Validation:  84%|████████▍ | 84/100 [00:52<00:09,  1.62it/s][A
Validation:  85%|████████▌ | 85/100 [00:52<00:09,  1.62it/s][A
Validation:  86%|████████▌ | 86/100 [00:53<00:08,  1.62it/s][A
Validation:  87%|████████▋ | 87/100 [00:54<00:08,  1.62it/s][A
Validation:  88%|████████▊ | 88/100 [00:54<00:07,  1.62it/s][A
Validation:  89%|████████▉ | 89/100 [00:55<00:06,  1.62it/s][A
Validation:  90%|█████████ | 90/100 [00:55<00:06,  1.62it/s][A
Validation:  91%|█████████ | 91/100 [00:56<00:05,  1.62it/s][A
Validation:  92%|█████████▏| 92/100 [00:57<00:04,  1.62it/s][A
Validation:  93%|█████████▎| 93/100 [00:57<00:04,  1.62it/s][A
Validation:  94%|█████████▍| 94/100 [00:58<00:03,  1.62it/s][A
Validation:  95%|█████████▌| 95/100 [00:58<00:03,  1.63it/s][A
Validation:  96%|█████████▌| 96/100 [00:59<00:02,  1.63it/s][A
Validation:  97%|█████████▋| 97/100 [01:00<00:01,  1.62it/s][A
Validation:  98%|█████████▊| 98/100 [01:00<00:01,  1.62it/s][A
Validation:  99%|█████████▉| 99/100 [01:01<00:00,  1.62it/s][A
Validation: 100%|██████████| 100/100 [01:02<00:00,  1.62it/s][A
                                                             [A  2%|▏         | 802/50005 [21:58<274:38:52, 20.09s/it]  2%|▏         | 803/50005 [22:00<198:09:32, 14.50s/it]  2%|▏         | 804/50005 [22:01<144:35:31, 10.58s/it]  2%|▏         | 805/50005 [22:02<107:07:42,  7.84s/it]  2%|▏         | 806/50005 [22:04<80:52:23,  5.92s/it]   2%|▏         | 807/50005 [22:05<62:31:50,  4.58s/it]  2%|▏         | 808/50005 [22:07<49:42:08,  3.64s/it]  2%|▏         | 809/50005 [22:08<40:40:41,  2.98s/it]  2%|▏         | 810/50005 [22:10<34:23:54,  2.52s/it]  2%|▏         | 811/50005 [22:11<29:59:35,  2.19s/it]  2%|▏         | 812/50005 [22:12<26:55:01,  1.97s/it]  2%|▏         | 813/50005 [22:14<24:46:09,  1.81s/it]  2%|▏         | 814/50005 [22:15<23:13:20,  1.70s/it]  2%|▏         | 815/50005 [22:17<22:11:03,  1.62s/it]  2%|▏         | 816/50005 [22:18<21:26:55,  1.57s/it]  2%|▏         | 817/50005 [22:20<20:55:41,  1.53s/it]  2%|▏         | 818/50005 [22:21<20:35:20,  1.51s/it]  2%|▏         | 819/50005 [22:23<20:19:59,  1.49s/it]  2%|▏         | 820/50005 [22:24<20:09:53,  1.48s/it]  2%|▏         | 821/50005 [22:25<20:00:04,  1.46s/it]  2%|▏         | 822/50005 [22:27<19:53:59,  1.46s/it]  2%|▏         | 823/50005 [22:28<19:50:30,  1.45s/it]  2%|▏         | 824/50005 [22:30<19:49:08,  1.45s/it]  2%|▏         | 825/50005 [22:31<19:48:32,  1.45s/it]  2%|▏         | 826/50005 [22:33<19:48:40,  1.45s/it]  2%|▏         | 827/50005 [22:34<19:47:42,  1.45s/it]  2%|▏         | 828/50005 [22:36<19:47:03,  1.45s/it]  2%|▏         | 829/50005 [22:37<19:47:03,  1.45s/it]  2%|▏         | 830/50005 [22:38<19:43:15,  1.44s/it]  2%|▏         | 831/50005 [22:40<19:43:39,  1.44s/it]  2%|▏         | 832/50005 [22:41<19:44:33,  1.45s/it]  2%|▏         | 833/50005 [22:43<19:42:06,  1.44s/it]  2%|▏         | 834/50005 [22:44<19:40:23,  1.44s/it]  2%|▏         | 835/50005 [22:46<19:40:57,  1.44s/it]  2%|▏         | 836/50005 [22:47<19:39:28,  1.44s/it]  2%|▏         | 837/50005 [22:49<19:38:39,  1.44s/it]  2%|▏         | 838/50005 [22:50<19:38:05,  1.44s/it]  2%|▏         | 839/50005 [22:51<19:37:57,  1.44s/it]  2%|▏         | 840/50005 [22:53<19:37:44,  1.44s/it]  2%|▏         | 841/50005 [22:54<19:37:45,  1.44s/it]  2%|▏         | 842/50005 [22:56<19:37:54,  1.44s/it]  2%|▏         | 843/50005 [22:57<19:39:21,  1.44s/it]  2%|▏         | 844/50005 [22:59<19:40:58,  1.44s/it]  2%|▏         | 845/50005 [23:00<19:39:21,  1.44s/it]  2%|▏         | 846/50005 [23:02<19:39:56,  1.44s/it]  2%|▏         | 847/50005 [23:03<19:39:00,  1.44s/it]  2%|▏         | 848/50005 [23:04<19:37:55,  1.44s/it]  2%|▏         | 849/50005 [23:06<19:36:46,  1.44s/it]  2%|▏         | 850/50005 [23:07<19:36:39,  1.44s/it]  2%|▏         | 851/50005 [23:09<19:38:42,  1.44s/it]  2%|▏         | 852/50005 [23:10<19:37:29,  1.44s/it]  2%|▏         | 853/50005 [23:12<19:38:52,  1.44s/it]  2%|▏         | 854/50005 [23:13<19:41:09,  1.44s/it]  2%|▏         | 855/50005 [23:14<19:40:27,  1.44s/it]  2%|▏         | 856/50005 [23:16<19:39:59,  1.44s/it]  2%|▏         | 857/50005 [23:17<19:41:04,  1.44s/it]  2%|▏         | 858/50005 [23:19<19:42:31,  1.44s/it]  2%|▏         | 859/50005 [23:20<19:43:13,  1.44s/it]  2%|▏         | 860/50005 [23:22<19:44:25,  1.45s/it]  2%|▏         | 861/50005 [23:23<19:42:47,  1.44s/it]  2%|▏         | 862/50005 [23:25<19:41:20,  1.44s/it]  2%|▏         | 863/50005 [23:26<19:39:02,  1.44s/it]  2%|▏         | 864/50005 [23:27<19:40:47,  1.44s/it]  2%|▏         | 865/50005 [23:29<19:38:46,  1.44s/it]  2%|▏         | 866/50005 [23:30<19:41:02,  1.44s/it]  2%|▏         | 867/50005 [23:32<19:41:37,  1.44s/it]  2%|▏         | 868/50005 [23:33<19:42:36,  1.44s/it]  2%|▏         | 869/50005 [23:35<19:40:35,  1.44s/it]  2%|▏         | 870/50005 [23:36<19:41:58,  1.44s/it]  2%|▏         | 871/50005 [23:38<19:42:29,  1.44s/it]  2%|▏         | 872/50005 [23:39<19:42:10,  1.44s/it]  2%|▏         | 873/50005 [23:40<19:42:51,  1.44s/it]  2%|▏         | 874/50005 [23:42<19:41:48,  1.44s/it]  2%|▏         | 875/50005 [23:43<19:41:37,  1.44s/it]  2%|▏         | 876/50005 [23:45<19:41:29,  1.44s/it]  2%|▏         | 877/50005 [23:46<19:42:13,  1.44s/it]  2%|▏         | 878/50005 [23:48<19:42:46,  1.44s/it]  2%|▏         | 879/50005 [23:49<19:43:02,  1.44s/it]  2%|▏         | 880/50005 [23:51<19:42:02,  1.44s/it]  2%|▏         | 881/50005 [23:52<19:42:44,  1.44s/it]  2%|▏         | 882/50005 [23:53<19:43:04,  1.45s/it]  2%|▏         | 883/50005 [23:55<19:43:39,  1.45s/it]  2%|▏         | 884/50005 [23:56<19:43:36,  1.45s/it]  2%|▏         | 885/50005 [23:58<19:41:49,  1.44s/it]  2%|▏         | 886/50005 [23:59<19:42:48,  1.44s/it]  2%|▏         | 887/50005 [24:01<19:43:44,  1.45s/it]  2%|▏         | 888/50005 [24:02<19:44:05,  1.45s/it]  2%|▏         | 889/50005 [24:04<19:43:50,  1.45s/it]  2%|▏         | 890/50005 [24:05<19:44:09,  1.45s/it]  2%|▏         | 891/50005 [24:06<19:44:28,  1.45s/it]  2%|▏         | 892/50005 [24:08<19:43:33,  1.45s/it]  2%|▏         | 893/50005 [24:09<19:40:40,  1.44s/it]  2%|▏         | 894/50005 [24:11<19:41:56,  1.44s/it]  2%|▏         | 895/50005 [24:12<19:39:58,  1.44s/it]  2%|▏         | 896/50005 [24:14<19:38:37,  1.44s/it]  2%|▏         | 897/50005 [24:15<19:37:01,  1.44s/it]  2%|▏         | 898/50005 [24:17<19:38:58,  1.44s/it]  2%|▏         | 899/50005 [24:18<19:37:34,  1.44s/it]  2%|▏         | 900/50005 [24:19<19:37:54,  1.44s/it]  2%|▏         | 901/50005 [24:21<19:36:10,  1.44s/it]  2%|▏         | 902/50005 [24:22<19:34:48,  1.44s/it]  2%|▏         | 903/50005 [24:24<19:36:07,  1.44s/it]  2%|▏         | 904/50005 [24:25<19:38:09,  1.44s/it]  2%|▏         | 905/50005 [24:27<19:38:41,  1.44s/it]  2%|▏         | 906/50005 [24:28<19:40:38,  1.44s/it]  2%|▏         | 907/50005 [24:29<19:38:35,  1.44s/it]  2%|▏         | 908/50005 [24:31<19:39:22,  1.44s/it]  2%|▏         | 909/50005 [24:32<19:40:15,  1.44s/it]  2%|▏         | 910/50005 [24:34<19:39:30,  1.44s/it]  2%|▏         | 911/50005 [24:35<19:38:32,  1.44s/it]  2%|▏         | 912/50005 [24:37<19:37:41,  1.44s/it]  2%|▏         | 913/50005 [24:38<19:36:23,  1.44s/it]  2%|▏         | 914/50005 [24:40<19:38:23,  1.44s/it]  2%|▏         | 915/50005 [24:41<19:39:25,  1.44s/it]  2%|▏         | 916/50005 [24:42<19:40:05,  1.44s/it]  2%|▏         | 917/50005 [24:44<19:40:43,  1.44s/it]  2%|▏         | 918/50005 [24:45<19:37:10,  1.44s/it]  2%|▏         | 919/50005 [24:47<19:37:58,  1.44s/it]  2%|▏         | 920/50005 [24:48<19:36:46,  1.44s/it]  2%|▏         | 921/50005 [24:50<19:35:53,  1.44s/it]  2%|▏         | 922/50005 [24:51<19:32:53,  1.43s/it]  2%|▏         | 923/50005 [24:52<19:31:11,  1.43s/it]  2%|▏         | 924/50005 [24:54<19:31:15,  1.43s/it]  2%|▏         | 925/50005 [24:55<19:31:28,  1.43s/it]  2%|▏         | 926/50005 [24:57<19:29:49,  1.43s/it]  2%|▏         | 927/50005 [24:58<19:29:24,  1.43s/it]  2%|▏         | 928/50005 [25:00<19:27:56,  1.43s/it]  2%|▏         | 929/50005 [25:01<19:30:22,  1.43s/it]  2%|▏         | 930/50005 [25:03<19:31:14,  1.43s/it]  2%|▏         | 931/50005 [25:04<19:29:05,  1.43s/it]  2%|▏         | 932/50005 [25:05<19:30:16,  1.43s/it]  2%|▏         | 933/50005 [25:07<19:31:05,  1.43s/it]  2%|▏         | 934/50005 [25:08<19:32:29,  1.43s/it]  2%|▏         | 935/50005 [25:10<19:32:38,  1.43s/it]  2%|▏         | 936/50005 [25:11<19:31:32,  1.43s/it]  2%|▏         | 937/50005 [25:13<19:30:21,  1.43s/it]  2%|▏         | 938/50005 [25:14<19:29:57,  1.43s/it]  2%|▏         | 939/50005 [25:15<19:27:42,  1.43s/it]  2%|▏         | 940/50005 [25:17<19:28:03,  1.43s/it]  2%|▏         | 941/50005 [25:18<19:27:12,  1.43s/it]  2%|▏         | 942/50005 [25:20<19:27:33,  1.43s/it]  2%|▏         | 943/50005 [25:21<19:25:27,  1.43s/it]  2%|▏         | 944/50005 [25:23<19:28:01,  1.43s/it]  2%|▏         | 945/50005 [25:24<19:29:47,  1.43s/it]  2%|▏         | 946/50005 [25:25<19:32:04,  1.43s/it]  2%|▏         | 947/50005 [25:27<19:30:32,  1.43s/it]  2%|▏         | 948/50005 [25:28<19:31:17,  1.43s/it]  2%|▏         | 949/50005 [25:30<19:30:19,  1.43s/it]  2%|▏         | 950/50005 [25:31<19:29:30,  1.43s/it]  2%|▏         | 951/50005 [25:33<19:31:59,  1.43s/it]  2%|▏         | 952/50005 [25:34<19:32:47,  1.43s/it]  2%|▏         | 953/50005 [25:35<19:34:07,  1.44s/it]  2%|▏         | 954/50005 [25:37<19:34:25,  1.44s/it]  2%|▏         | 955/50005 [25:38<19:35:02,  1.44s/it]  2%|▏         | 956/50005 [25:40<19:32:16,  1.43s/it]  2%|▏         | 957/50005 [25:41<19:31:47,  1.43s/it]  2%|▏         | 958/50005 [25:43<19:29:40,  1.43s/it]  2%|▏         | 959/50005 [25:44<19:30:07,  1.43s/it]  2%|▏         | 960/50005 [25:45<19:30:46,  1.43s/it]  2%|▏         | 961/50005 [25:47<19:29:18,  1.43s/it]  2%|▏         | 962/50005 [25:48<19:29:08,  1.43s/it]  2%|▏         | 963/50005 [25:50<19:30:40,  1.43s/it]  2%|▏         | 964/50005 [25:51<19:28:49,  1.43s/it]  2%|▏         | 965/50005 [25:53<19:27:53,  1.43s/it]  2%|▏         | 966/50005 [25:54<19:29:40,  1.43s/it]  2%|▏         | 967/50005 [25:55<19:28:36,  1.43s/it]  2%|▏         | 968/50005 [25:57<19:27:52,  1.43s/it]  2%|▏         | 969/50005 [25:58<19:28:40,  1.43s/it]  2%|▏         | 970/50005 [26:00<19:27:48,  1.43s/it]  2%|▏         | 971/50005 [26:01<19:28:54,  1.43s/it]  2%|▏         | 972/50005 [26:03<19:29:53,  1.43s/it]  2%|▏         | 973/50005 [26:04<19:29:10,  1.43s/it]  2%|▏         | 974/50005 [26:05<19:27:28,  1.43s/it]  2%|▏         | 975/50005 [26:07<19:29:41,  1.43s/it]  2%|▏         | 976/50005 [26:08<19:28:06,  1.43s/it]  2%|▏         | 977/50005 [26:10<19:30:02,  1.43s/it]  2%|▏         | 978/50005 [26:11<19:30:54,  1.43s/it]  2%|▏         | 979/50005 [26:13<19:31:35,  1.43s/it]  2%|▏         | 980/50005 [26:14<19:30:00,  1.43s/it]  2%|▏         | 981/50005 [26:16<19:30:56,  1.43s/it]  2%|▏         | 982/50005 [26:17<19:30:52,  1.43s/it]  2%|▏         | 983/50005 [26:18<19:30:22,  1.43s/it]  2%|▏         | 984/50005 [26:20<19:29:02,  1.43s/it]  2%|▏         | 985/50005 [26:21<19:28:38,  1.43s/it]  2%|▏         | 986/50005 [26:23<19:26:46,  1.43s/it]  2%|▏         | 987/50005 [26:24<19:26:22,  1.43s/it]  2%|▏         | 988/50005 [26:26<19:25:41,  1.43s/it]  2%|▏         | 989/50005 [26:27<19:28:00,  1.43s/it]  2%|▏         | 990/50005 [26:28<19:29:41,  1.43s/it]  2%|▏         | 991/50005 [26:30<19:27:24,  1.43s/it]  2%|▏         | 992/50005 [26:31<19:29:29,  1.43s/it]  2%|▏         | 993/50005 [26:33<19:28:31,  1.43s/it]  2%|▏         | 994/50005 [26:34<19:29:30,  1.43s/it]  2%|▏         | 995/50005 [26:36<19:28:43,  1.43s/it]  2%|▏         | 996/50005 [26:37<19:30:27,  1.43s/it]  2%|▏         | 997/50005 [26:38<19:31:52,  1.43s/it]  2%|▏         | 998/50005 [26:40<19:31:57,  1.43s/it]  2%|▏         | 999/50005 [26:41<19:32:47,  1.44s/it]  2%|▏         | 1000/50005 [26:43<19:32:30,  1.44s/it]  2%|▏         | 1001/50005 [26:44<19:29:52,  1.43s/it]  2%|▏         | 1002/50005 [26:46<19:28:36,  1.43s/it]  2%|▏         | 1003/50005 [26:47<19:30:14,  1.43s/it]  2%|▏         | 1004/50005 [26:48<19:31:25,  1.43s/it]  2%|▏         | 1005/50005 [26:50<19:30:28,  1.43s/it]  2%|▏         | 1006/50005 [26:51<19:29:00,  1.43s/it]  2%|▏         | 1007/50005 [26:53<19:30:34,  1.43s/it]  2%|▏         | 1008/50005 [26:54<19:31:24,  1.43s/it]  2%|▏         | 1009/50005 [26:56<19:30:10,  1.43s/it]  2%|▏         | 1010/50005 [26:57<19:30:56,  1.43s/it]  2%|▏         | 1011/50005 [26:58<19:31:19,  1.43s/it]  2%|▏         | 1012/50005 [27:00<19:29:43,  1.43s/it]  2%|▏         | 1013/50005 [27:01<19:28:35,  1.43s/it]  2%|▏         | 1014/50005 [27:03<19:29:58,  1.43s/it]  2%|▏         | 1015/50005 [27:04<19:31:21,  1.43s/it]  2%|▏         | 1016/50005 [27:06<19:32:12,  1.44s/it]  2%|▏         | 1017/50005 [27:07<19:29:37,  1.43s/it]  2%|▏         | 1018/50005 [27:08<19:27:59,  1.43s/it]  2%|▏         | 1019/50005 [27:10<19:29:10,  1.43s/it]  2%|▏         | 1020/50005 [27:11<19:29:51,  1.43s/it]  2%|▏         | 1021/50005 [27:13<19:31:15,  1.43s/it]  2%|▏         | 1022/50005 [27:14<19:28:41,  1.43s/it]  2%|▏         | 1023/50005 [27:16<19:30:14,  1.43s/it]  2%|▏         | 1024/50005 [27:17<19:30:42,  1.43s/it]  2%|▏         | 1025/50005 [27:19<19:31:52,  1.44s/it]  2%|▏         | 1026/50005 [27:20<19:29:33,  1.43s/it]  2%|▏         | 1027/50005 [27:21<19:29:00,  1.43s/it]  2%|▏         | 1028/50005 [27:23<19:29:56,  1.43s/it]  2%|▏         | 1029/50005 [27:24<19:29:46,  1.43s/it]  2%|▏         | 1030/50005 [27:26<19:31:01,  1.43s/it]  2%|▏         | 1031/50005 [27:27<19:31:47,  1.44s/it]  2%|▏         | 1032/50005 [27:29<19:32:41,  1.44s/it]  2%|▏         | 1033/50005 [27:30<19:32:31,  1.44s/it]  2%|▏         | 1034/50005 [27:31<19:29:45,  1.43s/it]  2%|▏         | 1035/50005 [27:33<19:29:19,  1.43s/it]  2%|▏         | 1036/50005 [27:34<19:30:32,  1.43s/it]  2%|▏         | 1037/50005 [27:36<19:31:10,  1.44s/it]  2%|▏         | 1038/50005 [27:37<19:30:50,  1.43s/it]  2%|▏         | 1039/50005 [27:39<19:30:26,  1.43s/it]  2%|▏         | 1040/50005 [27:40<19:30:22,  1.43s/it]  2%|▏         | 1041/50005 [27:41<19:28:36,  1.43s/it]  2%|▏         | 1042/50005 [27:43<19:27:25,  1.43s/it]  2%|▏         | 1043/50005 [27:44<19:25:53,  1.43s/it]  2%|▏         | 1044/50005 [27:46<19:26:08,  1.43s/it]  2%|▏         | 1045/50005 [27:47<19:25:39,  1.43s/it]  2%|▏         | 1046/50005 [27:49<19:25:46,  1.43s/it]  2%|▏         | 1047/50005 [27:50<19:25:02,  1.43s/it]  2%|▏         | 1048/50005 [27:51<19:25:13,  1.43s/it]  2%|▏         | 1049/50005 [27:53<19:27:03,  1.43s/it]  2%|▏         | 1050/50005 [27:54<19:26:37,  1.43s/it]  2%|▏         | 1051/50005 [27:56<19:26:56,  1.43s/it]  2%|▏         | 1052/50005 [27:57<19:27:50,  1.43s/it]  2%|▏         | 1053/50005 [27:59<19:28:15,  1.43s/it]  2%|▏         | 1054/50005 [28:00<19:27:07,  1.43s/it]  2%|▏         | 1055/50005 [28:01<19:26:12,  1.43s/it]  2%|▏         | 1056/50005 [28:03<19:25:55,  1.43s/it]  2%|▏         | 1057/50005 [28:04<19:25:04,  1.43s/it]  2%|▏         | 1058/50005 [28:06<19:24:16,  1.43s/it]  2%|▏         | 1059/50005 [28:07<19:25:46,  1.43s/it]  2%|▏         | 1060/50005 [28:09<19:26:33,  1.43s/it]  2%|▏         | 1061/50005 [28:10<19:27:37,  1.43s/it]  2%|▏         | 1062/50005 [28:11<19:28:10,  1.43s/it]  2%|▏         | 1063/50005 [28:13<19:25:56,  1.43s/it]  2%|▏         | 1064/50005 [28:14<19:25:33,  1.43s/it]  2%|▏         | 1065/50005 [28:16<19:26:37,  1.43s/it]  2%|▏         | 1066/50005 [28:17<19:27:28,  1.43s/it]  2%|▏         | 1067/50005 [28:19<19:28:23,  1.43s/it]  2%|▏         | 1068/50005 [28:20<19:28:31,  1.43s/it]  2%|▏         | 1069/50005 [28:22<19:29:02,  1.43s/it]  2%|▏         | 1070/50005 [28:23<19:30:14,  1.43s/it]  2%|▏         | 1071/50005 [28:24<19:29:49,  1.43s/it]  2%|▏         | 1072/50005 [28:26<19:30:01,  1.43s/it]  2%|▏         | 1073/50005 [28:27<19:30:01,  1.43s/it]  2%|▏         | 1074/50005 [28:29<19:29:48,  1.43s/it]  2%|▏         | 1075/50005 [28:30<19:30:07,  1.43s/it]  2%|▏         | 1076/50005 [28:32<19:27:14,  1.43s/it]  2%|▏         | 1077/50005 [28:33<19:28:08,  1.43s/it]  2%|▏         | 1078/50005 [28:34<19:26:38,  1.43s/it]  2%|▏         | 1079/50005 [28:36<19:26:25,  1.43s/it]  2%|▏         | 1080/50005 [28:37<19:28:02,  1.43s/it]  2%|▏         | 1081/50005 [28:39<19:26:09,  1.43s/it]  2%|▏         | 1082/50005 [28:40<19:24:18,  1.43s/it]  2%|▏         | 1083/50005 [28:42<19:25:39,  1.43s/it]  2%|▏         | 1084/50005 [28:43<19:27:45,  1.43s/it]  2%|▏         | 1085/50005 [28:44<19:28:46,  1.43s/it]  2%|▏         | 1086/50005 [28:46<19:28:55,  1.43s/it]  2%|▏         | 1087/50005 [28:47<19:29:26,  1.43s/it]  2%|▏         | 1088/50005 [28:49<19:30:08,  1.44s/it]  2%|▏         | 1089/50005 [28:50<19:30:34,  1.44s/it]  2%|▏         | 1090/50005 [28:52<19:29:24,  1.43s/it]  2%|▏         | 1091/50005 [28:53<19:29:47,  1.43s/it]  2%|▏         | 1092/50005 [28:54<19:29:52,  1.44s/it]  2%|▏         | 1093/50005 [28:56<19:29:55,  1.44s/it]  2%|▏         | 1094/50005 [28:57<19:28:03,  1.43s/it]  2%|▏         | 1095/50005 [28:59<19:29:06,  1.43s/it]  2%|▏         | 1096/50005 [29:00<19:28:13,  1.43s/it]  2%|▏         | 1097/50005 [29:02<19:29:38,  1.43s/it]  2%|▏         | 1098/50005 [29:04<22:22:42,  1.65s/it]  2%|▏         | 1099/50005 [29:05<21:27:58,  1.58s/it]  2%|▏         | 1100/50005 [29:07<20:49:44,  1.53s/it]  2%|▏         | 1101/50005 [29:08<20:22:59,  1.50s/it]  2%|▏         | 1102/50005 [29:09<20:03:49,  1.48s/it]  2%|▏         | 1103/50005 [29:11<19:52:52,  1.46s/it]  2%|▏         | 1104/50005 [29:12<19:44:39,  1.45s/it]  2%|▏         | 1105/50005 [29:14<19:39:05,  1.45s/it]  2%|▏         | 1106/50005 [29:15<19:35:58,  1.44s/it]  2%|▏         | 1107/50005 [29:17<19:34:39,  1.44s/it]  2%|▏         | 1108/50005 [29:18<19:33:47,  1.44s/it]  2%|▏         | 1109/50005 [29:20<19:32:16,  1.44s/it]  2%|▏         | 1110/50005 [29:21<19:31:49,  1.44s/it]  2%|▏         | 1111/50005 [29:22<19:29:22,  1.43s/it]  2%|▏         | 1112/50005 [29:24<19:28:45,  1.43s/it]  2%|▏         | 1113/50005 [29:25<19:29:01,  1.43s/it]  2%|▏         | 1114/50005 [29:27<19:30:11,  1.44s/it]  2%|▏         | 1115/50005 [29:28<19:29:24,  1.44s/it]  2%|▏         | 1116/50005 [29:30<19:29:28,  1.44s/it]  2%|▏         | 1117/50005 [29:31<19:29:36,  1.44s/it]  2%|▏         | 1118/50005 [29:32<19:29:14,  1.44s/it]  2%|▏         | 1119/50005 [29:34<19:28:24,  1.43s/it]  2%|▏         | 1120/50005 [29:35<19:26:00,  1.43s/it]  2%|▏         | 1121/50005 [29:37<19:24:38,  1.43s/it]  2%|▏         | 1122/50005 [29:38<19:24:24,  1.43s/it]  2%|▏         | 1123/50005 [29:40<19:23:31,  1.43s/it]  2%|▏         | 1124/50005 [29:41<19:23:58,  1.43s/it]  2%|▏         | 1125/50005 [29:42<19:25:40,  1.43s/it]  2%|▏         | 1126/50005 [29:44<19:24:25,  1.43s/it]  2%|▏         | 1127/50005 [29:45<19:25:25,  1.43s/it]  2%|▏         | 1128/50005 [29:47<19:27:09,  1.43s/it]  2%|▏         | 1129/50005 [29:48<19:24:26,  1.43s/it]  2%|▏         | 1130/50005 [29:50<19:23:00,  1.43s/it]  2%|▏         | 1131/50005 [29:51<19:24:14,  1.43s/it]  2%|▏         | 1132/50005 [29:52<19:22:14,  1.43s/it]  2%|▏         | 1133/50005 [29:54<19:21:20,  1.43s/it]  2%|▏         | 1134/50005 [29:55<19:21:40,  1.43s/it]  2%|▏         | 1135/50005 [29:57<19:21:42,  1.43s/it]  2%|▏         | 1136/50005 [29:58<19:24:18,  1.43s/it]  2%|▏         | 1137/50005 [30:00<19:22:49,  1.43s/it]  2%|▏         | 1138/50005 [30:01<19:24:44,  1.43s/it]  2%|▏         | 1139/50005 [30:02<19:23:54,  1.43s/it]  2%|▏         | 1140/50005 [30:04<19:25:40,  1.43s/it]  2%|▏         | 1141/50005 [30:05<19:24:29,  1.43s/it]  2%|▏         | 1142/50005 [30:07<19:23:47,  1.43s/it]  2%|▏         | 1143/50005 [30:08<19:25:10,  1.43s/it]  2%|▏         | 1144/50005 [30:10<19:23:45,  1.43s/it]  2%|▏         | 1145/50005 [30:11<19:22:48,  1.43s/it]  2%|▏         | 1146/50005 [30:12<19:25:24,  1.43s/it]  2%|▏         | 1147/50005 [30:14<19:25:44,  1.43s/it]  2%|▏         | 1148/50005 [30:15<19:24:48,  1.43s/it]  2%|▏         | 1149/50005 [30:17<19:25:22,  1.43s/it]  2%|▏         | 1150/50005 [30:18<19:24:25,  1.43s/it]  2%|▏         | 1151/50005 [30:20<19:24:58,  1.43s/it]  2%|▏         | 1152/50005 [30:21<19:26:29,  1.43s/it]  2%|▏         | 1153/50005 [30:22<19:26:32,  1.43s/it]  2%|▏         | 1154/50005 [30:24<19:27:22,  1.43s/it]  2%|▏         | 1155/50005 [30:25<19:24:49,  1.43s/it]  2%|▏         | 1156/50005 [30:27<19:26:55,  1.43s/it]  2%|▏         | 1157/50005 [30:28<19:27:27,  1.43s/it]  2%|▏         | 1158/50005 [30:30<19:27:52,  1.43s/it]  2%|▏         | 1159/50005 [30:31<19:27:46,  1.43s/it]  2%|▏         | 1160/50005 [30:33<19:25:03,  1.43s/it]  2%|▏         | 1161/50005 [30:34<19:25:28,  1.43s/it]  2%|▏         | 1162/50005 [30:35<19:24:44,  1.43s/it]  2%|▏         | 1163/50005 [30:37<19:25:38,  1.43s/it]  2%|▏         | 1164/50005 [30:38<19:26:44,  1.43s/it]  2%|▏         | 1165/50005 [30:40<19:26:57,  1.43s/it]  2%|▏         | 1166/50005 [30:41<19:27:24,  1.43s/it]  2%|▏         | 1167/50005 [30:43<19:26:48,  1.43s/it]  2%|▏         | 1168/50005 [30:44<19:25:14,  1.43s/it]  2%|▏         | 1169/50005 [30:45<19:22:57,  1.43s/it]  2%|▏         | 1170/50005 [30:47<19:24:51,  1.43s/it]  2%|▏         | 1171/50005 [30:48<19:22:43,  1.43s/it]  2%|▏         | 1172/50005 [30:50<19:23:46,  1.43s/it]  2%|▏         | 1173/50005 [30:51<19:25:02,  1.43s/it]  2%|▏         | 1174/50005 [30:53<19:24:01,  1.43s/it]  2%|▏         | 1175/50005 [30:54<19:24:24,  1.43s/it]  2%|▏         | 1176/50005 [30:55<19:23:09,  1.43s/it]  2%|▏         | 1177/50005 [30:57<19:24:16,  1.43s/it]  2%|▏         | 1178/50005 [30:58<19:24:21,  1.43s/it]  2%|▏         | 1179/50005 [31:00<19:25:16,  1.43s/it]  2%|▏         | 1180/50005 [31:01<19:23:43,  1.43s/it]  2%|▏         | 1181/50005 [31:03<19:22:18,  1.43s/it]  2%|▏         | 1182/50005 [31:04<19:24:01,  1.43s/it]  2%|▏         | 1183/50005 [31:05<19:22:55,  1.43s/it]  2%|▏         | 1184/50005 [31:07<19:24:22,  1.43s/it]  2%|▏         | 1185/50005 [31:08<19:22:44,  1.43s/it]  2%|▏         | 1186/50005 [31:10<19:21:45,  1.43s/it]  2%|▏         | 1187/50005 [31:11<19:19:59,  1.43s/it]  2%|▏         | 1188/50005 [31:13<19:20:30,  1.43s/it]  2%|▏         | 1189/50005 [31:14<19:21:50,  1.43s/it]  2%|▏         | 1190/50005 [31:15<19:24:03,  1.43s/it]  2%|▏         | 1191/50005 [31:17<19:23:16,  1.43s/it]  2%|▏         | 1192/50005 [31:18<19:23:39,  1.43s/it]  2%|▏         | 1193/50005 [31:20<19:24:59,  1.43s/it]  2%|▏         | 1194/50005 [31:21<19:23:06,  1.43s/it]  2%|▏         | 1195/50005 [31:23<19:22:12,  1.43s/it]  2%|▏         | 1196/50005 [31:24<19:22:57,  1.43s/it]  2%|▏         | 1197/50005 [31:25<19:23:04,  1.43s/it]  2%|▏         | 1198/50005 [31:27<19:23:36,  1.43s/it]  2%|▏         | 1199/50005 [31:28<19:22:45,  1.43s/it]  2%|▏         | 1200/50005 [31:30<19:23:24,  1.43s/it]  2%|▏         | 1201/50005 [31:31<19:23:32,  1.43s/it]
Validation:   0%|          | 0/100 [00:00<?, ?it/s][A
Validation:   1%|          | 1/100 [00:01<01:40,  1.01s/it][A
Validation:   2%|▏         | 2/100 [00:01<01:16,  1.28it/s][A
Validation:   3%|▎         | 3/100 [00:02<01:08,  1.41it/s][A
Validation:   4%|▍         | 4/100 [00:02<01:04,  1.49it/s][A
Validation:   5%|▌         | 5/100 [00:03<01:02,  1.53it/s][A
Validation:   6%|▌         | 6/100 [00:04<01:00,  1.56it/s][A
Validation:   7%|▋         | 7/100 [00:04<00:58,  1.58it/s][A
Validation:   8%|▊         | 8/100 [00:05<00:57,  1.59it/s][A
Validation:   9%|▉         | 9/100 [00:05<00:56,  1.60it/s][A
Validation:  10%|█         | 10/100 [00:06<00:55,  1.61it/s][A
Validation:  11%|█         | 11/100 [00:07<00:55,  1.61it/s][A
Validation:  12%|█▏        | 12/100 [00:07<00:54,  1.62it/s][A
Validation:  13%|█▎        | 13/100 [00:08<00:53,  1.62it/s][A
Validation:  14%|█▍        | 14/100 [00:09<00:53,  1.62it/s][A
Validation:  15%|█▌        | 15/100 [00:09<00:52,  1.62it/s][A
Validation:  16%|█▌        | 16/100 [00:10<00:51,  1.63it/s][A
Validation:  17%|█▋        | 17/100 [00:10<00:51,  1.62it/s][A
Validation:  18%|█▊        | 18/100 [00:11<00:50,  1.63it/s][A
Validation:  19%|█▉        | 19/100 [00:12<00:49,  1.62it/s][A
Validation:  20%|██        | 20/100 [00:12<00:49,  1.62it/s][A
Validation:  21%|██        | 21/100 [00:13<00:48,  1.62it/s][A
Validation:  22%|██▏       | 22/100 [00:13<00:48,  1.62it/s][A
Validation:  23%|██▎       | 23/100 [00:14<00:47,  1.62it/s][A
Validation:  24%|██▍       | 24/100 [00:15<00:46,  1.62it/s][A
Validation:  25%|██▌       | 25/100 [00:15<00:46,  1.62it/s][A
Validation:  26%|██▌       | 26/100 [00:16<00:45,  1.62it/s][A
Validation:  27%|██▋       | 27/100 [00:17<00:45,  1.62it/s][A
Validation:  28%|██▊       | 28/100 [00:17<00:44,  1.62it/s][A
Validation:  29%|██▉       | 29/100 [00:18<00:43,  1.62it/s][A
Validation:  30%|███       | 30/100 [00:18<00:43,  1.62it/s][A
Validation:  31%|███       | 31/100 [00:19<00:42,  1.62it/s][A
Validation:  32%|███▏      | 32/100 [00:20<00:42,  1.62it/s][A
Validation:  33%|███▎      | 33/100 [00:20<00:41,  1.62it/s][A
Validation:  34%|███▍      | 34/100 [00:21<00:40,  1.62it/s][A
Validation:  35%|███▌      | 35/100 [00:21<00:40,  1.62it/s][A
Validation:  36%|███▌      | 36/100 [00:22<00:39,  1.62it/s][A
Validation:  37%|███▋      | 37/100 [00:23<00:38,  1.62it/s][A
Validation:  38%|███▊      | 38/100 [00:23<00:38,  1.62it/s][A
Validation:  39%|███▉      | 39/100 [00:24<00:37,  1.62it/s][A
Validation:  40%|████      | 40/100 [00:25<00:36,  1.62it/s][A
Validation:  41%|████      | 41/100 [00:25<00:36,  1.62it/s][A
Validation:  42%|████▏     | 42/100 [00:26<00:35,  1.62it/s][A
Validation:  43%|████▎     | 43/100 [00:26<00:35,  1.62it/s][A
Validation:  44%|████▍     | 44/100 [00:27<00:34,  1.62it/s][A
Validation:  45%|████▌     | 45/100 [00:28<00:33,  1.62it/s][A
Validation:  46%|████▌     | 46/100 [00:28<00:33,  1.62it/s][A
Validation:  47%|████▋     | 47/100 [00:29<00:32,  1.62it/s][A
Validation:  48%|████▊     | 48/100 [00:30<00:32,  1.62it/s][A
Validation:  49%|████▉     | 49/100 [00:30<00:31,  1.62it/s][A
Validation:  50%|█████     | 50/100 [00:31<00:30,  1.62it/s][A
Validation:  51%|█████     | 51/100 [00:31<00:30,  1.62it/s][A
Validation:  52%|█████▏    | 52/100 [00:32<00:29,  1.62it/s][A
Validation:  53%|█████▎    | 53/100 [00:33<00:29,  1.62it/s][A
Validation:  54%|█████▍    | 54/100 [00:33<00:28,  1.62it/s][A
Validation:  55%|█████▌    | 55/100 [00:34<00:27,  1.62it/s][A
Validation:  56%|█████▌    | 56/100 [00:34<00:27,  1.62it/s][A
Validation:  57%|█████▋    | 57/100 [00:35<00:26,  1.62it/s][A
Validation:  58%|█████▊    | 58/100 [00:36<00:25,  1.62it/s][A
Validation:  59%|█████▉    | 59/100 [00:36<00:25,  1.62it/s][A
Validation:  60%|██████    | 60/100 [00:37<00:24,  1.62it/s][A
Validation:  61%|██████    | 61/100 [00:38<00:24,  1.62it/s][A
Validation:  62%|██████▏   | 62/100 [00:38<00:23,  1.62it/s][A
Validation:  63%|██████▎   | 63/100 [00:39<00:22,  1.62it/s][A
Validation:  64%|██████▍   | 64/100 [00:39<00:22,  1.62it/s][A
Validation:  65%|██████▌   | 65/100 [00:40<00:21,  1.62it/s][A
Validation:  66%|██████▌   | 66/100 [00:41<00:20,  1.62it/s][A
Validation:  67%|██████▋   | 67/100 [00:41<00:20,  1.62it/s][A
Validation:  68%|██████▊   | 68/100 [00:42<00:19,  1.62it/s][A
Validation:  69%|██████▉   | 69/100 [00:42<00:19,  1.62it/s][A
Validation:  70%|███████   | 70/100 [00:43<00:18,  1.62it/s][A
Validation:  71%|███████   | 71/100 [00:44<00:17,  1.62it/s][A
Validation:  72%|███████▏  | 72/100 [00:44<00:17,  1.62it/s][A
Validation:  73%|███████▎  | 73/100 [00:45<00:16,  1.62it/s][A
Validation:  74%|███████▍  | 74/100 [00:46<00:16,  1.62it/s][A
Validation:  75%|███████▌  | 75/100 [00:46<00:15,  1.62it/s][A
Validation:  76%|███████▌  | 76/100 [00:47<00:14,  1.62it/s][A
Validation:  77%|███████▋  | 77/100 [00:47<00:14,  1.62it/s][A
Validation:  78%|███████▊  | 78/100 [00:48<00:13,  1.62it/s][A
Validation:  79%|███████▉  | 79/100 [00:49<00:12,  1.62it/s][A
Validation:  80%|████████  | 80/100 [00:49<00:12,  1.62it/s][A
Validation:  81%|████████  | 81/100 [00:50<00:11,  1.62it/s][A
Validation:  82%|████████▏ | 82/100 [00:51<00:11,  1.62it/s][A
Validation:  83%|████████▎ | 83/100 [00:51<00:10,  1.62it/s][A
Validation:  84%|████████▍ | 84/100 [00:52<00:09,  1.62it/s][A
Validation:  85%|████████▌ | 85/100 [00:52<00:09,  1.62it/s][A
Validation:  86%|████████▌ | 86/100 [00:53<00:08,  1.62it/s][A
Validation:  87%|████████▋ | 87/100 [00:54<00:08,  1.62it/s][A
Validation:  88%|████████▊ | 88/100 [00:54<00:07,  1.62it/s][A
Validation:  89%|████████▉ | 89/100 [00:55<00:06,  1.62it/s][A
Validation:  90%|█████████ | 90/100 [00:55<00:06,  1.62it/s][A
Validation:  91%|█████████ | 91/100 [00:56<00:05,  1.62it/s][A
Validation:  92%|█████████▏| 92/100 [00:57<00:04,  1.62it/s][A
Validation:  93%|█████████▎| 93/100 [00:57<00:04,  1.62it/s][A
Validation:  94%|█████████▍| 94/100 [00:58<00:03,  1.62it/s][A
Validation:  95%|█████████▌| 95/100 [00:59<00:03,  1.62it/s][A
Validation:  96%|█████████▌| 96/100 [00:59<00:02,  1.62it/s][A
Validation:  97%|█████████▋| 97/100 [01:00<00:01,  1.62it/s][A
Validation:  98%|█████████▊| 98/100 [01:00<00:01,  1.63it/s][A
Validation:  99%|█████████▉| 99/100 [01:01<00:00,  1.62it/s][A
Validation: 100%|██████████| 100/100 [01:02<00:00,  1.62it/s][A
                                                             [A  2%|▏         | 1202/50005 [32:35<272:30:58, 20.10s/it]  2%|▏         | 1203/50005 [32:36<196:33:55, 14.50s/it]  2%|▏         | 1204/50005 [32:38<143:23:34, 10.58s/it]  2%|▏         | 1205/50005 [32:39<106:09:53,  7.83s/it]  2%|▏         | 1206/50005 [32:41<80:06:28,  5.91s/it]   2%|▏         | 1207/50005 [32:42<61:55:54,  4.57s/it]  2%|▏         | 1208/50005 [32:43<49:11:36,  3.63s/it]  2%|▏         | 1209/50005 [32:45<40:14:00,  2.97s/it]  2%|▏         | 1210/50005 [32:46<33:58:12,  2.51s/it]  2%|▏         | 1211/50005 [32:48<29:37:08,  2.19s/it]  2%|▏         | 1212/50005 [32:49<26:33:58,  1.96s/it]  2%|▏         | 1213/50005 [32:51<24:24:39,  1.80s/it]  2%|▏         | 1214/50005 [32:52<22:55:05,  1.69s/it]  2%|▏         | 1215/50005 [32:53<21:49:25,  1.61s/it]  2%|▏         | 1216/50005 [32:55<21:07:02,  1.56s/it]  2%|▏         | 1217/50005 [32:56<20:34:43,  1.52s/it]  2%|▏         | 1218/50005 [32:58<20:13:53,  1.49s/it]  2%|▏         | 1219/50005 [32:59<20:00:51,  1.48s/it]  2%|▏         | 1220/50005 [33:01<19:50:14,  1.46s/it]  2%|▏         | 1221/50005 [33:02<19:40:28,  1.45s/it]  2%|▏         | 1222/50005 [33:03<19:35:48,  1.45s/it]  2%|▏         | 1223/50005 [33:05<19:33:30,  1.44s/it]  2%|▏         | 1224/50005 [33:06<19:31:29,  1.44s/it]  2%|▏         | 1225/50005 [33:08<19:31:17,  1.44s/it]  2%|▏         | 1226/50005 [33:09<19:29:40,  1.44s/it]  2%|▏         | 1227/50005 [33:11<19:29:21,  1.44s/it]  2%|▏         | 1228/50005 [33:12<19:26:57,  1.44s/it]  2%|▏         | 1229/50005 [33:13<19:25:56,  1.43s/it]  2%|▏         | 1230/50005 [33:15<19:26:10,  1.43s/it]  2%|▏         | 1231/50005 [33:16<19:27:04,  1.44s/it]  2%|▏         | 1232/50005 [33:18<19:27:06,  1.44s/it]  2%|▏         | 1233/50005 [33:19<19:27:25,  1.44s/it]  2%|▏         | 1234/50005 [33:21<19:25:44,  1.43s/it]  2%|▏         | 1235/50005 [33:22<19:24:11,  1.43s/it]  2%|▏         | 1236/50005 [33:24<19:21:58,  1.43s/it]  2%|▏         | 1237/50005 [33:25<19:21:44,  1.43s/it]  2%|▏         | 1238/50005 [33:26<19:23:13,  1.43s/it]  2%|▏         | 1239/50005 [33:28<19:25:09,  1.43s/it]  2%|▏         | 1240/50005 [33:29<19:25:36,  1.43s/it]  2%|▏         | 1241/50005 [33:31<19:24:30,  1.43s/it]  2%|▏         | 1242/50005 [33:32<19:22:48,  1.43s/it]  2%|▏         | 1243/50005 [33:34<19:23:39,  1.43s/it]  2%|▏         | 1244/50005 [33:35<19:24:12,  1.43s/it]  2%|▏         | 1245/50005 [33:36<19:23:17,  1.43s/it]  2%|▏         | 1246/50005 [33:38<19:23:50,  1.43s/it]  2%|▏         | 1247/50005 [33:39<19:25:20,  1.43s/it]  2%|▏         | 1248/50005 [33:41<19:25:23,  1.43s/it]  2%|▏         | 1249/50005 [33:42<19:26:26,  1.44s/it]  2%|▏         | 1250/50005 [33:44<19:25:46,  1.43s/it]  3%|▎         | 1251/50005 [33:45<19:22:39,  1.43s/it]  3%|▎         | 1252/50005 [33:46<19:23:03,  1.43s/it]  3%|▎         | 1253/50005 [33:48<19:24:06,  1.43s/it]  3%|▎         | 1254/50005 [33:49<19:24:34,  1.43s/it]  3%|▎         | 1255/50005 [33:51<19:26:13,  1.44s/it]  3%|▎         | 1256/50005 [33:52<19:23:19,  1.43s/it]  3%|▎         | 1257/50005 [33:54<19:22:22,  1.43s/it]  3%|▎         | 1258/50005 [33:55<19:22:01,  1.43s/it]  3%|▎         | 1259/50005 [33:56<19:21:23,  1.43s/it]  3%|▎         | 1260/50005 [33:58<19:22:53,  1.43s/it]  3%|▎         | 1261/50005 [33:59<19:22:15,  1.43s/it]  3%|▎         | 1262/50005 [34:01<19:20:25,  1.43s/it]  3%|▎         | 1263/50005 [34:02<19:22:31,  1.43s/it]  3%|▎         | 1264/50005 [34:04<19:21:46,  1.43s/it]  3%|▎         | 1265/50005 [34:05<19:23:06,  1.43s/it]  3%|▎         | 1266/50005 [34:06<19:23:21,  1.43s/it]  3%|▎         | 1267/50005 [34:08<19:23:57,  1.43s/it]  3%|▎         | 1268/50005 [34:09<19:20:27,  1.43s/it]  3%|▎         | 1269/50005 [34:11<19:22:26,  1.43s/it]  3%|▎         | 1270/50005 [34:12<19:23:49,  1.43s/it]  3%|▎         | 1271/50005 [34:14<19:24:04,  1.43s/it]  3%|▎         | 1272/50005 [34:15<19:24:33,  1.43s/it]  3%|▎         | 1273/50005 [34:16<19:22:25,  1.43s/it]  3%|▎         | 1274/50005 [34:18<19:22:56,  1.43s/it]  3%|▎         | 1275/50005 [34:19<19:22:14,  1.43s/it]  3%|▎         | 1276/50005 [34:21<19:22:43,  1.43s/it]  3%|▎         | 1277/50005 [34:22<19:24:10,  1.43s/it]  3%|▎         | 1278/50005 [34:24<19:24:09,  1.43s/it]  3%|▎         | 1279/50005 [34:25<19:24:01,  1.43s/it]  3%|▎         | 1280/50005 [34:27<19:21:40,  1.43s/it]  3%|▎         | 1281/50005 [34:28<19:21:10,  1.43s/it]  3%|▎         | 1282/50005 [34:29<19:22:19,  1.43s/it]  3%|▎         | 1283/50005 [34:31<19:23:03,  1.43s/it]  3%|▎         | 1284/50005 [34:32<19:22:05,  1.43s/it]  3%|▎         | 1285/50005 [34:34<19:22:50,  1.43s/it]  3%|▎         | 1286/50005 [34:35<19:23:30,  1.43s/it]  3%|▎         | 1287/50005 [34:37<19:22:36,  1.43s/it]  3%|▎         | 1288/50005 [34:38<19:22:42,  1.43s/it]  3%|▎         | 1289/50005 [34:39<19:22:38,  1.43s/it]  3%|▎         | 1290/50005 [34:41<19:18:36,  1.43s/it]  3%|▎         | 1291/50005 [34:42<19:18:25,  1.43s/it]  3%|▎         | 1292/50005 [34:44<19:17:47,  1.43s/it]  3%|▎         | 1293/50005 [34:45<19:19:54,  1.43s/it]  3%|▎         | 1294/50005 [34:47<19:20:24,  1.43s/it]  3%|▎         | 1295/50005 [34:48<19:21:40,  1.43s/it]  3%|▎         | 1296/50005 [34:49<19:22:17,  1.43s/it]  3%|▎         | 1297/50005 [34:51<19:22:23,  1.43s/it]  3%|▎         | 1298/50005 [34:52<19:22:53,  1.43s/it]  3%|▎         | 1299/50005 [34:54<19:23:40,  1.43s/it]  3%|▎         | 1300/50005 [34:55<19:24:03,  1.43s/it]  3%|▎         | 1301/50005 [34:57<19:25:04,  1.44s/it]  3%|▎         | 1302/50005 [34:58<19:21:44,  1.43s/it]  3%|▎         | 1303/50005 [34:59<19:22:57,  1.43s/it]  3%|▎         | 1304/50005 [35:01<19:21:42,  1.43s/it]  3%|▎         | 1305/50005 [35:02<19:20:23,  1.43s/it]  3%|▎         | 1306/50005 [35:04<19:18:14,  1.43s/it]  3%|▎         | 1307/50005 [35:05<19:18:26,  1.43s/it]  3%|▎         | 1308/50005 [35:07<19:17:39,  1.43s/it]  3%|▎         | 1309/50005 [35:08<19:20:10,  1.43s/it]  3%|▎         | 1310/50005 [35:09<19:19:32,  1.43s/it]  3%|▎         | 1311/50005 [35:11<19:21:21,  1.43s/it]  3%|▎         | 1312/50005 [35:12<19:20:05,  1.43s/it]  3%|▎         | 1313/50005 [35:14<19:19:27,  1.43s/it]  3%|▎         | 1314/50005 [35:15<19:21:16,  1.43s/it]  3%|▎         | 1315/50005 [35:17<19:21:20,  1.43s/it]  3%|▎         | 1316/50005 [35:18<19:23:11,  1.43s/it]  3%|▎         | 1317/50005 [35:19<19:24:10,  1.43s/it]  3%|▎         | 1318/50005 [35:21<19:22:54,  1.43s/it]  3%|▎         | 1319/50005 [35:22<19:21:26,  1.43s/it]  3%|▎         | 1320/50005 [35:24<19:20:27,  1.43s/it]  3%|▎         | 1321/50005 [35:25<19:21:51,  1.43s/it]  3%|▎         | 1322/50005 [35:27<19:23:23,  1.43s/it]  3%|▎         | 1323/50005 [35:28<19:23:54,  1.43s/it]  3%|▎         | 1324/50005 [35:29<19:22:57,  1.43s/it]  3%|▎         | 1325/50005 [35:31<19:23:14,  1.43s/it]  3%|▎         | 1326/50005 [35:32<19:25:09,  1.44s/it]  3%|▎         | 1327/50005 [35:34<19:24:40,  1.44s/it]  3%|▎         | 1328/50005 [35:35<19:21:39,  1.43s/it]  3%|▎         | 1329/50005 [35:37<19:20:10,  1.43s/it]  3%|▎         | 1330/50005 [35:38<19:19:18,  1.43s/it]  3%|▎         | 1331/50005 [35:40<19:20:49,  1.43s/it]  3%|▎         | 1332/50005 [35:41<19:23:18,  1.43s/it]  3%|▎         | 1333/50005 [35:42<19:24:06,  1.44s/it]  3%|▎         | 1334/50005 [35:44<19:24:43,  1.44s/it]  3%|▎         | 1335/50005 [35:45<19:21:52,  1.43s/it]  3%|▎         | 1336/50005 [35:47<19:20:33,  1.43s/it]  3%|▎         | 1337/50005 [35:48<19:20:54,  1.43s/it]  3%|▎         | 1338/50005 [35:50<19:20:47,  1.43s/it]  3%|▎         | 1339/50005 [35:51<19:19:45,  1.43s/it]  3%|▎         | 1340/50005 [35:52<19:20:09,  1.43s/it]  3%|▎         | 1341/50005 [35:54<19:19:42,  1.43s/it]  3%|▎         | 1342/50005 [35:55<19:18:59,  1.43s/it]  3%|▎         | 1343/50005 [35:57<19:19:08,  1.43s/it]  3%|▎         | 1344/50005 [35:58<19:20:31,  1.43s/it]  3%|▎         | 1345/50005 [36:00<19:21:26,  1.43s/it]  3%|▎         | 1346/50005 [36:01<19:22:43,  1.43s/it]  3%|▎         | 1347/50005 [36:02<19:22:52,  1.43s/it]  3%|▎         | 1348/50005 [36:04<19:23:59,  1.44s/it]  3%|▎         | 1349/50005 [36:05<19:24:02,  1.44s/it]  3%|▎         | 1350/50005 [36:07<19:24:13,  1.44s/it]  3%|▎         | 1351/50005 [36:08<19:21:47,  1.43s/it]  3%|▎         | 1352/50005 [36:10<19:23:08,  1.43s/it]  3%|▎         | 1353/50005 [36:11<19:22:57,  1.43s/it]  3%|▎         | 1354/50005 [36:12<19:21:36,  1.43s/it]  3%|▎         | 1355/50005 [36:14<19:21:36,  1.43s/it]  3%|▎         | 1356/50005 [36:15<19:22:43,  1.43s/it]  3%|▎         | 1357/50005 [36:17<19:19:55,  1.43s/it]  3%|▎         | 1358/50005 [36:18<19:21:09,  1.43s/it]  3%|▎         | 1359/50005 [36:20<19:21:58,  1.43s/it]  3%|▎         | 1360/50005 [36:21<19:23:31,  1.44s/it]  3%|▎         | 1361/50005 [36:22<19:23:21,  1.43s/it]  3%|▎         | 1362/50005 [36:24<19:23:03,  1.43s/it]  3%|▎         | 1363/50005 [36:25<19:20:09,  1.43s/it]  3%|▎         | 1364/50005 [36:27<19:21:43,  1.43s/it]  3%|▎         | 1365/50005 [36:28<19:22:01,  1.43s/it]  3%|▎         | 1366/50005 [36:30<19:19:47,  1.43s/it]  3%|▎         | 1367/50005 [36:31<19:17:58,  1.43s/it]  3%|▎         | 1368/50005 [36:33<19:17:33,  1.43s/it]  3%|▎         | 1369/50005 [36:34<19:19:30,  1.43s/it]  3%|▎         | 1370/50005 [36:35<19:21:02,  1.43s/it]  3%|▎         | 1371/50005 [36:37<19:20:44,  1.43s/it]  3%|▎         | 1372/50005 [36:38<19:21:18,  1.43s/it]  3%|▎         | 1373/50005 [36:40<19:18:41,  1.43s/it]  3%|▎         | 1374/50005 [36:41<19:20:23,  1.43s/it]  3%|▎         | 1375/50005 [36:43<19:20:22,  1.43s/it]  3%|▎         | 1376/50005 [36:44<19:21:19,  1.43s/it]  3%|▎         | 1377/50005 [36:45<19:19:05,  1.43s/it]  3%|▎         | 1378/50005 [36:47<19:19:52,  1.43s/it]  3%|▎         | 1379/50005 [36:48<19:20:33,  1.43s/it]  3%|▎         | 1380/50005 [36:50<19:21:32,  1.43s/it]  3%|▎         | 1381/50005 [36:51<19:18:56,  1.43s/it]  3%|▎         | 1382/50005 [36:53<19:20:54,  1.43s/it]  3%|▎         | 1383/50005 [36:54<19:21:47,  1.43s/it]  3%|▎         | 1384/50005 [36:55<19:21:29,  1.43s/it]  3%|▎         | 1385/50005 [36:57<19:19:36,  1.43s/it]  3%|▎         | 1386/50005 [36:58<19:20:38,  1.43s/it]  3%|▎         | 1387/50005 [37:00<19:18:24,  1.43s/it]  3%|▎         | 1388/50005 [37:01<19:20:13,  1.43s/it]  3%|▎         | 1389/50005 [37:03<19:21:06,  1.43s/it]  3%|▎         | 1390/50005 [37:04<19:22:13,  1.43s/it]  3%|▎         | 1391/50005 [37:05<19:21:10,  1.43s/it]  3%|▎         | 1392/50005 [37:07<19:22:37,  1.43s/it]  3%|▎         | 1393/50005 [37:08<19:20:27,  1.43s/it]  3%|▎         | 1394/50005 [37:10<19:19:15,  1.43s/it]  3%|▎         | 1395/50005 [37:11<19:18:12,  1.43s/it]  3%|▎         | 1396/50005 [37:13<19:19:58,  1.43s/it]  3%|▎         | 1397/50005 [37:14<19:20:18,  1.43s/it]  3%|▎         | 1398/50005 [37:15<19:21:30,  1.43s/it]  3%|▎         | 1399/50005 [37:17<19:21:00,  1.43s/it]  3%|▎         | 1400/50005 [37:18<19:22:06,  1.43s/it]  3%|▎         | 1401/50005 [37:20<19:23:11,  1.44s/it]  3%|▎         | 1402/50005 [37:21<19:23:52,  1.44s/it]  3%|▎         | 1403/50005 [37:23<19:24:14,  1.44s/it]  3%|▎         | 1404/50005 [37:24<19:23:08,  1.44s/it]  3%|▎         | 1405/50005 [37:26<19:22:21,  1.44s/it]  3%|▎         | 1406/50005 [37:27<19:22:01,  1.43s/it]  3%|▎         | 1407/50005 [37:28<19:22:38,  1.44s/it]  3%|▎         | 1408/50005 [37:30<19:20:27,  1.43s/it]  3%|▎         | 1409/50005 [37:31<19:21:30,  1.43s/it]  3%|▎         | 1410/50005 [37:33<19:22:10,  1.43s/it]  3%|▎         | 1411/50005 [37:34<19:23:11,  1.44s/it]  3%|▎         | 1412/50005 [37:36<19:23:20,  1.44s/it]  3%|▎         | 1413/50005 [37:37<19:22:43,  1.44s/it]  3%|▎         | 1414/50005 [37:38<19:20:23,  1.43s/it]  3%|▎         | 1415/50005 [37:40<19:20:01,  1.43s/it]  3%|▎         | 1416/50005 [37:41<19:18:19,  1.43s/it]  3%|▎         | 1417/50005 [37:43<19:19:36,  1.43s/it]  3%|▎         | 1418/50005 [37:44<19:17:58,  1.43s/it]  3%|▎         | 1419/50005 [37:46<19:19:38,  1.43s/it]  3%|▎         | 1420/50005 [37:47<19:20:02,  1.43s/it]  3%|▎         | 1421/50005 [37:48<19:20:28,  1.43s/it]  3%|▎         | 1422/50005 [37:50<19:19:24,  1.43s/it]  3%|▎         | 1423/50005 [37:51<19:18:07,  1.43s/it]  3%|▎         | 1424/50005 [37:53<19:17:16,  1.43s/it]  3%|▎         | 1425/50005 [37:54<19:18:55,  1.43s/it]  3%|▎         | 1426/50005 [37:56<19:19:38,  1.43s/it]  3%|▎         | 1427/50005 [37:57<19:20:21,  1.43s/it]  3%|▎         | 1428/50005 [37:58<19:20:28,  1.43s/it]  3%|▎         | 1429/50005 [38:00<19:21:21,  1.43s/it]  3%|▎         | 1430/50005 [38:01<19:21:41,  1.43s/it]  3%|▎         | 1431/50005 [38:03<19:20:33,  1.43s/it]  3%|▎         | 1432/50005 [38:04<19:20:48,  1.43s/it]  3%|▎         | 1433/50005 [38:06<19:19:59,  1.43s/it]  3%|▎         | 1434/50005 [38:07<19:19:24,  1.43s/it]  3%|▎         | 1435/50005 [38:09<19:20:30,  1.43s/it]  3%|▎         | 1436/50005 [38:10<19:18:33,  1.43s/it]  3%|▎         | 1437/50005 [38:11<19:19:34,  1.43s/it]  3%|▎         | 1438/50005 [38:13<19:21:18,  1.43s/it]  3%|▎         | 1439/50005 [38:14<19:22:53,  1.44s/it]  3%|▎         | 1440/50005 [38:16<19:22:12,  1.44s/it]  3%|▎         | 1441/50005 [38:17<19:22:38,  1.44s/it]  3%|▎         | 1442/50005 [38:19<19:20:50,  1.43s/it]  3%|▎         | 1443/50005 [38:20<19:21:56,  1.44s/it]  3%|▎         | 1444/50005 [38:21<19:20:20,  1.43s/it]  3%|▎         | 1445/50005 [38:23<19:19:52,  1.43s/it]  3%|▎         | 1446/50005 [38:24<19:20:43,  1.43s/it]  3%|▎         | 1447/50005 [38:26<19:18:29,  1.43s/it]  3%|▎         | 1448/50005 [38:27<19:17:42,  1.43s/it]  3%|▎         | 1449/50005 [38:29<19:17:39,  1.43s/it]  3%|▎         | 1450/50005 [38:30<19:17:10,  1.43s/it]  3%|▎         | 1451/50005 [38:31<19:18:57,  1.43s/it]  3%|▎         | 1452/50005 [38:33<19:19:44,  1.43s/it]  3%|▎         | 1453/50005 [38:34<19:20:54,  1.43s/it]  3%|▎         | 1454/50005 [38:36<19:19:19,  1.43s/it]  3%|▎         | 1455/50005 [38:37<19:21:13,  1.44s/it]  3%|▎         | 1456/50005 [38:39<19:17:50,  1.43s/it]  3%|▎         | 1457/50005 [38:40<19:18:55,  1.43s/it]  3%|▎         | 1458/50005 [38:41<19:19:20,  1.43s/it]  3%|▎         | 1459/50005 [38:43<19:20:25,  1.43s/it]  3%|▎         | 1460/50005 [38:44<19:20:23,  1.43s/it]  3%|▎         | 1461/50005 [38:46<19:19:06,  1.43s/it]  3%|▎         | 1462/50005 [38:47<19:18:50,  1.43s/it]  3%|▎         | 1463/50005 [38:49<19:20:34,  1.43s/it]  3%|▎         | 1464/50005 [38:50<19:21:02,  1.44s/it]  3%|▎         | 1465/50005 [38:52<19:19:19,  1.43s/it]  3%|▎         | 1466/50005 [38:53<19:17:58,  1.43s/it]  3%|▎         | 1467/50005 [38:54<19:19:57,  1.43s/it]  3%|▎         | 1468/50005 [38:56<19:20:11,  1.43s/it]  3%|▎         | 1469/50005 [38:57<19:21:05,  1.44s/it]  3%|▎         | 1470/50005 [38:59<19:21:27,  1.44s/it]  3%|▎         | 1471/50005 [39:00<19:21:10,  1.44s/it]  3%|▎         | 1472/50005 [39:02<19:20:29,  1.43s/it]  3%|▎         | 1473/50005 [39:03<19:20:43,  1.44s/it]  3%|▎         | 1474/50005 [39:04<19:20:22,  1.43s/it]  3%|▎         | 1475/50005 [39:06<19:21:03,  1.44s/it]  3%|▎         | 1476/50005 [39:07<19:20:45,  1.44s/it]  3%|▎         | 1477/50005 [39:09<19:21:54,  1.44s/it]  3%|▎         | 1478/50005 [39:10<19:21:08,  1.44s/it]  3%|▎         | 1479/50005 [39:12<19:19:23,  1.43s/it]  3%|▎         | 1480/50005 [39:13<19:17:44,  1.43s/it]  3%|▎         | 1481/50005 [39:14<19:16:48,  1.43s/it]  3%|▎         | 1482/50005 [39:16<19:15:17,  1.43s/it]  3%|▎         | 1483/50005 [39:17<19:17:41,  1.43s/it]  3%|▎         | 1484/50005 [39:19<19:15:21,  1.43s/it]  3%|▎         | 1485/50005 [39:20<19:16:06,  1.43s/it]  3%|▎         | 1486/50005 [39:22<19:16:44,  1.43s/it]  3%|▎         | 1487/50005 [39:23<19:18:06,  1.43s/it]  3%|▎         | 1488/50005 [39:24<19:19:09,  1.43s/it]  3%|▎         | 1489/50005 [39:26<19:16:50,  1.43s/it]  3%|▎         | 1490/50005 [39:27<19:14:45,  1.43s/it]  3%|▎         | 1491/50005 [39:29<19:17:06,  1.43s/it]  3%|▎         | 1492/50005 [39:30<19:17:44,  1.43s/it]  3%|▎         | 1493/50005 [39:32<19:19:33,  1.43s/it]  3%|▎         | 1494/50005 [39:33<19:19:54,  1.43s/it]  3%|▎         | 1495/50005 [39:35<19:21:02,  1.44s/it]  3%|▎         | 1496/50005 [39:36<19:18:40,  1.43s/it]  3%|▎         | 1497/50005 [39:37<19:18:29,  1.43s/it]  3%|▎         | 1498/50005 [39:39<19:18:27,  1.43s/it]  3%|▎         | 1499/50005 [39:40<19:19:57,  1.43s/it]  3%|▎         | 1500/50005 [39:42<19:20:24,  1.44s/it]  3%|▎         | 1501/50005 [39:43<19:19:06,  1.43s/it]  3%|▎         | 1502/50005 [39:45<19:18:50,  1.43s/it]  3%|▎         | 1503/50005 [39:46<19:18:25,  1.43s/it]  3%|▎         | 1504/50005 [39:47<19:15:48,  1.43s/it]  3%|▎         | 1505/50005 [39:49<19:18:11,  1.43s/it]  3%|▎         | 1506/50005 [39:50<19:17:38,  1.43s/it]  3%|▎         | 1507/50005 [39:52<19:19:11,  1.43s/it]  3%|▎         | 1508/50005 [39:53<19:20:03,  1.44s/it]  3%|▎         | 1509/50005 [39:55<19:20:16,  1.44s/it]  3%|▎         | 1510/50005 [39:56<19:17:32,  1.43s/it]  3%|▎         | 1511/50005 [39:57<19:15:32,  1.43s/it]  3%|▎         | 1512/50005 [39:59<19:15:26,  1.43s/it]  3%|▎         | 1513/50005 [40:00<19:17:05,  1.43s/it]  3%|▎         | 1514/50005 [40:02<19:17:37,  1.43s/it]  3%|▎         | 1515/50005 [40:03<19:17:07,  1.43s/it]  3%|▎         | 1516/50005 [40:05<19:18:22,  1.43s/it]  3%|▎         | 1517/50005 [40:06<19:19:12,  1.43s/it]  3%|▎         | 1518/50005 [40:07<19:19:10,  1.43s/it]  3%|▎         | 1519/50005 [40:09<19:18:03,  1.43s/it]  3%|▎         | 1520/50005 [40:10<19:18:01,  1.43s/it]  3%|▎         | 1521/50005 [40:12<19:16:24,  1.43s/it]  3%|▎         | 1522/50005 [40:13<19:15:47,  1.43s/it]  3%|▎         | 1523/50005 [40:15<19:17:39,  1.43s/it]  3%|▎         | 1524/50005 [40:16<19:18:43,  1.43s/it]  3%|▎         | 1525/50005 [40:18<19:19:41,  1.44s/it]  3%|▎         | 1526/50005 [40:19<19:18:31,  1.43s/it]  3%|▎         | 1527/50005 [40:20<19:16:49,  1.43s/it]  3%|▎         | 1528/50005 [40:22<19:17:57,  1.43s/it]  3%|▎         | 1529/50005 [40:23<19:15:50,  1.43s/it]  3%|▎         | 1530/50005 [40:25<19:15:19,  1.43s/it]  3%|▎         | 1531/50005 [40:26<19:16:35,  1.43s/it]  3%|▎         | 1532/50005 [40:28<19:18:19,  1.43s/it]  3%|▎         | 1533/50005 [40:29<19:15:16,  1.43s/it]  3%|▎         | 1534/50005 [40:30<19:16:48,  1.43s/it]  3%|▎         | 1535/50005 [40:32<19:17:53,  1.43s/it]  3%|▎         | 1536/50005 [40:33<19:16:50,  1.43s/it]  3%|▎         | 1537/50005 [40:35<19:17:21,  1.43s/it]  3%|▎         | 1538/50005 [40:36<19:19:09,  1.43s/it]  3%|▎         | 1539/50005 [40:38<19:17:21,  1.43s/it]  3%|▎         | 1540/50005 [40:39<19:17:58,  1.43s/it]  3%|▎         | 1541/50005 [40:40<19:17:02,  1.43s/it]  3%|▎         | 1542/50005 [40:42<19:18:07,  1.43s/it]  3%|▎         | 1543/50005 [40:43<19:18:00,  1.43s/it]  3%|▎         | 1544/50005 [40:45<19:16:41,  1.43s/it]  3%|▎         | 1545/50005 [40:46<19:15:54,  1.43s/it]  3%|▎         | 1546/50005 [40:48<19:17:41,  1.43s/it]  3%|▎         | 1547/50005 [40:49<19:17:13,  1.43s/it]  3%|▎         | 1548/50005 [40:50<19:18:01,  1.43s/it]  3%|▎         | 1549/50005 [40:52<19:16:01,  1.43s/it]  3%|▎         | 1550/50005 [40:53<19:17:21,  1.43s/it]  3%|▎         | 1551/50005 [40:55<19:18:40,  1.43s/it]  3%|▎         | 1552/50005 [40:56<19:18:53,  1.44s/it]  3%|▎         | 1553/50005 [40:58<19:16:25,  1.43s/it]  3%|▎         | 1554/50005 [40:59<19:14:52,  1.43s/it]  3%|▎         | 1555/50005 [41:00<19:13:42,  1.43s/it]  3%|▎         | 1556/50005 [41:02<19:13:39,  1.43s/it]  3%|▎         | 1557/50005 [41:03<19:15:06,  1.43s/it]  3%|▎         | 1558/50005 [41:05<19:16:24,  1.43s/it]  3%|▎         | 1559/50005 [41:06<19:17:35,  1.43s/it]  3%|▎         | 1560/50005 [41:08<19:18:38,  1.43s/it]  3%|▎         | 1561/50005 [41:09<19:18:31,  1.43s/it]  3%|▎         | 1562/50005 [41:11<19:19:36,  1.44s/it]  3%|▎         | 1563/50005 [41:12<19:19:01,  1.44s/it]  3%|▎         | 1564/50005 [41:13<19:17:19,  1.43s/it]  3%|▎         | 1565/50005 [41:15<19:15:22,  1.43s/it]  3%|▎         | 1566/50005 [41:16<19:16:43,  1.43s/it]  3%|▎         | 1567/50005 [41:18<19:14:13,  1.43s/it]  3%|▎         | 1568/50005 [41:19<19:15:19,  1.43s/it]  3%|▎         | 1569/50005 [41:21<19:16:54,  1.43s/it]  3%|▎         | 1570/50005 [41:22<19:18:02,  1.43s/it]  3%|▎         | 1571/50005 [41:23<19:17:31,  1.43s/it]  3%|▎         | 1572/50005 [41:25<19:17:36,  1.43s/it]  3%|▎         | 1573/50005 [41:26<19:15:39,  1.43s/it]  3%|▎         | 1574/50005 [41:28<19:17:47,  1.43s/it]  3%|▎         | 1575/50005 [41:29<19:17:35,  1.43s/it]  3%|▎         | 1576/50005 [41:31<19:15:29,  1.43s/it]  3%|▎         | 1577/50005 [41:32<19:15:54,  1.43s/it]  3%|▎         | 1578/50005 [41:33<19:14:41,  1.43s/it]  3%|▎         | 1579/50005 [41:35<19:15:59,  1.43s/it]  3%|▎         | 1580/50005 [41:36<19:14:58,  1.43s/it]  3%|▎         | 1581/50005 [41:38<19:15:58,  1.43s/it]  3%|▎         | 1582/50005 [41:39<19:17:13,  1.43s/it]  3%|▎         | 1583/50005 [41:41<19:16:59,  1.43s/it]  3%|▎         | 1584/50005 [41:42<19:18:28,  1.44s/it]  3%|▎         | 1585/50005 [41:43<19:18:05,  1.44s/it]  3%|▎         | 1586/50005 [41:45<19:17:57,  1.43s/it]  3%|▎         | 1587/50005 [41:46<19:17:50,  1.43s/it]  3%|▎         | 1588/50005 [41:48<19:16:09,  1.43s/it]  3%|▎         | 1589/50005 [41:49<19:17:04,  1.43s/it]  3%|▎         | 1590/50005 [41:51<19:16:27,  1.43s/it]  3%|▎         | 1591/50005 [41:52<19:17:34,  1.43s/it]  3%|▎         | 1592/50005 [41:53<19:15:15,  1.43s/it]  3%|▎         | 1593/50005 [41:55<19:16:13,  1.43s/it]  3%|▎         | 1594/50005 [41:56<19:17:43,  1.43s/it]  3%|▎         | 1595/50005 [41:58<19:18:41,  1.44s/it]  3%|▎         | 1596/50005 [41:59<19:16:31,  1.43s/it]  3%|▎         | 1597/50005 [42:01<19:15:11,  1.43s/it]  3%|▎         | 1598/50005 [42:02<19:16:15,  1.43s/it]  3%|▎         | 1599/50005 [42:04<19:16:55,  1.43s/it]  3%|▎         | 1600/50005 [42:05<19:18:08,  1.44s/it]  3%|▎         | 1601/50005 [42:06<19:18:45,  1.44s/it]
Validation:   0%|          | 0/100 [00:00<?, ?it/s][A
Validation:   1%|          | 1/100 [00:01<01:40,  1.01s/it][A
Validation:   2%|▏         | 2/100 [00:01<01:16,  1.29it/s][A
Validation:   3%|▎         | 3/100 [00:02<01:08,  1.42it/s][A
Validation:   4%|▍         | 4/100 [00:02<01:04,  1.50it/s][A
Validation:   5%|▌         | 5/100 [00:03<01:01,  1.54it/s][A
Validation:   6%|▌         | 6/100 [00:04<00:59,  1.57it/s][A
Validation:   7%|▋         | 7/100 [00:04<00:58,  1.59it/s][A
Validation:   8%|▊         | 8/100 [00:05<00:57,  1.61it/s][A
Validation:   9%|▉         | 9/100 [00:05<00:56,  1.62it/s][A
Validation:  10%|█         | 10/100 [00:06<00:55,  1.62it/s][A
Validation:  11%|█         | 11/100 [00:07<00:54,  1.62it/s][A
Validation:  12%|█▏        | 12/100 [00:07<00:54,  1.63it/s][A
Validation:  13%|█▎        | 13/100 [00:08<00:53,  1.63it/s][A
Validation:  14%|█▍        | 14/100 [00:08<00:52,  1.63it/s][A
Validation:  15%|█▌        | 15/100 [00:09<00:52,  1.63it/s][A
Validation:  16%|█▌        | 16/100 [00:10<00:51,  1.63it/s][A
Validation:  17%|█▋        | 17/100 [00:10<00:50,  1.63it/s][A
Validation:  18%|█▊        | 18/100 [00:11<00:50,  1.64it/s][A
Validation:  19%|█▉        | 19/100 [00:12<00:49,  1.63it/s][A
Validation:  20%|██        | 20/100 [00:12<00:49,  1.63it/s][A
Validation:  21%|██        | 21/100 [00:13<00:48,  1.63it/s][A
Validation:  22%|██▏       | 22/100 [00:13<00:47,  1.63it/s][A
Validation:  23%|██▎       | 23/100 [00:14<00:47,  1.63it/s][A
Validation:  24%|██▍       | 24/100 [00:15<00:46,  1.63it/s][A
Validation:  25%|██▌       | 25/100 [00:15<00:45,  1.63it/s][A
Validation:  26%|██▌       | 26/100 [00:16<00:45,  1.63it/s][A
Validation:  27%|██▋       | 27/100 [00:16<00:44,  1.63it/s][A
Validation:  28%|██▊       | 28/100 [00:17<00:44,  1.63it/s][A
Validation:  29%|██▉       | 29/100 [00:18<00:43,  1.63it/s][A
Validation:  30%|███       | 30/100 [00:18<00:42,  1.63it/s][A
Validation:  31%|███       | 31/100 [00:19<00:42,  1.63it/s][A
Validation:  32%|███▏      | 32/100 [00:20<00:41,  1.63it/s][A
Validation:  33%|███▎      | 33/100 [00:20<00:41,  1.63it/s][A
Validation:  34%|███▍      | 34/100 [00:21<00:40,  1.63it/s][A
Validation:  35%|███▌      | 35/100 [00:21<00:39,  1.63it/s][A
Validation:  36%|███▌      | 36/100 [00:22<00:39,  1.63it/s][A
Validation:  37%|███▋      | 37/100 [00:23<00:38,  1.63it/s][A
Validation:  38%|███▊      | 38/100 [00:23<00:38,  1.63it/s][A
Validation:  39%|███▉      | 39/100 [00:24<00:37,  1.63it/s][A
Validation:  40%|████      | 40/100 [00:24<00:36,  1.63it/s][A
Validation:  41%|████      | 41/100 [00:25<00:36,  1.63it/s][A
Validation:  42%|████▏     | 42/100 [00:26<00:35,  1.63it/s][A
Validation:  43%|████▎     | 43/100 [00:26<00:34,  1.63it/s][A
Validation:  44%|████▍     | 44/100 [00:27<00:34,  1.63it/s][A
Validation:  45%|████▌     | 45/100 [00:27<00:33,  1.63it/s][A
Validation:  46%|████▌     | 46/100 [00:28<00:33,  1.63it/s][A
Validation:  47%|████▋     | 47/100 [00:29<00:32,  1.63it/s][A
Validation:  48%|████▊     | 48/100 [00:29<00:31,  1.63it/s][A
Validation:  49%|████▉     | 49/100 [00:30<00:31,  1.63it/s][A
Validation:  50%|█████     | 50/100 [00:31<00:30,  1.63it/s][A
Validation:  51%|█████     | 51/100 [00:31<00:30,  1.63it/s][A
Validation:  52%|█████▏    | 52/100 [00:32<00:29,  1.63it/s][A
Validation:  53%|█████▎    | 53/100 [00:32<00:28,  1.63it/s][A
Validation:  54%|█████▍    | 54/100 [00:33<00:28,  1.63it/s][A
Validation:  55%|█████▌    | 55/100 [00:34<00:27,  1.63it/s][A
Validation:  56%|█████▌    | 56/100 [00:34<00:26,  1.63it/s][A
Validation:  57%|█████▋    | 57/100 [00:35<00:26,  1.63it/s][A
Validation:  58%|█████▊    | 58/100 [00:35<00:25,  1.63it/s][A
Validation:  59%|█████▉    | 59/100 [00:36<00:25,  1.64it/s][A
Validation:  60%|██████    | 60/100 [00:37<00:24,  1.63it/s][A
Validation:  61%|██████    | 61/100 [00:37<00:23,  1.63it/s][A
Validation:  62%|██████▏   | 62/100 [00:38<00:23,  1.63it/s][A
Validation:  63%|██████▎   | 63/100 [00:39<00:22,  1.63it/s][A
Validation:  64%|██████▍   | 64/100 [00:39<00:22,  1.63it/s][A
Validation:  65%|██████▌   | 65/100 [00:40<00:21,  1.63it/s][A
Validation:  66%|██████▌   | 66/100 [00:40<00:20,  1.63it/s][A
Validation:  67%|██████▋   | 67/100 [00:41<00:20,  1.63it/s][A
Validation:  68%|██████▊   | 68/100 [00:42<00:19,  1.63it/s][A
Validation:  69%|██████▉   | 69/100 [00:42<00:19,  1.63it/s][A
Validation:  70%|███████   | 70/100 [00:43<00:18,  1.63it/s][A
Validation:  71%|███████   | 71/100 [00:43<00:17,  1.63it/s][A
Validation:  72%|███████▏  | 72/100 [00:44<00:17,  1.63it/s][A
Validation:  73%|███████▎  | 73/100 [00:45<00:16,  1.63it/s][A
Validation:  74%|███████▍  | 74/100 [00:45<00:15,  1.63it/s][A
Validation:  75%|███████▌  | 75/100 [00:46<00:15,  1.63it/s][A
Validation:  76%|███████▌  | 76/100 [00:46<00:14,  1.63it/s][A
Validation:  77%|███████▋  | 77/100 [00:47<00:14,  1.63it/s][A
Validation:  78%|███████▊  | 78/100 [00:48<00:13,  1.63it/s][A
Validation:  79%|███████▉  | 79/100 [00:48<00:12,  1.63it/s][A
Validation:  80%|████████  | 80/100 [00:49<00:12,  1.63it/s][A
Validation:  81%|████████  | 81/100 [00:50<00:11,  1.63it/s][A
Validation:  82%|████████▏ | 82/100 [00:50<00:11,  1.63it/s][A
Validation:  83%|████████▎ | 83/100 [00:51<00:10,  1.63it/s][A
Validation:  84%|████████▍ | 84/100 [00:51<00:09,  1.63it/s][A
Validation:  85%|████████▌ | 85/100 [00:52<00:09,  1.63it/s][A
Validation:  86%|████████▌ | 86/100 [00:53<00:08,  1.63it/s][A
Validation:  87%|████████▋ | 87/100 [00:53<00:07,  1.63it/s][A
Validation:  88%|████████▊ | 88/100 [00:54<00:07,  1.63it/s][A
Validation:  89%|████████▉ | 89/100 [00:54<00:06,  1.63it/s][A
Validation:  90%|█████████ | 90/100 [00:55<00:06,  1.63it/s][A
Validation:  91%|█████████ | 91/100 [00:56<00:05,  1.63it/s][A
Validation:  92%|█████████▏| 92/100 [00:56<00:04,  1.63it/s][A
Validation:  93%|█████████▎| 93/100 [00:57<00:04,  1.63it/s][A
Validation:  94%|█████████▍| 94/100 [00:58<00:03,  1.63it/s][A
Validation:  95%|█████████▌| 95/100 [00:58<00:03,  1.63it/s][A
Validation:  96%|█████████▌| 96/100 [00:59<00:02,  1.63it/s][A
Validation:  97%|█████████▋| 97/100 [00:59<00:01,  1.63it/s][A
Validation:  98%|█████████▊| 98/100 [01:00<00:01,  1.63it/s][A
Validation:  99%|█████████▉| 99/100 [01:01<00:00,  1.63it/s][A
Validation: 100%|██████████| 100/100 [01:01<00:00,  1.63it/s][A
                                                             [A  3%|▎         | 1602/50005 [43:10<268:37:05, 19.98s/it]  3%|▎         | 1603/50005 [43:11<193:48:45, 14.42s/it]  3%|▎         | 1604/50005 [43:13<141:24:53, 10.52s/it]  3%|▎         | 1605/50005 [43:14<104:46:07,  7.79s/it]  3%|▎         | 1606/50005 [43:15<79:08:23,  5.89s/it]   3%|▎         | 1607/50005 [43:17<61:11:24,  4.55s/it]  3%|▎         | 1608/50005 [43:18<48:34:27,  3.61s/it]  3%|▎         | 1609/50005 [43:20<39:44:43,  2.96s/it]  3%|▎         | 1610/50005 [43:21<33:36:34,  2.50s/it]  3%|▎         | 1611/50005 [43:23<29:18:45,  2.18s/it]  3%|▎         | 1612/50005 [43:24<26:17:47,  1.96s/it]  3%|▎         | 1613/50005 [43:25<24:08:58,  1.80s/it]  3%|▎         | 1614/50005 [43:27<22:38:20,  1.68s/it]  3%|▎         | 1615/50005 [43:28<21:37:40,  1.61s/it]  3%|▎         | 1616/50005 [43:30<20:52:45,  1.55s/it]  3%|▎         | 1617/50005 [43:31<20:24:02,  1.52s/it]  3%|▎         | 1618/50005 [43:33<20:04:16,  1.49s/it]  3%|▎         | 1619/50005 [43:34<19:50:07,  1.48s/it]  3%|▎         | 1620/50005 [43:35<19:40:02,  1.46s/it]  3%|▎         | 1621/50005 [43:37<19:33:08,  1.45s/it]  3%|▎         | 1622/50005 [43:38<19:25:29,  1.45s/it]  3%|▎         | 1623/50005 [43:40<19:22:50,  1.44s/it]  3%|▎         | 1624/50005 [43:41<19:21:08,  1.44s/it]  3%|▎         | 1625/50005 [43:43<19:17:07,  1.44s/it]  3%|▎         | 1626/50005 [43:44<19:17:34,  1.44s/it]  3%|▎         | 1627/50005 [43:45<19:15:05,  1.43s/it]  3%|▎         | 1628/50005 [43:47<19:16:11,  1.43s/it]  3%|▎         | 1629/50005 [43:48<19:13:43,  1.43s/it]  3%|▎         | 1630/50005 [43:50<19:14:52,  1.43s/it]  3%|▎         | 1631/50005 [43:51<19:15:31,  1.43s/it]  3%|▎         | 1632/50005 [43:53<19:16:20,  1.43s/it]  3%|▎         | 1633/50005 [43:54<19:13:11,  1.43s/it]  3%|▎         | 1634/50005 [43:55<19:12:49,  1.43s/it]  3%|▎         | 1635/50005 [43:57<19:11:19,  1.43s/it]  3%|▎         | 1636/50005 [43:58<19:12:23,  1.43s/it]  3%|▎         | 1637/50005 [44:00<19:12:00,  1.43s/it]  3%|▎         | 1638/50005 [44:01<19:10:45,  1.43s/it]  3%|▎         | 1639/50005 [44:03<19:12:41,  1.43s/it]  3%|▎         | 1640/50005 [44:04<19:11:35,  1.43s/it]  3%|▎         | 1641/50005 [44:05<19:10:53,  1.43s/it]  3%|▎         | 1642/50005 [44:07<19:13:04,  1.43s/it]  3%|▎         | 1643/50005 [44:08<19:11:31,  1.43s/it]  3%|▎         | 1644/50005 [44:10<19:13:37,  1.43s/it]  3%|▎         | 1645/50005 [44:11<19:11:37,  1.43s/it]  3%|▎         | 1646/50005 [44:13<19:13:04,  1.43s/it]  3%|▎         | 1647/50005 [44:14<19:11:47,  1.43s/it]  3%|▎         | 1648/50005 [44:15<19:13:27,  1.43s/it]  3%|▎         | 1649/50005 [44:17<19:12:14,  1.43s/it]  3%|▎         | 1650/50005 [44:18<19:13:50,  1.43s/it]  3%|▎         | 1651/50005 [44:20<19:14:30,  1.43s/it]  3%|▎         | 1652/50005 [44:21<19:15:09,  1.43s/it]  3%|▎         | 1653/50005 [44:23<19:13:40,  1.43s/it]  3%|▎         | 1654/50005 [44:24<19:14:05,  1.43s/it]  3%|▎         | 1655/50005 [44:25<19:12:56,  1.43s/it]  3%|▎         | 1656/50005 [44:27<19:14:05,  1.43s/it]  3%|▎         | 1657/50005 [44:28<19:13:51,  1.43s/it]  3%|▎         | 1658/50005 [44:30<19:12:35,  1.43s/it]  3%|▎         | 1659/50005 [44:31<19:13:51,  1.43s/it]  3%|▎         | 1660/50005 [44:33<19:11:50,  1.43s/it]  3%|▎         | 1661/50005 [44:34<19:11:50,  1.43s/it]  3%|▎         | 1662/50005 [44:36<19:13:19,  1.43s/it]  3%|▎         | 1663/50005 [44:37<19:14:36,  1.43s/it]  3%|▎         | 1664/50005 [44:38<19:14:02,  1.43s/it]  3%|▎         | 1665/50005 [44:40<19:13:53,  1.43s/it]  3%|▎         | 1666/50005 [44:41<19:14:27,  1.43s/it]  3%|▎         | 1667/50005 [44:43<19:14:36,  1.43s/it]  3%|▎         | 1668/50005 [44:44<19:14:45,  1.43s/it]  3%|▎         | 1669/50005 [44:46<19:12:07,  1.43s/it]  3%|▎         | 1670/50005 [44:47<19:11:50,  1.43s/it]  3%|▎         | 1671/50005 [44:48<19:12:59,  1.43s/it]  3%|▎         | 1672/50005 [44:50<19:13:37,  1.43s/it]  3%|▎         | 1673/50005 [44:51<19:14:21,  1.43s/it]  3%|▎         | 1674/50005 [44:53<19:14:15,  1.43s/it]  3%|▎         | 1675/50005 [44:54<19:15:14,  1.43s/it]  3%|▎         | 1676/50005 [44:56<19:13:17,  1.43s/it]  3%|▎         | 1677/50005 [44:57<19:12:59,  1.43s/it]  3%|▎         | 1678/50005 [44:58<19:12:16,  1.43s/it]  3%|▎         | 1679/50005 [45:00<19:11:30,  1.43s/it]  3%|▎         | 1680/50005 [45:01<19:11:15,  1.43s/it]  3%|▎         | 1681/50005 [45:03<19:09:43,  1.43s/it]  3%|▎         | 1682/50005 [45:04<19:07:32,  1.42s/it]  3%|▎         | 1683/50005 [45:06<19:10:24,  1.43s/it]  3%|▎         | 1684/50005 [45:07<19:12:40,  1.43s/it]  3%|▎         | 1685/50005 [45:08<19:14:15,  1.43s/it]  3%|▎         | 1686/50005 [45:10<19:13:38,  1.43s/it]  3%|▎         | 1687/50005 [45:11<19:14:18,  1.43s/it]  3%|▎         | 1688/50005 [45:13<19:12:09,  1.43s/it]  3%|▎         | 1689/50005 [45:14<19:13:51,  1.43s/it]  3%|▎         | 1690/50005 [45:16<19:10:49,  1.43s/it]  3%|▎         | 1691/50005 [45:17<19:12:15,  1.43s/it]  3%|▎         | 1692/50005 [45:18<19:12:26,  1.43s/it]  3%|▎         | 1693/50005 [45:20<19:10:41,  1.43s/it]  3%|▎         | 1694/50005 [45:21<19:11:34,  1.43s/it]  3%|▎         | 1695/50005 [45:23<19:12:51,  1.43s/it]  3%|▎         | 1696/50005 [45:24<19:12:18,  1.43s/it]  3%|▎         | 1697/50005 [45:26<19:10:04,  1.43s/it]  3%|▎         | 1698/50005 [45:27<19:10:47,  1.43s/it]  3%|▎         | 1699/50005 [45:28<19:12:13,  1.43s/it]  3%|▎         | 1700/50005 [45:30<19:12:10,  1.43s/it]  3%|▎         | 1701/50005 [45:31<19:10:22,  1.43s/it]  3%|▎         | 1702/50005 [45:33<19:09:22,  1.43s/it]  3%|▎         | 1703/50005 [45:34<19:09:26,  1.43s/it]  3%|▎         | 1704/50005 [45:36<19:07:56,  1.43s/it]  3%|▎         | 1705/50005 [45:37<19:10:04,  1.43s/it]  3%|▎         | 1706/50005 [45:38<19:08:23,  1.43s/it]  3%|▎         | 1707/50005 [45:40<19:08:27,  1.43s/it]  3%|▎         | 1708/50005 [45:41<19:07:23,  1.43s/it]  3%|▎         | 1709/50005 [45:43<19:05:38,  1.42s/it]  3%|▎         | 1710/50005 [45:44<19:05:53,  1.42s/it]  3%|▎         | 1711/50005 [45:46<19:07:25,  1.43s/it]  3%|▎         | 1712/50005 [45:47<19:07:43,  1.43s/it]  3%|▎         | 1713/50005 [45:48<19:07:51,  1.43s/it]  3%|▎         | 1714/50005 [45:50<19:09:42,  1.43s/it]  3%|▎         | 1715/50005 [45:51<19:09:36,  1.43s/it]  3%|▎         | 1716/50005 [45:53<19:10:09,  1.43s/it]  3%|▎         | 1717/50005 [45:54<19:10:12,  1.43s/it]  3%|▎         | 1718/50005 [45:56<19:09:54,  1.43s/it]  3%|▎         | 1719/50005 [45:57<19:10:31,  1.43s/it]  3%|▎         | 1720/50005 [45:58<19:09:14,  1.43s/it]  3%|▎         | 1721/50005 [46:00<19:10:51,  1.43s/it]  3%|▎         | 1722/50005 [46:01<19:10:55,  1.43s/it]  3%|▎         | 1723/50005 [46:03<19:09:09,  1.43s/it]  3%|▎         | 1724/50005 [46:04<19:08:17,  1.43s/it]  3%|▎         | 1725/50005 [46:06<19:09:43,  1.43s/it]  3%|▎         | 1726/50005 [46:07<19:10:48,  1.43s/it]  3%|▎         | 1727/50005 [46:08<19:11:46,  1.43s/it]  3%|▎         | 1728/50005 [46:10<19:08:48,  1.43s/it]  3%|▎         | 1729/50005 [46:11<19:08:40,  1.43s/it]  3%|▎         | 1730/50005 [46:13<19:09:20,  1.43s/it]  3%|▎         | 1731/50005 [46:14<19:09:17,  1.43s/it]  3%|▎         | 1732/50005 [46:16<19:10:35,  1.43s/it]  3%|▎         | 1733/50005 [46:17<19:09:39,  1.43s/it]  3%|▎         | 1734/50005 [46:18<19:10:50,  1.43s/it]  3%|▎         | 1735/50005 [46:20<19:09:30,  1.43s/it]  3%|▎         | 1736/50005 [46:21<19:10:35,  1.43s/it]  3%|▎         | 1737/50005 [46:23<19:08:57,  1.43s/it]  3%|▎         | 1738/50005 [46:24<19:07:53,  1.43s/it]  3%|▎         | 1739/50005 [46:26<19:10:01,  1.43s/it]  3%|▎         | 1740/50005 [46:27<19:10:31,  1.43s/it]  3%|▎         | 1741/50005 [46:28<19:11:55,  1.43s/it]  3%|▎         | 1742/50005 [46:30<19:12:01,  1.43s/it]  3%|▎         | 1743/50005 [46:31<19:13:10,  1.43s/it]  3%|▎         | 1744/50005 [46:33<19:13:21,  1.43s/it]  3%|▎         | 1745/50005 [46:34<19:13:24,  1.43s/it]  3%|▎         | 1746/50005 [46:36<19:12:55,  1.43s/it]  3%|▎         | 1747/50005 [46:37<19:10:17,  1.43s/it]  3%|▎         | 1748/50005 [46:38<19:08:33,  1.43s/it]  3%|▎         | 1749/50005 [46:40<19:10:07,  1.43s/it]  3%|▎         | 1750/50005 [46:41<19:11:08,  1.43s/it]  4%|▎         | 1751/50005 [46:43<19:10:14,  1.43s/it]  4%|▎         | 1752/50005 [46:44<19:09:13,  1.43s/it]  4%|▎         | 1753/50005 [46:46<19:07:48,  1.43s/it]  4%|▎         | 1754/50005 [46:47<19:08:36,  1.43s/it]  4%|▎         | 1755/50005 [46:48<19:08:38,  1.43s/it]  4%|▎         | 1756/50005 [46:50<19:07:22,  1.43s/it]  4%|▎         | 1757/50005 [46:51<19:08:12,  1.43s/it]  4%|▎         | 1758/50005 [46:53<19:09:50,  1.43s/it]  4%|▎         | 1759/50005 [46:54<19:10:33,  1.43s/it]  4%|▎         | 1760/50005 [46:56<19:08:55,  1.43s/it]  4%|▎         | 1761/50005 [46:57<19:11:33,  1.43s/it]  4%|▎         | 1762/50005 [46:58<19:11:17,  1.43s/it]  4%|▎         | 1763/50005 [47:00<19:11:37,  1.43s/it]  4%|▎         | 1764/50005 [47:01<19:10:03,  1.43s/it]  4%|▎         | 1765/50005 [47:03<19:11:24,  1.43s/it]  4%|▎         | 1766/50005 [47:04<19:08:52,  1.43s/it]  4%|▎         | 1767/50005 [47:06<19:10:25,  1.43s/it]  4%|▎         | 1768/50005 [47:07<19:10:27,  1.43s/it]  4%|▎         | 1769/50005 [47:08<19:10:46,  1.43s/it]  4%|▎         | 1770/50005 [47:10<19:08:40,  1.43s/it]  4%|▎         | 1771/50005 [47:11<19:08:14,  1.43s/it]  4%|▎         | 1772/50005 [47:13<19:07:33,  1.43s/it]  4%|▎         | 1773/50005 [47:14<19:09:19,  1.43s/it]  4%|▎         | 1774/50005 [47:16<19:10:11,  1.43s/it]  4%|▎         | 1775/50005 [47:17<19:08:57,  1.43s/it]  4%|▎         | 1776/50005 [47:19<19:10:32,  1.43s/it]  4%|▎         | 1777/50005 [47:20<19:09:44,  1.43s/it]  4%|▎         | 1778/50005 [47:21<19:10:27,  1.43s/it]  4%|▎         | 1779/50005 [47:23<19:09:31,  1.43s/it]  4%|▎         | 1780/50005 [47:24<19:07:43,  1.43s/it]  4%|▎         | 1781/50005 [47:26<19:07:52,  1.43s/it]  4%|▎         | 1782/50005 [47:27<19:09:14,  1.43s/it]  4%|▎         | 1783/50005 [47:29<19:11:00,  1.43s/it]  4%|▎         | 1784/50005 [47:30<19:09:36,  1.43s/it]  4%|▎         | 1785/50005 [47:31<19:09:11,  1.43s/it]  4%|▎         | 1786/50005 [47:33<19:10:25,  1.43s/it]  4%|▎         | 1787/50005 [47:34<19:09:46,  1.43s/it]  4%|▎         | 1788/50005 [47:36<19:09:54,  1.43s/it]  4%|▎         | 1789/50005 [47:37<19:11:08,  1.43s/it]  4%|▎         | 1790/50005 [47:39<19:09:02,  1.43s/it]  4%|▎         | 1791/50005 [47:40<19:10:03,  1.43s/it]  4%|▎         | 1792/50005 [47:41<19:10:45,  1.43s/it]  4%|▎         | 1793/50005 [47:43<19:11:45,  1.43s/it]  4%|▎         | 1794/50005 [47:44<19:09:48,  1.43s/it]  4%|▎         | 1795/50005 [47:46<19:10:36,  1.43s/it]  4%|▎         | 1796/50005 [47:47<19:10:26,  1.43s/it]  4%|▎         | 1797/50005 [47:49<19:10:53,  1.43s/it]  4%|▎         | 1798/50005 [47:50<19:10:55,  1.43s/it]  4%|▎         | 1799/50005 [47:51<19:08:19,  1.43s/it]  4%|▎         | 1800/50005 [47:53<19:08:28,  1.43s/it]  4%|▎         | 1801/50005 [47:54<19:09:55,  1.43s/it]  4%|▎         | 1802/50005 [47:56<19:09:56,  1.43s/it]  4%|▎         | 1803/50005 [47:57<19:07:44,  1.43s/it]  4%|▎         | 1804/50005 [47:59<19:08:31,  1.43s/it]  4%|▎         | 1805/50005 [48:00<19:09:07,  1.43s/it]  4%|▎         | 1806/50005 [48:01<19:09:05,  1.43s/it]  4%|▎         | 1807/50005 [48:03<19:09:28,  1.43s/it]  4%|▎         | 1808/50005 [48:04<19:08:00,  1.43s/it]  4%|▎         | 1809/50005 [48:06<19:07:13,  1.43s/it]  4%|▎         | 1810/50005 [48:07<19:05:41,  1.43s/it]  4%|▎         | 1811/50005 [48:09<19:06:05,  1.43s/it]  4%|▎         | 1812/50005 [48:10<19:05:24,  1.43s/it]  4%|▎         | 1813/50005 [48:11<19:06:01,  1.43s/it]  4%|▎         | 1814/50005 [48:13<19:06:22,  1.43s/it]  4%|▎         | 1815/50005 [48:14<19:07:39,  1.43s/it]  4%|▎         | 1816/50005 [48:16<19:08:24,  1.43s/it]  4%|▎         | 1817/50005 [48:17<19:10:38,  1.43s/it]  4%|▎         | 1818/50005 [48:19<19:07:56,  1.43s/it]  4%|▎         | 1819/50005 [48:20<19:05:15,  1.43s/it]  4%|▎         | 1820/50005 [48:21<19:05:04,  1.43s/it]  4%|▎         | 1821/50005 [48:23<19:04:55,  1.43s/it]  4%|▎         | 1822/50005 [48:24<19:04:20,  1.42s/it]  4%|▎         | 1823/50005 [48:26<19:06:19,  1.43s/it]  4%|▎         | 1824/50005 [48:27<19:07:18,  1.43s/it]  4%|▎         | 1825/50005 [48:29<19:08:05,  1.43s/it]  4%|▎         | 1826/50005 [48:30<19:09:19,  1.43s/it]  4%|▎         | 1827/50005 [48:31<19:10:24,  1.43s/it]  4%|▎         | 1828/50005 [48:33<19:11:22,  1.43s/it]  4%|▎         | 1829/50005 [48:34<19:11:22,  1.43s/it]  4%|▎         | 1830/50005 [48:36<19:09:50,  1.43s/it]  4%|▎         | 1831/50005 [48:37<19:10:49,  1.43s/it]  4%|▎         | 1832/50005 [48:39<19:07:59,  1.43s/it]  4%|▎         | 1833/50005 [48:40<19:06:14,  1.43s/it]  4%|▎         | 1834/50005 [48:41<19:07:57,  1.43s/it]  4%|▎         | 1835/50005 [48:43<19:06:32,  1.43s/it]  4%|▎         | 1836/50005 [48:44<19:08:05,  1.43s/it]  4%|▎         | 1837/50005 [48:46<19:06:40,  1.43s/it]  4%|▎         | 1838/50005 [48:47<19:07:57,  1.43s/it]  4%|▎         | 1839/50005 [48:49<19:06:09,  1.43s/it]  4%|▎         | 1840/50005 [48:50<19:05:53,  1.43s/it]  4%|▎         | 1841/50005 [48:51<19:06:37,  1.43s/it]  4%|▎         | 1842/50005 [48:53<19:08:18,  1.43s/it]  4%|▎         | 1843/50005 [48:54<19:08:37,  1.43s/it]  4%|▎         | 1844/50005 [48:56<19:07:07,  1.43s/it]  4%|▎         | 1845/50005 [48:57<19:07:16,  1.43s/it]  4%|▎         | 1846/50005 [48:59<19:08:10,  1.43s/it]  4%|▎         | 1847/50005 [49:00<19:06:47,  1.43s/it]  4%|▎         | 1848/50005 [49:01<19:08:34,  1.43s/it]  4%|▎         | 1849/50005 [49:03<19:09:52,  1.43s/it]  4%|▎         | 1850/50005 [49:04<19:08:39,  1.43s/it]  4%|▎         | 1851/50005 [49:06<19:06:47,  1.43s/it]  4%|▎         | 1852/50005 [49:07<19:08:11,  1.43s/it]  4%|▎         | 1853/50005 [49:09<19:08:52,  1.43s/it]  4%|▎         | 1854/50005 [49:10<19:08:15,  1.43s/it]  4%|▎         | 1855/50005 [49:11<19:06:45,  1.43s/it]  4%|▎         | 1856/50005 [49:13<19:08:40,  1.43s/it]  4%|▎         | 1857/50005 [49:14<19:08:45,  1.43s/it]  4%|▎         | 1858/50005 [49:16<19:08:50,  1.43s/it]  4%|▎         | 1859/50005 [49:17<19:09:23,  1.43s/it]  4%|▎         | 1860/50005 [49:19<19:08:47,  1.43s/it]  4%|▎         | 1861/50005 [49:20<19:09:30,  1.43s/it]  4%|▎         | 1862/50005 [49:21<19:09:48,  1.43s/it]  4%|▎         | 1863/50005 [49:23<19:10:41,  1.43s/it]  4%|▎         | 1864/50005 [49:24<19:08:15,  1.43s/it]  4%|▎         | 1865/50005 [49:26<19:09:27,  1.43s/it]  4%|▎         | 1866/50005 [49:27<19:09:37,  1.43s/it]  4%|▎         | 1867/50005 [49:29<19:07:55,  1.43s/it]  4%|▎         | 1868/50005 [49:30<19:06:22,  1.43s/it]  4%|▎         | 1869/50005 [49:32<19:07:38,  1.43s/it]  4%|▎         | 1870/50005 [49:33<19:08:40,  1.43s/it]  4%|▎         | 1871/50005 [49:34<19:09:35,  1.43s/it]  4%|▎         | 1872/50005 [49:36<19:09:08,  1.43s/it]  4%|▎         | 1873/50005 [49:37<19:09:41,  1.43s/it]  4%|▎         | 1874/50005 [49:39<19:09:39,  1.43s/it]  4%|▎         | 1875/50005 [49:40<19:09:00,  1.43s/it]  4%|▍         | 1876/50005 [49:42<19:07:06,  1.43s/it]  4%|▍         | 1877/50005 [49:43<19:07:12,  1.43s/it]  4%|▍         | 1878/50005 [49:44<19:05:37,  1.43s/it]  4%|▍         | 1879/50005 [49:46<19:07:08,  1.43s/it]  4%|▍         | 1880/50005 [49:47<19:06:49,  1.43s/it]  4%|▍         | 1881/50005 [49:49<19:08:04,  1.43s/it]  4%|▍         | 1882/50005 [49:50<19:06:23,  1.43s/it]  4%|▍         | 1883/50005 [49:52<19:06:56,  1.43s/it]  4%|▍         | 1884/50005 [49:53<19:08:17,  1.43s/it]  4%|▍         | 1885/50005 [49:54<19:07:46,  1.43s/it]  4%|▍         | 1886/50005 [49:56<19:08:35,  1.43s/it]  4%|▍         | 1887/50005 [49:57<19:06:59,  1.43s/it]  4%|▍         | 1888/50005 [49:59<19:08:09,  1.43s/it]  4%|▍         | 1889/50005 [50:00<19:05:56,  1.43s/it]  4%|▍         | 1890/50005 [50:02<19:07:38,  1.43s/it]  4%|▍         | 1891/50005 [50:03<19:07:12,  1.43s/it]  4%|▍         | 1892/50005 [50:04<19:06:29,  1.43s/it]  4%|▍         | 1893/50005 [50:06<19:04:42,  1.43s/it]  4%|▍         | 1894/50005 [50:07<19:04:45,  1.43s/it]  4%|▍         | 1895/50005 [50:09<19:03:32,  1.43s/it]  4%|▍         | 1896/50005 [50:10<19:03:35,  1.43s/it]  4%|▍         | 1897/50005 [50:12<19:03:35,  1.43s/it]  4%|▍         | 1898/50005 [50:13<19:03:14,  1.43s/it]  4%|▍         | 1899/50005 [50:14<19:06:07,  1.43s/it]  4%|▍         | 1900/50005 [50:16<19:07:49,  1.43s/it]  4%|▍         | 1901/50005 [50:17<19:08:48,  1.43s/it]  4%|▍         | 1902/50005 [50:19<19:05:29,  1.43s/it]  4%|▍         | 1903/50005 [50:20<19:04:38,  1.43s/it]  4%|▍         | 1904/50005 [50:22<19:03:16,  1.43s/it]  4%|▍         | 1905/50005 [50:23<19:02:03,  1.42s/it]  4%|▍         | 1906/50005 [50:24<19:04:27,  1.43s/it]  4%|▍         | 1907/50005 [50:26<19:03:53,  1.43s/it]  4%|▍         | 1908/50005 [50:27<19:05:28,  1.43s/it]  4%|▍         | 1909/50005 [50:29<19:04:56,  1.43s/it]  4%|▍         | 1910/50005 [50:30<19:06:09,  1.43s/it]  4%|▍         | 1911/50005 [50:32<19:04:24,  1.43s/it]  4%|▍         | 1912/50005 [50:33<19:03:51,  1.43s/it]  4%|▍         | 1913/50005 [50:34<19:06:12,  1.43s/it]  4%|▍         | 1914/50005 [50:36<19:04:54,  1.43s/it]  4%|▍         | 1915/50005 [50:37<19:06:59,  1.43s/it]  4%|▍         | 1916/50005 [50:39<19:07:57,  1.43s/it]  4%|▍         | 1917/50005 [50:40<19:08:06,  1.43s/it]  4%|▍         | 1918/50005 [50:42<19:09:15,  1.43s/it]  4%|▍         | 1919/50005 [50:43<19:09:50,  1.43s/it]  4%|▍         | 1920/50005 [50:44<19:07:09,  1.43s/it]  4%|▍         | 1921/50005 [50:46<19:07:34,  1.43s/it]  4%|▍         | 1922/50005 [50:47<19:08:22,  1.43s/it]  4%|▍         | 1923/50005 [50:49<19:06:19,  1.43s/it]  4%|▍         | 1924/50005 [50:50<19:04:48,  1.43s/it]  4%|▍         | 1925/50005 [50:52<19:06:30,  1.43s/it]  4%|▍         | 1926/50005 [50:53<19:06:39,  1.43s/it]  4%|▍         | 1927/50005 [50:54<19:08:17,  1.43s/it]  4%|▍         | 1928/50005 [50:56<19:05:04,  1.43s/it]  4%|▍         | 1929/50005 [50:57<19:06:47,  1.43s/it]  4%|▍         | 1930/50005 [50:59<19:05:01,  1.43s/it]  4%|▍         | 1931/50005 [51:00<19:05:39,  1.43s/it]  4%|▍         | 1932/50005 [51:02<19:06:25,  1.43s/it]  4%|▍         | 1933/50005 [51:03<19:05:32,  1.43s/it]  4%|▍         | 1934/50005 [51:04<19:04:14,  1.43s/it]  4%|▍         | 1935/50005 [51:06<19:06:30,  1.43s/it]  4%|▍         | 1936/50005 [51:07<19:04:39,  1.43s/it]  4%|▍         | 1937/50005 [51:09<19:04:29,  1.43s/it]  4%|▍         | 1938/50005 [51:10<19:02:40,  1.43s/it]  4%|▍         | 1939/50005 [51:12<19:04:54,  1.43s/it]  4%|▍         | 1940/50005 [51:13<19:03:49,  1.43s/it]  4%|▍         | 1941/50005 [51:14<19:05:38,  1.43s/it]  4%|▍         | 1942/50005 [51:16<19:06:47,  1.43s/it]  4%|▍         | 1943/50005 [51:17<19:07:25,  1.43s/it]  4%|▍         | 1944/50005 [51:19<19:06:44,  1.43s/it]  4%|▍         | 1945/50005 [51:20<19:07:47,  1.43s/it]  4%|▍         | 1946/50005 [51:22<19:05:21,  1.43s/it]  4%|▍         | 1947/50005 [51:23<19:07:06,  1.43s/it]  4%|▍         | 1948/50005 [51:24<19:07:08,  1.43s/it]  4%|▍         | 1949/50005 [51:26<19:07:49,  1.43s/it]  4%|▍         | 1950/50005 [51:27<19:08:11,  1.43s/it]  4%|▍         | 1951/50005 [51:29<19:06:03,  1.43s/it]  4%|▍         | 1952/50005 [51:30<19:05:38,  1.43s/it]  4%|▍         | 1953/50005 [51:32<19:06:16,  1.43s/it]  4%|▍         | 1954/50005 [51:33<19:07:41,  1.43s/it]  4%|▍         | 1955/50005 [51:35<19:05:11,  1.43s/it]  4%|▍         | 1956/50005 [51:36<19:06:08,  1.43s/it]  4%|▍         | 1957/50005 [51:37<19:06:41,  1.43s/it]  4%|▍         | 1958/50005 [51:39<19:07:52,  1.43s/it]  4%|▍         | 1959/50005 [51:40<19:07:26,  1.43s/it]  4%|▍         | 1960/50005 [51:42<19:07:28,  1.43s/it]  4%|▍         | 1961/50005 [51:43<19:07:46,  1.43s/it]  4%|▍         | 1962/50005 [51:45<19:06:09,  1.43s/it]  4%|▍         | 1963/50005 [51:46<19:08:29,  1.43s/it]  4%|▍         | 1964/50005 [51:47<19:09:22,  1.44s/it]  4%|▍         | 1965/50005 [51:49<19:09:04,  1.44s/it]  4%|▍         | 1966/50005 [51:50<19:09:30,  1.44s/it]  4%|▍         | 1967/50005 [51:52<19:06:59,  1.43s/it]  4%|▍         | 1968/50005 [51:53<19:08:15,  1.43s/it]  4%|▍         | 1969/50005 [51:55<19:06:27,  1.43s/it]  4%|▍         | 1970/50005 [51:56<19:06:51,  1.43s/it]  4%|▍         | 1971/50005 [51:57<19:06:37,  1.43s/it]  4%|▍         | 1972/50005 [51:59<19:08:22,  1.43s/it]  4%|▍         | 1973/50005 [52:00<19:08:45,  1.43s/it]  4%|▍         | 1974/50005 [52:02<19:08:25,  1.43s/it]  4%|▍         | 1975/50005 [52:03<19:08:33,  1.43s/it]  4%|▍         | 1976/50005 [52:05<19:08:42,  1.44s/it]  4%|▍         | 1977/50005 [52:06<19:08:17,  1.43s/it]  4%|▍         | 1978/50005 [52:07<19:07:07,  1.43s/it]  4%|▍         | 1979/50005 [52:09<19:07:21,  1.43s/it]  4%|▍         | 1980/50005 [52:10<19:05:53,  1.43s/it]  4%|▍         | 1981/50005 [52:12<19:04:39,  1.43s/it]  4%|▍         | 1982/50005 [52:13<19:01:24,  1.43s/it]  4%|▍         | 1983/50005 [52:15<19:03:20,  1.43s/it]  4%|▍         | 1984/50005 [52:16<19:05:46,  1.43s/it]  4%|▍         | 1985/50005 [52:17<19:04:22,  1.43s/it]  4%|▍         | 1986/50005 [52:19<19:06:48,  1.43s/it]  4%|▍         | 1987/50005 [52:20<19:05:45,  1.43s/it]  4%|▍         | 1988/50005 [52:22<19:05:23,  1.43s/it]  4%|▍         | 1989/50005 [52:23<19:06:14,  1.43s/it]  4%|▍         | 1990/50005 [52:25<19:04:13,  1.43s/it]  4%|▍         | 1991/50005 [52:26<19:02:26,  1.43s/it]  4%|▍         | 1992/50005 [52:28<19:04:24,  1.43s/it]  4%|▍         | 1993/50005 [52:29<19:03:15,  1.43s/it]  4%|▍         | 1994/50005 [52:30<19:03:04,  1.43s/it]  4%|▍         | 1995/50005 [52:32<19:04:24,  1.43s/it]  4%|▍         | 1996/50005 [52:33<19:04:27,  1.43s/it]  4%|▍         | 1997/50005 [52:35<19:05:12,  1.43s/it]  4%|▍         | 1998/50005 [52:36<19:04:54,  1.43s/it]  4%|▍         | 1999/50005 [52:38<19:05:48,  1.43s/it]  4%|▍         | 2000/50005 [52:39<19:04:45,  1.43s/it]  4%|▍         | 2001/50005 [52:40<19:05:56,  1.43s/it]
Validation:   0%|          | 0/100 [00:00<?, ?it/s][A
Validation:   1%|          | 1/100 [00:00<01:34,  1.04it/s][A
Validation:   2%|▏         | 2/100 [00:01<01:14,  1.32it/s][A
Validation:   3%|▎         | 3/100 [00:02<01:07,  1.44it/s][A
Validation:   4%|▍         | 4/100 [00:02<01:03,  1.51it/s][A
Validation:   5%|▌         | 5/100 [00:03<01:01,  1.55it/s][A
Validation:   6%|▌         | 6/100 [00:04<00:59,  1.57it/s][A
Validation:   7%|▋         | 7/100 [00:04<00:58,  1.59it/s][A
Validation:   8%|▊         | 8/100 [00:05<00:57,  1.60it/s][A
Validation:   9%|▉         | 9/100 [00:05<00:56,  1.61it/s][A
Validation:  10%|█         | 10/100 [00:06<00:55,  1.61it/s][A
Validation:  11%|█         | 11/100 [00:07<00:54,  1.62it/s][A
Validation:  12%|█▏        | 12/100 [00:07<00:54,  1.62it/s][A
Validation:  13%|█▎        | 13/100 [00:08<00:53,  1.62it/s][A
Validation:  14%|█▍        | 14/100 [00:08<00:52,  1.62it/s][A
Validation:  15%|█▌        | 15/100 [00:09<00:52,  1.62it/s][A
Validation:  16%|█▌        | 16/100 [00:10<00:51,  1.63it/s][A
Validation:  17%|█▋        | 17/100 [00:10<00:51,  1.62it/s][A
Validation:  18%|█▊        | 18/100 [00:11<00:50,  1.62it/s][A
Validation:  19%|█▉        | 19/100 [00:12<00:49,  1.62it/s][A
Validation:  20%|██        | 20/100 [00:12<00:49,  1.62it/s][A
Validation:  21%|██        | 21/100 [00:13<00:48,  1.62it/s][A
Validation:  22%|██▏       | 22/100 [00:13<00:48,  1.62it/s][A
Validation:  23%|██▎       | 23/100 [00:14<00:47,  1.63it/s][A
Validation:  24%|██▍       | 24/100 [00:15<00:46,  1.63it/s][A
Validation:  25%|██▌       | 25/100 [00:15<00:46,  1.63it/s][A
Validation:  26%|██▌       | 26/100 [00:16<00:45,  1.63it/s][A
Validation:  27%|██▋       | 27/100 [00:16<00:44,  1.62it/s][A
Validation:  28%|██▊       | 28/100 [00:17<00:44,  1.62it/s][A
Validation:  29%|██▉       | 29/100 [00:18<00:43,  1.62it/s][A
Validation:  30%|███       | 30/100 [00:18<00:43,  1.62it/s][A
Validation:  31%|███       | 31/100 [00:19<00:42,  1.62it/s][A
Validation:  32%|███▏      | 32/100 [00:20<00:41,  1.62it/s][A
Validation:  33%|███▎      | 33/100 [00:20<00:41,  1.63it/s][A
Validation:  34%|███▍      | 34/100 [00:21<00:40,  1.62it/s][A
Validation:  35%|███▌      | 35/100 [00:21<00:40,  1.62it/s][A
Validation:  36%|███▌      | 36/100 [00:22<00:39,  1.62it/s][A
Validation:  37%|███▋      | 37/100 [00:23<00:38,  1.62it/s][A
Validation:  38%|███▊      | 38/100 [00:23<00:38,  1.62it/s][A
Validation:  39%|███▉      | 39/100 [00:24<00:37,  1.62it/s][A
Validation:  40%|████      | 40/100 [00:24<00:36,  1.63it/s][A
Validation:  41%|████      | 41/100 [00:25<00:36,  1.63it/s][A
Validation:  42%|████▏     | 42/100 [00:26<00:35,  1.62it/s][A
Validation:  43%|████▎     | 43/100 [00:26<00:35,  1.63it/s][A
Validation:  44%|████▍     | 44/100 [00:27<00:34,  1.63it/s][A
Validation:  45%|████▌     | 45/100 [00:28<00:33,  1.63it/s][A
Validation:  46%|████▌     | 46/100 [00:28<00:33,  1.63it/s][A
Validation:  47%|████▋     | 47/100 [00:29<00:32,  1.63it/s][A
Validation:  48%|████▊     | 48/100 [00:29<00:31,  1.63it/s][A
Validation:  49%|████▉     | 49/100 [00:30<00:31,  1.63it/s][A
Validation:  50%|█████     | 50/100 [00:31<00:30,  1.63it/s][A
Validation:  51%|█████     | 51/100 [00:31<00:30,  1.63it/s][A
Validation:  52%|█████▏    | 52/100 [00:32<00:29,  1.63it/s][A
Validation:  53%|█████▎    | 53/100 [00:32<00:28,  1.62it/s][A
Validation:  54%|█████▍    | 54/100 [00:33<00:28,  1.62it/s][A
Validation:  55%|█████▌    | 55/100 [00:34<00:27,  1.62it/s][A
Validation:  56%|█████▌    | 56/100 [00:34<00:27,  1.62it/s][A
Validation:  57%|█████▋    | 57/100 [00:35<00:26,  1.62it/s][A
Validation:  58%|█████▊    | 58/100 [00:36<00:25,  1.62it/s][A
Validation:  59%|█████▉    | 59/100 [00:36<00:25,  1.62it/s][A
Validation:  60%|██████    | 60/100 [00:37<00:24,  1.62it/s][A
Validation:  61%|██████    | 61/100 [00:37<00:24,  1.62it/s][A
Validation:  62%|██████▏   | 62/100 [00:38<00:23,  1.62it/s][A
Validation:  63%|██████▎   | 63/100 [00:39<00:22,  1.62it/s][A
Validation:  64%|██████▍   | 64/100 [00:39<00:22,  1.62it/s][A
Validation:  65%|██████▌   | 65/100 [00:40<00:21,  1.63it/s][A
Validation:  66%|██████▌   | 66/100 [00:40<00:20,  1.63it/s][A
Validation:  67%|██████▋   | 67/100 [00:41<00:20,  1.63it/s][A
Validation:  68%|██████▊   | 68/100 [00:42<00:19,  1.62it/s][A
Validation:  69%|██████▉   | 69/100 [00:42<00:19,  1.62it/s][A
Validation:  70%|███████   | 70/100 [00:43<00:18,  1.63it/s][A
Validation:  71%|███████   | 71/100 [00:44<00:17,  1.63it/s][A
Validation:  72%|███████▏  | 72/100 [00:44<00:17,  1.63it/s][A
Validation:  73%|███████▎  | 73/100 [00:45<00:16,  1.63it/s][A
Validation:  74%|███████▍  | 74/100 [00:45<00:15,  1.63it/s][A
Validation:  75%|███████▌  | 75/100 [00:46<00:15,  1.62it/s][A
Validation:  76%|███████▌  | 76/100 [00:47<00:14,  1.63it/s][A
Validation:  77%|███████▋  | 77/100 [00:47<00:14,  1.63it/s][A
Validation:  78%|███████▊  | 78/100 [00:48<00:13,  1.62it/s][A
Validation:  79%|███████▉  | 79/100 [00:48<00:12,  1.63it/s][A
Validation:  80%|████████  | 80/100 [00:49<00:12,  1.63it/s][A
Validation:  81%|████████  | 81/100 [00:50<00:11,  1.62it/s][A
Validation:  82%|████████▏ | 82/100 [00:50<00:11,  1.62it/s][A
Validation:  83%|████████▎ | 83/100 [00:51<00:10,  1.62it/s][A
Validation:  84%|████████▍ | 84/100 [00:52<00:09,  1.62it/s][A
Validation:  85%|████████▌ | 85/100 [00:52<00:09,  1.62it/s][A
Validation:  86%|████████▌ | 86/100 [00:53<00:08,  1.62it/s][A
Validation:  87%|████████▋ | 87/100 [00:53<00:08,  1.62it/s][A
Validation:  88%|████████▊ | 88/100 [00:54<00:07,  1.62it/s][A
Validation:  89%|████████▉ | 89/100 [00:55<00:06,  1.62it/s][A
Validation:  90%|█████████ | 90/100 [00:55<00:06,  1.62it/s][A
Validation:  91%|█████████ | 91/100 [00:56<00:05,  1.62it/s][A
Validation:  92%|█████████▏| 92/100 [00:56<00:04,  1.63it/s][A
Validation:  93%|█████████▎| 93/100 [00:57<00:04,  1.63it/s][A
Validation:  94%|█████████▍| 94/100 [00:58<00:03,  1.62it/s][A
Validation:  95%|█████████▌| 95/100 [00:58<00:03,  1.62it/s][A
Validation:  96%|█████████▌| 96/100 [00:59<00:02,  1.62it/s][A
Validation:  97%|█████████▋| 97/100 [01:00<00:01,  1.62it/s][A
Validation:  98%|█████████▊| 98/100 [01:00<00:01,  1.62it/s][A
Validation:  99%|█████████▉| 99/100 [01:01<00:00,  1.62it/s][A
Validation: 100%|██████████| 100/100 [01:01<00:00,  1.62it/s][A
                                                             [A  4%|▍         | 2002/50005 [53:44<267:14:54, 20.04s/it]  4%|▍         | 2003/50005 [53:45<192:48:37, 14.46s/it]  4%|▍         | 2004/50005 [53:47<140:39:31, 10.55s/it]  4%|▍         | 2005/50005 [53:48<104:11:24,  7.81s/it]  4%|▍         | 2006/50005 [53:50<78:38:18,  5.90s/it]   4%|▍         | 2007/50005 [53:51<60:45:57,  4.56s/it]  4%|▍         | 2008/50005 [53:52<48:16:52,  3.62s/it]  4%|▍         | 2009/50005 [53:54<39:31:02,  2.96s/it]  4%|▍         | 2010/50005 [53:55<33:24:03,  2.51s/it]  4%|▍         | 2011/50005 [53:57<29:06:35,  2.18s/it]  4%|▍         | 2012/50005 [53:58<26:05:21,  1.96s/it]  4%|▍         | 2013/50005 [54:00<23:58:20,  1.80s/it]  4%|▍         | 2014/50005 [54:01<22:29:39,  1.69s/it]  4%|▍         | 2015/50005 [54:02<21:28:46,  1.61s/it]  4%|▍         | 2016/50005 [54:04<20:44:14,  1.56s/it]  4%|▍         | 2017/50005 [54:05<20:14:37,  1.52s/it]  4%|▍         | 2018/50005 [54:07<19:53:26,  1.49s/it]  4%|▍         | 2019/50005 [54:08<19:39:10,  1.47s/it]  4%|▍         | 2020/50005 [54:10<19:29:20,  1.46s/it]  4%|▍         | 2021/50005 [54:11<19:22:23,  1.45s/it]  4%|▍         | 2022/50005 [54:12<19:17:39,  1.45s/it]  4%|▍         | 2023/50005 [54:14<19:14:05,  1.44s/it]  4%|▍         | 2024/50005 [54:15<19:12:32,  1.44s/it]  4%|▍         | 2025/50005 [54:17<19:10:26,  1.44s/it]  4%|▍         | 2026/50005 [54:18<19:10:23,  1.44s/it]  4%|▍         | 2027/50005 [54:20<19:07:41,  1.44s/it]  4%|▍         | 2028/50005 [54:21<19:06:35,  1.43s/it]  4%|▍         | 2029/50005 [54:23<19:06:53,  1.43s/it]  4%|▍         | 2030/50005 [54:24<19:07:22,  1.43s/it]  4%|▍         | 2031/50005 [54:25<19:07:23,  1.44s/it]  4%|▍         | 2032/50005 [54:27<19:06:30,  1.43s/it]  4%|▍         | 2033/50005 [54:28<19:06:13,  1.43s/it]  4%|▍         | 2034/50005 [54:30<19:04:12,  1.43s/it]  4%|▍         | 2035/50005 [54:31<19:02:23,  1.43s/it]  4%|▍         | 2036/50005 [54:33<19:00:54,  1.43s/it]  4%|▍         | 2037/50005 [54:34<19:02:01,  1.43s/it]  4%|▍         | 2038/50005 [54:35<19:00:13,  1.43s/it]  4%|▍         | 2039/50005 [54:37<19:02:15,  1.43s/it]  4%|▍         | 2040/50005 [54:38<19:03:13,  1.43s/it]  4%|▍         | 2041/50005 [54:40<19:01:52,  1.43s/it]  4%|▍         | 2042/50005 [54:41<19:03:43,  1.43s/it]  4%|▍         | 2043/50005 [54:43<19:03:59,  1.43s/it]  4%|▍         | 2044/50005 [54:44<19:01:27,  1.43s/it]  4%|▍         | 2045/50005 [54:45<19:02:28,  1.43s/it]  4%|▍         | 2046/50005 [54:47<19:03:12,  1.43s/it]  4%|▍         | 2047/50005 [54:48<19:01:44,  1.43s/it]  4%|▍         | 2048/50005 [54:50<19:01:44,  1.43s/it]  4%|▍         | 2049/50005 [54:51<19:02:51,  1.43s/it]  4%|▍         | 2050/50005 [54:53<19:05:02,  1.43s/it]  4%|▍         | 2051/50005 [54:54<19:04:59,  1.43s/it]  4%|▍         | 2052/50005 [54:55<19:03:57,  1.43s/it]  4%|▍         | 2053/50005 [54:57<19:02:33,  1.43s/it]  4%|▍         | 2054/50005 [54:58<19:04:15,  1.43s/it]  4%|▍         | 2055/50005 [55:00<19:05:14,  1.43s/it]  4%|▍         | 2056/50005 [55:01<19:04:43,  1.43s/it]  4%|▍         | 2057/50005 [55:03<19:03:32,  1.43s/it]  4%|▍         | 2058/50005 [55:04<19:04:42,  1.43s/it]  4%|▍         | 2059/50005 [55:05<19:05:34,  1.43s/it]  4%|▍         | 2060/50005 [55:07<19:06:52,  1.44s/it]  4%|▍         | 2061/50005 [55:08<19:04:28,  1.43s/it]  4%|▍         | 2062/50005 [55:10<19:05:34,  1.43s/it]  4%|▍         | 2063/50005 [55:11<19:03:04,  1.43s/it]  4%|▍         | 2064/50005 [55:13<19:03:08,  1.43s/it]  4%|▍         | 2065/50005 [55:14<19:02:20,  1.43s/it]  4%|▍         | 2066/50005 [55:15<19:04:45,  1.43s/it]  4%|▍         | 2067/50005 [55:17<19:47:40,  1.49s/it]  4%|▍         | 2068/50005 [55:19<19:35:04,  1.47s/it]  4%|▍         | 2069/50005 [55:20<19:24:37,  1.46s/it]  4%|▍         | 2070/50005 [55:21<19:18:31,  1.45s/it]  4%|▍         | 2071/50005 [55:23<19:14:53,  1.45s/it]  4%|▍         | 2072/50005 [55:24<19:12:18,  1.44s/it]  4%|▍         | 2073/50005 [55:26<19:10:34,  1.44s/it]  4%|▍         | 2074/50005 [55:27<19:08:07,  1.44s/it]  4%|▍         | 2075/50005 [55:29<19:04:14,  1.43s/it]  4%|▍         | 2076/50005 [55:30<19:02:12,  1.43s/it]  4%|▍         | 2077/50005 [55:31<19:03:09,  1.43s/it]  4%|▍         | 2078/50005 [55:33<19:04:01,  1.43s/it]  4%|▍         | 2079/50005 [55:34<19:04:30,  1.43s/it]  4%|▍         | 2080/50005 [55:36<19:02:44,  1.43s/it]  4%|▍         | 2081/50005 [55:37<19:01:36,  1.43s/it]  4%|▍         | 2082/50005 [55:39<19:01:35,  1.43s/it]  4%|▍         | 2083/50005 [55:40<19:02:47,  1.43s/it]  4%|▍         | 2084/50005 [55:41<19:03:28,  1.43s/it]  4%|▍         | 2085/50005 [55:43<19:04:17,  1.43s/it]  4%|▍         | 2086/50005 [55:44<19:04:42,  1.43s/it]  4%|▍         | 2087/50005 [55:46<19:03:07,  1.43s/it]  4%|▍         | 2088/50005 [55:47<19:01:29,  1.43s/it]  4%|▍         | 2089/50005 [55:49<19:00:37,  1.43s/it]  4%|▍         | 2090/50005 [55:50<18:59:57,  1.43s/it]  4%|▍         | 2091/50005 [55:51<19:00:49,  1.43s/it]  4%|▍         | 2092/50005 [55:53<19:01:53,  1.43s/it]  4%|▍         | 2093/50005 [55:55<21:46:36,  1.64s/it]  4%|▍         | 2094/50005 [55:56<20:55:16,  1.57s/it]  4%|▍         | 2095/50005 [55:58<20:21:38,  1.53s/it]  4%|▍         | 2096/50005 [55:59<19:56:53,  1.50s/it]  4%|▍         | 2097/50005 [56:01<19:40:55,  1.48s/it]  4%|▍         | 2098/50005 [56:02<19:28:38,  1.46s/it]  4%|▍         | 2099/50005 [56:04<19:18:49,  1.45s/it]  4%|▍         | 2100/50005 [56:07<28:10:39,  2.12s/it]  4%|▍         | 2101/50005 [56:13<42:52:09,  3.22s/it]  4%|▍         | 2102/50005 [56:16<41:49:07,  3.14s/it]  4%|▍         | 2103/50005 [56:18<38:08:17,  2.87s/it]  4%|▍         | 2104/50005 [56:20<32:48:23,  2.47s/it]  4%|▍         | 2105/50005 [56:21<28:40:51,  2.16s/it]  4%|▍         | 2106/50005 [56:23<25:45:58,  1.94s/it]  4%|▍         | 2107/50005 [56:24<23:44:41,  1.78s/it]  4%|▍         | 2108/50005 [56:25<22:19:53,  1.68s/it]  4%|▍         | 2109/50005 [56:27<21:18:32,  1.60s/it]  4%|▍         | 2110/50005 [56:28<20:36:55,  1.55s/it]  4%|▍         | 2111/50005 [56:30<20:08:46,  1.51s/it]  4%|▍         | 2112/50005 [56:31<19:48:38,  1.49s/it]  4%|▍         | 2113/50005 [56:33<19:32:41,  1.47s/it]  4%|▍         | 2114/50005 [56:34<19:23:57,  1.46s/it]  4%|▍         | 2115/50005 [56:35<19:17:34,  1.45s/it]  4%|▍         | 2116/50005 [56:37<19:12:03,  1.44s/it]  4%|▍         | 2117/50005 [56:38<19:09:10,  1.44s/it]  4%|▍         | 2118/50005 [56:40<19:08:02,  1.44s/it]  4%|▍         | 2119/50005 [56:41<19:06:16,  1.44s/it]  4%|▍         | 2120/50005 [56:43<19:02:59,  1.43s/it]  4%|▍         | 2121/50005 [56:44<19:00:14,  1.43s/it]  4%|▍         | 2122/50005 [56:45<19:01:37,  1.43s/it]  4%|▍         | 2123/50005 [56:47<19:01:35,  1.43s/it]  4%|▍         | 2124/50005 [56:48<19:02:48,  1.43s/it]  4%|▍         | 2125/50005 [56:50<19:02:22,  1.43s/it]  4%|▍         | 2126/50005 [56:51<19:02:26,  1.43s/it]  4%|▍         | 2127/50005 [56:53<19:02:13,  1.43s/it]  4%|▍         | 2128/50005 [56:54<19:00:57,  1.43s/it]  4%|▍         | 2129/50005 [56:55<19:00:55,  1.43s/it]  4%|▍         | 2130/50005 [56:57<19:01:54,  1.43s/it]  4%|▍         | 2131/50005 [56:58<19:00:13,  1.43s/it]  4%|▍         | 2132/50005 [57:00<18:59:50,  1.43s/it]  4%|▍         | 2133/50005 [57:01<19:00:40,  1.43s/it]  4%|▍         | 2134/50005 [57:03<19:01:20,  1.43s/it]  4%|▍         | 2135/50005 [57:04<19:00:03,  1.43s/it]  4%|▍         | 2136/50005 [57:05<19:01:09,  1.43s/it]  4%|▍         | 2137/50005 [57:07<18:59:00,  1.43s/it]  4%|▍         | 2138/50005 [57:08<18:58:39,  1.43s/it]  4%|▍         | 2139/50005 [57:10<18:59:32,  1.43s/it]  4%|▍         | 2140/50005 [57:11<19:00:11,  1.43s/it]  4%|▍         | 2141/50005 [57:13<18:58:00,  1.43s/it]  4%|▍         | 2142/50005 [57:14<19:00:09,  1.43s/it]  4%|▍         | 2143/50005 [57:15<18:58:26,  1.43s/it]  4%|▍         | 2144/50005 [57:17<18:59:34,  1.43s/it]  4%|▍         | 2145/50005 [57:18<19:00:04,  1.43s/it]  4%|▍         | 2146/50005 [57:20<18:58:43,  1.43s/it]  4%|▍         | 2147/50005 [57:21<18:57:59,  1.43s/it]  4%|▍         | 2148/50005 [57:23<18:59:34,  1.43s/it]  4%|▍         | 2149/50005 [57:24<19:00:18,  1.43s/it]  4%|▍         | 2150/50005 [57:25<19:01:35,  1.43s/it]  4%|▍         | 2151/50005 [57:27<18:58:41,  1.43s/it]  4%|▍         | 2152/50005 [57:28<18:58:04,  1.43s/it]  4%|▍         | 2153/50005 [57:30<18:59:17,  1.43s/it]  4%|▍         | 2154/50005 [57:31<19:00:51,  1.43s/it]  4%|▍         | 2155/50005 [57:33<19:01:15,  1.43s/it]  4%|▍         | 2156/50005 [57:34<19:00:22,  1.43s/it]  4%|▍         | 2157/50005 [57:35<19:00:37,  1.43s/it]  4%|▍         | 2158/50005 [57:37<18:58:43,  1.43s/it]  4%|▍         | 2159/50005 [57:38<18:57:07,  1.43s/it]  4%|▍         | 2160/50005 [57:40<18:56:35,  1.43s/it]  4%|▍         | 2161/50005 [57:41<18:58:25,  1.43s/it]  4%|▍         | 2162/50005 [57:43<18:59:58,  1.43s/it]  4%|▍         | 2163/50005 [57:44<19:00:55,  1.43s/it]  4%|▍         | 2164/50005 [57:45<19:00:09,  1.43s/it]  4%|▍         | 2165/50005 [57:47<19:00:21,  1.43s/it]  4%|▍         | 2166/50005 [57:48<19:01:13,  1.43s/it]  4%|▍         | 2167/50005 [57:50<18:58:59,  1.43s/it]  4%|▍         | 2168/50005 [57:51<18:59:59,  1.43s/it]  4%|▍         | 2169/50005 [57:53<19:00:04,  1.43s/it]  4%|▍         | 2170/50005 [57:54<18:59:23,  1.43s/it]  4%|▍         | 2171/50005 [57:55<18:59:57,  1.43s/it]  4%|▍         | 2172/50005 [57:57<19:00:10,  1.43s/it]  4%|▍         | 2173/50005 [57:58<19:00:02,  1.43s/it]  4%|▍         | 2174/50005 [58:00<18:59:08,  1.43s/it]  4%|▍         | 2175/50005 [58:01<18:59:38,  1.43s/it]  4%|▍         | 2176/50005 [58:03<18:58:57,  1.43s/it]  4%|▍         | 2177/50005 [58:04<18:57:34,  1.43s/it]  4%|▍         | 2178/50005 [58:05<18:59:16,  1.43s/it]  4%|▍         | 2179/50005 [58:07<18:58:51,  1.43s/it]  4%|▍         | 2180/50005 [58:08<19:01:03,  1.43s/it]  4%|▍         | 2181/50005 [58:10<19:00:44,  1.43s/it]  4%|▍         | 2182/50005 [58:11<19:01:16,  1.43s/it]  4%|▍         | 2183/50005 [58:13<19:01:27,  1.43s/it]  4%|▍         | 2184/50005 [58:14<19:01:12,  1.43s/it]  4%|▍         | 2185/50005 [58:15<18:59:47,  1.43s/it]  4%|▍         | 2186/50005 [58:17<18:58:13,  1.43s/it]  4%|▍         | 2187/50005 [58:18<18:58:49,  1.43s/it]  4%|▍         | 2188/50005 [58:20<18:59:19,  1.43s/it]  4%|▍         | 2189/50005 [58:21<19:00:47,  1.43s/it]  4%|▍         | 2190/50005 [58:23<19:00:16,  1.43s/it]  4%|▍         | 2191/50005 [58:24<19:01:06,  1.43s/it]  4%|▍         | 2192/50005 [58:25<19:01:11,  1.43s/it]  4%|▍         | 2193/50005 [58:27<19:01:01,  1.43s/it]  4%|▍         | 2194/50005 [58:28<18:58:46,  1.43s/it]  4%|▍         | 2195/50005 [58:30<18:58:18,  1.43s/it]  4%|▍         | 2196/50005 [58:31<18:56:46,  1.43s/it]  4%|▍         | 2197/50005 [58:33<18:55:59,  1.43s/it]  4%|▍         | 2198/50005 [58:34<18:56:48,  1.43s/it]  4%|▍         | 2199/50005 [58:35<18:57:37,  1.43s/it]  4%|▍         | 2200/50005 [58:37<18:55:58,  1.43s/it]  4%|▍         | 2201/50005 [58:38<18:58:14,  1.43s/it]  4%|▍         | 2202/50005 [58:40<18:56:52,  1.43s/it]  4%|▍         | 2203/50005 [58:41<18:58:48,  1.43s/it]  4%|▍         | 2204/50005 [58:43<18:57:33,  1.43s/it]  4%|▍         | 2205/50005 [58:44<18:57:57,  1.43s/it]  4%|▍         | 2206/50005 [58:45<18:58:52,  1.43s/it]  4%|▍         | 2207/50005 [58:47<18:59:10,  1.43s/it]  4%|▍         | 2208/50005 [58:48<18:59:50,  1.43s/it]  4%|▍         | 2209/50005 [58:50<19:05:44,  1.44s/it]  4%|▍         | 2210/50005 [58:51<19:02:31,  1.43s/it]  4%|▍         | 2211/50005 [58:53<18:59:53,  1.43s/it]  4%|▍         | 2212/50005 [58:54<18:58:01,  1.43s/it]  4%|▍         | 2213/50005 [58:55<18:57:51,  1.43s/it]  4%|▍         | 2214/50005 [58:57<18:56:20,  1.43s/it]  4%|▍         | 2215/50005 [58:58<18:58:30,  1.43s/it]  4%|▍         | 2216/50005 [59:00<18:56:58,  1.43s/it]  4%|▍         | 2217/50005 [59:01<18:57:51,  1.43s/it]  4%|▍         | 2218/50005 [59:03<18:55:58,  1.43s/it]  4%|▍         | 2219/50005 [59:04<18:55:53,  1.43s/it]  4%|▍         | 2220/50005 [59:05<18:56:32,  1.43s/it]  4%|▍         | 2221/50005 [59:07<18:57:52,  1.43s/it]  4%|▍         | 2222/50005 [59:08<18:58:32,  1.43s/it]  4%|▍         | 2223/50005 [59:10<18:57:49,  1.43s/it]  4%|▍         | 2224/50005 [59:11<18:56:34,  1.43s/it]  4%|▍         | 2225/50005 [59:13<18:58:07,  1.43s/it]  4%|▍         | 2226/50005 [59:14<18:58:33,  1.43s/it]  4%|▍         | 2227/50005 [59:15<18:56:55,  1.43s/it]  4%|▍         | 2228/50005 [59:17<18:58:10,  1.43s/it]  4%|▍         | 2229/50005 [59:18<18:58:23,  1.43s/it]  4%|▍         | 2230/50005 [59:20<18:58:19,  1.43s/it]  4%|▍         | 2231/50005 [59:21<18:59:51,  1.43s/it]  4%|▍         | 2232/50005 [59:23<18:57:50,  1.43s/it]  4%|▍         | 2233/50005 [59:24<18:59:09,  1.43s/it]  4%|▍         | 2234/50005 [59:26<18:59:28,  1.43s/it]  4%|▍         | 2235/50005 [59:27<18:59:42,  1.43s/it]  4%|▍         | 2236/50005 [59:28<18:57:44,  1.43s/it]  4%|▍         | 2237/50005 [59:30<18:58:19,  1.43s/it]  4%|▍         | 2238/50005 [59:31<18:58:52,  1.43s/it]  4%|▍         | 2239/50005 [59:33<19:00:14,  1.43s/it]  4%|▍         | 2240/50005 [59:34<18:59:53,  1.43s/it]  4%|▍         | 2241/50005 [59:36<18:58:52,  1.43s/it]  4%|▍         | 2242/50005 [59:37<18:57:25,  1.43s/it]  4%|▍         | 2243/50005 [59:38<18:56:45,  1.43s/it]  4%|▍         | 2244/50005 [59:40<18:57:21,  1.43s/it]  4%|▍         | 2245/50005 [59:41<18:58:52,  1.43s/it]  4%|▍         | 2246/50005 [59:43<18:59:02,  1.43s/it]  4%|▍         | 2247/50005 [59:44<18:59:03,  1.43s/it]  4%|▍         | 2248/50005 [59:46<18:57:09,  1.43s/it]  4%|▍         | 2249/50005 [59:47<18:57:27,  1.43s/it]  4%|▍         | 2250/50005 [59:48<18:55:51,  1.43s/it]  5%|▍         | 2251/50005 [59:50<18:56:45,  1.43s/it]  5%|▍         | 2252/50005 [59:51<18:57:07,  1.43s/it]  5%|▍         | 2253/50005 [59:53<18:58:39,  1.43s/it]  5%|▍         | 2254/50005 [59:54<18:58:45,  1.43s/it]  5%|▍         | 2255/50005 [59:56<18:59:44,  1.43s/it]  5%|▍         | 2256/50005 [59:57<18:59:54,  1.43s/it]  5%|▍         | 2257/50005 [59:58<18:59:16,  1.43s/it]  5%|▍         | 2258/50005 [1:00:00<18:57:27,  1.43s/it]  5%|▍         | 2259/50005 [1:00:01<18:57:44,  1.43s/it]  5%|▍         | 2260/50005 [1:00:03<18:55:52,  1.43s/it]  5%|▍         | 2261/50005 [1:00:04<18:57:43,  1.43s/it]  5%|▍         | 2262/50005 [1:00:06<18:55:53,  1.43s/it]  5%|▍         | 2263/50005 [1:00:07<18:57:05,  1.43s/it]  5%|▍         | 2264/50005 [1:00:08<18:57:41,  1.43s/it]  5%|▍         | 2265/50005 [1:00:10<18:56:52,  1.43s/it]  5%|▍         | 2266/50005 [1:00:11<18:57:22,  1.43s/it]  5%|▍         | 2267/50005 [1:00:13<18:58:59,  1.43s/it]  5%|▍         | 2268/50005 [1:00:14<18:58:11,  1.43s/it]  5%|▍         | 2269/50005 [1:00:16<18:56:59,  1.43s/it]  5%|▍         | 2270/50005 [1:00:17<18:57:13,  1.43s/it]  5%|▍         | 2271/50005 [1:00:18<18:56:58,  1.43s/it]  5%|▍         | 2272/50005 [1:00:20<18:57:06,  1.43s/it]  5%|▍         | 2273/50005 [1:00:21<18:58:03,  1.43s/it]  5%|▍         | 2274/50005 [1:00:23<18:58:04,  1.43s/it]  5%|▍         | 2275/50005 [1:00:24<18:58:10,  1.43s/it]  5%|▍         | 2276/50005 [1:00:26<18:56:46,  1.43s/it]  5%|▍         | 2277/50005 [1:00:27<18:57:35,  1.43s/it]  5%|▍         | 2278/50005 [1:00:28<18:57:49,  1.43s/it]  5%|▍         | 2279/50005 [1:00:30<18:55:14,  1.43s/it]  5%|▍         | 2280/50005 [1:00:31<18:56:05,  1.43s/it]  5%|▍         | 2281/50005 [1:00:33<18:58:03,  1.43s/it]  5%|▍         | 2282/50005 [1:00:34<18:55:54,  1.43s/it]  5%|▍         | 2283/50005 [1:00:36<18:57:01,  1.43s/it]  5%|▍         | 2284/50005 [1:00:37<18:55:10,  1.43s/it]  5%|▍         | 2285/50005 [1:00:38<18:55:49,  1.43s/it]  5%|▍         | 2286/50005 [1:00:40<18:55:07,  1.43s/it]  5%|▍         | 2287/50005 [1:00:41<18:56:11,  1.43s/it]  5%|▍         | 2288/50005 [1:00:43<19:34:14,  1.48s/it]  5%|▍         | 2289/50005 [1:00:44<19:31:16,  1.47s/it]  5%|▍         | 2290/50005 [1:00:46<19:21:08,  1.46s/it]  5%|▍         | 2291/50005 [1:00:47<19:13:44,  1.45s/it]  5%|▍         | 2292/50005 [1:00:49<19:45:54,  1.49s/it]  5%|▍         | 2293/50005 [1:00:50<19:28:57,  1.47s/it]  5%|▍         | 2294/50005 [1:00:52<19:19:38,  1.46s/it]  5%|▍         | 2295/50005 [1:00:53<19:13:52,  1.45s/it]  5%|▍         | 2296/50005 [1:00:55<19:40:55,  1.49s/it]  5%|▍         | 2297/50005 [1:00:56<19:26:44,  1.47s/it]  5%|▍         | 2298/50005 [1:00:57<19:18:20,  1.46s/it]  5%|▍         | 2299/50005 [1:00:59<19:12:38,  1.45s/it]  5%|▍         | 2300/50005 [1:01:00<19:05:14,  1.44s/it]  5%|▍         | 2301/50005 [1:01:02<19:07:19,  1.44s/it]  5%|▍         | 2302/50005 [1:01:03<19:01:28,  1.44s/it]  5%|▍         | 2303/50005 [1:01:05<18:59:23,  1.43s/it]  5%|▍         | 2304/50005 [1:01:06<18:58:20,  1.43s/it]  5%|▍         | 2305/50005 [1:01:07<18:56:02,  1.43s/it]  5%|▍         | 2306/50005 [1:01:09<18:56:40,  1.43s/it]  5%|▍         | 2307/50005 [1:01:10<18:56:28,  1.43s/it]  5%|▍         | 2308/50005 [1:01:12<18:55:00,  1.43s/it]  5%|▍         | 2309/50005 [1:01:13<18:51:55,  1.42s/it]  5%|▍         | 2310/50005 [1:01:15<18:51:46,  1.42s/it]  5%|▍         | 2311/50005 [1:01:16<18:54:28,  1.43s/it]  5%|▍         | 2312/50005 [1:01:17<18:55:24,  1.43s/it]  5%|▍         | 2313/50005 [1:01:19<18:55:02,  1.43s/it]  5%|▍         | 2314/50005 [1:01:20<18:55:41,  1.43s/it]  5%|▍         | 2315/50005 [1:01:22<18:55:44,  1.43s/it]  5%|▍         | 2316/50005 [1:01:23<18:56:09,  1.43s/it]  5%|▍         | 2317/50005 [1:01:25<18:56:08,  1.43s/it]  5%|▍         | 2318/50005 [1:01:26<18:56:53,  1.43s/it]  5%|▍         | 2319/50005 [1:01:27<18:55:22,  1.43s/it]  5%|▍         | 2320/50005 [1:01:29<18:54:25,  1.43s/it]  5%|▍         | 2321/50005 [1:01:30<18:56:19,  1.43s/it]  5%|▍         | 2322/50005 [1:01:32<18:56:27,  1.43s/it]  5%|▍         | 2323/50005 [1:01:33<18:57:16,  1.43s/it]  5%|▍         | 2324/50005 [1:01:35<18:55:18,  1.43s/it]  5%|▍         | 2325/50005 [1:01:36<18:56:51,  1.43s/it]  5%|▍         | 2326/50005 [1:01:37<18:55:53,  1.43s/it]  5%|▍         | 2327/50005 [1:01:39<18:56:35,  1.43s/it]  5%|▍         | 2328/50005 [1:01:40<18:56:53,  1.43s/it]  5%|▍         | 2329/50005 [1:01:42<18:57:14,  1.43s/it]  5%|▍         | 2330/50005 [1:01:43<18:56:05,  1.43s/it]  5%|▍         | 2331/50005 [1:01:45<18:56:35,  1.43s/it]  5%|▍         | 2332/50005 [1:01:46<18:56:45,  1.43s/it]  5%|▍         | 2333/50005 [1:01:47<18:54:45,  1.43s/it]  5%|▍         | 2334/50005 [1:01:49<18:53:39,  1.43s/it]  5%|▍         | 2335/50005 [1:01:50<18:52:16,  1.43s/it]  5%|▍         | 2336/50005 [1:01:52<18:51:15,  1.42s/it]  5%|▍         | 2337/50005 [1:01:53<18:53:25,  1.43s/it]  5%|▍         | 2338/50005 [1:01:55<18:52:35,  1.43s/it]  5%|▍         | 2339/50005 [1:01:56<18:53:44,  1.43s/it]  5%|▍         | 2340/50005 [1:01:57<18:52:30,  1.43s/it]  5%|▍         | 2341/50005 [1:01:59<18:54:39,  1.43s/it]  5%|▍         | 2342/50005 [1:02:00<18:53:15,  1.43s/it]  5%|▍         | 2343/50005 [1:02:02<18:54:26,  1.43s/it]  5%|▍         | 2344/50005 [1:02:03<18:53:38,  1.43s/it]  5%|▍         | 2345/50005 [1:02:05<18:52:43,  1.43s/it]  5%|▍         | 2346/50005 [1:02:06<18:53:54,  1.43s/it]  5%|▍         | 2347/50005 [1:02:07<18:55:42,  1.43s/it]  5%|▍         | 2348/50005 [1:02:09<18:55:48,  1.43s/it]  5%|▍         | 2349/50005 [1:02:10<18:54:22,  1.43s/it]  5%|▍         | 2350/50005 [1:02:12<18:53:05,  1.43s/it]  5%|▍         | 2351/50005 [1:02:13<18:50:49,  1.42s/it]  5%|▍         | 2352/50005 [1:02:15<18:50:03,  1.42s/it]  5%|▍         | 2353/50005 [1:02:16<18:50:05,  1.42s/it]  5%|▍         | 2354/50005 [1:02:17<18:53:12,  1.43s/it]  5%|▍         | 2355/50005 [1:02:19<18:52:25,  1.43s/it]  5%|▍         | 2356/50005 [1:02:20<18:53:14,  1.43s/it]  5%|▍         | 2357/50005 [1:02:22<18:54:34,  1.43s/it]  5%|▍         | 2358/50005 [1:02:23<18:55:29,  1.43s/it]  5%|▍         | 2359/50005 [1:02:25<18:55:52,  1.43s/it]  5%|▍         | 2360/50005 [1:02:26<18:55:39,  1.43s/it]  5%|▍         | 2361/50005 [1:02:27<18:57:23,  1.43s/it]  5%|▍         | 2362/50005 [1:02:29<18:57:10,  1.43s/it]  5%|▍         | 2363/50005 [1:02:30<18:56:46,  1.43s/it]  5%|▍         | 2364/50005 [1:02:32<18:56:22,  1.43s/it]  5%|▍         | 2365/50005 [1:02:33<18:55:24,  1.43s/it]  5%|▍         | 2366/50005 [1:02:35<18:55:21,  1.43s/it]  5%|▍         | 2367/50005 [1:02:36<18:55:54,  1.43s/it]  5%|▍         | 2368/50005 [1:02:37<18:57:05,  1.43s/it]  5%|▍         | 2369/50005 [1:02:39<18:55:08,  1.43s/it]  5%|▍         | 2370/50005 [1:02:40<18:56:20,  1.43s/it]  5%|▍         | 2371/50005 [1:02:42<18:56:24,  1.43s/it]  5%|▍         | 2372/50005 [1:02:43<18:53:11,  1.43s/it]  5%|▍         | 2373/50005 [1:02:45<18:53:34,  1.43s/it]  5%|▍         | 2374/50005 [1:02:46<18:51:58,  1.43s/it]  5%|▍         | 2375/50005 [1:02:47<18:53:29,  1.43s/it]  5%|▍         | 2376/50005 [1:02:49<18:54:43,  1.43s/it]  5%|▍         | 2377/50005 [1:02:50<18:55:10,  1.43s/it]  5%|▍         | 2378/50005 [1:02:52<18:53:51,  1.43s/it]  5%|▍         | 2379/50005 [1:02:53<18:54:35,  1.43s/it]  5%|▍         | 2380/50005 [1:02:55<18:55:48,  1.43s/it]  5%|▍         | 2381/50005 [1:02:56<18:55:59,  1.43s/it]  5%|▍         | 2382/50005 [1:02:57<18:55:56,  1.43s/it]  5%|▍         | 2383/50005 [1:02:59<18:56:10,  1.43s/it]  5%|▍         | 2384/50005 [1:03:00<18:54:16,  1.43s/it]  5%|▍         | 2385/50005 [1:03:02<18:55:18,  1.43s/it]  5%|▍         | 2386/50005 [1:03:03<18:54:17,  1.43s/it]  5%|▍         | 2387/50005 [1:03:05<18:54:37,  1.43s/it]  5%|▍         | 2388/50005 [1:03:06<18:53:12,  1.43s/it]  5%|▍         | 2389/50005 [1:03:07<18:54:24,  1.43s/it]  5%|▍         | 2390/50005 [1:03:09<18:54:34,  1.43s/it]  5%|▍         | 2391/50005 [1:03:10<18:54:13,  1.43s/it]  5%|▍         | 2392/50005 [1:03:12<18:55:02,  1.43s/it]  5%|▍         | 2393/50005 [1:03:13<18:52:10,  1.43s/it]  5%|▍         | 2394/50005 [1:03:15<18:55:00,  1.43s/it]  5%|▍         | 2395/50005 [1:03:16<18:54:36,  1.43s/it]  5%|▍         | 2396/50005 [1:03:17<18:53:49,  1.43s/it]  5%|▍         | 2397/50005 [1:03:19<18:54:22,  1.43s/it]  5%|▍         | 2398/50005 [1:03:20<18:54:57,  1.43s/it]  5%|▍         | 2399/50005 [1:03:22<18:54:37,  1.43s/it]  5%|▍         | 2400/50005 [1:03:23<18:53:22,  1.43s/it]  5%|▍         | 2401/50005 [1:03:25<18:54:03,  1.43s/it]
Validation:   0%|          | 0/100 [00:00<?, ?it/s][A
Validation:   1%|          | 1/100 [00:03<06:06,  3.70s/it][A
Validation:   2%|▏         | 2/100 [00:04<03:04,  1.89s/it][A
Validation:   3%|▎         | 3/100 [00:04<02:06,  1.31s/it][A
Validation:   4%|▍         | 4/100 [00:05<01:39,  1.03s/it][A
Validation:   5%|▌         | 5/100 [00:06<01:23,  1.13it/s][A
Validation:   6%|▌         | 6/100 [00:06<01:14,  1.26it/s][A
Validation:   7%|▋         | 7/100 [00:07<01:08,  1.36it/s][A
Validation:   8%|▊         | 8/100 [00:08<01:04,  1.43it/s][A
Validation:   9%|▉         | 9/100 [00:08<01:01,  1.49it/s][A
Validation:  10%|█         | 10/100 [00:09<00:58,  1.53it/s][A
Validation:  11%|█         | 11/100 [00:09<00:57,  1.55it/s][A
Validation:  12%|█▏        | 12/100 [00:10<00:55,  1.58it/s][A
Validation:  13%|█▎        | 13/100 [00:11<00:54,  1.59it/s][A
Validation:  14%|█▍        | 14/100 [00:11<00:53,  1.60it/s][A
Validation:  15%|█▌        | 15/100 [00:12<00:52,  1.60it/s][A
Validation:  16%|█▌        | 16/100 [00:12<00:52,  1.61it/s][A
Validation:  17%|█▋        | 17/100 [00:13<00:51,  1.61it/s][A
Validation:  18%|█▊        | 18/100 [00:14<00:50,  1.62it/s][A
Validation:  19%|█▉        | 19/100 [00:14<00:50,  1.62it/s][A
Validation:  20%|██        | 20/100 [00:15<00:49,  1.62it/s][A
Validation:  21%|██        | 21/100 [00:16<00:48,  1.62it/s][A
Validation:  22%|██▏       | 22/100 [00:16<00:48,  1.62it/s][A
Validation:  23%|██▎       | 23/100 [00:17<00:47,  1.62it/s][A
Validation:  24%|██▍       | 24/100 [00:17<00:46,  1.62it/s][A
Validation:  25%|██▌       | 25/100 [00:18<00:46,  1.63it/s][A
Validation:  26%|██▌       | 26/100 [00:19<00:45,  1.62it/s][A
Validation:  27%|██▋       | 27/100 [00:19<00:44,  1.62it/s][A
Validation:  28%|██▊       | 28/100 [00:20<00:44,  1.63it/s][A
Validation:  29%|██▉       | 29/100 [00:20<00:43,  1.63it/s][A
Validation:  30%|███       | 30/100 [00:21<00:43,  1.63it/s][A
Validation:  31%|███       | 31/100 [00:22<00:42,  1.63it/s][A
Validation:  32%|███▏      | 32/100 [00:22<00:41,  1.63it/s][A
Validation:  33%|███▎      | 33/100 [00:23<00:41,  1.62it/s][A
Validation:  34%|███▍      | 34/100 [00:24<00:40,  1.63it/s][A
Validation:  35%|███▌      | 35/100 [00:24<00:40,  1.62it/s][A
Validation:  36%|███▌      | 36/100 [00:25<00:39,  1.62it/s][A
Validation:  37%|███▋      | 37/100 [00:25<00:38,  1.63it/s][A
Validation:  38%|███▊      | 38/100 [00:26<00:38,  1.62it/s][A
Validation:  39%|███▉      | 39/100 [00:27<00:37,  1.62it/s][A
Validation:  40%|████      | 40/100 [00:27<00:36,  1.62it/s][A
Validation:  41%|████      | 41/100 [00:28<00:36,  1.63it/s][A
Validation:  42%|████▏     | 42/100 [00:28<00:35,  1.62it/s][A
Validation:  43%|████▎     | 43/100 [00:29<00:35,  1.62it/s][A
Validation:  44%|████▍     | 44/100 [00:30<00:34,  1.62it/s][A
Validation:  45%|████▌     | 45/100 [00:30<00:33,  1.62it/s][A
Validation:  46%|████▌     | 46/100 [00:31<00:33,  1.62it/s][A
Validation:  47%|████▋     | 47/100 [00:32<00:32,  1.62it/s][A
Validation:  48%|████▊     | 48/100 [00:32<00:32,  1.62it/s][A
Validation:  49%|████▉     | 49/100 [00:33<00:31,  1.62it/s][A
Validation:  50%|█████     | 50/100 [00:33<00:30,  1.62it/s][A
Validation:  51%|█████     | 51/100 [00:34<00:30,  1.62it/s][A
Validation:  52%|█████▏    | 52/100 [00:35<00:29,  1.63it/s][A
Validation:  53%|█████▎    | 53/100 [00:35<00:28,  1.62it/s][A
Validation:  54%|█████▍    | 54/100 [00:36<00:28,  1.62it/s][A
Validation:  55%|█████▌    | 55/100 [00:36<00:27,  1.63it/s][A
Validation:  56%|█████▌    | 56/100 [00:37<00:27,  1.62it/s][A
Validation:  57%|█████▋    | 57/100 [00:38<00:26,  1.62it/s][A
Validation:  58%|█████▊    | 58/100 [00:38<00:25,  1.63it/s][A
Validation:  59%|█████▉    | 59/100 [00:39<00:25,  1.62it/s][A
Validation:  60%|██████    | 60/100 [00:40<00:24,  1.62it/s][A
Validation:  61%|██████    | 61/100 [00:40<00:24,  1.62it/s][A
Validation:  62%|██████▏   | 62/100 [00:41<00:23,  1.62it/s][A
Validation:  63%|██████▎   | 63/100 [00:41<00:22,  1.63it/s][A
Validation:  64%|██████▍   | 64/100 [00:42<00:22,  1.63it/s][A
Validation:  65%|██████▌   | 65/100 [00:43<00:21,  1.63it/s][A
Validation:  66%|██████▌   | 66/100 [00:43<00:20,  1.62it/s][A
Validation:  67%|██████▋   | 67/100 [00:44<00:20,  1.63it/s][A
Validation:  68%|██████▊   | 68/100 [00:44<00:19,  1.63it/s][A
Validation:  69%|██████▉   | 69/100 [00:45<00:19,  1.63it/s][A
Validation:  70%|███████   | 70/100 [00:46<00:18,  1.62it/s][A
Validation:  71%|███████   | 71/100 [00:46<00:17,  1.62it/s][A
Validation:  72%|███████▏  | 72/100 [00:47<00:17,  1.62it/s][A
Validation:  73%|███████▎  | 73/100 [00:48<00:16,  1.62it/s][A
Validation:  74%|███████▍  | 74/100 [00:48<00:16,  1.62it/s][A
Validation:  75%|███████▌  | 75/100 [00:49<00:15,  1.63it/s][A
Validation:  76%|███████▌  | 76/100 [00:49<00:14,  1.63it/s][A
Validation:  77%|███████▋  | 77/100 [00:50<00:14,  1.62it/s][A
Validation:  78%|███████▊  | 78/100 [00:51<00:13,  1.62it/s][A
Validation:  79%|███████▉  | 79/100 [00:51<00:12,  1.62it/s][A
Validation:  80%|████████  | 80/100 [00:52<00:12,  1.62it/s][A
Validation:  81%|████████  | 81/100 [00:52<00:11,  1.62it/s][A
Validation:  82%|████████▏ | 82/100 [00:53<00:11,  1.62it/s][A
Validation:  83%|████████▎ | 83/100 [00:54<00:10,  1.62it/s][A
Validation:  84%|████████▍ | 84/100 [00:54<00:09,  1.62it/s][A
Validation:  85%|████████▌ | 85/100 [00:55<00:09,  1.62it/s][A
Validation:  86%|████████▌ | 86/100 [00:56<00:08,  1.62it/s][A
Validation:  87%|████████▋ | 87/100 [00:56<00:08,  1.62it/s][A
Validation:  88%|████████▊ | 88/100 [00:57<00:07,  1.62it/s][A
Validation:  89%|████████▉ | 89/100 [00:57<00:06,  1.62it/s][A
Validation:  90%|█████████ | 90/100 [00:58<00:06,  1.63it/s][A
Validation:  91%|█████████ | 91/100 [00:59<00:05,  1.63it/s][A
Validation:  92%|█████████▏| 92/100 [00:59<00:04,  1.63it/s][A
Validation:  93%|█████████▎| 93/100 [01:00<00:04,  1.63it/s][A
Validation:  94%|█████████▍| 94/100 [01:00<00:03,  1.63it/s][A
Validation:  95%|█████████▌| 95/100 [01:01<00:03,  1.63it/s][A
Validation:  96%|█████████▌| 96/100 [01:02<00:02,  1.63it/s][A
Validation:  97%|█████████▋| 97/100 [01:02<00:01,  1.63it/s][A
Validation:  98%|█████████▊| 98/100 [01:03<00:01,  1.62it/s][A
Validation:  99%|█████████▉| 99/100 [01:04<00:00,  1.62it/s][A
Validation: 100%|██████████| 100/100 [01:04<00:00,  1.62it/s][A
                                                             [A  5%|▍         | 2402/50005 [1:04:31<275:50:51, 20.86s/it]  5%|▍         | 2403/50005 [1:04:32<198:46:13, 15.03s/it]  5%|▍         | 2404/50005 [1:04:34<144:49:01, 10.95s/it]  5%|▍         | 2405/50005 [1:04:35<107:01:31,  8.09s/it]  5%|▍         | 2406/50005 [1:04:37<80:35:49,  6.10s/it]   5%|▍         | 2407/50005 [1:04:38<62:06:43,  4.70s/it]  5%|▍         | 2408/50005 [1:04:39<49:09:06,  3.72s/it]  5%|▍         | 2409/50005 [1:04:41<40:02:35,  3.03s/it]  5%|▍         | 2410/50005 [1:04:42<33:39:40,  2.55s/it]  5%|▍         | 2411/50005 [1:04:44<29:12:52,  2.21s/it]  5%|▍         | 2412/50005 [1:04:45<26:05:26,  1.97s/it]  5%|▍         | 2413/50005 [1:04:47<23:56:16,  1.81s/it]  5%|▍         | 2414/50005 [1:04:48<22:25:44,  1.70s/it]  5%|▍         | 2415/50005 [1:04:49<21:22:31,  1.62s/it]  5%|▍         | 2416/50005 [1:04:52<23:36:48,  1.79s/it]  5%|▍         | 2417/50005 [1:04:53<22:12:34,  1.68s/it]  5%|▍         | 2418/50005 [1:04:54<21:11:44,  1.60s/it]  5%|▍         | 2419/50005 [1:04:56<20:31:25,  1.55s/it]  5%|▍         | 2420/50005 [1:04:57<20:00:14,  1.51s/it]  5%|▍         | 2421/50005 [1:04:59<19:39:22,  1.49s/it]  5%|▍         | 2422/50005 [1:05:00<19:26:39,  1.47s/it]  5%|▍         | 2423/50005 [1:05:02<19:17:47,  1.46s/it]  5%|▍         | 2424/50005 [1:05:03<19:09:31,  1.45s/it]  5%|▍         | 2425/50005 [1:05:04<19:05:53,  1.45s/it]  5%|▍         | 2426/50005 [1:05:06<19:00:25,  1.44s/it]  5%|▍         | 2427/50005 [1:05:07<19:02:21,  1.44s/it]  5%|▍         | 2428/50005 [1:05:09<19:02:17,  1.44s/it]  5%|▍         | 2429/50005 [1:05:10<20:03:05,  1.52s/it]  5%|▍         | 2430/50005 [1:05:12<21:14:49,  1.61s/it]  5%|▍         | 2431/50005 [1:05:14<20:34:04,  1.56s/it]  5%|▍         | 2432/50005 [1:05:15<20:04:53,  1.52s/it]  5%|▍         | 2433/50005 [1:05:17<19:44:23,  1.49s/it]  5%|▍         | 2434/50005 [1:05:18<19:30:06,  1.48s/it]  5%|▍         | 2435/50005 [1:05:19<19:20:46,  1.46s/it]  5%|▍         | 2436/50005 [1:05:21<19:13:42,  1.46s/it]  5%|▍         | 2437/50005 [1:05:22<19:08:44,  1.45s/it]  5%|▍         | 2438/50005 [1:05:24<19:03:31,  1.44s/it]  5%|▍         | 2439/50005 [1:05:25<19:01:27,  1.44s/it]  5%|▍         | 2440/50005 [1:05:27<18:57:53,  1.44s/it]  5%|▍         | 2441/50005 [1:05:28<18:57:16,  1.43s/it]  5%|▍         | 2442/50005 [1:05:29<18:56:43,  1.43s/it]  5%|▍         | 2443/50005 [1:05:31<18:56:59,  1.43s/it]  5%|▍         | 2444/50005 [1:05:32<18:54:58,  1.43s/it]  5%|▍         | 2445/50005 [1:05:34<18:54:49,  1.43s/it]  5%|▍         | 2446/50005 [1:05:35<18:55:05,  1.43s/it]  5%|▍         | 2447/50005 [1:05:37<18:55:43,  1.43s/it]  5%|▍         | 2448/50005 [1:05:38<18:55:07,  1.43s/it]  5%|▍         | 2449/50005 [1:05:39<18:53:45,  1.43s/it]  5%|▍         | 2450/50005 [1:05:41<18:55:22,  1.43s/it]  5%|▍         | 2451/50005 [1:05:42<18:56:01,  1.43s/it]  5%|▍         | 2452/50005 [1:05:44<18:56:10,  1.43s/it]  5%|▍         | 2453/50005 [1:05:45<18:56:00,  1.43s/it]  5%|▍         | 2454/50005 [1:05:47<18:56:25,  1.43s/it]  5%|▍         | 2455/50005 [1:05:48<18:54:35,  1.43s/it]  5%|▍         | 2456/50005 [1:05:50<18:55:07,  1.43s/it]  5%|▍         | 2457/50005 [1:05:51<18:52:58,  1.43s/it]  5%|▍         | 2458/50005 [1:05:52<18:52:16,  1.43s/it]  5%|▍         | 2459/50005 [1:05:54<18:51:34,  1.43s/it]  5%|▍         | 2460/50005 [1:05:55<18:54:14,  1.43s/it]  5%|▍         | 2461/50005 [1:05:57<18:54:39,  1.43s/it]  5%|▍         | 2462/50005 [1:05:58<18:52:04,  1.43s/it]  5%|▍         | 2463/50005 [1:06:00<18:53:24,  1.43s/it]  5%|▍         | 2464/50005 [1:06:01<18:55:13,  1.43s/it]  5%|▍         | 2465/50005 [1:06:02<18:55:05,  1.43s/it]  5%|▍         | 2466/50005 [1:06:04<18:55:15,  1.43s/it]  5%|▍         | 2467/50005 [1:06:05<18:56:02,  1.43s/it]  5%|▍         | 2468/50005 [1:06:07<18:55:06,  1.43s/it]  5%|▍         | 2469/50005 [1:06:08<18:55:47,  1.43s/it]  5%|▍         | 2470/50005 [1:06:10<18:55:03,  1.43s/it]  5%|▍         | 2471/50005 [1:06:11<18:56:06,  1.43s/it]  5%|▍         | 2472/50005 [1:06:12<18:57:04,  1.44s/it]  5%|▍         | 2473/50005 [1:06:14<18:55:47,  1.43s/it]  5%|▍         | 2474/50005 [1:06:15<18:56:14,  1.43s/it]  5%|▍         | 2475/50005 [1:06:17<18:56:32,  1.43s/it]  5%|▍         | 2476/50005 [1:06:18<18:56:48,  1.44s/it]  5%|▍         | 2477/50005 [1:06:20<18:56:09,  1.43s/it]  5%|▍         | 2478/50005 [1:06:21<18:54:15,  1.43s/it]  5%|▍         | 2479/50005 [1:06:22<18:54:55,  1.43s/it]  5%|▍         | 2480/50005 [1:06:24<18:55:31,  1.43s/it]  5%|▍         | 2481/50005 [1:06:25<18:55:44,  1.43s/it]  5%|▍         | 2482/50005 [1:06:27<18:56:44,  1.44s/it]  5%|▍         | 2483/50005 [1:06:28<18:56:13,  1.43s/it]  5%|▍         | 2484/50005 [1:06:30<18:56:39,  1.44s/it]  5%|▍         | 2485/50005 [1:06:31<18:56:07,  1.43s/it]  5%|▍         | 2486/50005 [1:06:33<18:54:40,  1.43s/it]  5%|▍         | 2487/50005 [1:06:34<18:54:36,  1.43s/it]  5%|▍         | 2488/50005 [1:06:35<18:55:46,  1.43s/it]  5%|▍         | 2489/50005 [1:06:37<18:53:50,  1.43s/it]  5%|▍         | 2490/50005 [1:06:38<18:55:16,  1.43s/it]  5%|▍         | 2491/50005 [1:06:40<18:55:00,  1.43s/it]  5%|▍         | 2492/50005 [1:06:41<18:53:48,  1.43s/it]  5%|▍         | 2493/50005 [1:06:43<18:54:08,  1.43s/it]  5%|▍         | 2494/50005 [1:06:44<18:52:38,  1.43s/it]  5%|▍         | 2495/50005 [1:06:45<18:52:11,  1.43s/it]  5%|▍         | 2496/50005 [1:06:47<18:53:22,  1.43s/it]  5%|▍         | 2497/50005 [1:06:48<18:51:11,  1.43s/it]  5%|▍         | 2498/50005 [1:06:50<18:51:46,  1.43s/it]  5%|▍         | 2499/50005 [1:06:51<18:50:11,  1.43s/it]  5%|▍         | 2500/50005 [1:06:53<18:50:42,  1.43s/it]  5%|▌         | 2501/50005 [1:06:54<18:55:11,  1.43s/it]  5%|▌         | 2502/50005 [1:06:55<18:52:53,  1.43s/it]  5%|▌         | 2503/50005 [1:06:57<18:53:56,  1.43s/it]  5%|▌         | 2504/50005 [1:06:58<18:53:36,  1.43s/it]  5%|▌         | 2505/50005 [1:07:00<18:54:02,  1.43s/it]  5%|▌         | 2506/50005 [1:07:01<18:54:37,  1.43s/it]  5%|▌         | 2507/50005 [1:07:03<18:53:00,  1.43s/it]  5%|▌         | 2508/50005 [1:07:04<18:53:35,  1.43s/it]  5%|▌         | 2509/50005 [1:07:05<18:53:58,  1.43s/it]  5%|▌         | 2510/50005 [1:07:07<18:54:30,  1.43s/it]  5%|▌         | 2511/50005 [1:07:08<18:54:47,  1.43s/it]  5%|▌         | 2512/50005 [1:07:10<18:55:44,  1.43s/it]  5%|▌         | 2513/50005 [1:07:11<18:55:53,  1.44s/it]  5%|▌         | 2514/50005 [1:07:13<18:53:15,  1.43s/it]  5%|▌         | 2515/50005 [1:07:14<18:54:05,  1.43s/it]  5%|▌         | 2516/50005 [1:07:15<18:55:11,  1.43s/it]  5%|▌         | 2517/50005 [1:07:17<18:56:25,  1.44s/it]  5%|▌         | 2518/50005 [1:07:18<18:55:53,  1.44s/it]  5%|▌         | 2519/50005 [1:07:20<18:56:03,  1.44s/it]  5%|▌         | 2520/50005 [1:07:21<18:56:51,  1.44s/it]  5%|▌         | 2521/50005 [1:07:23<18:56:14,  1.44s/it]  5%|▌         | 2522/50005 [1:07:24<18:56:31,  1.44s/it]  5%|▌         | 2523/50005 [1:07:26<18:53:33,  1.43s/it]  5%|▌         | 2524/50005 [1:07:27<18:52:30,  1.43s/it]  5%|▌         | 2525/50005 [1:07:28<18:50:59,  1.43s/it]  5%|▌         | 2526/50005 [1:07:30<18:51:54,  1.43s/it]  5%|▌         | 2527/50005 [1:07:31<18:49:41,  1.43s/it]  5%|▌         | 2528/50005 [1:07:33<18:51:03,  1.43s/it]  5%|▌         | 2529/50005 [1:07:34<18:51:59,  1.43s/it]  5%|▌         | 2530/50005 [1:07:36<18:50:30,  1.43s/it]  5%|▌         | 2531/50005 [1:07:37<18:51:58,  1.43s/it]  5%|▌         | 2532/50005 [1:07:38<18:50:40,  1.43s/it]  5%|▌         | 2533/50005 [1:07:40<18:49:04,  1.43s/it]  5%|▌         | 2534/50005 [1:07:41<18:48:55,  1.43s/it]  5%|▌         | 2535/50005 [1:07:43<18:50:14,  1.43s/it]  5%|▌         | 2536/50005 [1:07:44<18:49:19,  1.43s/it]  5%|▌         | 2537/50005 [1:07:46<18:50:14,  1.43s/it]  5%|▌         | 2538/50005 [1:07:47<18:49:41,  1.43s/it]  5%|▌         | 2539/50005 [1:07:48<18:51:01,  1.43s/it]  5%|▌         | 2540/50005 [1:07:50<18:51:54,  1.43s/it]  5%|▌         | 2541/50005 [1:07:51<18:50:31,  1.43s/it]  5%|▌         | 2542/50005 [1:07:53<18:51:18,  1.43s/it]  5%|▌         | 2543/50005 [1:07:54<18:52:46,  1.43s/it]  5%|▌         | 2544/50005 [1:07:56<18:54:06,  1.43s/it]  5%|▌         | 2545/50005 [1:07:57<18:53:46,  1.43s/it]  5%|▌         | 2546/50005 [1:07:58<18:54:37,  1.43s/it]  5%|▌         | 2547/50005 [1:08:00<18:52:04,  1.43s/it]  5%|▌         | 2548/50005 [1:08:01<18:51:29,  1.43s/it]  5%|▌         | 2549/50005 [1:08:03<18:51:46,  1.43s/it]  5%|▌         | 2550/50005 [1:08:04<18:50:38,  1.43s/it]  5%|▌         | 2551/50005 [1:08:06<18:51:54,  1.43s/it]  5%|▌         | 2552/50005 [1:08:07<18:52:40,  1.43s/it]  5%|▌         | 2553/50005 [1:08:08<18:53:23,  1.43s/it]  5%|▌         | 2554/50005 [1:08:10<18:54:07,  1.43s/it]  5%|▌         | 2555/50005 [1:08:11<18:54:37,  1.43s/it]  5%|▌         | 2556/50005 [1:08:13<18:52:00,  1.43s/it]  5%|▌         | 2557/50005 [1:08:14<18:50:34,  1.43s/it]  5%|▌         | 2558/50005 [1:08:16<18:51:38,  1.43s/it]  5%|▌         | 2559/50005 [1:08:17<18:50:59,  1.43s/it]  5%|▌         | 2560/50005 [1:08:18<18:51:58,  1.43s/it]  5%|▌         | 2561/50005 [1:08:20<18:53:25,  1.43s/it]  5%|▌         | 2562/50005 [1:08:21<18:51:09,  1.43s/it]  5%|▌         | 2563/50005 [1:08:23<18:50:57,  1.43s/it]  5%|▌         | 2564/50005 [1:08:24<18:51:57,  1.43s/it]  5%|▌         | 2565/50005 [1:08:26<18:53:41,  1.43s/it]  5%|▌         | 2566/50005 [1:08:27<18:51:50,  1.43s/it]  5%|▌         | 2567/50005 [1:08:28<18:53:27,  1.43s/it]  5%|▌         | 2568/50005 [1:08:30<18:53:36,  1.43s/it]  5%|▌         | 2569/50005 [1:08:31<18:54:24,  1.43s/it]  5%|▌         | 2570/50005 [1:08:33<18:54:27,  1.43s/it]  5%|▌         | 2571/50005 [1:08:34<18:54:34,  1.44s/it]  5%|▌         | 2572/50005 [1:08:36<18:52:19,  1.43s/it]  5%|▌         | 2573/50005 [1:08:37<18:51:12,  1.43s/it]  5%|▌         | 2574/50005 [1:08:39<18:51:46,  1.43s/it]  5%|▌         | 2575/50005 [1:08:40<18:52:29,  1.43s/it]  5%|▌         | 2576/50005 [1:08:41<18:52:34,  1.43s/it]  5%|▌         | 2577/50005 [1:08:43<18:50:53,  1.43s/it]  5%|▌         | 2578/50005 [1:08:44<18:51:07,  1.43s/it]  5%|▌         | 2579/50005 [1:08:46<18:52:10,  1.43s/it]  5%|▌         | 2580/50005 [1:08:47<18:50:39,  1.43s/it]  5%|▌         | 2581/50005 [1:08:49<18:52:53,  1.43s/it]  5%|▌         | 2582/50005 [1:08:50<18:53:43,  1.43s/it]  5%|▌         | 2583/50005 [1:08:51<18:54:25,  1.44s/it]  5%|▌         | 2584/50005 [1:08:53<18:54:12,  1.44s/it]  5%|▌         | 2585/50005 [1:08:54<18:54:12,  1.44s/it]  5%|▌         | 2586/50005 [1:08:56<18:51:37,  1.43s/it]  5%|▌         | 2587/50005 [1:08:57<18:49:52,  1.43s/it]  5%|▌         | 2588/50005 [1:08:59<18:51:01,  1.43s/it]  5%|▌         | 2589/50005 [1:09:00<18:51:35,  1.43s/it]  5%|▌         | 2590/50005 [1:09:01<18:50:16,  1.43s/it]  5%|▌         | 2591/50005 [1:09:03<18:51:54,  1.43s/it]  5%|▌         | 2592/50005 [1:09:04<18:51:36,  1.43s/it]  5%|▌         | 2593/50005 [1:09:06<18:52:40,  1.43s/it]  5%|▌         | 2594/50005 [1:09:07<18:52:31,  1.43s/it]  5%|▌         | 2595/50005 [1:09:09<18:53:36,  1.43s/it]  5%|▌         | 2596/50005 [1:09:10<18:52:57,  1.43s/it]  5%|▌         | 2597/50005 [1:09:11<18:51:37,  1.43s/it]  5%|▌         | 2598/50005 [1:09:13<18:51:06,  1.43s/it]  5%|▌         | 2599/50005 [1:09:14<18:49:45,  1.43s/it]  5%|▌         | 2600/50005 [1:09:16<18:48:33,  1.43s/it]  5%|▌         | 2601/50005 [1:09:17<18:50:50,  1.43s/it]  5%|▌         | 2602/50005 [1:09:19<18:51:08,  1.43s/it]  5%|▌         | 2603/50005 [1:09:20<18:49:29,  1.43s/it]  5%|▌         | 2604/50005 [1:09:21<18:50:33,  1.43s/it]  5%|▌         | 2605/50005 [1:09:23<18:49:23,  1.43s/it]  5%|▌         | 2606/50005 [1:09:24<18:50:22,  1.43s/it]  5%|▌         | 2607/50005 [1:09:26<18:49:03,  1.43s/it]  5%|▌         | 2608/50005 [1:09:27<18:49:37,  1.43s/it]  5%|▌         | 2609/50005 [1:09:29<18:49:11,  1.43s/it]  5%|▌         | 2610/50005 [1:09:30<18:47:28,  1.43s/it]  5%|▌         | 2611/50005 [1:09:31<18:50:24,  1.43s/it]  5%|▌         | 2612/50005 [1:09:33<18:51:18,  1.43s/it]  5%|▌         | 2613/50005 [1:09:34<18:52:10,  1.43s/it]  5%|▌         | 2614/50005 [1:09:36<18:51:58,  1.43s/it]  5%|▌         | 2615/50005 [1:09:37<18:51:03,  1.43s/it]  5%|▌         | 2616/50005 [1:09:39<18:50:48,  1.43s/it]  5%|▌         | 2617/50005 [1:09:40<18:47:45,  1.43s/it]  5%|▌         | 2618/50005 [1:09:41<18:49:48,  1.43s/it]  5%|▌         | 2619/50005 [1:09:43<18:48:41,  1.43s/it]  5%|▌         | 2620/50005 [1:09:44<18:47:56,  1.43s/it]  5%|▌         | 2621/50005 [1:09:46<18:50:26,  1.43s/it]  5%|▌         | 2622/50005 [1:09:47<18:47:50,  1.43s/it]  5%|▌         | 2623/50005 [1:09:49<18:49:36,  1.43s/it]  5%|▌         | 2624/50005 [1:09:50<18:51:05,  1.43s/it]  5%|▌         | 2625/50005 [1:09:52<18:49:59,  1.43s/it]  5%|▌         | 2626/50005 [1:09:53<18:51:09,  1.43s/it]  5%|▌         | 2627/50005 [1:09:54<18:51:26,  1.43s/it]  5%|▌         | 2628/50005 [1:09:56<18:52:02,  1.43s/it]  5%|▌         | 2629/50005 [1:09:57<18:49:45,  1.43s/it]  5%|▌         | 2630/50005 [1:09:59<18:48:04,  1.43s/it]  5%|▌         | 2631/50005 [1:10:00<18:49:15,  1.43s/it]  5%|▌         | 2632/50005 [1:10:02<18:47:39,  1.43s/it]  5%|▌         | 2633/50005 [1:10:03<18:46:52,  1.43s/it]  5%|▌         | 2634/50005 [1:10:04<18:48:20,  1.43s/it]  5%|▌         | 2635/50005 [1:10:06<18:49:59,  1.43s/it]  5%|▌         | 2636/50005 [1:10:07<18:50:25,  1.43s/it]  5%|▌         | 2637/50005 [1:10:09<18:49:16,  1.43s/it]  5%|▌         | 2638/50005 [1:10:10<18:50:04,  1.43s/it]  5%|▌         | 2639/50005 [1:10:12<18:50:32,  1.43s/it]  5%|▌         | 2640/50005 [1:10:13<18:50:55,  1.43s/it]  5%|▌         | 2641/50005 [1:10:14<18:50:53,  1.43s/it]  5%|▌         | 2642/50005 [1:10:16<18:51:57,  1.43s/it]  5%|▌         | 2643/50005 [1:10:17<18:51:34,  1.43s/it]  5%|▌         | 2644/50005 [1:10:19<18:52:12,  1.43s/it]  5%|▌         | 2645/50005 [1:10:20<18:52:44,  1.44s/it]  5%|▌         | 2646/50005 [1:10:22<18:52:36,  1.43s/it]  5%|▌         | 2647/50005 [1:10:23<18:52:19,  1.43s/it]  5%|▌         | 2648/50005 [1:10:24<18:53:11,  1.44s/it]  5%|▌         | 2649/50005 [1:10:26<18:52:25,  1.43s/it]  5%|▌         | 2650/50005 [1:10:27<18:52:52,  1.44s/it]  5%|▌         | 2651/50005 [1:10:29<18:52:35,  1.44s/it]  5%|▌         | 2652/50005 [1:10:30<18:52:56,  1.44s/it]  5%|▌         | 2653/50005 [1:10:32<18:52:32,  1.44s/it]  5%|▌         | 2654/50005 [1:10:33<18:52:45,  1.44s/it]  5%|▌         | 2655/50005 [1:10:35<18:51:56,  1.43s/it]  5%|▌         | 2656/50005 [1:10:36<18:51:57,  1.43s/it]  5%|▌         | 2657/50005 [1:10:37<18:51:30,  1.43s/it]  5%|▌         | 2658/50005 [1:10:39<18:49:38,  1.43s/it]  5%|▌         | 2659/50005 [1:10:40<18:49:45,  1.43s/it]  5%|▌         | 2660/50005 [1:10:42<18:47:52,  1.43s/it]  5%|▌         | 2661/50005 [1:10:43<18:47:08,  1.43s/it]  5%|▌         | 2662/50005 [1:10:45<18:46:37,  1.43s/it]  5%|▌         | 2663/50005 [1:10:46<18:45:41,  1.43s/it]  5%|▌         | 2664/50005 [1:10:47<18:45:02,  1.43s/it]  5%|▌         | 2665/50005 [1:10:49<18:47:01,  1.43s/it]  5%|▌         | 2666/50005 [1:10:50<18:48:20,  1.43s/it]  5%|▌         | 2667/50005 [1:10:52<18:49:13,  1.43s/it]  5%|▌         | 2668/50005 [1:10:53<18:46:26,  1.43s/it]  5%|▌         | 2669/50005 [1:10:54<18:45:03,  1.43s/it]  5%|▌         | 2670/50005 [1:10:56<18:45:45,  1.43s/it]  5%|▌         | 2671/50005 [1:10:57<18:45:34,  1.43s/it]  5%|▌         | 2672/50005 [1:10:59<18:45:58,  1.43s/it]  5%|▌         | 2673/50005 [1:11:00<18:45:48,  1.43s/it]  5%|▌         | 2674/50005 [1:11:02<18:46:18,  1.43s/it]  5%|▌         | 2675/50005 [1:11:03<18:45:10,  1.43s/it]  5%|▌         | 2676/50005 [1:11:04<18:47:06,  1.43s/it]  5%|▌         | 2677/50005 [1:11:06<18:48:18,  1.43s/it]  5%|▌         | 2678/50005 [1:11:07<18:48:21,  1.43s/it]  5%|▌         | 2679/50005 [1:11:09<18:47:33,  1.43s/it]  5%|▌         | 2680/50005 [1:11:10<18:48:43,  1.43s/it]  5%|▌         | 2681/50005 [1:11:12<18:47:12,  1.43s/it]  5%|▌         | 2682/50005 [1:11:13<18:45:48,  1.43s/it]  5%|▌         | 2683/50005 [1:11:14<18:45:29,  1.43s/it]  5%|▌         | 2684/50005 [1:11:16<18:48:01,  1.43s/it]  5%|▌         | 2685/50005 [1:11:17<18:47:28,  1.43s/it]  5%|▌         | 2686/50005 [1:11:19<18:49:03,  1.43s/it]  5%|▌         | 2687/50005 [1:11:20<18:49:18,  1.43s/it]  5%|▌         | 2688/50005 [1:11:22<18:49:38,  1.43s/it]  5%|▌         | 2689/50005 [1:11:23<18:50:29,  1.43s/it]  5%|▌         | 2690/50005 [1:11:25<18:49:27,  1.43s/it]  5%|▌         | 2691/50005 [1:11:26<18:47:06,  1.43s/it]  5%|▌         | 2692/50005 [1:11:27<18:48:03,  1.43s/it]  5%|▌         | 2693/50005 [1:11:29<18:46:27,  1.43s/it]  5%|▌         | 2694/50005 [1:11:30<18:47:26,  1.43s/it]  5%|▌         | 2695/50005 [1:11:32<18:48:36,  1.43s/it]  5%|▌         | 2696/50005 [1:11:33<18:48:53,  1.43s/it]  5%|▌         | 2697/50005 [1:11:35<18:47:41,  1.43s/it]  5%|▌         | 2698/50005 [1:11:36<18:46:10,  1.43s/it]  5%|▌         | 2699/50005 [1:11:37<18:45:03,  1.43s/it]  5%|▌         | 2700/50005 [1:11:39<18:46:51,  1.43s/it]  5%|▌         | 2701/50005 [1:11:40<18:46:01,  1.43s/it]  5%|▌         | 2702/50005 [1:11:42<18:47:24,  1.43s/it]  5%|▌         | 2703/50005 [1:11:43<18:48:41,  1.43s/it]  5%|▌         | 2704/50005 [1:11:45<18:47:55,  1.43s/it]  5%|▌         | 2705/50005 [1:11:46<18:48:17,  1.43s/it]  5%|▌         | 2706/50005 [1:11:47<18:49:06,  1.43s/it]  5%|▌         | 2707/50005 [1:11:49<18:50:08,  1.43s/it]  5%|▌         | 2708/50005 [1:11:50<18:47:56,  1.43s/it]  5%|▌         | 2709/50005 [1:11:52<18:46:47,  1.43s/it]  5%|▌         | 2710/50005 [1:11:53<18:48:50,  1.43s/it]  5%|▌         | 2711/50005 [1:11:55<18:49:13,  1.43s/it]  5%|▌         | 2712/50005 [1:11:56<18:47:20,  1.43s/it]  5%|▌         | 2713/50005 [1:11:57<18:48:05,  1.43s/it]  5%|▌         | 2714/50005 [1:11:59<18:49:25,  1.43s/it]  5%|▌         | 2715/50005 [1:12:00<18:48:46,  1.43s/it]  5%|▌         | 2716/50005 [1:12:02<18:47:01,  1.43s/it]  5%|▌         | 2717/50005 [1:12:03<18:46:21,  1.43s/it]  5%|▌         | 2718/50005 [1:12:05<18:48:26,  1.43s/it]  5%|▌         | 2719/50005 [1:12:06<18:49:18,  1.43s/it]  5%|▌         | 2720/50005 [1:12:07<18:49:16,  1.43s/it]  5%|▌         | 2721/50005 [1:12:09<18:50:41,  1.43s/it]  5%|▌         | 2722/50005 [1:12:10<18:49:36,  1.43s/it]  5%|▌         | 2723/50005 [1:12:12<18:49:44,  1.43s/it]  5%|▌         | 2724/50005 [1:12:13<18:48:27,  1.43s/it]  5%|▌         | 2725/50005 [1:12:15<18:49:41,  1.43s/it]  5%|▌         | 2726/50005 [1:12:16<18:49:51,  1.43s/it]  5%|▌         | 2727/50005 [1:12:17<18:49:54,  1.43s/it]  5%|▌         | 2728/50005 [1:12:19<18:49:19,  1.43s/it]  5%|▌         | 2729/50005 [1:12:20<18:48:26,  1.43s/it]  5%|▌         | 2730/50005 [1:12:22<18:46:24,  1.43s/it]  5%|▌         | 2731/50005 [1:12:23<18:44:31,  1.43s/it]  5%|▌         | 2732/50005 [1:12:25<18:45:18,  1.43s/it]  5%|▌         | 2733/50005 [1:12:26<18:45:09,  1.43s/it]  5%|▌         | 2734/50005 [1:12:27<18:43:57,  1.43s/it]  5%|▌         | 2735/50005 [1:12:29<18:46:13,  1.43s/it]  5%|▌         | 2736/50005 [1:12:30<18:44:44,  1.43s/it]  5%|▌         | 2737/50005 [1:12:32<18:44:36,  1.43s/it]  5%|▌         | 2738/50005 [1:12:33<18:45:31,  1.43s/it]  5%|▌         | 2739/50005 [1:12:35<18:44:41,  1.43s/it]  5%|▌         | 2740/50005 [1:12:36<18:46:03,  1.43s/it]  5%|▌         | 2741/50005 [1:12:37<18:45:52,  1.43s/it]  5%|▌         | 2742/50005 [1:12:39<18:47:16,  1.43s/it]  5%|▌         | 2743/50005 [1:12:40<18:48:28,  1.43s/it]  5%|▌         | 2744/50005 [1:12:42<18:46:21,  1.43s/it]  5%|▌         | 2745/50005 [1:12:43<18:45:21,  1.43s/it]  5%|▌         | 2746/50005 [1:12:45<18:46:49,  1.43s/it]  5%|▌         | 2747/50005 [1:12:46<18:46:21,  1.43s/it]  5%|▌         | 2748/50005 [1:12:47<18:45:09,  1.43s/it]  5%|▌         | 2749/50005 [1:12:49<18:46:37,  1.43s/it]  5%|▌         | 2750/50005 [1:12:50<18:47:11,  1.43s/it]  6%|▌         | 2751/50005 [1:12:52<18:45:51,  1.43s/it]  6%|▌         | 2752/50005 [1:12:53<18:44:29,  1.43s/it]  6%|▌         | 2753/50005 [1:12:55<18:45:57,  1.43s/it]  6%|▌         | 2754/50005 [1:12:56<18:46:11,  1.43s/it]  6%|▌         | 2755/50005 [1:12:58<18:47:09,  1.43s/it]  6%|▌         | 2756/50005 [1:12:59<18:47:25,  1.43s/it]  6%|▌         | 2757/50005 [1:13:00<18:48:45,  1.43s/it]  6%|▌         | 2758/50005 [1:13:02<18:48:53,  1.43s/it]  6%|▌         | 2759/50005 [1:13:03<18:49:18,  1.43s/it]  6%|▌         | 2760/50005 [1:13:05<18:46:45,  1.43s/it]  6%|▌         | 2761/50005 [1:13:06<18:47:27,  1.43s/it]  6%|▌         | 2762/50005 [1:13:08<18:45:35,  1.43s/it]  6%|▌         | 2763/50005 [1:13:09<18:46:24,  1.43s/it]  6%|▌         | 2764/50005 [1:13:10<18:47:33,  1.43s/it]  6%|▌         | 2765/50005 [1:13:12<18:48:19,  1.43s/it]  6%|▌         | 2766/50005 [1:13:13<18:49:04,  1.43s/it]  6%|▌         | 2767/50005 [1:13:15<18:47:08,  1.43s/it]  6%|▌         | 2768/50005 [1:13:16<18:48:23,  1.43s/it]  6%|▌         | 2769/50005 [1:13:18<18:46:25,  1.43s/it]  6%|▌         | 2770/50005 [1:13:19<18:46:43,  1.43s/it]  6%|▌         | 2771/50005 [1:13:20<18:47:50,  1.43s/it]  6%|▌         | 2772/50005 [1:13:22<18:46:59,  1.43s/it]  6%|▌         | 2773/50005 [1:13:23<18:46:21,  1.43s/it]  6%|▌         | 2774/50005 [1:13:25<18:46:45,  1.43s/it]  6%|▌         | 2775/50005 [1:13:26<18:48:35,  1.43s/it]  6%|▌         | 2776/50005 [1:13:28<18:48:49,  1.43s/it]  6%|▌         | 2777/50005 [1:13:29<18:46:41,  1.43s/it]  6%|▌         | 2778/50005 [1:13:30<18:46:08,  1.43s/it]  6%|▌         | 2779/50005 [1:13:32<18:47:08,  1.43s/it]  6%|▌         | 2780/50005 [1:13:33<18:46:25,  1.43s/it]  6%|▌         | 2781/50005 [1:13:35<18:47:34,  1.43s/it]  6%|▌         | 2782/50005 [1:13:36<18:48:44,  1.43s/it]  6%|▌         | 2783/50005 [1:13:38<18:49:13,  1.43s/it]  6%|▌         | 2784/50005 [1:13:39<18:46:58,  1.43s/it]  6%|▌         | 2785/50005 [1:13:40<18:47:29,  1.43s/it]  6%|▌         | 2786/50005 [1:13:42<18:47:59,  1.43s/it]  6%|▌         | 2787/50005 [1:13:43<18:48:39,  1.43s/it]  6%|▌         | 2788/50005 [1:13:45<18:48:55,  1.43s/it]  6%|▌         | 2789/50005 [1:13:46<18:50:18,  1.44s/it]  6%|▌         | 2790/50005 [1:13:48<18:50:13,  1.44s/it]  6%|▌         | 2791/50005 [1:13:49<18:49:23,  1.44s/it]  6%|▌         | 2792/50005 [1:13:51<18:46:38,  1.43s/it]  6%|▌         | 2793/50005 [1:13:52<18:46:38,  1.43s/it]  6%|▌         | 2794/50005 [1:13:53<18:47:12,  1.43s/it]  6%|▌         | 2795/50005 [1:13:55<18:46:04,  1.43s/it]  6%|▌         | 2796/50005 [1:13:56<18:46:47,  1.43s/it]  6%|▌         | 2797/50005 [1:13:58<18:46:08,  1.43s/it]  6%|▌         | 2798/50005 [1:13:59<18:47:11,  1.43s/it]  6%|▌         | 2799/50005 [1:14:01<18:48:04,  1.43s/it]  6%|▌         | 2800/50005 [1:14:02<18:46:01,  1.43s/it]  6%|▌         | 2801/50005 [1:14:03<18:46:50,  1.43s/it]
Validation:   0%|          | 0/100 [00:00<?, ?it/s][A
Validation:   1%|          | 1/100 [00:03<06:14,  3.79s/it][A
Validation:   2%|▏         | 2/100 [00:04<03:08,  1.92s/it][A
Validation:   3%|▎         | 3/100 [00:05<02:08,  1.32s/it][A
Validation:   4%|▍         | 4/100 [00:05<01:40,  1.04s/it][A
Validation:   5%|▌         | 5/100 [00:06<01:24,  1.12it/s][A
Validation:   6%|▌         | 6/100 [00:06<01:14,  1.26it/s][A
Validation:   7%|▋         | 7/100 [00:07<01:08,  1.36it/s][A
Validation:   8%|▊         | 8/100 [00:08<01:04,  1.43it/s][A
Validation:   9%|▉         | 9/100 [00:08<01:01,  1.49it/s][A
Validation:  10%|█         | 10/100 [00:09<00:58,  1.53it/s][A
Validation:  11%|█         | 11/100 [00:09<00:57,  1.55it/s][A
Validation:  12%|█▏        | 12/100 [00:10<00:55,  1.58it/s][A
Validation:  13%|█▎        | 13/100 [00:11<00:54,  1.59it/s][A
Validation:  14%|█▍        | 14/100 [00:11<00:53,  1.60it/s][A
Validation:  15%|█▌        | 15/100 [00:12<00:52,  1.61it/s][A
Validation:  16%|█▌        | 16/100 [00:13<00:52,  1.61it/s][A
Validation:  17%|█▋        | 17/100 [00:13<00:51,  1.61it/s][A
Validation:  18%|█▊        | 18/100 [00:14<00:50,  1.62it/s][A
Validation:  19%|█▉        | 19/100 [00:14<00:49,  1.62it/s][A
Validation:  20%|██        | 20/100 [00:15<00:49,  1.62it/s][A
Validation:  21%|██        | 21/100 [00:16<00:48,  1.63it/s][A
Validation:  22%|██▏       | 22/100 [00:16<00:48,  1.62it/s][A
Validation:  23%|██▎       | 23/100 [00:17<00:47,  1.63it/s][A
Validation:  24%|██▍       | 24/100 [00:17<00:46,  1.63it/s][A
Validation:  25%|██▌       | 25/100 [00:18<00:46,  1.63it/s][A
Validation:  26%|██▌       | 26/100 [00:19<00:45,  1.63it/s][A
Validation:  27%|██▋       | 27/100 [00:19<00:44,  1.62it/s][A
Validation:  28%|██▊       | 28/100 [00:20<00:44,  1.63it/s][A
Validation:  29%|██▉       | 29/100 [00:21<00:43,  1.63it/s][A
Validation:  30%|███       | 30/100 [00:21<00:43,  1.63it/s][A
Validation:  31%|███       | 31/100 [00:22<00:42,  1.62it/s][A
Validation:  32%|███▏      | 32/100 [00:22<00:41,  1.63it/s][A
Validation:  33%|███▎      | 33/100 [00:23<00:41,  1.62it/s][A
Validation:  34%|███▍      | 34/100 [00:24<00:40,  1.63it/s][A
Validation:  35%|███▌      | 35/100 [00:24<00:40,  1.62it/s][A
Validation:  36%|███▌      | 36/100 [00:25<00:39,  1.63it/s][A
Validation:  37%|███▋      | 37/100 [00:25<00:38,  1.62it/s][A
Validation:  38%|███▊      | 38/100 [00:26<00:38,  1.62it/s][A
Validation:  39%|███▉      | 39/100 [00:27<00:37,  1.62it/s][A
Validation:  40%|████      | 40/100 [00:27<00:36,  1.63it/s][A
Validation:  41%|████      | 41/100 [00:28<00:36,  1.62it/s][A
Validation:  42%|████▏     | 42/100 [00:29<00:35,  1.62it/s][A
Validation:  43%|████▎     | 43/100 [00:29<00:35,  1.63it/s][A
Validation:  44%|████▍     | 44/100 [00:30<00:34,  1.63it/s][A
Validation:  45%|████▌     | 45/100 [00:30<00:33,  1.62it/s][A
Validation:  46%|████▌     | 46/100 [00:31<00:33,  1.63it/s][A
Validation:  47%|████▋     | 47/100 [00:32<00:32,  1.62it/s][A
Validation:  48%|████▊     | 48/100 [00:32<00:31,  1.63it/s][A
Validation:  49%|████▉     | 49/100 [00:33<00:31,  1.62it/s][A
Validation:  50%|█████     | 50/100 [00:33<00:30,  1.62it/s][A
Validation:  51%|█████     | 51/100 [00:34<00:30,  1.62it/s][A
Validation:  52%|█████▏    | 52/100 [00:35<00:29,  1.62it/s][A
Validation:  53%|█████▎    | 53/100 [00:35<00:28,  1.62it/s][A
Validation:  54%|█████▍    | 54/100 [00:36<00:28,  1.62it/s][A
Validation:  55%|█████▌    | 55/100 [00:37<00:27,  1.62it/s][A
Validation:  56%|█████▌    | 56/100 [00:37<00:27,  1.63it/s][A
Validation:  57%|█████▋    | 57/100 [00:38<00:26,  1.63it/s][A
Validation:  58%|█████▊    | 58/100 [00:38<00:25,  1.63it/s][A
Validation:  59%|█████▉    | 59/100 [00:39<00:25,  1.63it/s][A
Validation:  60%|██████    | 60/100 [00:40<00:24,  1.63it/s][A
Validation:  61%|██████    | 61/100 [00:40<00:23,  1.63it/s][A
Validation:  62%|██████▏   | 62/100 [00:41<00:23,  1.63it/s][A
Validation:  63%|██████▎   | 63/100 [00:41<00:22,  1.63it/s][A
Validation:  64%|██████▍   | 64/100 [00:42<00:22,  1.63it/s][A
Validation:  65%|██████▌   | 65/100 [00:43<00:21,  1.63it/s][A
Validation:  66%|██████▌   | 66/100 [00:43<00:20,  1.63it/s][A
Validation:  67%|██████▋   | 67/100 [00:44<00:20,  1.63it/s][A
Validation:  68%|██████▊   | 68/100 [00:44<00:19,  1.63it/s][A
Validation:  69%|██████▉   | 69/100 [00:45<00:19,  1.63it/s][A
Validation:  70%|███████   | 70/100 [00:46<00:18,  1.63it/s][A
Validation:  71%|███████   | 71/100 [00:46<00:17,  1.63it/s][A
Validation:  72%|███████▏  | 72/100 [00:47<00:17,  1.63it/s][A
Validation:  73%|███████▎  | 73/100 [00:48<00:16,  1.62it/s][A
Validation:  74%|███████▍  | 74/100 [00:48<00:16,  1.62it/s][A
Validation:  75%|███████▌  | 75/100 [00:49<00:15,  1.62it/s][A
Validation:  76%|███████▌  | 76/100 [00:49<00:14,  1.62it/s][A
Validation:  77%|███████▋  | 77/100 [00:50<00:14,  1.62it/s][A
Validation:  78%|███████▊  | 78/100 [00:51<00:13,  1.63it/s][A
Validation:  79%|███████▉  | 79/100 [00:51<00:12,  1.63it/s][A
Validation:  80%|████████  | 80/100 [00:52<00:12,  1.63it/s][A
Validation:  81%|████████  | 81/100 [00:52<00:11,  1.63it/s][A
Validation:  82%|████████▏ | 82/100 [00:53<00:11,  1.63it/s][A
Validation:  83%|████████▎ | 83/100 [00:54<00:10,  1.62it/s][A
Validation:  84%|████████▍ | 84/100 [00:54<00:09,  1.63it/s][A
Validation:  85%|████████▌ | 85/100 [00:55<00:09,  1.63it/s][A
Validation:  86%|████████▌ | 86/100 [00:56<00:08,  1.63it/s][A
Validation:  87%|████████▋ | 87/100 [00:56<00:07,  1.63it/s][A
Validation:  88%|████████▊ | 88/100 [00:57<00:07,  1.63it/s][A
Validation:  89%|████████▉ | 89/100 [00:57<00:06,  1.63it/s][A
Validation:  90%|█████████ | 90/100 [00:58<00:06,  1.63it/s][A
Validation:  91%|█████████ | 91/100 [00:59<00:05,  1.63it/s][A
Validation:  92%|█████████▏| 92/100 [00:59<00:04,  1.63it/s][A
Validation:  93%|█████████▎| 93/100 [01:00<00:04,  1.63it/s][A
Validation:  94%|█████████▍| 94/100 [01:00<00:03,  1.63it/s][A
Validation:  95%|█████████▌| 95/100 [01:01<00:03,  1.63it/s][A
Validation:  96%|█████████▌| 96/100 [01:02<00:02,  1.63it/s][A
Validation:  97%|█████████▋| 97/100 [01:02<00:01,  1.63it/s][A
Validation:  98%|█████████▊| 98/100 [01:03<00:01,  1.63it/s][A
Validation:  99%|█████████▉| 99/100 [01:04<00:00,  1.62it/s][A
Validation: 100%|██████████| 100/100 [01:04<00:00,  1.62it/s][A
                                                             [A  6%|▌         | 2802/50005 [1:15:14<288:57:12, 22.04s/it]  6%|▌         | 2803/50005 [1:15:16<210:55:11, 16.09s/it]  6%|▌         | 2804/50005 [1:15:17<153:34:32, 11.71s/it]  6%|▌         | 2805/50005 [1:15:19<113:08:29,  8.63s/it]  6%|▌         | 2806/50005 [1:15:20<84:48:13,  6.47s/it]   6%|▌         | 2807/50005 [1:15:22<64:58:18,  4.96s/it]  6%|▌         | 2808/50005 [1:15:23<51:13:25,  3.91s/it]  6%|▌         | 2809/50005 [1:15:24<41:26:50,  3.16s/it]  6%|▌         | 2810/50005 [1:15:26<35:10:16,  2.68s/it]  6%|▌         | 2811/50005 [1:15:27<30:17:34,  2.31s/it]  6%|▌         | 2812/50005 [1:15:29<26:48:44,  2.05s/it]  6%|▌         | 2813/50005 [1:15:30<24:22:16,  1.86s/it]  6%|▌         | 2814/50005 [1:15:32<22:40:00,  1.73s/it]  6%|▌         | 2815/50005 [1:15:33<21:30:26,  1.64s/it]  6%|▌         | 2816/50005 [1:15:35<20:38:45,  1.58s/it]  6%|▌         | 2817/50005 [1:15:36<20:05:45,  1.53s/it]  6%|▌         | 2818/50005 [1:15:37<19:41:33,  1.50s/it]  6%|▌         | 2819/50005 [1:15:39<19:26:05,  1.48s/it]  6%|▌         | 2820/50005 [1:15:40<19:14:28,  1.47s/it]  6%|▌         | 2821/50005 [1:15:42<19:06:12,  1.46s/it]  6%|▌         | 2822/50005 [1:15:43<18:58:28,  1.45s/it]  6%|▌         | 2823/50005 [1:15:45<18:55:03,  1.44s/it]  6%|▌         | 2824/50005 [1:15:46<18:50:47,  1.44s/it]  6%|▌         | 2825/50005 [1:15:47<18:48:02,  1.43s/it]  6%|▌         | 2826/50005 [1:15:49<18:46:08,  1.43s/it]  6%|▌         | 2827/50005 [1:15:50<18:43:26,  1.43s/it]  6%|▌         | 2828/50005 [1:15:52<18:44:24,  1.43s/it]  6%|▌         | 2829/50005 [1:15:53<18:45:22,  1.43s/it]  6%|▌         | 2830/50005 [1:15:55<18:45:25,  1.43s/it]  6%|▌         | 2831/50005 [1:15:56<18:43:36,  1.43s/it]  6%|▌         | 2832/50005 [1:15:57<18:42:27,  1.43s/it]  6%|▌         | 2833/50005 [1:15:59<18:40:39,  1.43s/it]  6%|▌         | 2834/50005 [1:16:00<18:42:19,  1.43s/it]  6%|▌         | 2835/50005 [1:16:02<18:43:27,  1.43s/it]  6%|▌         | 2836/50005 [1:16:03<18:42:03,  1.43s/it]  6%|▌         | 2837/50005 [1:16:05<18:43:27,  1.43s/it]  6%|▌         | 2838/50005 [1:16:06<18:44:17,  1.43s/it]  6%|▌         | 2839/50005 [1:16:07<18:45:04,  1.43s/it]  6%|▌         | 2840/50005 [1:16:09<18:45:32,  1.43s/it]  6%|▌         | 2841/50005 [1:16:10<18:44:18,  1.43s/it]  6%|▌         | 2842/50005 [1:16:12<18:43:13,  1.43s/it]  6%|▌         | 2843/50005 [1:16:13<18:44:07,  1.43s/it]  6%|▌         | 2844/50005 [1:16:15<18:45:09,  1.43s/it]  6%|▌         | 2845/50005 [1:16:16<18:45:49,  1.43s/it]  6%|▌         | 2846/50005 [1:16:17<18:45:42,  1.43s/it]  6%|▌         | 2847/50005 [1:16:19<18:42:39,  1.43s/it]  6%|▌         | 2848/50005 [1:16:20<18:44:25,  1.43s/it]  6%|▌         | 2849/50005 [1:16:22<18:43:38,  1.43s/it]  6%|▌         | 2850/50005 [1:16:23<18:43:02,  1.43s/it]  6%|▌         | 2851/50005 [1:16:25<18:42:21,  1.43s/it]  6%|▌         | 2852/50005 [1:16:26<18:41:31,  1.43s/it]  6%|▌         | 2853/50005 [1:16:27<18:40:42,  1.43s/it]  6%|▌         | 2854/50005 [1:16:29<18:43:35,  1.43s/it]  6%|▌         | 2855/50005 [1:16:30<18:44:45,  1.43s/it]  6%|▌         | 2856/50005 [1:16:32<18:45:33,  1.43s/it]  6%|▌         | 2857/50005 [1:16:33<18:43:25,  1.43s/it]  6%|▌         | 2858/50005 [1:16:35<18:44:19,  1.43s/it]  6%|▌         | 2859/50005 [1:16:36<18:44:39,  1.43s/it]  6%|▌         | 2860/50005 [1:16:37<18:44:56,  1.43s/it]  6%|▌         | 2861/50005 [1:16:39<18:45:17,  1.43s/it]  6%|▌         | 2862/50005 [1:16:40<18:43:38,  1.43s/it]  6%|▌         | 2863/50005 [1:16:42<18:42:10,  1.43s/it]  6%|▌         | 2864/50005 [1:16:43<18:39:46,  1.43s/it]  6%|▌         | 2865/50005 [1:16:45<18:39:25,  1.42s/it]  6%|▌         | 2866/50005 [1:16:46<18:40:52,  1.43s/it]  6%|▌         | 2867/50005 [1:16:47<18:42:01,  1.43s/it]  6%|▌         | 2868/50005 [1:16:49<18:41:40,  1.43s/it]  6%|▌         | 2869/50005 [1:16:50<18:43:01,  1.43s/it]  6%|▌         | 2870/50005 [1:16:52<18:44:06,  1.43s/it]  6%|▌         | 2871/50005 [1:16:53<18:44:47,  1.43s/it]  6%|▌         | 2872/50005 [1:16:55<18:45:02,  1.43s/it]  6%|▌         | 2873/50005 [1:16:56<18:45:01,  1.43s/it]  6%|▌         | 2874/50005 [1:16:57<18:43:09,  1.43s/it]  6%|▌         | 2875/50005 [1:16:59<18:41:50,  1.43s/it]  6%|▌         | 2876/50005 [1:17:00<18:41:46,  1.43s/it]  6%|▌         | 2877/50005 [1:17:02<18:43:23,  1.43s/it]  6%|▌         | 2878/50005 [1:17:03<18:43:35,  1.43s/it]  6%|▌         | 2879/50005 [1:17:05<18:44:43,  1.43s/it]  6%|▌         | 2880/50005 [1:17:06<18:43:35,  1.43s/it]  6%|▌         | 2881/50005 [1:17:07<18:44:26,  1.43s/it]  6%|▌         | 2882/50005 [1:17:09<18:44:15,  1.43s/it]  6%|▌         | 2883/50005 [1:17:10<18:42:20,  1.43s/it]  6%|▌         | 2884/50005 [1:17:12<18:43:03,  1.43s/it]  6%|▌         | 2885/50005 [1:17:13<18:41:54,  1.43s/it]  6%|▌         | 2886/50005 [1:17:15<18:41:02,  1.43s/it]  6%|▌         | 2887/50005 [1:17:16<18:40:47,  1.43s/it]  6%|▌         | 2888/50005 [1:17:17<18:42:09,  1.43s/it]  6%|▌         | 2889/50005 [1:17:19<18:43:57,  1.43s/it]  6%|▌         | 2890/50005 [1:17:20<18:42:52,  1.43s/it]  6%|▌         | 2891/50005 [1:17:22<18:43:23,  1.43s/it]  6%|▌         | 2892/50005 [1:17:23<18:42:08,  1.43s/it]  6%|▌         | 2893/50005 [1:17:25<18:43:07,  1.43s/it]  6%|▌         | 2894/50005 [1:17:26<18:44:08,  1.43s/it]  6%|▌         | 2895/50005 [1:17:28<18:44:22,  1.43s/it]  6%|▌         | 2896/50005 [1:17:29<18:44:52,  1.43s/it]  6%|▌         | 2897/50005 [1:17:30<18:42:32,  1.43s/it]  6%|▌         | 2898/50005 [1:17:32<18:41:27,  1.43s/it]  6%|▌         | 2899/50005 [1:17:33<18:40:22,  1.43s/it]  6%|▌         | 2900/50005 [1:17:35<18:39:20,  1.43s/it]  6%|▌         | 2901/50005 [1:17:36<18:45:25,  1.43s/it]  6%|▌         | 2902/50005 [1:17:38<18:44:39,  1.43s/it]  6%|▌         | 2903/50005 [1:17:39<18:45:15,  1.43s/it]  6%|▌         | 2904/50005 [1:17:40<18:44:57,  1.43s/it]  6%|▌         | 2905/50005 [1:17:42<18:43:51,  1.43s/it]  6%|▌         | 2906/50005 [1:17:43<18:41:39,  1.43s/it]  6%|▌         | 2907/50005 [1:17:45<18:39:55,  1.43s/it]  6%|▌         | 2908/50005 [1:17:46<18:39:17,  1.43s/it]  6%|▌         | 2909/50005 [1:17:48<18:40:27,  1.43s/it]  6%|▌         | 2910/50005 [1:17:49<18:39:58,  1.43s/it]  6%|▌         | 2911/50005 [1:17:50<18:42:05,  1.43s/it]  6%|▌         | 2912/50005 [1:17:52<18:42:36,  1.43s/it]  6%|▌         | 2913/50005 [1:17:53<18:41:13,  1.43s/it]  6%|▌         | 2914/50005 [1:17:55<18:41:59,  1.43s/it]  6%|▌         | 2915/50005 [1:17:56<18:42:12,  1.43s/it]  6%|▌         | 2916/50005 [1:17:58<18:41:00,  1.43s/it]  6%|▌         | 2917/50005 [1:17:59<18:39:49,  1.43s/it]  6%|▌         | 2918/50005 [1:18:00<18:38:36,  1.43s/it]  6%|▌         | 2919/50005 [1:18:02<18:38:09,  1.42s/it]  6%|▌         | 2920/50005 [1:18:03<18:39:34,  1.43s/it]  6%|▌         | 2921/50005 [1:18:05<18:41:21,  1.43s/it]  6%|▌         | 2922/50005 [1:18:06<18:39:35,  1.43s/it]  6%|▌         | 2923/50005 [1:18:08<18:41:45,  1.43s/it]  6%|▌         | 2924/50005 [1:18:09<18:42:25,  1.43s/it]  6%|▌         | 2925/50005 [1:18:10<18:42:34,  1.43s/it]  6%|▌         | 2926/50005 [1:18:12<18:42:50,  1.43s/it]  6%|▌         | 2927/50005 [1:18:13<18:41:15,  1.43s/it]  6%|▌         | 2928/50005 [1:18:15<18:40:07,  1.43s/it]  6%|▌         | 2929/50005 [1:18:16<18:41:53,  1.43s/it]  6%|▌         | 2930/50005 [1:18:18<18:42:31,  1.43s/it]  6%|▌         | 2931/50005 [1:18:19<18:43:43,  1.43s/it]  6%|▌         | 2932/50005 [1:18:20<18:43:37,  1.43s/it]  6%|▌         | 2933/50005 [1:18:22<18:45:01,  1.43s/it]  6%|▌         | 2934/50005 [1:18:23<18:44:39,  1.43s/it]  6%|▌         | 2935/50005 [1:18:25<18:42:22,  1.43s/it]  6%|▌         | 2936/50005 [1:18:26<18:40:15,  1.43s/it]  6%|▌         | 2937/50005 [1:18:28<18:42:06,  1.43s/it]  6%|▌         | 2938/50005 [1:18:29<18:42:43,  1.43s/it]  6%|▌         | 2939/50005 [1:18:30<18:43:38,  1.43s/it]  6%|▌         | 2940/50005 [1:18:32<18:43:15,  1.43s/it]  6%|▌         | 2941/50005 [1:18:33<18:42:19,  1.43s/it]  6%|▌         | 2942/50005 [1:18:35<18:39:59,  1.43s/it]  6%|▌         | 2943/50005 [1:18:36<18:41:32,  1.43s/it]  6%|▌         | 2944/50005 [1:18:38<18:40:37,  1.43s/it]  6%|▌         | 2945/50005 [1:18:39<18:39:56,  1.43s/it]  6%|▌         | 2946/50005 [1:18:40<18:41:11,  1.43s/it]  6%|▌         | 2947/50005 [1:18:42<18:41:41,  1.43s/it]  6%|▌         | 2948/50005 [1:18:43<18:41:58,  1.43s/it]  6%|▌         | 2949/50005 [1:18:45<18:41:55,  1.43s/it]  6%|▌         | 2950/50005 [1:18:46<18:40:25,  1.43s/it]  6%|▌         | 2951/50005 [1:18:48<18:41:51,  1.43s/it]  6%|▌         | 2952/50005 [1:18:49<18:40:19,  1.43s/it]  6%|▌         | 2953/50005 [1:18:50<18:42:02,  1.43s/it]  6%|▌         | 2954/50005 [1:18:52<18:39:18,  1.43s/it]  6%|▌         | 2955/50005 [1:18:53<18:41:03,  1.43s/it]  6%|▌         | 2956/50005 [1:18:55<18:41:36,  1.43s/it]  6%|▌         | 2957/50005 [1:18:56<18:42:24,  1.43s/it]  6%|▌         | 2958/50005 [1:18:58<18:40:32,  1.43s/it]  6%|▌         | 2959/50005 [1:18:59<18:41:04,  1.43s/it]  6%|▌         | 2960/50005 [1:19:00<18:41:58,  1.43s/it]  6%|▌         | 2961/50005 [1:19:02<18:40:32,  1.43s/it]  6%|▌         | 2962/50005 [1:19:03<18:41:02,  1.43s/it]  6%|▌         | 2963/50005 [1:19:05<18:39:58,  1.43s/it]  6%|▌         | 2964/50005 [1:19:06<18:40:36,  1.43s/it]  6%|▌         | 2965/50005 [1:19:08<18:40:12,  1.43s/it]  6%|▌         | 2966/50005 [1:19:09<18:39:39,  1.43s/it]  6%|▌         | 2967/50005 [1:19:10<18:40:11,  1.43s/it]  6%|▌         | 2968/50005 [1:19:12<18:40:48,  1.43s/it]  6%|▌         | 2969/50005 [1:19:13<18:42:28,  1.43s/it]  6%|▌         | 2970/50005 [1:19:15<18:42:45,  1.43s/it]  6%|▌         | 2971/50005 [1:19:16<18:44:32,  1.43s/it]  6%|▌         | 2972/50005 [1:19:18<18:42:55,  1.43s/it]  6%|▌         | 2973/50005 [1:19:19<18:42:46,  1.43s/it]  6%|▌         | 2974/50005 [1:19:20<18:41:44,  1.43s/it]  6%|▌         | 2975/50005 [1:19:22<18:41:02,  1.43s/it]  6%|▌         | 2976/50005 [1:19:23<18:41:22,  1.43s/it]  6%|▌         | 2977/50005 [1:19:25<18:40:11,  1.43s/it]  6%|▌         | 2978/50005 [1:19:26<18:40:56,  1.43s/it]  6%|▌         | 2979/50005 [1:19:28<18:42:21,  1.43s/it]  6%|▌         | 2980/50005 [1:19:29<18:42:35,  1.43s/it]  6%|▌         | 2981/50005 [1:19:30<18:40:51,  1.43s/it]  6%|▌         | 2982/50005 [1:19:32<18:39:52,  1.43s/it]  6%|▌         | 2983/50005 [1:19:33<18:40:58,  1.43s/it]  6%|▌         | 2984/50005 [1:19:35<18:41:44,  1.43s/it]  6%|▌         | 2985/50005 [1:19:36<18:42:19,  1.43s/it]  6%|▌         | 2986/50005 [1:19:38<18:40:18,  1.43s/it]  6%|▌         | 2987/50005 [1:19:39<18:39:38,  1.43s/it]  6%|▌         | 2988/50005 [1:19:40<18:40:01,  1.43s/it]  6%|▌         | 2989/50005 [1:19:42<18:41:16,  1.43s/it]  6%|▌         | 2990/50005 [1:19:43<18:41:41,  1.43s/it]  6%|▌         | 2991/50005 [1:19:45<18:42:04,  1.43s/it]  6%|▌         | 2992/50005 [1:19:46<18:42:23,  1.43s/it]  6%|▌         | 2993/50005 [1:19:48<18:40:25,  1.43s/it]  6%|▌         | 2994/50005 [1:19:49<18:41:37,  1.43s/it]  6%|▌         | 2995/50005 [1:19:51<18:41:36,  1.43s/it]  6%|▌         | 2996/50005 [1:19:52<18:40:29,  1.43s/it]  6%|▌         | 2997/50005 [1:19:53<18:39:53,  1.43s/it]  6%|▌         | 2998/50005 [1:19:55<18:41:02,  1.43s/it]  6%|▌         | 2999/50005 [1:19:56<18:39:53,  1.43s/it]  6%|▌         | 3000/50005 [1:19:58<18:39:54,  1.43s/it]  6%|▌         | 3001/50005 [1:19:59<18:40:17,  1.43s/it]  6%|▌         | 3002/50005 [1:20:01<18:39:11,  1.43s/it]  6%|▌         | 3003/50005 [1:20:02<18:40:11,  1.43s/it]  6%|▌         | 3004/50005 [1:20:03<18:40:15,  1.43s/it]  6%|▌         | 3005/50005 [1:20:05<18:38:07,  1.43s/it]  6%|▌         | 3006/50005 [1:20:06<18:39:31,  1.43s/it]  6%|▌         | 3007/50005 [1:20:08<18:40:44,  1.43s/it]  6%|▌         | 3008/50005 [1:20:09<18:41:18,  1.43s/it]  6%|▌         | 3009/50005 [1:20:11<18:41:17,  1.43s/it]  6%|▌         | 3010/50005 [1:20:12<18:42:24,  1.43s/it]  6%|▌         | 3011/50005 [1:20:13<18:42:16,  1.43s/it]  6%|▌         | 3012/50005 [1:20:15<18:41:06,  1.43s/it]  6%|▌         | 3013/50005 [1:20:16<18:41:14,  1.43s/it]  6%|▌         | 3014/50005 [1:20:18<18:39:15,  1.43s/it]  6%|▌         | 3015/50005 [1:20:19<18:39:53,  1.43s/it]  6%|▌         | 3016/50005 [1:20:21<18:40:11,  1.43s/it]  6%|▌         | 3017/50005 [1:20:22<18:41:20,  1.43s/it]  6%|▌         | 3018/50005 [1:20:23<18:41:13,  1.43s/it]  6%|▌         | 3019/50005 [1:20:25<18:42:13,  1.43s/it]  6%|▌         | 3020/50005 [1:20:26<18:40:20,  1.43s/it]  6%|▌         | 3021/50005 [1:20:28<18:40:56,  1.43s/it]  6%|▌         | 3022/50005 [1:20:29<18:38:29,  1.43s/it]  6%|▌         | 3023/50005 [1:20:31<18:37:22,  1.43s/it]  6%|▌         | 3024/50005 [1:20:32<18:38:45,  1.43s/it]  6%|▌         | 3025/50005 [1:20:33<18:40:54,  1.43s/it]  6%|▌         | 3026/50005 [1:20:35<18:38:52,  1.43s/it]  6%|▌         | 3027/50005 [1:20:36<18:41:08,  1.43s/it]  6%|▌         | 3028/50005 [1:20:38<18:40:27,  1.43s/it]  6%|▌         | 3029/50005 [1:20:39<18:39:47,  1.43s/it]  6%|▌         | 3030/50005 [1:20:41<18:37:41,  1.43s/it]  6%|▌         | 3031/50005 [1:20:42<18:37:16,  1.43s/it]  6%|▌         | 3032/50005 [1:20:43<18:36:46,  1.43s/it]  6%|▌         | 3033/50005 [1:20:45<18:36:41,  1.43s/it]  6%|▌         | 3034/50005 [1:20:46<18:38:11,  1.43s/it]  6%|▌         | 3035/50005 [1:20:48<18:39:48,  1.43s/it]  6%|▌         | 3036/50005 [1:20:49<18:39:14,  1.43s/it]  6%|▌         | 3037/50005 [1:20:51<18:39:09,  1.43s/it]  6%|▌         | 3038/50005 [1:20:52<18:38:06,  1.43s/it]  6%|▌         | 3039/50005 [1:20:53<18:40:07,  1.43s/it]  6%|▌         | 3040/50005 [1:20:55<18:40:26,  1.43s/it]  6%|▌         | 3041/50005 [1:20:56<18:40:38,  1.43s/it]  6%|▌         | 3042/50005 [1:20:58<18:38:37,  1.43s/it]  6%|▌         | 3043/50005 [1:20:59<18:39:26,  1.43s/it]  6%|▌         | 3044/50005 [1:21:01<18:40:02,  1.43s/it]  6%|▌         | 3045/50005 [1:21:02<18:38:34,  1.43s/it]  6%|▌         | 3046/50005 [1:21:03<18:37:43,  1.43s/it]  6%|▌         | 3047/50005 [1:21:05<18:38:43,  1.43s/it]  6%|▌         | 3048/50005 [1:21:06<18:39:36,  1.43s/it]  6%|▌         | 3049/50005 [1:21:08<18:40:32,  1.43s/it]  6%|▌         | 3050/50005 [1:21:09<18:40:28,  1.43s/it]  6%|▌         | 3051/50005 [1:21:11<18:38:06,  1.43s/it]  6%|▌         | 3052/50005 [1:21:12<18:37:17,  1.43s/it]  6%|▌         | 3053/50005 [1:21:13<18:38:28,  1.43s/it]  6%|▌         | 3054/50005 [1:21:15<18:39:25,  1.43s/it]  6%|▌         | 3055/50005 [1:21:16<18:37:57,  1.43s/it]  6%|▌         | 3056/50005 [1:21:18<18:38:57,  1.43s/it]  6%|▌         | 3057/50005 [1:21:19<18:39:51,  1.43s/it]  6%|▌         | 3058/50005 [1:21:21<18:40:39,  1.43s/it]  6%|▌         | 3059/50005 [1:21:22<18:40:46,  1.43s/it]  6%|▌         | 3060/50005 [1:21:23<18:40:55,  1.43s/it]  6%|▌         | 3061/50005 [1:21:25<18:40:53,  1.43s/it]  6%|▌         | 3062/50005 [1:21:26<18:41:15,  1.43s/it]  6%|▌         | 3063/50005 [1:21:28<18:39:04,  1.43s/it]  6%|▌         | 3064/50005 [1:21:29<18:39:44,  1.43s/it]  6%|▌         | 3065/50005 [1:21:31<18:39:57,  1.43s/it]  6%|▌         | 3066/50005 [1:21:32<18:38:33,  1.43s/it]  6%|▌         | 3067/50005 [1:21:33<18:39:48,  1.43s/it]  6%|▌         | 3068/50005 [1:21:35<18:40:18,  1.43s/it]  6%|▌         | 3069/50005 [1:21:36<18:40:11,  1.43s/it]  6%|▌         | 3070/50005 [1:21:38<18:39:58,  1.43s/it]  6%|▌         | 3071/50005 [1:21:39<18:37:51,  1.43s/it]  6%|▌         | 3072/50005 [1:21:41<18:39:43,  1.43s/it]  6%|▌         | 3073/50005 [1:21:42<18:39:08,  1.43s/it]  6%|▌         | 3074/50005 [1:21:43<18:39:34,  1.43s/it]  6%|▌         | 3075/50005 [1:21:45<18:40:05,  1.43s/it]  6%|▌         | 3076/50005 [1:21:46<18:39:53,  1.43s/it]  6%|▌         | 3077/50005 [1:21:48<18:38:20,  1.43s/it]  6%|▌         | 3078/50005 [1:21:49<18:36:59,  1.43s/it]  6%|▌         | 3079/50005 [1:21:51<18:35:38,  1.43s/it]  6%|▌         | 3080/50005 [1:21:52<18:37:04,  1.43s/it]  6%|▌         | 3081/50005 [1:21:53<18:35:22,  1.43s/it]  6%|▌         | 3082/50005 [1:21:55<18:35:26,  1.43s/it]  6%|▌         | 3083/50005 [1:21:56<18:35:06,  1.43s/it]  6%|▌         | 3084/50005 [1:21:58<18:36:42,  1.43s/it]  6%|▌         | 3085/50005 [1:21:59<18:37:56,  1.43s/it]  6%|▌         | 3086/50005 [1:22:01<18:38:48,  1.43s/it]  6%|▌         | 3087/50005 [1:22:02<18:38:20,  1.43s/it]  6%|▌         | 3088/50005 [1:22:03<18:36:58,  1.43s/it]  6%|▌         | 3089/50005 [1:22:05<18:38:14,  1.43s/it]  6%|▌         | 3090/50005 [1:22:06<18:38:13,  1.43s/it]  6%|▌         | 3091/50005 [1:22:08<18:37:34,  1.43s/it]  6%|▌         | 3092/50005 [1:22:09<18:38:10,  1.43s/it]  6%|▌         | 3093/50005 [1:22:11<18:38:53,  1.43s/it]  6%|▌         | 3094/50005 [1:22:12<18:37:40,  1.43s/it]  6%|▌         | 3095/50005 [1:22:14<18:38:39,  1.43s/it]  6%|▌         | 3096/50005 [1:22:15<18:39:17,  1.43s/it]  6%|▌         | 3097/50005 [1:22:16<18:37:28,  1.43s/it]  6%|▌         | 3098/50005 [1:22:18<18:38:10,  1.43s/it]  6%|▌         | 3099/50005 [1:22:19<18:37:39,  1.43s/it]  6%|▌         | 3100/50005 [1:22:21<18:36:47,  1.43s/it]  6%|▌         | 3101/50005 [1:22:22<18:37:17,  1.43s/it]  6%|▌         | 3102/50005 [1:22:24<18:38:23,  1.43s/it]  6%|▌         | 3103/50005 [1:22:25<18:36:47,  1.43s/it]  6%|▌         | 3104/50005 [1:22:26<18:37:22,  1.43s/it]  6%|▌         | 3105/50005 [1:22:28<18:37:34,  1.43s/it]  6%|▌         | 3106/50005 [1:22:29<18:36:04,  1.43s/it]  6%|▌         | 3107/50005 [1:22:31<18:35:44,  1.43s/it]  6%|▌         | 3108/50005 [1:22:32<18:34:57,  1.43s/it]  6%|▌         | 3109/50005 [1:22:34<18:36:19,  1.43s/it]  6%|▌         | 3110/50005 [1:22:35<18:35:23,  1.43s/it]  6%|▌         | 3111/50005 [1:22:36<18:37:02,  1.43s/it]  6%|▌         | 3112/50005 [1:22:38<18:35:42,  1.43s/it]  6%|▌         | 3113/50005 [1:22:39<18:36:50,  1.43s/it]  6%|▌         | 3114/50005 [1:22:41<18:37:01,  1.43s/it]  6%|▌         | 3115/50005 [1:22:42<18:35:18,  1.43s/it]  6%|▌         | 3116/50005 [1:22:43<18:33:49,  1.43s/it]  6%|▌         | 3117/50005 [1:22:45<18:36:03,  1.43s/it]  6%|▌         | 3118/50005 [1:22:46<18:37:23,  1.43s/it]  6%|▌         | 3119/50005 [1:22:48<18:38:07,  1.43s/it]  6%|▌         | 3120/50005 [1:22:49<18:36:27,  1.43s/it]  6%|▌         | 3121/50005 [1:22:51<18:37:05,  1.43s/it]  6%|▌         | 3122/50005 [1:22:52<18:35:43,  1.43s/it]  6%|▌         | 3123/50005 [1:22:54<18:37:14,  1.43s/it]  6%|▌         | 3124/50005 [1:22:55<18:38:05,  1.43s/it]  6%|▌         | 3125/50005 [1:22:56<18:34:44,  1.43s/it]  6%|▋         | 3126/50005 [1:22:58<18:36:11,  1.43s/it]  6%|▋         | 3127/50005 [1:22:59<18:35:25,  1.43s/it]  6%|▋         | 3128/50005 [1:23:01<18:34:00,  1.43s/it]  6%|▋         | 3129/50005 [1:23:02<18:33:17,  1.42s/it]  6%|▋         | 3130/50005 [1:23:03<18:33:02,  1.42s/it]  6%|▋         | 3131/50005 [1:23:05<18:34:39,  1.43s/it]  6%|▋         | 3132/50005 [1:23:06<18:36:21,  1.43s/it]  6%|▋         | 3133/50005 [1:23:08<18:34:49,  1.43s/it]  6%|▋         | 3134/50005 [1:23:09<18:35:59,  1.43s/it]  6%|▋         | 3135/50005 [1:23:11<18:36:45,  1.43s/it]  6%|▋         | 3136/50005 [1:23:12<18:37:38,  1.43s/it]  6%|▋         | 3137/50005 [1:23:14<18:36:53,  1.43s/it]  6%|▋         | 3138/50005 [1:23:15<18:35:38,  1.43s/it]  6%|▋         | 3139/50005 [1:23:16<18:35:02,  1.43s/it]  6%|▋         | 3140/50005 [1:23:18<18:33:44,  1.43s/it]  6%|▋         | 3141/50005 [1:23:19<18:34:10,  1.43s/it]  6%|▋         | 3142/50005 [1:23:21<18:35:30,  1.43s/it]  6%|▋         | 3143/50005 [1:23:22<18:36:15,  1.43s/it]  6%|▋         | 3144/50005 [1:23:24<18:37:05,  1.43s/it]  6%|▋         | 3145/50005 [1:23:25<18:37:49,  1.43s/it]  6%|▋         | 3146/50005 [1:23:26<18:38:09,  1.43s/it]  6%|▋         | 3147/50005 [1:23:28<18:38:26,  1.43s/it]  6%|▋         | 3148/50005 [1:23:29<18:38:58,  1.43s/it]  6%|▋         | 3149/50005 [1:23:31<18:39:04,  1.43s/it]  6%|▋         | 3150/50005 [1:23:32<18:38:55,  1.43s/it]  6%|▋         | 3151/50005 [1:23:34<18:35:59,  1.43s/it]  6%|▋         | 3152/50005 [1:23:35<18:36:53,  1.43s/it]  6%|▋         | 3153/50005 [1:23:36<18:35:15,  1.43s/it]  6%|▋         | 3154/50005 [1:23:38<18:36:21,  1.43s/it]  6%|▋         | 3155/50005 [1:23:39<18:35:48,  1.43s/it]  6%|▋         | 3156/50005 [1:23:41<18:36:55,  1.43s/it]  6%|▋         | 3157/50005 [1:23:42<18:37:17,  1.43s/it]  6%|▋         | 3158/50005 [1:23:44<18:38:21,  1.43s/it]  6%|▋         | 3159/50005 [1:23:45<18:36:34,  1.43s/it]  6%|▋         | 3160/50005 [1:23:46<18:36:54,  1.43s/it]  6%|▋         | 3161/50005 [1:23:48<18:37:02,  1.43s/it]  6%|▋         | 3162/50005 [1:23:49<18:35:48,  1.43s/it]  6%|▋         | 3163/50005 [1:23:51<18:36:48,  1.43s/it]  6%|▋         | 3164/50005 [1:23:52<18:37:48,  1.43s/it]  6%|▋         | 3165/50005 [1:23:54<18:37:36,  1.43s/it]  6%|▋         | 3166/50005 [1:23:55<18:36:16,  1.43s/it]  6%|▋         | 3167/50005 [1:23:56<18:34:24,  1.43s/it]  6%|▋         | 3168/50005 [1:23:58<18:36:04,  1.43s/it]  6%|▋         | 3169/50005 [1:23:59<18:36:26,  1.43s/it]  6%|▋         | 3170/50005 [1:24:01<18:34:27,  1.43s/it]  6%|▋         | 3171/50005 [1:24:02<18:33:14,  1.43s/it]  6%|▋         | 3172/50005 [1:24:04<18:32:22,  1.43s/it]  6%|▋         | 3173/50005 [1:24:05<18:32:06,  1.42s/it]  6%|▋         | 3174/50005 [1:24:06<18:32:45,  1.43s/it]  6%|▋         | 3175/50005 [1:24:08<18:34:14,  1.43s/it]  6%|▋         | 3176/50005 [1:24:09<18:33:40,  1.43s/it]  6%|▋         | 3177/50005 [1:24:11<18:35:26,  1.43s/it]  6%|▋         | 3178/50005 [1:24:12<18:37:19,  1.43s/it]  6%|▋         | 3179/50005 [1:24:14<18:37:17,  1.43s/it]  6%|▋         | 3180/50005 [1:24:15<18:35:24,  1.43s/it]  6%|▋         | 3181/50005 [1:24:16<18:35:55,  1.43s/it]  6%|▋         | 3182/50005 [1:24:18<18:36:17,  1.43s/it]  6%|▋         | 3183/50005 [1:24:19<18:34:37,  1.43s/it]  6%|▋         | 3184/50005 [1:24:22<24:15:21,  1.86s/it]  6%|▋         | 3185/50005 [1:24:24<22:33:51,  1.73s/it]  6%|▋         | 3186/50005 [1:24:25<21:21:37,  1.64s/it]  6%|▋         | 3187/50005 [1:24:26<20:30:59,  1.58s/it]  6%|▋         | 3188/50005 [1:24:28<19:55:20,  1.53s/it]  6%|▋         | 3189/50005 [1:24:29<19:29:55,  1.50s/it]  6%|▋         | 3190/50005 [1:24:31<19:12:11,  1.48s/it]  6%|▋         | 3191/50005 [1:24:32<19:00:04,  1.46s/it]  6%|▋         | 3192/50005 [1:24:34<18:51:58,  1.45s/it]  6%|▋         | 3193/50005 [1:24:35<18:47:38,  1.45s/it]  6%|▋         | 3194/50005 [1:24:36<18:44:37,  1.44s/it]  6%|▋         | 3195/50005 [1:24:38<18:40:07,  1.44s/it]  6%|▋         | 3196/50005 [1:24:39<18:40:26,  1.44s/it]  6%|▋         | 3197/50005 [1:24:41<18:39:45,  1.44s/it]  6%|▋         | 3198/50005 [1:24:42<18:39:30,  1.44s/it]  6%|▋         | 3199/50005 [1:24:44<18:36:56,  1.43s/it]  6%|▋         | 3200/50005 [1:24:45<18:35:59,  1.43s/it]  6%|▋         | 3201/50005 [1:24:46<18:34:19,  1.43s/it]
Validation:   0%|          | 0/100 [00:00<?, ?it/s][A
Validation:   1%|          | 1/100 [00:01<01:39,  1.01s/it][A
Validation:   2%|▏         | 2/100 [00:01<01:15,  1.29it/s][A
Validation:   3%|▎         | 3/100 [00:02<01:07,  1.43it/s][A
Validation:   4%|▍         | 4/100 [00:02<01:04,  1.50it/s][A
Validation:   5%|▌         | 5/100 [00:03<01:01,  1.54it/s][A
Validation:   6%|▌         | 6/100 [00:04<00:59,  1.57it/s][A
Validation:   7%|▋         | 7/100 [00:04<00:58,  1.59it/s][A
Validation:   8%|▊         | 8/100 [00:05<00:57,  1.60it/s][A
Validation:   9%|▉         | 9/100 [00:05<00:56,  1.61it/s][A
Validation:  10%|█         | 10/100 [00:06<00:55,  1.62it/s][A
Validation:  11%|█         | 11/100 [00:07<00:55,  1.62it/s][A
Validation:  12%|█▏        | 12/100 [00:07<00:54,  1.62it/s][A
Validation:  13%|█▎        | 13/100 [00:08<00:53,  1.62it/s][A
Validation:  14%|█▍        | 14/100 [00:08<00:52,  1.63it/s][A
Validation:  15%|█▌        | 15/100 [00:09<00:52,  1.63it/s][A
Validation:  16%|█▌        | 16/100 [00:10<00:51,  1.63it/s][A
Validation:  17%|█▋        | 17/100 [00:10<00:50,  1.63it/s][A
Validation:  18%|█▊        | 18/100 [00:11<00:50,  1.63it/s][A
Validation:  19%|█▉        | 19/100 [00:12<00:49,  1.63it/s][A
Validation:  20%|██        | 20/100 [00:12<00:49,  1.62it/s][A
Validation:  21%|██        | 21/100 [00:13<00:48,  1.63it/s][A
Validation:  22%|██▏       | 22/100 [00:13<00:47,  1.63it/s][A
Validation:  23%|██▎       | 23/100 [00:14<00:47,  1.63it/s][A
Validation:  24%|██▍       | 24/100 [00:15<00:46,  1.63it/s][A
Validation:  25%|██▌       | 25/100 [00:15<00:46,  1.63it/s][A
Validation:  26%|██▌       | 26/100 [00:16<00:45,  1.63it/s][A
Validation:  27%|██▋       | 27/100 [00:16<00:44,  1.63it/s][A
Validation:  28%|██▊       | 28/100 [00:17<00:44,  1.63it/s][A
Validation:  29%|██▉       | 29/100 [00:18<00:43,  1.63it/s][A
Validation:  30%|███       | 30/100 [00:18<00:43,  1.62it/s][A
Validation:  31%|███       | 31/100 [00:19<00:42,  1.62it/s][A
Validation:  32%|███▏      | 32/100 [00:20<00:41,  1.62it/s][A
Validation:  33%|███▎      | 33/100 [00:20<00:41,  1.63it/s][A
Validation:  34%|███▍      | 34/100 [00:21<00:40,  1.63it/s][A
Validation:  35%|███▌      | 35/100 [00:21<00:39,  1.63it/s][A
Validation:  36%|███▌      | 36/100 [00:22<00:39,  1.63it/s][A
Validation:  37%|███▋      | 37/100 [00:23<00:38,  1.63it/s][A
Validation:  38%|███▊      | 38/100 [00:23<00:38,  1.63it/s][A
Validation:  39%|███▉      | 39/100 [00:24<00:37,  1.63it/s][A
Validation:  40%|████      | 40/100 [00:24<00:36,  1.63it/s][A
Validation:  41%|████      | 41/100 [00:25<00:36,  1.62it/s][A
Validation:  42%|████▏     | 42/100 [00:26<00:35,  1.63it/s][A
Validation:  43%|████▎     | 43/100 [00:26<00:35,  1.63it/s][A
Validation:  44%|████▍     | 44/100 [00:27<00:34,  1.62it/s][A
Validation:  45%|████▌     | 45/100 [00:28<00:33,  1.63it/s][A
Validation:  46%|████▌     | 46/100 [00:28<00:33,  1.63it/s][A
Validation:  47%|████▋     | 47/100 [00:29<00:32,  1.63it/s][A
Validation:  48%|████▊     | 48/100 [00:29<00:31,  1.63it/s][A
Validation:  49%|████▉     | 49/100 [00:30<00:31,  1.63it/s][A
Validation:  50%|█████     | 50/100 [00:31<00:30,  1.63it/s][A
Validation:  51%|█████     | 51/100 [00:31<00:30,  1.63it/s][A
Validation:  52%|█████▏    | 52/100 [00:32<00:29,  1.63it/s][A
Validation:  53%|█████▎    | 53/100 [00:32<00:28,  1.62it/s][A
Validation:  54%|█████▍    | 54/100 [00:33<00:28,  1.63it/s][A
Validation:  55%|█████▌    | 55/100 [00:34<00:27,  1.63it/s][A
Validation:  56%|█████▌    | 56/100 [00:34<00:27,  1.63it/s][A
Validation:  57%|█████▋    | 57/100 [00:35<00:26,  1.63it/s][A
Validation:  58%|█████▊    | 58/100 [00:36<00:25,  1.63it/s][A
Validation:  59%|█████▉    | 59/100 [00:36<00:25,  1.63it/s][A
Validation:  60%|██████    | 60/100 [00:37<00:24,  1.63it/s][A
Validation:  61%|██████    | 61/100 [00:37<00:23,  1.63it/s][A
Validation:  62%|██████▏   | 62/100 [00:38<00:23,  1.62it/s][A
Validation:  63%|██████▎   | 63/100 [00:39<00:22,  1.63it/s][A
Validation:  64%|██████▍   | 64/100 [00:39<00:22,  1.63it/s][A
Validation:  65%|██████▌   | 65/100 [00:40<00:21,  1.63it/s][A
Validation:  66%|██████▌   | 66/100 [00:40<00:20,  1.63it/s][A
Validation:  67%|██████▋   | 67/100 [00:41<00:20,  1.63it/s][A
Validation:  68%|██████▊   | 68/100 [00:42<00:19,  1.63it/s][A
Validation:  69%|██████▉   | 69/100 [00:42<00:19,  1.63it/s][A
Validation:  70%|███████   | 70/100 [00:43<00:18,  1.63it/s][A
Validation:  71%|███████   | 71/100 [00:44<00:17,  1.62it/s][A
Validation:  72%|███████▏  | 72/100 [00:44<00:17,  1.63it/s][A
Validation:  73%|███████▎  | 73/100 [00:45<00:16,  1.63it/s][A
Validation:  74%|███████▍  | 74/100 [00:45<00:15,  1.63it/s][A
Validation:  75%|███████▌  | 75/100 [00:46<00:15,  1.63it/s][A
Validation:  76%|███████▌  | 76/100 [00:47<00:14,  1.63it/s][A
Validation:  77%|███████▋  | 77/100 [00:47<00:14,  1.63it/s][A
Validation:  78%|███████▊  | 78/100 [00:48<00:13,  1.63it/s][A
Validation:  79%|███████▉  | 79/100 [00:48<00:12,  1.63it/s][A
Validation:  80%|████████  | 80/100 [00:49<00:12,  1.63it/s][A
Validation:  81%|████████  | 81/100 [00:50<00:11,  1.63it/s][A
Validation:  82%|████████▏ | 82/100 [00:50<00:11,  1.63it/s][A
Validation:  83%|████████▎ | 83/100 [00:51<00:10,  1.62it/s][A
Validation:  84%|████████▍ | 84/100 [00:52<00:09,  1.63it/s][A
Validation:  85%|████████▌ | 85/100 [00:52<00:09,  1.63it/s][A
Validation:  86%|████████▌ | 86/100 [00:53<00:08,  1.62it/s][A
Validation:  87%|████████▋ | 87/100 [00:53<00:08,  1.62it/s][A
Validation:  88%|████████▊ | 88/100 [00:54<00:07,  1.63it/s][A
Validation:  89%|████████▉ | 89/100 [00:55<00:06,  1.63it/s][A
Validation:  90%|█████████ | 90/100 [00:55<00:06,  1.63it/s][A
Validation:  91%|█████████ | 91/100 [00:56<00:05,  1.63it/s][A
Validation:  92%|█████████▏| 92/100 [00:56<00:04,  1.63it/s][A
Validation:  93%|█████████▎| 93/100 [00:57<00:04,  1.63it/s][A
Validation:  94%|█████████▍| 94/100 [00:58<00:03,  1.63it/s][A
Validation:  95%|█████████▌| 95/100 [00:58<00:03,  1.62it/s][A
Validation:  96%|█████████▌| 96/100 [00:59<00:02,  1.63it/s][A
Validation:  97%|█████████▋| 97/100 [01:00<00:01,  1.63it/s][A
Validation:  98%|█████████▊| 98/100 [01:00<00:01,  1.63it/s][A
Validation:  99%|█████████▉| 99/100 [01:01<00:00,  1.62it/s][A
Validation: 100%|██████████| 100/100 [01:01<00:00,  1.62it/s][A
                                                             [A  6%|▋         | 3202/50005 [1:25:50<260:16:52, 20.02s/it]  6%|▋         | 3203/50005 [1:25:51<187:44:07, 14.44s/it]  6%|▋         | 3204/50005 [1:25:53<136:59:56, 10.54s/it]  6%|▋         | 3205/50005 [1:25:54<101:28:55,  7.81s/it]  6%|▋         | 3206/50005 [1:25:56<76:37:48,  5.89s/it]   6%|▋         | 3207/50005 [1:25:57<59:10:31,  4.55s/it]  6%|▋         | 3208/50005 [1:25:58<46:58:26,  3.61s/it]  6%|▋         | 3209/50005 [1:26:00<38:27:54,  2.96s/it]  6%|▋         | 3210/50005 [1:26:01<32:31:20,  2.50s/it]  6%|▋         | 3211/50005 [1:26:03<28:21:41,  2.18s/it]  6%|▋         | 3212/50005 [1:26:04<25:26:22,  1.96s/it]  6%|▋         | 3213/50005 [1:26:06<23:24:53,  1.80s/it]  6%|▋         | 3214/50005 [1:26:07<21:58:54,  1.69s/it]  6%|▋         | 3215/50005 [1:26:08<20:56:27,  1.61s/it]  6%|▋         | 3216/50005 [1:26:10<20:11:52,  1.55s/it]  6%|▋         | 3217/50005 [1:26:11<19:43:24,  1.52s/it]  6%|▋         | 3218/50005 [1:26:13<19:21:53,  1.49s/it]  6%|▋         | 3219/50005 [1:26:14<19:08:24,  1.47s/it]  6%|▋         | 3220/50005 [1:26:16<18:59:02,  1.46s/it]  6%|▋         | 3221/50005 [1:26:17<18:51:02,  1.45s/it]  6%|▋         | 3222/50005 [1:26:18<18:46:32,  1.44s/it]  6%|▋         | 3223/50005 [1:26:20<18:43:30,  1.44s/it]  6%|▋         | 3224/50005 [1:26:21<18:39:53,  1.44s/it]  6%|▋         | 3225/50005 [1:26:23<18:37:16,  1.43s/it]  6%|▋         | 3226/50005 [1:26:24<18:36:55,  1.43s/it]  6%|▋         | 3227/50005 [1:26:26<18:36:39,  1.43s/it]  6%|▋         | 3228/50005 [1:26:27<18:36:31,  1.43s/it]  6%|▋         | 3229/50005 [1:26:28<18:36:38,  1.43s/it]  6%|▋         | 3230/50005 [1:26:30<18:35:00,  1.43s/it]  6%|▋         | 3231/50005 [1:26:31<18:33:15,  1.43s/it]  6%|▋         | 3232/50005 [1:26:33<18:34:41,  1.43s/it]  6%|▋         | 3233/50005 [1:26:34<18:35:34,  1.43s/it]  6%|▋         | 3234/50005 [1:26:36<18:36:34,  1.43s/it]  6%|▋         | 3235/50005 [1:26:37<18:36:52,  1.43s/it]  6%|▋         | 3236/50005 [1:26:38<18:37:08,  1.43s/it]  6%|▋         | 3237/50005 [1:26:40<18:35:26,  1.43s/it]  6%|▋         | 3238/50005 [1:26:41<18:36:01,  1.43s/it]  6%|▋         | 3239/50005 [1:26:43<18:34:43,  1.43s/it]  6%|▋         | 3240/50005 [1:26:44<18:33:09,  1.43s/it]  6%|▋         | 3241/50005 [1:26:46<18:33:52,  1.43s/it]  6%|▋         | 3242/50005 [1:26:47<18:34:27,  1.43s/it]  6%|▋         | 3243/50005 [1:26:48<18:34:47,  1.43s/it]  6%|▋         | 3244/50005 [1:26:50<18:33:40,  1.43s/it]  6%|▋         | 3245/50005 [1:26:51<18:34:14,  1.43s/it]  6%|▋         | 3246/50005 [1:26:53<18:33:07,  1.43s/it]  6%|▋         | 3247/50005 [1:26:54<18:34:17,  1.43s/it]  6%|▋         | 3248/50005 [1:26:56<18:34:46,  1.43s/it]  6%|▋         | 3249/50005 [1:26:57<18:32:53,  1.43s/it]  6%|▋         | 3250/50005 [1:26:58<18:32:28,  1.43s/it]  7%|▋         | 3251/50005 [1:27:00<18:33:09,  1.43s/it]  7%|▋         | 3252/50005 [1:27:01<18:33:00,  1.43s/it]  7%|▋         | 3253/50005 [1:27:03<18:33:57,  1.43s/it]  7%|▋         | 3254/50005 [1:27:04<18:34:37,  1.43s/it]  7%|▋         | 3255/50005 [1:27:06<18:35:19,  1.43s/it]  7%|▋         | 3256/50005 [1:27:07<18:35:20,  1.43s/it]  7%|▋         | 3257/50005 [1:27:08<18:33:33,  1.43s/it]  7%|▋         | 3258/50005 [1:27:10<18:33:15,  1.43s/it]  7%|▋         | 3259/50005 [1:27:11<18:32:21,  1.43s/it]  7%|▋         | 3260/50005 [1:27:13<18:34:39,  1.43s/it]  7%|▋         | 3261/50005 [1:27:14<18:35:29,  1.43s/it]  7%|▋         | 3262/50005 [1:27:16<18:33:50,  1.43s/it]  7%|▋         | 3263/50005 [1:27:17<18:34:26,  1.43s/it]  7%|▋         | 3264/50005 [1:27:18<18:34:48,  1.43s/it]  7%|▋         | 3265/50005 [1:27:20<18:35:23,  1.43s/it]  7%|▋         | 3266/50005 [1:27:21<18:31:05,  1.43s/it]  7%|▋         | 3267/50005 [1:27:23<18:32:59,  1.43s/it]  7%|▋         | 3268/50005 [1:27:24<18:34:19,  1.43s/it]  7%|▋         | 3269/50005 [1:27:26<18:35:11,  1.43s/it]  7%|▋         | 3270/50005 [1:27:27<18:33:06,  1.43s/it]  7%|▋         | 3271/50005 [1:27:28<18:34:04,  1.43s/it]  7%|▋         | 3272/50005 [1:27:30<18:35:15,  1.43s/it]  7%|▋         | 3273/50005 [1:27:31<18:35:23,  1.43s/it]  7%|▋         | 3274/50005 [1:27:33<18:35:54,  1.43s/it]  7%|▋         | 3275/50005 [1:27:34<18:35:04,  1.43s/it]  7%|▋         | 3276/50005 [1:27:36<18:34:00,  1.43s/it]  7%|▋         | 3277/50005 [1:27:37<18:32:37,  1.43s/it]  7%|▋         | 3278/50005 [1:27:38<18:31:31,  1.43s/it]  7%|▋         | 3279/50005 [1:27:40<18:31:16,  1.43s/it]  7%|▋         | 3280/50005 [1:27:41<18:32:23,  1.43s/it]  7%|▋         | 3281/50005 [1:27:43<18:32:38,  1.43s/it]  7%|▋         | 3282/50005 [1:27:44<18:33:23,  1.43s/it]  7%|▋         | 3283/50005 [1:27:46<18:34:16,  1.43s/it]  7%|▋         | 3284/50005 [1:27:47<18:32:55,  1.43s/it]  7%|▋         | 3285/50005 [1:27:49<18:34:18,  1.43s/it]  7%|▋         | 3286/50005 [1:27:50<18:34:32,  1.43s/it]  7%|▋         | 3287/50005 [1:27:51<18:36:12,  1.43s/it]  7%|▋         | 3288/50005 [1:27:53<18:33:46,  1.43s/it]  7%|▋         | 3289/50005 [1:27:54<18:34:52,  1.43s/it]  7%|▋         | 3290/50005 [1:27:56<18:34:59,  1.43s/it]  7%|▋         | 3291/50005 [1:27:57<18:35:21,  1.43s/it]  7%|▋         | 3292/50005 [1:27:59<18:35:14,  1.43s/it]  7%|▋         | 3293/50005 [1:28:00<18:36:16,  1.43s/it]  7%|▋         | 3294/50005 [1:28:01<18:33:48,  1.43s/it]  7%|▋         | 3295/50005 [1:28:03<18:33:47,  1.43s/it]  7%|▋         | 3296/50005 [1:28:04<18:32:36,  1.43s/it]  7%|▋         | 3297/50005 [1:28:06<18:33:05,  1.43s/it]  7%|▋         | 3298/50005 [1:28:07<18:31:27,  1.43s/it]  7%|▋         | 3299/50005 [1:28:09<18:33:19,  1.43s/it]  7%|▋         | 3300/50005 [1:28:10<18:33:34,  1.43s/it]  7%|▋         | 3301/50005 [1:28:11<18:34:39,  1.43s/it]  7%|▋         | 3302/50005 [1:28:13<18:33:24,  1.43s/it]  7%|▋         | 3303/50005 [1:28:14<18:31:41,  1.43s/it]  7%|▋         | 3304/50005 [1:28:16<18:30:48,  1.43s/it]  7%|▋         | 3305/50005 [1:28:17<18:30:05,  1.43s/it]  7%|▋         | 3306/50005 [1:28:19<18:31:49,  1.43s/it]  7%|▋         | 3307/50005 [1:28:20<18:30:51,  1.43s/it]  7%|▋         | 3308/50005 [1:28:21<18:32:07,  1.43s/it]  7%|▋         | 3309/50005 [1:28:23<18:30:09,  1.43s/it]  7%|▋         | 3310/50005 [1:28:24<18:31:43,  1.43s/it]  7%|▋         | 3311/50005 [1:28:26<18:30:59,  1.43s/it]  7%|▋         | 3312/50005 [1:28:27<18:30:27,  1.43s/it]  7%|▋         | 3313/50005 [1:28:29<18:32:45,  1.43s/it]  7%|▋         | 3314/50005 [1:28:30<18:33:08,  1.43s/it]  7%|▋         | 3315/50005 [1:28:31<18:33:43,  1.43s/it]  7%|▋         | 3316/50005 [1:28:33<18:32:30,  1.43s/it]  7%|▋         | 3317/50005 [1:28:34<18:31:23,  1.43s/it]  7%|▋         | 3318/50005 [1:28:36<18:32:05,  1.43s/it]  7%|▋         | 3319/50005 [1:28:37<18:31:23,  1.43s/it]  7%|▋         | 3320/50005 [1:28:39<18:32:41,  1.43s/it]  7%|▋         | 3321/50005 [1:28:40<18:34:06,  1.43s/it]  7%|▋         | 3322/50005 [1:28:41<18:32:03,  1.43s/it]  7%|▋         | 3323/50005 [1:28:43<18:31:27,  1.43s/it]  7%|▋         | 3324/50005 [1:28:44<18:30:05,  1.43s/it]  7%|▋         | 3325/50005 [1:28:46<18:32:34,  1.43s/it]  7%|▋         | 3326/50005 [1:28:47<18:32:49,  1.43s/it]  7%|▋         | 3327/50005 [1:28:49<18:34:21,  1.43s/it]  7%|▋         | 3328/50005 [1:28:50<18:32:17,  1.43s/it]  7%|▋         | 3329/50005 [1:28:51<18:33:13,  1.43s/it]  7%|▋         | 3330/50005 [1:28:53<18:31:20,  1.43s/it]  7%|▋         | 3331/50005 [1:28:54<18:32:20,  1.43s/it]  7%|▋         | 3332/50005 [1:28:56<18:32:54,  1.43s/it]  7%|▋         | 3333/50005 [1:28:57<18:32:11,  1.43s/it]  7%|▋         | 3334/50005 [1:28:59<18:30:42,  1.43s/it]  7%|▋         | 3335/50005 [1:29:00<18:31:51,  1.43s/it]  7%|▋         | 3336/50005 [1:29:01<18:32:44,  1.43s/it]  7%|▋         | 3337/50005 [1:29:03<18:33:23,  1.43s/it]  7%|▋         | 3338/50005 [1:29:04<18:33:48,  1.43s/it]  7%|▋         | 3339/50005 [1:29:06<18:35:30,  1.43s/it]  7%|▋         | 3340/50005 [1:29:07<18:35:12,  1.43s/it]  7%|▋         | 3341/50005 [1:29:09<18:35:41,  1.43s/it]  7%|▋         | 3342/50005 [1:29:10<18:33:11,  1.43s/it]  7%|▋         | 3343/50005 [1:29:11<18:34:09,  1.43s/it]  7%|▋         | 3344/50005 [1:29:13<18:33:57,  1.43s/it]  7%|▋         | 3345/50005 [1:29:14<18:33:54,  1.43s/it]  7%|▋         | 3346/50005 [1:29:16<18:32:34,  1.43s/it]  7%|▋         | 3347/50005 [1:29:17<18:33:57,  1.43s/it]  7%|▋         | 3348/50005 [1:29:19<18:31:25,  1.43s/it]  7%|▋         | 3349/50005 [1:29:20<18:31:08,  1.43s/it]  7%|▋         | 3350/50005 [1:29:21<18:31:48,  1.43s/it]  7%|▋         | 3351/50005 [1:29:23<18:32:54,  1.43s/it]  7%|▋         | 3352/50005 [1:29:24<18:31:14,  1.43s/it]  7%|▋         | 3353/50005 [1:29:26<18:32:03,  1.43s/it]  7%|▋         | 3354/50005 [1:29:27<18:29:51,  1.43s/it]  7%|▋         | 3355/50005 [1:29:29<18:31:09,  1.43s/it]  7%|▋         | 3356/50005 [1:29:30<18:32:03,  1.43s/it]  7%|▋         | 3357/50005 [1:29:31<18:32:21,  1.43s/it]  7%|▋         | 3358/50005 [1:29:33<18:33:07,  1.43s/it]  7%|▋         | 3359/50005 [1:29:34<18:32:48,  1.43s/it]  7%|▋         | 3360/50005 [1:29:36<18:33:09,  1.43s/it]  7%|▋         | 3361/50005 [1:29:37<18:34:23,  1.43s/it]  7%|▋         | 3362/50005 [1:29:39<18:31:16,  1.43s/it]  7%|▋         | 3363/50005 [1:29:40<18:33:02,  1.43s/it]  7%|▋         | 3364/50005 [1:29:42<18:33:03,  1.43s/it]  7%|▋         | 3365/50005 [1:29:43<18:31:31,  1.43s/it]  7%|▋         | 3366/50005 [1:29:44<18:31:53,  1.43s/it]  7%|▋         | 3367/50005 [1:29:46<18:30:59,  1.43s/it]  7%|▋         | 3368/50005 [1:29:47<18:29:10,  1.43s/it]  7%|▋         | 3369/50005 [1:29:49<18:28:34,  1.43s/it]  7%|▋         | 3370/50005 [1:29:50<18:30:09,  1.43s/it]  7%|▋         | 3371/50005 [1:29:51<18:28:47,  1.43s/it]  7%|▋         | 3372/50005 [1:29:53<18:30:14,  1.43s/it]  7%|▋         | 3373/50005 [1:29:54<18:28:47,  1.43s/it]  7%|▋         | 3374/50005 [1:29:56<18:30:22,  1.43s/it]  7%|▋         | 3375/50005 [1:29:57<18:31:15,  1.43s/it]  7%|▋         | 3376/50005 [1:29:59<18:31:16,  1.43s/it]  7%|▋         | 3377/50005 [1:30:00<18:32:42,  1.43s/it]  7%|▋         | 3378/50005 [1:30:02<18:32:50,  1.43s/it]  7%|▋         | 3379/50005 [1:30:03<18:31:00,  1.43s/it]  7%|▋         | 3380/50005 [1:30:04<18:36:35,  1.44s/it]  7%|▋         | 3381/50005 [1:30:06<18:34:29,  1.43s/it]  7%|▋         | 3382/50005 [1:30:07<18:34:00,  1.43s/it]  7%|▋         | 3383/50005 [1:30:09<18:32:24,  1.43s/it]  7%|▋         | 3384/50005 [1:30:10<18:30:40,  1.43s/it]  7%|▋         | 3385/50005 [1:30:12<18:29:56,  1.43s/it]  7%|▋         | 3386/50005 [1:30:13<18:31:06,  1.43s/it]  7%|▋         | 3387/50005 [1:30:14<18:31:33,  1.43s/it]  7%|▋         | 3388/50005 [1:30:16<18:29:38,  1.43s/it]  7%|▋         | 3389/50005 [1:30:17<18:31:26,  1.43s/it]  7%|▋         | 3390/50005 [1:30:19<18:29:56,  1.43s/it]  7%|▋         | 3391/50005 [1:30:20<18:31:01,  1.43s/it]  7%|▋         | 3392/50005 [1:30:22<18:29:43,  1.43s/it]  7%|▋         | 3393/50005 [1:30:23<18:30:30,  1.43s/it]  7%|▋         | 3394/50005 [1:30:24<18:28:38,  1.43s/it]  7%|▋         | 3395/50005 [1:30:26<18:28:38,  1.43s/it]  7%|▋         | 3396/50005 [1:30:27<18:29:54,  1.43s/it]  7%|▋         | 3397/50005 [1:30:29<18:30:43,  1.43s/it]  7%|▋         | 3398/50005 [1:30:30<18:29:32,  1.43s/it]  7%|▋         | 3399/50005 [1:30:32<18:28:53,  1.43s/it]  7%|▋         | 3400/50005 [1:30:33<18:29:47,  1.43s/it]  7%|▋         | 3401/50005 [1:30:34<18:31:42,  1.43s/it]  7%|▋         | 3402/50005 [1:30:36<18:30:11,  1.43s/it]  7%|▋         | 3403/50005 [1:30:37<18:31:40,  1.43s/it]  7%|▋         | 3404/50005 [1:30:39<18:32:00,  1.43s/it]  7%|▋         | 3405/50005 [1:30:40<18:32:06,  1.43s/it]  7%|▋         | 3406/50005 [1:30:42<18:32:04,  1.43s/it]  7%|▋         | 3407/50005 [1:30:43<18:30:04,  1.43s/it]  7%|▋         | 3408/50005 [1:30:44<18:31:09,  1.43s/it]  7%|▋         | 3409/50005 [1:30:46<18:32:17,  1.43s/it]  7%|▋         | 3410/50005 [1:30:47<18:32:25,  1.43s/it]  7%|▋         | 3411/50005 [1:30:49<18:32:44,  1.43s/it]  7%|▋         | 3412/50005 [1:30:50<18:32:52,  1.43s/it]  7%|▋         | 3413/50005 [1:30:52<18:33:02,  1.43s/it]  7%|▋         | 3414/50005 [1:30:53<18:30:51,  1.43s/it]  7%|▋         | 3415/50005 [1:30:54<18:30:24,  1.43s/it]  7%|▋         | 3416/50005 [1:30:56<18:30:13,  1.43s/it]  7%|▋         | 3417/50005 [1:30:57<18:29:26,  1.43s/it]  7%|▋         | 3418/50005 [1:30:59<18:30:19,  1.43s/it]  7%|▋         | 3419/50005 [1:31:00<18:30:40,  1.43s/it]  7%|▋         | 3420/50005 [1:31:02<18:29:03,  1.43s/it]  7%|▋         | 3421/50005 [1:31:03<18:30:59,  1.43s/it]  7%|▋         | 3422/50005 [1:31:04<18:31:34,  1.43s/it]  7%|▋         | 3423/50005 [1:31:06<18:32:27,  1.43s/it]  7%|▋         | 3424/50005 [1:31:07<18:32:20,  1.43s/it]  7%|▋         | 3425/50005 [1:31:09<18:32:06,  1.43s/it]  7%|▋         | 3426/50005 [1:31:10<18:31:54,  1.43s/it]  7%|▋         | 3427/50005 [1:31:12<18:29:48,  1.43s/it]  7%|▋         | 3428/50005 [1:31:13<18:31:14,  1.43s/it]  7%|▋         | 3429/50005 [1:31:14<18:32:29,  1.43s/it]  7%|▋         | 3430/50005 [1:31:16<18:30:40,  1.43s/it]  7%|▋         | 3431/50005 [1:31:17<18:28:49,  1.43s/it]  7%|▋         | 3432/50005 [1:31:19<18:29:45,  1.43s/it]  7%|▋         | 3433/50005 [1:31:20<18:31:15,  1.43s/it]  7%|▋         | 3434/50005 [1:31:22<18:31:22,  1.43s/it]  7%|▋         | 3435/50005 [1:31:23<18:31:40,  1.43s/it]  7%|▋         | 3436/50005 [1:31:24<18:30:00,  1.43s/it]  7%|▋         | 3437/50005 [1:31:26<18:31:15,  1.43s/it]  7%|▋         | 3438/50005 [1:31:27<18:29:36,  1.43s/it]  7%|▋         | 3439/50005 [1:31:29<18:30:31,  1.43s/it]  7%|▋         | 3440/50005 [1:31:30<18:30:49,  1.43s/it]  7%|▋         | 3441/50005 [1:31:32<18:30:01,  1.43s/it]  7%|▋         | 3442/50005 [1:31:33<18:27:40,  1.43s/it]  7%|▋         | 3443/50005 [1:31:34<18:28:56,  1.43s/it]  7%|▋         | 3444/50005 [1:31:36<18:29:44,  1.43s/it]  7%|▋         | 3445/50005 [1:31:37<18:28:18,  1.43s/it]  7%|▋         | 3446/50005 [1:31:39<18:27:51,  1.43s/it]  7%|▋         | 3447/50005 [1:31:40<18:29:20,  1.43s/it]  7%|▋         | 3448/50005 [1:31:42<18:27:16,  1.43s/it]  7%|▋         | 3449/50005 [1:31:43<18:26:46,  1.43s/it]  7%|▋         | 3450/50005 [1:31:44<18:28:00,  1.43s/it]  7%|▋         | 3451/50005 [1:31:46<18:30:02,  1.43s/it]  7%|▋         | 3452/50005 [1:31:47<18:30:10,  1.43s/it]  7%|▋         | 3453/50005 [1:31:49<18:30:46,  1.43s/it]  7%|▋         | 3454/50005 [1:31:50<18:30:48,  1.43s/it]  7%|▋         | 3455/50005 [1:31:52<18:28:15,  1.43s/it]  7%|▋         | 3456/50005 [1:31:53<18:29:54,  1.43s/it]  7%|▋         | 3457/50005 [1:31:55<18:30:20,  1.43s/it]  7%|▋         | 3458/50005 [1:31:56<18:29:42,  1.43s/it]  7%|▋         | 3459/50005 [1:31:57<18:28:55,  1.43s/it]  7%|▋         | 3460/50005 [1:31:59<18:27:57,  1.43s/it]  7%|▋         | 3461/50005 [1:32:00<18:29:40,  1.43s/it]  7%|▋         | 3462/50005 [1:32:02<18:30:39,  1.43s/it]  7%|▋         | 3463/50005 [1:32:03<18:31:18,  1.43s/it]  7%|▋         | 3464/50005 [1:32:05<18:30:53,  1.43s/it]  7%|▋         | 3465/50005 [1:32:06<18:31:14,  1.43s/it]  7%|▋         | 3466/50005 [1:32:07<18:31:01,  1.43s/it]  7%|▋         | 3467/50005 [1:32:09<18:29:22,  1.43s/it]  7%|▋         | 3468/50005 [1:32:10<18:27:32,  1.43s/it]  7%|▋         | 3469/50005 [1:32:12<18:28:34,  1.43s/it]  7%|▋         | 3470/50005 [1:32:13<18:27:24,  1.43s/it]  7%|▋         | 3471/50005 [1:32:15<18:28:19,  1.43s/it]  7%|▋         | 3472/50005 [1:32:16<18:29:16,  1.43s/it]  7%|▋         | 3473/50005 [1:32:17<18:28:33,  1.43s/it]  7%|▋         | 3474/50005 [1:32:19<18:28:59,  1.43s/it]  7%|▋         | 3475/50005 [1:32:20<18:30:52,  1.43s/it]  7%|▋         | 3476/50005 [1:32:22<18:31:43,  1.43s/it]  7%|▋         | 3477/50005 [1:32:23<18:33:29,  1.44s/it]  7%|▋         | 3478/50005 [1:32:25<18:32:56,  1.44s/it]  7%|▋         | 3479/50005 [1:32:26<18:33:00,  1.44s/it]  7%|▋         | 3480/50005 [1:32:27<18:30:16,  1.43s/it]  7%|▋         | 3481/50005 [1:32:29<18:30:56,  1.43s/it]  7%|▋         | 3482/50005 [1:32:30<18:31:26,  1.43s/it]  7%|▋         | 3483/50005 [1:32:32<18:32:06,  1.43s/it]  7%|▋         | 3484/50005 [1:32:33<18:32:35,  1.43s/it]  7%|▋         | 3485/50005 [1:32:35<18:33:21,  1.44s/it]  7%|▋         | 3486/50005 [1:32:36<18:30:51,  1.43s/it]  7%|▋         | 3487/50005 [1:32:37<18:31:41,  1.43s/it]  7%|▋         | 3488/50005 [1:32:39<18:31:11,  1.43s/it]  7%|▋         | 3489/50005 [1:32:40<18:29:44,  1.43s/it]  7%|▋         | 3490/50005 [1:32:42<18:29:37,  1.43s/it]  7%|▋         | 3491/50005 [1:32:43<18:28:32,  1.43s/it]  7%|▋         | 3492/50005 [1:32:45<18:29:03,  1.43s/it]  7%|▋         | 3493/50005 [1:32:46<18:30:04,  1.43s/it]  7%|▋         | 3494/50005 [1:32:47<18:30:36,  1.43s/it]  7%|▋         | 3495/50005 [1:32:49<18:29:40,  1.43s/it]  7%|▋         | 3496/50005 [1:32:50<18:27:27,  1.43s/it]  7%|▋         | 3497/50005 [1:32:52<18:28:52,  1.43s/it]  7%|▋         | 3498/50005 [1:32:53<18:30:32,  1.43s/it]  7%|▋         | 3499/50005 [1:32:55<18:31:35,  1.43s/it]  7%|▋         | 3500/50005 [1:32:56<18:32:02,  1.43s/it]  7%|▋         | 3501/50005 [1:32:58<18:32:13,  1.43s/it]  7%|▋         | 3502/50005 [1:32:59<18:29:19,  1.43s/it]  7%|▋         | 3503/50005 [1:33:00<18:29:57,  1.43s/it]  7%|▋         | 3504/50005 [1:33:02<18:28:18,  1.43s/it]  7%|▋         | 3505/50005 [1:33:03<18:26:21,  1.43s/it]  7%|▋         | 3506/50005 [1:33:05<18:26:52,  1.43s/it]  7%|▋         | 3507/50005 [1:33:06<18:28:25,  1.43s/it]  7%|▋         | 3508/50005 [1:33:08<18:26:42,  1.43s/it]  7%|▋         | 3509/50005 [1:33:09<18:25:23,  1.43s/it]  7%|▋         | 3510/50005 [1:33:10<18:24:53,  1.43s/it]  7%|▋         | 3511/50005 [1:33:12<18:24:21,  1.43s/it]  7%|▋         | 3512/50005 [1:33:13<18:24:05,  1.42s/it]  7%|▋         | 3513/50005 [1:33:15<18:26:39,  1.43s/it]  7%|▋         | 3514/50005 [1:33:16<18:25:52,  1.43s/it]  7%|▋         | 3515/50005 [1:33:18<18:28:18,  1.43s/it]  7%|▋         | 3516/50005 [1:33:19<18:29:03,  1.43s/it]  7%|▋         | 3517/50005 [1:33:20<18:29:29,  1.43s/it]  7%|▋         | 3518/50005 [1:33:22<18:27:09,  1.43s/it]  7%|▋         | 3519/50005 [1:33:23<18:28:16,  1.43s/it]  7%|▋         | 3520/50005 [1:33:25<18:28:40,  1.43s/it]  7%|▋         | 3521/50005 [1:33:26<18:30:00,  1.43s/it]  7%|▋         | 3522/50005 [1:33:28<18:30:05,  1.43s/it]  7%|▋         | 3523/50005 [1:33:29<18:30:01,  1.43s/it]  7%|▋         | 3524/50005 [1:33:30<18:30:07,  1.43s/it]  7%|▋         | 3525/50005 [1:33:32<18:27:43,  1.43s/it]  7%|▋         | 3526/50005 [1:33:33<18:26:28,  1.43s/it]  7%|▋         | 3527/50005 [1:33:35<18:28:22,  1.43s/it]  7%|▋         | 3528/50005 [1:33:36<18:26:33,  1.43s/it]  7%|▋         | 3529/50005 [1:33:38<18:26:38,  1.43s/it]  7%|▋         | 3530/50005 [1:33:39<18:27:21,  1.43s/it]  7%|▋         | 3531/50005 [1:33:40<18:25:55,  1.43s/it]  7%|▋         | 3532/50005 [1:33:42<18:24:52,  1.43s/it]  7%|▋         | 3533/50005 [1:33:43<18:26:27,  1.43s/it]  7%|▋         | 3534/50005 [1:33:45<18:24:44,  1.43s/it]  7%|▋         | 3535/50005 [1:33:46<18:23:42,  1.43s/it]  7%|▋         | 3536/50005 [1:33:48<18:25:06,  1.43s/it]  7%|▋         | 3537/50005 [1:33:49<18:26:51,  1.43s/it]  7%|▋         | 3538/50005 [1:33:50<18:27:49,  1.43s/it]  7%|▋         | 3539/50005 [1:33:52<18:26:47,  1.43s/it]  7%|▋         | 3540/50005 [1:33:53<18:27:43,  1.43s/it]  7%|▋         | 3541/50005 [1:33:55<18:28:54,  1.43s/it]  7%|▋         | 3542/50005 [1:33:56<18:28:41,  1.43s/it]  7%|▋         | 3543/50005 [1:33:58<18:27:16,  1.43s/it]  7%|▋         | 3544/50005 [1:33:59<18:27:42,  1.43s/it]  7%|▋         | 3545/50005 [1:34:00<18:28:05,  1.43s/it]  7%|▋         | 3546/50005 [1:34:02<18:28:20,  1.43s/it]  7%|▋         | 3547/50005 [1:34:03<18:27:45,  1.43s/it]  7%|▋         | 3548/50005 [1:34:05<18:28:08,  1.43s/it]  7%|▋         | 3549/50005 [1:34:06<18:28:51,  1.43s/it]  7%|▋         | 3550/50005 [1:34:08<18:28:45,  1.43s/it]  7%|▋         | 3551/50005 [1:34:09<18:26:50,  1.43s/it]  7%|▋         | 3552/50005 [1:34:10<18:27:09,  1.43s/it]  7%|▋         | 3553/50005 [1:34:12<18:26:12,  1.43s/it]  7%|▋         | 3554/50005 [1:34:13<18:25:22,  1.43s/it]  7%|▋         | 3555/50005 [1:34:15<18:26:43,  1.43s/it]  7%|▋         | 3556/50005 [1:34:16<18:26:29,  1.43s/it]  7%|▋         | 3557/50005 [1:34:18<18:26:46,  1.43s/it]  7%|▋         | 3558/50005 [1:34:19<18:27:17,  1.43s/it]  7%|▋         | 3559/50005 [1:34:20<18:25:14,  1.43s/it]  7%|▋         | 3560/50005 [1:34:22<18:27:01,  1.43s/it]  7%|▋         | 3561/50005 [1:34:23<18:27:44,  1.43s/it]  7%|▋         | 3562/50005 [1:34:25<18:27:43,  1.43s/it]  7%|▋         | 3563/50005 [1:34:26<18:28:07,  1.43s/it]  7%|▋         | 3564/50005 [1:34:28<18:29:02,  1.43s/it]  7%|▋         | 3565/50005 [1:34:29<18:28:50,  1.43s/it]  7%|▋         | 3566/50005 [1:34:30<18:29:25,  1.43s/it]  7%|▋         | 3567/50005 [1:34:32<18:28:51,  1.43s/it]  7%|▋         | 3568/50005 [1:34:33<18:28:50,  1.43s/it]  7%|▋         | 3569/50005 [1:34:35<18:28:29,  1.43s/it]  7%|▋         | 3570/50005 [1:34:36<18:29:14,  1.43s/it]  7%|▋         | 3571/50005 [1:34:38<18:28:43,  1.43s/it]  7%|▋         | 3572/50005 [1:34:39<18:28:21,  1.43s/it]  7%|▋         | 3573/50005 [1:34:40<18:28:10,  1.43s/it]  7%|▋         | 3574/50005 [1:34:42<18:28:53,  1.43s/it]  7%|▋         | 3575/50005 [1:34:43<18:28:33,  1.43s/it]  7%|▋         | 3576/50005 [1:34:45<18:29:04,  1.43s/it]  7%|▋         | 3577/50005 [1:34:46<18:28:45,  1.43s/it]  7%|▋         | 3578/50005 [1:34:48<18:29:38,  1.43s/it]  7%|▋         | 3579/50005 [1:34:49<18:29:25,  1.43s/it]  7%|▋         | 3580/50005 [1:34:51<18:27:12,  1.43s/it]  7%|▋         | 3581/50005 [1:34:52<18:27:44,  1.43s/it]  7%|▋         | 3582/50005 [1:34:53<18:25:29,  1.43s/it]  7%|▋         | 3583/50005 [1:34:55<18:26:12,  1.43s/it]  7%|▋         | 3584/50005 [1:34:56<18:24:39,  1.43s/it]  7%|▋         | 3585/50005 [1:34:58<18:25:39,  1.43s/it]  7%|▋         | 3586/50005 [1:34:59<18:27:24,  1.43s/it]  7%|▋         | 3587/50005 [1:35:01<18:24:35,  1.43s/it]  7%|▋         | 3588/50005 [1:35:02<18:23:24,  1.43s/it]  7%|▋         | 3589/50005 [1:35:03<18:24:50,  1.43s/it]  7%|▋         | 3590/50005 [1:35:05<18:25:56,  1.43s/it]  7%|▋         | 3591/50005 [1:35:06<18:24:25,  1.43s/it]  7%|▋         | 3592/50005 [1:35:08<18:25:49,  1.43s/it]  7%|▋         | 3593/50005 [1:35:09<18:24:35,  1.43s/it]  7%|▋         | 3594/50005 [1:35:11<18:26:10,  1.43s/it]  7%|▋         | 3595/50005 [1:35:12<18:26:36,  1.43s/it]  7%|▋         | 3596/50005 [1:35:13<18:25:05,  1.43s/it]  7%|▋         | 3597/50005 [1:35:15<18:25:18,  1.43s/it]  7%|▋         | 3598/50005 [1:35:16<18:25:54,  1.43s/it]  7%|▋         | 3599/50005 [1:35:18<18:24:47,  1.43s/it]  7%|▋         | 3600/50005 [1:35:19<18:25:46,  1.43s/it]  7%|▋         | 3601/50005 [1:35:21<18:26:20,  1.43s/it]
Validation:   0%|          | 0/100 [00:00<?, ?it/s][A
Validation:   1%|          | 1/100 [00:01<01:39,  1.01s/it][A
Validation:   2%|▏         | 2/100 [00:01<01:16,  1.29it/s][A
Validation:   3%|▎         | 3/100 [00:02<01:08,  1.42it/s][A
Validation:   4%|▍         | 4/100 [00:02<01:04,  1.50it/s][A
Validation:   5%|▌         | 5/100 [00:03<01:01,  1.54it/s][A
Validation:   6%|▌         | 6/100 [00:04<01:00,  1.56it/s][A
Validation:   7%|▋         | 7/100 [00:04<00:58,  1.58it/s][A
Validation:   8%|▊         | 8/100 [00:05<00:57,  1.59it/s][A
Validation:   9%|▉         | 9/100 [00:05<00:56,  1.60it/s][A
Validation:  10%|█         | 10/100 [00:06<00:55,  1.61it/s][A
Validation:  11%|█         | 11/100 [00:07<00:55,  1.61it/s][A
Validation:  12%|█▏        | 12/100 [00:07<00:54,  1.61it/s][A
Validation:  13%|█▎        | 13/100 [00:08<00:53,  1.62it/s][A
Validation:  14%|█▍        | 14/100 [00:09<00:53,  1.62it/s][A
Validation:  15%|█▌        | 15/100 [00:09<00:52,  1.62it/s][A
Validation:  16%|█▌        | 16/100 [00:10<00:51,  1.62it/s][A
Validation:  17%|█▋        | 17/100 [00:10<00:51,  1.62it/s][A
Validation:  18%|█▊        | 18/100 [00:11<00:50,  1.62it/s][A
Validation:  19%|█▉        | 19/100 [00:12<00:49,  1.62it/s][A
Validation:  20%|██        | 20/100 [00:12<00:49,  1.62it/s][A
Validation:  21%|██        | 21/100 [00:13<00:48,  1.62it/s][A
Validation:  22%|██▏       | 22/100 [00:13<00:48,  1.62it/s][A
Validation:  23%|██▎       | 23/100 [00:14<00:47,  1.62it/s][A
Validation:  24%|██▍       | 24/100 [00:15<00:46,  1.62it/s][A
Validation:  25%|██▌       | 25/100 [00:15<00:46,  1.62it/s][A
Validation:  26%|██▌       | 26/100 [00:16<00:45,  1.63it/s][A
Validation:  27%|██▋       | 27/100 [00:17<00:44,  1.63it/s][A
Validation:  28%|██▊       | 28/100 [00:17<00:44,  1.63it/s][A
Validation:  29%|██▉       | 29/100 [00:18<00:43,  1.62it/s][A
Validation:  30%|███       | 30/100 [00:18<00:43,  1.63it/s][A
Validation:  31%|███       | 31/100 [00:19<00:42,  1.63it/s][A
Validation:  32%|███▏      | 32/100 [00:20<00:41,  1.63it/s][A
Validation:  33%|███▎      | 33/100 [00:20<00:41,  1.63it/s][A
Validation:  34%|███▍      | 34/100 [00:21<00:40,  1.63it/s][A
Validation:  35%|███▌      | 35/100 [00:21<00:39,  1.63it/s][A
Validation:  36%|███▌      | 36/100 [00:22<00:39,  1.63it/s][A
Validation:  37%|███▋      | 37/100 [00:23<00:38,  1.62it/s][A
Validation:  38%|███▊      | 38/100 [00:23<00:38,  1.62it/s][A
Validation:  39%|███▉      | 39/100 [00:24<00:37,  1.63it/s][A
Validation:  40%|████      | 40/100 [00:25<00:36,  1.63it/s][A
Validation:  41%|████      | 41/100 [00:25<00:36,  1.63it/s][A
Validation:  42%|████▏     | 42/100 [00:26<00:35,  1.63it/s][A
Validation:  43%|████▎     | 43/100 [00:26<00:34,  1.63it/s][A
Validation:  44%|████▍     | 44/100 [00:27<00:34,  1.63it/s][A
Validation:  45%|████▌     | 45/100 [00:28<00:33,  1.63it/s][A
Validation:  46%|████▌     | 46/100 [00:28<00:33,  1.62it/s][A
Validation:  47%|████▋     | 47/100 [00:29<00:32,  1.62it/s][A
Validation:  48%|████▊     | 48/100 [00:29<00:32,  1.62it/s][A
Validation:  49%|████▉     | 49/100 [00:30<00:31,  1.63it/s][A
Validation:  50%|█████     | 50/100 [00:31<00:30,  1.63it/s][A
Validation:  51%|█████     | 51/100 [00:31<00:30,  1.63it/s][A
Validation:  52%|█████▏    | 52/100 [00:32<00:29,  1.63it/s][A
Validation:  53%|█████▎    | 53/100 [00:33<00:28,  1.62it/s][A
Validation:  54%|█████▍    | 54/100 [00:33<00:28,  1.62it/s][A
Validation:  55%|█████▌    | 55/100 [00:34<00:27,  1.62it/s][A
Validation:  56%|█████▌    | 56/100 [00:34<00:27,  1.62it/s][A
Validation:  57%|█████▋    | 57/100 [00:35<00:26,  1.62it/s][A
Validation:  58%|█████▊    | 58/100 [00:36<00:25,  1.62it/s][A
Validation:  59%|█████▉    | 59/100 [00:36<00:25,  1.62it/s][A
Validation:  60%|██████    | 60/100 [00:37<00:24,  1.62it/s][A
Validation:  61%|██████    | 61/100 [00:37<00:24,  1.62it/s][A
Validation:  62%|██████▏   | 62/100 [00:38<00:23,  1.62it/s][A
Validation:  63%|██████▎   | 63/100 [00:39<00:22,  1.62it/s][A
Validation:  64%|██████▍   | 64/100 [00:39<00:22,  1.62it/s][A
Validation:  65%|██████▌   | 65/100 [00:40<00:21,  1.62it/s][A
Validation:  66%|██████▌   | 66/100 [00:41<00:20,  1.62it/s][A
Validation:  67%|██████▋   | 67/100 [00:41<00:20,  1.62it/s][A
Validation:  68%|██████▊   | 68/100 [00:42<00:19,  1.62it/s][A
Validation:  69%|██████▉   | 69/100 [00:42<00:19,  1.62it/s][A
Validation:  70%|███████   | 70/100 [00:43<00:18,  1.62it/s][A
Validation:  71%|███████   | 71/100 [00:44<00:17,  1.62it/s][A
Validation:  72%|███████▏  | 72/100 [00:44<00:17,  1.62it/s][A
Validation:  73%|███████▎  | 73/100 [00:45<00:16,  1.62it/s][A
Validation:  74%|███████▍  | 74/100 [00:45<00:16,  1.62it/s][A
Validation:  75%|███████▌  | 75/100 [00:46<00:15,  1.62it/s][A
Validation:  76%|███████▌  | 76/100 [00:47<00:14,  1.62it/s][A
Validation:  77%|███████▋  | 77/100 [00:47<00:14,  1.62it/s][A
Validation:  78%|███████▊  | 78/100 [00:48<00:13,  1.63it/s][A
Validation:  79%|███████▉  | 79/100 [00:49<00:12,  1.62it/s][A
Validation:  80%|████████  | 80/100 [00:49<00:12,  1.62it/s][A
Validation:  81%|████████  | 81/100 [00:50<00:11,  1.63it/s][A
Validation:  82%|████████▏ | 82/100 [00:50<00:11,  1.63it/s][A
Validation:  83%|████████▎ | 83/100 [00:51<00:10,  1.63it/s][A
Validation:  84%|████████▍ | 84/100 [00:52<00:09,  1.63it/s][A
Validation:  85%|████████▌ | 85/100 [00:52<00:09,  1.63it/s][A
Validation:  86%|████████▌ | 86/100 [00:53<00:08,  1.63it/s][A
Validation:  87%|████████▋ | 87/100 [00:53<00:07,  1.63it/s][A
Validation:  88%|████████▊ | 88/100 [00:54<00:07,  1.63it/s][A
Validation:  89%|████████▉ | 89/100 [00:55<00:06,  1.63it/s][A
Validation:  90%|█████████ | 90/100 [00:55<00:06,  1.63it/s][A
Validation:  91%|█████████ | 91/100 [00:56<00:05,  1.63it/s][A
Validation:  92%|█████████▏| 92/100 [00:57<00:04,  1.63it/s][A
Validation:  93%|█████████▎| 93/100 [00:57<00:04,  1.63it/s][A
Validation:  94%|█████████▍| 94/100 [00:58<00:03,  1.63it/s][A
Validation:  95%|█████████▌| 95/100 [00:58<00:03,  1.63it/s][A
Validation:  96%|█████████▌| 96/100 [00:59<00:02,  1.62it/s][A
Validation:  97%|█████████▋| 97/100 [01:00<00:01,  1.62it/s][A
Validation:  98%|█████████▊| 98/100 [01:00<00:01,  1.63it/s][A
Validation:  99%|█████████▉| 99/100 [01:01<00:00,  1.62it/s][A
Validation: 100%|██████████| 100/100 [01:01<00:00,  1.62it/s][A
                                                             [A  7%|▋         | 3602/50005 [1:36:24<258:26:49, 20.05s/it]  7%|▋         | 3603/50005 [1:36:25<186:27:04, 14.47s/it]  7%|▋         | 3604/50005 [1:36:27<136:03:13, 10.56s/it]  7%|▋         | 3605/50005 [1:36:28<100:46:33,  7.82s/it]  7%|▋         | 3606/50005 [1:36:30<76:04:47,  5.90s/it]   7%|▋         | 3607/50005 [1:36:31<58:47:23,  4.56s/it]  7%|▋         | 3608/50005 [1:36:33<46:41:55,  3.62s/it]  7%|▋         | 3609/50005 [1:36:34<38:11:27,  2.96s/it]  7%|▋         | 3610/50005 [1:36:35<32:16:38,  2.50s/it]  7%|▋         | 3611/50005 [1:36:37<28:07:30,  2.18s/it]  7%|▋         | 3612/50005 [1:36:38<25:09:37,  1.95s/it]  7%|▋         | 3613/50005 [1:36:40<23:09:09,  1.80s/it]  7%|▋         | 3614/50005 [1:36:41<21:44:55,  1.69s/it]  7%|▋         | 3615/50005 [1:36:43<20:46:27,  1.61s/it]  7%|▋         | 3616/50005 [1:36:44<20:04:55,  1.56s/it]  7%|▋         | 3617/50005 [1:36:45<19:33:56,  1.52s/it]  7%|▋         | 3618/50005 [1:36:47<19:14:35,  1.49s/it]  7%|▋         | 3619/50005 [1:36:48<18:58:37,  1.47s/it]  7%|▋         | 3620/50005 [1:36:50<18:50:01,  1.46s/it]  7%|▋         | 3621/50005 [1:36:51<18:41:00,  1.45s/it]  7%|▋         | 3622/50005 [1:36:53<18:37:54,  1.45s/it]  7%|▋         | 3623/50005 [1:36:54<18:34:59,  1.44s/it]  7%|▋         | 3624/50005 [1:36:56<18:32:50,  1.44s/it]  7%|▋         | 3625/50005 [1:36:57<18:31:32,  1.44s/it]  7%|▋         | 3626/50005 [1:36:58<18:28:03,  1.43s/it]  7%|▋         | 3627/50005 [1:37:00<18:25:15,  1.43s/it]  7%|▋         | 3628/50005 [1:37:01<18:25:15,  1.43s/it]  7%|▋         | 3629/50005 [1:37:03<18:23:25,  1.43s/it]  7%|▋         | 3630/50005 [1:37:04<18:23:16,  1.43s/it]  7%|▋         | 3631/50005 [1:37:05<18:24:32,  1.43s/it]  7%|▋         | 3632/50005 [1:37:07<18:22:25,  1.43s/it]  7%|▋         | 3633/50005 [1:37:08<18:23:30,  1.43s/it]  7%|▋         | 3634/50005 [1:37:10<18:24:33,  1.43s/it]  7%|▋         | 3635/50005 [1:37:11<18:24:11,  1.43s/it]  7%|▋         | 3636/50005 [1:37:13<18:23:35,  1.43s/it]  7%|▋         | 3637/50005 [1:37:14<18:25:53,  1.43s/it]  7%|▋         | 3638/50005 [1:37:15<18:24:56,  1.43s/it]  7%|▋         | 3639/50005 [1:37:17<18:25:35,  1.43s/it]  7%|▋         | 3640/50005 [1:37:18<18:26:52,  1.43s/it]  7%|▋         | 3641/50005 [1:37:20<18:27:58,  1.43s/it]  7%|▋         | 3642/50005 [1:37:21<18:27:45,  1.43s/it]  7%|▋         | 3643/50005 [1:37:23<18:27:32,  1.43s/it]  7%|▋         | 3644/50005 [1:37:24<18:27:39,  1.43s/it]  7%|▋         | 3645/50005 [1:37:26<18:27:47,  1.43s/it]  7%|▋         | 3646/50005 [1:37:27<18:26:53,  1.43s/it]  7%|▋         | 3647/50005 [1:37:28<18:25:00,  1.43s/it]  7%|▋         | 3648/50005 [1:37:30<18:25:31,  1.43s/it]  7%|▋         | 3649/50005 [1:37:31<18:23:51,  1.43s/it]  7%|▋         | 3650/50005 [1:37:33<18:24:30,  1.43s/it]  7%|▋         | 3651/50005 [1:37:34<18:23:24,  1.43s/it]  7%|▋         | 3652/50005 [1:37:36<18:22:08,  1.43s/it]  7%|▋         | 3653/50005 [1:37:37<18:21:46,  1.43s/it]  7%|▋         | 3654/50005 [1:37:38<18:23:18,  1.43s/it]  7%|▋         | 3655/50005 [1:37:40<18:22:37,  1.43s/it]  7%|▋         | 3656/50005 [1:37:41<18:23:35,  1.43s/it]  7%|▋         | 3657/50005 [1:37:43<18:22:50,  1.43s/it]  7%|▋         | 3658/50005 [1:37:44<18:23:47,  1.43s/it]  7%|▋         | 3659/50005 [1:37:46<18:25:46,  1.43s/it]  7%|▋         | 3660/50005 [1:37:47<18:25:31,  1.43s/it]  7%|▋         | 3661/50005 [1:37:48<18:23:52,  1.43s/it]  7%|▋         | 3662/50005 [1:37:50<18:22:02,  1.43s/it]  7%|▋         | 3663/50005 [1:37:51<18:21:32,  1.43s/it]  7%|▋         | 3664/50005 [1:37:53<18:20:57,  1.43s/it]  7%|▋         | 3665/50005 [1:37:54<18:21:05,  1.43s/it]  7%|▋         | 3666/50005 [1:37:56<18:22:56,  1.43s/it]  7%|▋         | 3667/50005 [1:37:57<18:24:02,  1.43s/it]  7%|▋         | 3668/50005 [1:37:58<18:24:14,  1.43s/it]  7%|▋         | 3669/50005 [1:38:00<18:25:25,  1.43s/it]  7%|▋         | 3670/50005 [1:38:01<18:25:11,  1.43s/it]  7%|▋         | 3671/50005 [1:38:03<18:25:08,  1.43s/it]  7%|▋         | 3672/50005 [1:38:04<18:23:05,  1.43s/it]  7%|▋         | 3673/50005 [1:38:06<18:22:04,  1.43s/it]  7%|▋         | 3674/50005 [1:38:07<18:23:13,  1.43s/it]  7%|▋         | 3675/50005 [1:38:08<18:24:36,  1.43s/it]  7%|▋         | 3676/50005 [1:38:10<18:24:44,  1.43s/it]  7%|▋         | 3677/50005 [1:38:11<18:24:04,  1.43s/it]  7%|▋         | 3678/50005 [1:38:13<18:24:31,  1.43s/it]  7%|▋         | 3679/50005 [1:38:14<18:24:38,  1.43s/it]  7%|▋         | 3680/50005 [1:38:16<18:24:31,  1.43s/it]  7%|▋         | 3681/50005 [1:38:17<18:23:52,  1.43s/it]  7%|▋         | 3682/50005 [1:38:18<18:24:15,  1.43s/it]  7%|▋         | 3683/50005 [1:38:20<18:22:23,  1.43s/it]  7%|▋         | 3684/50005 [1:38:21<18:23:23,  1.43s/it]  7%|▋         | 3685/50005 [1:38:23<18:24:13,  1.43s/it]  7%|▋         | 3686/50005 [1:38:24<18:24:36,  1.43s/it]  7%|▋         | 3687/50005 [1:38:26<18:24:47,  1.43s/it]  7%|▋         | 3688/50005 [1:38:27<18:24:49,  1.43s/it]  7%|▋         | 3689/50005 [1:38:28<18:25:58,  1.43s/it]  7%|▋         | 3690/50005 [1:38:30<18:25:41,  1.43s/it]  7%|▋         | 3691/50005 [1:38:31<18:26:17,  1.43s/it]  7%|▋         | 3692/50005 [1:38:33<18:24:09,  1.43s/it]  7%|▋         | 3693/50005 [1:38:34<18:24:46,  1.43s/it]  7%|▋         | 3694/50005 [1:38:36<18:22:59,  1.43s/it]  7%|▋         | 3695/50005 [1:38:37<18:22:19,  1.43s/it]  7%|▋         | 3696/50005 [1:38:38<18:23:37,  1.43s/it]  7%|▋         | 3697/50005 [1:38:40<18:23:10,  1.43s/it]  7%|▋         | 3698/50005 [1:38:41<18:23:13,  1.43s/it]  7%|▋         | 3699/50005 [1:38:43<18:24:49,  1.43s/it]  7%|▋         | 3700/50005 [1:38:44<18:25:24,  1.43s/it]  7%|▋         | 3701/50005 [1:38:46<18:26:26,  1.43s/it]  7%|▋         | 3702/50005 [1:38:47<18:26:26,  1.43s/it]  7%|▋         | 3703/50005 [1:38:48<18:25:07,  1.43s/it]  7%|▋         | 3704/50005 [1:38:50<18:23:34,  1.43s/it]  7%|▋         | 3705/50005 [1:38:51<18:24:30,  1.43s/it]  7%|▋         | 3706/50005 [1:38:53<18:23:02,  1.43s/it]  7%|▋         | 3707/50005 [1:38:54<18:24:07,  1.43s/it]  7%|▋         | 3708/50005 [1:38:56<18:25:16,  1.43s/it]  7%|▋         | 3709/50005 [1:38:57<18:25:14,  1.43s/it]  7%|▋         | 3710/50005 [1:38:58<18:25:04,  1.43s/it]  7%|▋         | 3711/50005 [1:39:00<18:25:35,  1.43s/it]  7%|▋         | 3712/50005 [1:39:01<18:25:34,  1.43s/it]  7%|▋         | 3713/50005 [1:39:03<18:23:57,  1.43s/it]  7%|▋         | 3714/50005 [1:39:04<18:23:13,  1.43s/it]  7%|▋         | 3715/50005 [1:39:06<18:24:19,  1.43s/it]  7%|▋         | 3716/50005 [1:39:07<18:24:11,  1.43s/it]  7%|▋         | 3717/50005 [1:39:08<18:22:30,  1.43s/it]  7%|▋         | 3718/50005 [1:39:10<18:23:13,  1.43s/it]  7%|▋         | 3719/50005 [1:39:11<18:24:34,  1.43s/it]  7%|▋         | 3720/50005 [1:39:13<18:24:40,  1.43s/it]  7%|▋         | 3721/50005 [1:39:14<18:25:25,  1.43s/it]  7%|▋         | 3722/50005 [1:39:16<18:25:09,  1.43s/it]  7%|▋         | 3723/50005 [1:39:17<18:23:58,  1.43s/it]  7%|▋         | 3724/50005 [1:39:19<18:24:17,  1.43s/it]  7%|▋         | 3725/50005 [1:39:20<18:24:47,  1.43s/it]  7%|▋         | 3726/50005 [1:39:21<18:25:15,  1.43s/it]  7%|▋         | 3727/50005 [1:39:23<18:25:56,  1.43s/it]  7%|▋         | 3728/50005 [1:39:24<18:25:26,  1.43s/it]  7%|▋         | 3729/50005 [1:39:26<18:23:39,  1.43s/it]  7%|▋         | 3730/50005 [1:39:27<18:23:42,  1.43s/it]  7%|▋         | 3731/50005 [1:39:29<18:24:17,  1.43s/it]  7%|▋         | 3732/50005 [1:39:30<18:24:31,  1.43s/it]  7%|▋         | 3733/50005 [1:39:31<18:23:36,  1.43s/it]  7%|▋         | 3734/50005 [1:39:33<18:23:40,  1.43s/it]  7%|▋         | 3735/50005 [1:39:34<18:23:33,  1.43s/it]  7%|▋         | 3736/50005 [1:39:36<18:23:36,  1.43s/it]  7%|▋         | 3737/50005 [1:39:37<18:24:03,  1.43s/it]  7%|▋         | 3738/50005 [1:39:39<18:21:54,  1.43s/it]  7%|▋         | 3739/50005 [1:39:40<18:21:47,  1.43s/it]  7%|▋         | 3740/50005 [1:39:41<18:22:47,  1.43s/it]  7%|▋         | 3741/50005 [1:39:43<18:22:31,  1.43s/it]  7%|▋         | 3742/50005 [1:39:44<18:21:27,  1.43s/it]  7%|▋         | 3743/50005 [1:39:46<18:22:34,  1.43s/it]  7%|▋         | 3744/50005 [1:39:47<18:22:49,  1.43s/it]  7%|▋         | 3745/50005 [1:39:49<18:24:12,  1.43s/it]  7%|▋         | 3746/50005 [1:39:50<18:24:34,  1.43s/it]  7%|▋         | 3747/50005 [1:39:51<18:23:03,  1.43s/it]  7%|▋         | 3748/50005 [1:39:53<18:21:27,  1.43s/it]  7%|▋         | 3749/50005 [1:39:54<18:21:28,  1.43s/it]  7%|▋         | 3750/50005 [1:39:56<18:21:42,  1.43s/it]  8%|▊         | 3751/50005 [1:39:57<18:20:43,  1.43s/it]  8%|▊         | 3752/50005 [1:39:59<18:20:17,  1.43s/it]  8%|▊         | 3753/50005 [1:40:00<18:19:03,  1.43s/it]  8%|▊         | 3754/50005 [1:40:01<18:20:40,  1.43s/it]  8%|▊         | 3755/50005 [1:40:03<18:21:42,  1.43s/it]  8%|▊         | 3756/50005 [1:40:04<18:21:05,  1.43s/it]  8%|▊         | 3757/50005 [1:40:06<18:21:03,  1.43s/it]  8%|▊         | 3758/50005 [1:40:07<18:22:45,  1.43s/it]  8%|▊         | 3759/50005 [1:40:09<18:23:02,  1.43s/it]  8%|▊         | 3760/50005 [1:40:10<18:23:16,  1.43s/it]  8%|▊         | 3761/50005 [1:40:11<18:23:24,  1.43s/it]  8%|▊         | 3762/50005 [1:40:13<18:22:33,  1.43s/it]  8%|▊         | 3763/50005 [1:40:14<18:22:14,  1.43s/it]  8%|▊         | 3764/50005 [1:40:16<18:20:44,  1.43s/it]  8%|▊         | 3765/50005 [1:40:17<18:21:27,  1.43s/it]  8%|▊         | 3766/50005 [1:40:19<18:22:21,  1.43s/it]  8%|▊         | 3767/50005 [1:40:20<18:21:04,  1.43s/it]  8%|▊         | 3768/50005 [1:40:21<18:20:56,  1.43s/it]  8%|▊         | 3769/50005 [1:40:23<18:22:03,  1.43s/it]  8%|▊         | 3770/50005 [1:40:24<18:21:30,  1.43s/it]  8%|▊         | 3771/50005 [1:40:26<18:22:12,  1.43s/it]  8%|▊         | 3772/50005 [1:40:27<18:20:19,  1.43s/it]  8%|▊         | 3773/50005 [1:40:29<18:22:13,  1.43s/it]  8%|▊         | 3774/50005 [1:40:30<18:21:05,  1.43s/it]  8%|▊         | 3775/50005 [1:40:31<18:22:11,  1.43s/it]  8%|▊         | 3776/50005 [1:40:33<18:22:01,  1.43s/it]  8%|▊         | 3777/50005 [1:40:34<18:20:38,  1.43s/it]  8%|▊         | 3778/50005 [1:40:36<18:21:59,  1.43s/it]  8%|▊         | 3779/50005 [1:40:37<18:20:35,  1.43s/it]  8%|▊         | 3780/50005 [1:40:39<18:21:37,  1.43s/it]  8%|▊         | 3781/50005 [1:40:40<18:22:36,  1.43s/it]  8%|▊         | 3782/50005 [1:40:41<18:20:59,  1.43s/it]  8%|▊         | 3783/50005 [1:40:43<18:21:40,  1.43s/it]  8%|▊         | 3784/50005 [1:40:44<18:22:11,  1.43s/it]  8%|▊         | 3785/50005 [1:40:46<18:20:04,  1.43s/it]  8%|▊         | 3786/50005 [1:40:47<18:21:21,  1.43s/it]  8%|▊         | 3787/50005 [1:40:49<18:21:52,  1.43s/it]  8%|▊         | 3788/50005 [1:40:50<18:22:45,  1.43s/it]  8%|▊         | 3789/50005 [1:40:51<18:20:37,  1.43s/it]  8%|▊         | 3790/50005 [1:40:53<18:22:19,  1.43s/it]  8%|▊         | 3791/50005 [1:40:54<18:22:00,  1.43s/it]  8%|▊         | 3792/50005 [1:40:56<18:19:56,  1.43s/it]  8%|▊         | 3793/50005 [1:40:57<18:18:52,  1.43s/it]  8%|▊         | 3794/50005 [1:40:59<18:20:40,  1.43s/it]  8%|▊         | 3795/50005 [1:41:00<18:20:02,  1.43s/it]  8%|▊         | 3796/50005 [1:41:01<18:18:57,  1.43s/it]  8%|▊         | 3797/50005 [1:41:03<18:20:31,  1.43s/it]  8%|▊         | 3798/50005 [1:41:04<18:20:13,  1.43s/it]  8%|▊         | 3799/50005 [1:41:06<18:20:01,  1.43s/it]  8%|▊         | 3800/50005 [1:41:07<18:22:06,  1.43s/it]  8%|▊         | 3801/50005 [1:41:09<18:22:30,  1.43s/it]  8%|▊         | 3802/50005 [1:41:10<18:20:48,  1.43s/it]  8%|▊         | 3803/50005 [1:41:11<18:21:57,  1.43s/it]  8%|▊         | 3804/50005 [1:41:13<18:22:39,  1.43s/it]  8%|▊         | 3805/50005 [1:41:14<18:20:56,  1.43s/it]  8%|▊         | 3806/50005 [1:41:16<18:20:30,  1.43s/it]  8%|▊         | 3807/50005 [1:41:17<18:22:00,  1.43s/it]  8%|▊         | 3808/50005 [1:41:19<18:20:37,  1.43s/it]  8%|▊         | 3809/50005 [1:41:20<18:19:15,  1.43s/it]  8%|▊         | 3810/50005 [1:41:21<18:20:36,  1.43s/it]  8%|▊         | 3811/50005 [1:41:23<18:19:55,  1.43s/it]  8%|▊         | 3812/50005 [1:41:24<18:20:45,  1.43s/it]  8%|▊         | 3813/50005 [1:41:26<18:22:08,  1.43s/it]  8%|▊         | 3814/50005 [1:41:27<18:20:48,  1.43s/it]  8%|▊         | 3815/50005 [1:41:29<18:21:21,  1.43s/it]  8%|▊         | 3816/50005 [1:41:30<18:19:02,  1.43s/it]  8%|▊         | 3817/50005 [1:41:31<18:20:20,  1.43s/it]  8%|▊         | 3818/50005 [1:41:33<18:18:39,  1.43s/it]  8%|▊         | 3819/50005 [1:41:34<18:20:16,  1.43s/it]  8%|▊         | 3820/50005 [1:41:36<18:21:19,  1.43s/it]  8%|▊         | 3821/50005 [1:41:37<18:20:19,  1.43s/it]  8%|▊         | 3822/50005 [1:41:39<18:21:41,  1.43s/it]  8%|▊         | 3823/50005 [1:41:40<18:22:12,  1.43s/it]  8%|▊         | 3824/50005 [1:41:42<18:20:32,  1.43s/it]  8%|▊         | 3825/50005 [1:41:43<18:19:39,  1.43s/it]  8%|▊         | 3826/50005 [1:41:44<18:20:17,  1.43s/it]  8%|▊         | 3827/50005 [1:41:46<18:21:42,  1.43s/it]  8%|▊         | 3828/50005 [1:41:47<18:20:06,  1.43s/it]  8%|▊         | 3829/50005 [1:41:49<18:20:52,  1.43s/it]  8%|▊         | 3830/50005 [1:41:50<18:19:23,  1.43s/it]  8%|▊         | 3831/50005 [1:41:52<18:20:53,  1.43s/it]  8%|▊         | 3832/50005 [1:41:53<18:20:49,  1.43s/it]  8%|▊         | 3833/50005 [1:41:54<18:19:56,  1.43s/it]  8%|▊         | 3834/50005 [1:41:56<18:18:28,  1.43s/it]  8%|▊         | 3835/50005 [1:41:57<18:17:25,  1.43s/it]  8%|▊         | 3836/50005 [1:41:59<18:18:47,  1.43s/it]  8%|▊         | 3837/50005 [1:42:00<18:20:45,  1.43s/it]  8%|▊         | 3838/50005 [1:42:02<18:20:33,  1.43s/it]  8%|▊         | 3839/50005 [1:42:03<18:20:57,  1.43s/it]  8%|▊         | 3840/50005 [1:42:04<18:21:09,  1.43s/it]  8%|▊         | 3841/50005 [1:42:06<18:19:55,  1.43s/it]  8%|▊         | 3842/50005 [1:42:07<18:19:08,  1.43s/it]  8%|▊         | 3843/50005 [1:42:09<18:20:49,  1.43s/it]  8%|▊         | 3844/50005 [1:42:10<18:21:18,  1.43s/it]  8%|▊         | 3845/50005 [1:42:12<18:21:27,  1.43s/it]  8%|▊         | 3846/50005 [1:42:13<18:21:30,  1.43s/it]  8%|▊         | 3847/50005 [1:42:14<18:21:14,  1.43s/it]  8%|▊         | 3848/50005 [1:42:16<18:20:56,  1.43s/it]  8%|▊         | 3849/50005 [1:42:17<18:18:36,  1.43s/it]  8%|▊         | 3850/50005 [1:42:19<18:19:02,  1.43s/it]  8%|▊         | 3851/50005 [1:42:20<18:18:14,  1.43s/it]  8%|▊         | 3852/50005 [1:42:22<18:19:33,  1.43s/it]  8%|▊         | 3853/50005 [1:42:23<18:17:52,  1.43s/it]  8%|▊         | 3854/50005 [1:42:24<18:18:40,  1.43s/it]  8%|▊         | 3855/50005 [1:42:26<18:19:23,  1.43s/it]  8%|▊         | 3856/50005 [1:42:27<18:20:16,  1.43s/it]  8%|▊         | 3857/50005 [1:42:29<18:19:59,  1.43s/it]  8%|▊         | 3858/50005 [1:42:30<18:17:57,  1.43s/it]  8%|▊         | 3859/50005 [1:42:32<18:17:39,  1.43s/it]  8%|▊         | 3860/50005 [1:42:33<18:18:29,  1.43s/it]  8%|▊         | 3861/50005 [1:42:34<18:18:03,  1.43s/it]  8%|▊         | 3862/50005 [1:42:36<18:17:18,  1.43s/it]  8%|▊         | 3863/50005 [1:42:37<18:19:02,  1.43s/it]  8%|▊         | 3864/50005 [1:42:39<18:18:28,  1.43s/it]  8%|▊         | 3865/50005 [1:42:40<18:19:27,  1.43s/it]  8%|▊         | 3866/50005 [1:42:42<18:18:04,  1.43s/it]  8%|▊         | 3867/50005 [1:42:43<18:19:12,  1.43s/it]  8%|▊         | 3868/50005 [1:42:44<18:20:31,  1.43s/it]  8%|▊         | 3869/50005 [1:42:46<18:20:18,  1.43s/it]  8%|▊         | 3870/50005 [1:42:47<18:21:14,  1.43s/it]  8%|▊         | 3871/50005 [1:42:49<18:21:09,  1.43s/it]  8%|▊         | 3872/50005 [1:42:50<18:20:38,  1.43s/it]  8%|▊         | 3873/50005 [1:42:52<18:18:36,  1.43s/it]  8%|▊         | 3874/50005 [1:42:53<18:17:39,  1.43s/it]  8%|▊         | 3875/50005 [1:42:54<18:16:11,  1.43s/it]  8%|▊         | 3876/50005 [1:42:56<18:16:13,  1.43s/it]  8%|▊         | 3877/50005 [1:42:57<18:15:45,  1.43s/it]  8%|▊         | 3878/50005 [1:42:59<18:17:23,  1.43s/it]  8%|▊         | 3879/50005 [1:43:00<18:16:37,  1.43s/it]  8%|▊         | 3880/50005 [1:43:02<18:18:14,  1.43s/it]  8%|▊         | 3881/50005 [1:43:03<18:16:19,  1.43s/it]  8%|▊         | 3882/50005 [1:43:04<18:18:54,  1.43s/it]  8%|▊         | 3883/50005 [1:43:06<18:17:45,  1.43s/it]  8%|▊         | 3884/50005 [1:43:07<18:19:35,  1.43s/it]  8%|▊         | 3885/50005 [1:43:09<18:17:17,  1.43s/it]  8%|▊         | 3886/50005 [1:43:10<18:18:12,  1.43s/it]  8%|▊         | 3887/50005 [1:43:12<18:18:56,  1.43s/it]  8%|▊         | 3888/50005 [1:43:13<18:19:36,  1.43s/it]  8%|▊         | 3889/50005 [1:43:14<18:20:17,  1.43s/it]  8%|▊         | 3890/50005 [1:43:16<18:20:41,  1.43s/it]  8%|▊         | 3891/50005 [1:43:17<18:19:11,  1.43s/it]  8%|▊         | 3892/50005 [1:43:19<18:18:29,  1.43s/it]  8%|▊         | 3893/50005 [1:43:20<18:19:03,  1.43s/it]  8%|▊         | 3894/50005 [1:43:22<18:19:35,  1.43s/it]  8%|▊         | 3895/50005 [1:43:23<18:18:28,  1.43s/it]  8%|▊         | 3896/50005 [1:43:24<18:19:21,  1.43s/it]  8%|▊         | 3897/50005 [1:43:26<18:20:58,  1.43s/it]  8%|▊         | 3898/50005 [1:43:27<18:20:37,  1.43s/it]  8%|▊         | 3899/50005 [1:43:29<18:20:59,  1.43s/it]  8%|▊         | 3900/50005 [1:43:30<18:18:46,  1.43s/it]  8%|▊         | 3901/50005 [1:43:32<18:19:28,  1.43s/it]  8%|▊         | 3902/50005 [1:43:33<18:18:08,  1.43s/it]  8%|▊         | 3903/50005 [1:43:34<18:19:42,  1.43s/it]  8%|▊         | 3904/50005 [1:43:36<18:19:29,  1.43s/it]  8%|▊         | 3905/50005 [1:43:37<18:18:53,  1.43s/it]  8%|▊         | 3906/50005 [1:43:39<18:19:23,  1.43s/it]  8%|▊         | 3907/50005 [1:43:40<18:20:37,  1.43s/it]  8%|▊         | 3908/50005 [1:43:42<18:18:35,  1.43s/it]  8%|▊         | 3909/50005 [1:43:43<18:17:36,  1.43s/it]  8%|▊         | 3910/50005 [1:43:44<18:16:30,  1.43s/it]  8%|▊         | 3911/50005 [1:43:46<18:15:52,  1.43s/it]  8%|▊         | 3912/50005 [1:43:47<18:17:24,  1.43s/it]  8%|▊         | 3913/50005 [1:43:49<18:15:37,  1.43s/it]  8%|▊         | 3914/50005 [1:43:50<18:14:22,  1.42s/it]  8%|▊         | 3915/50005 [1:43:52<18:16:44,  1.43s/it]  8%|▊         | 3916/50005 [1:43:53<18:18:06,  1.43s/it]  8%|▊         | 3917/50005 [1:43:54<18:19:47,  1.43s/it]  8%|▊         | 3918/50005 [1:43:56<18:20:16,  1.43s/it]  8%|▊         | 3919/50005 [1:43:57<18:20:36,  1.43s/it]  8%|▊         | 3920/50005 [1:43:59<18:20:17,  1.43s/it]  8%|▊         | 3921/50005 [1:44:00<18:18:51,  1.43s/it]  8%|▊         | 3922/50005 [1:44:02<18:17:01,  1.43s/it]  8%|▊         | 3923/50005 [1:44:03<18:18:52,  1.43s/it]  8%|▊         | 3924/50005 [1:44:04<18:19:09,  1.43s/it]  8%|▊         | 3925/50005 [1:44:06<18:18:35,  1.43s/it]  8%|▊         | 3926/50005 [1:44:07<18:19:54,  1.43s/it]  8%|▊         | 3927/50005 [1:44:09<18:20:16,  1.43s/it]  8%|▊         | 3928/50005 [1:44:10<18:18:18,  1.43s/it]  8%|▊         | 3929/50005 [1:44:12<18:18:27,  1.43s/it]  8%|▊         | 3930/50005 [1:44:13<18:18:58,  1.43s/it]  8%|▊         | 3931/50005 [1:44:14<18:17:24,  1.43s/it]  8%|▊         | 3932/50005 [1:44:16<18:19:02,  1.43s/it]  8%|▊         | 3933/50005 [1:44:17<18:19:39,  1.43s/it]  8%|▊         | 3934/50005 [1:44:19<18:17:53,  1.43s/it]  8%|▊         | 3935/50005 [1:44:20<18:18:24,  1.43s/it]  8%|▊         | 3936/50005 [1:44:22<18:17:00,  1.43s/it]  8%|▊         | 3937/50005 [1:44:23<18:15:56,  1.43s/it]  8%|▊         | 3938/50005 [1:44:24<18:18:35,  1.43s/it]  8%|▊         | 3939/50005 [1:44:26<18:19:01,  1.43s/it]  8%|▊         | 3940/50005 [1:44:27<18:19:53,  1.43s/it]  8%|▊         | 3941/50005 [1:44:29<18:19:57,  1.43s/it]  8%|▊         | 3942/50005 [1:44:30<18:17:50,  1.43s/it]  8%|▊         | 3943/50005 [1:44:32<18:18:37,  1.43s/it]  8%|▊         | 3944/50005 [1:44:33<18:18:41,  1.43s/it]  8%|▊         | 3945/50005 [1:44:35<18:19:03,  1.43s/it]  8%|▊         | 3946/50005 [1:44:36<18:17:13,  1.43s/it]  8%|▊         | 3947/50005 [1:44:37<18:17:25,  1.43s/it]  8%|▊         | 3948/50005 [1:44:39<18:18:48,  1.43s/it]  8%|▊         | 3949/50005 [1:44:40<18:18:47,  1.43s/it]  8%|▊         | 3950/50005 [1:44:42<18:19:29,  1.43s/it]  8%|▊         | 3951/50005 [1:44:43<18:19:23,  1.43s/it]  8%|▊         | 3952/50005 [1:44:45<18:20:09,  1.43s/it]  8%|▊         | 3953/50005 [1:44:46<18:20:10,  1.43s/it]  8%|▊         | 3954/50005 [1:44:47<18:18:11,  1.43s/it]  8%|▊         | 3955/50005 [1:44:49<18:18:54,  1.43s/it]  8%|▊         | 3956/50005 [1:44:50<18:19:00,  1.43s/it]  8%|▊         | 3957/50005 [1:44:52<18:19:12,  1.43s/it]  8%|▊         | 3958/50005 [1:44:53<18:19:25,  1.43s/it]  8%|▊         | 3959/50005 [1:44:55<18:16:56,  1.43s/it]  8%|▊         | 3960/50005 [1:44:56<18:16:06,  1.43s/it]  8%|▊         | 3961/50005 [1:44:57<18:17:09,  1.43s/it]  8%|▊         | 3962/50005 [1:44:59<18:15:13,  1.43s/it]  8%|▊         | 3963/50005 [1:45:00<18:16:53,  1.43s/it]  8%|▊         | 3964/50005 [1:45:02<18:18:21,  1.43s/it]  8%|▊         | 3965/50005 [1:45:03<18:16:41,  1.43s/it]  8%|▊         | 3966/50005 [1:45:05<18:18:10,  1.43s/it]  8%|▊         | 3967/50005 [1:45:06<18:18:58,  1.43s/it]  8%|▊         | 3968/50005 [1:45:07<18:17:31,  1.43s/it]  8%|▊         | 3969/50005 [1:45:09<18:17:50,  1.43s/it]  8%|▊         | 3970/50005 [1:45:10<18:18:10,  1.43s/it]  8%|▊         | 3971/50005 [1:45:12<18:18:45,  1.43s/it]  8%|▊         | 3972/50005 [1:45:13<18:16:34,  1.43s/it]  8%|▊         | 3973/50005 [1:45:15<18:14:51,  1.43s/it]  8%|▊         | 3974/50005 [1:45:16<18:13:40,  1.43s/it]  8%|▊         | 3975/50005 [1:45:17<18:13:12,  1.43s/it]  8%|▊         | 3976/50005 [1:45:19<18:13:12,  1.43s/it]  8%|▊         | 3977/50005 [1:45:20<18:14:41,  1.43s/it]  8%|▊         | 3978/50005 [1:45:22<18:15:49,  1.43s/it]  8%|▊         | 3979/50005 [1:45:23<18:16:50,  1.43s/it]  8%|▊         | 3980/50005 [1:45:25<18:16:41,  1.43s/it]  8%|▊         | 3981/50005 [1:45:26<18:15:12,  1.43s/it]  8%|▊         | 3982/50005 [1:45:27<18:16:31,  1.43s/it]  8%|▊         | 3983/50005 [1:45:29<18:17:10,  1.43s/it]  8%|▊         | 3984/50005 [1:45:30<18:15:09,  1.43s/it]  8%|▊         | 3985/50005 [1:45:32<18:14:07,  1.43s/it]  8%|▊         | 3986/50005 [1:45:33<18:13:52,  1.43s/it]  8%|▊         | 3987/50005 [1:45:35<18:13:44,  1.43s/it]  8%|▊         | 3988/50005 [1:45:36<18:16:07,  1.43s/it]  8%|▊         | 3989/50005 [1:45:37<18:13:56,  1.43s/it]  8%|▊         | 3990/50005 [1:45:39<18:13:55,  1.43s/it]  8%|▊         | 3991/50005 [1:45:40<18:15:21,  1.43s/it]  8%|▊         | 3992/50005 [1:45:42<18:15:37,  1.43s/it]  8%|▊         | 3993/50005 [1:45:43<18:14:34,  1.43s/it]  8%|▊         | 3994/50005 [1:45:45<18:15:39,  1.43s/it]  8%|▊         | 3995/50005 [1:45:46<18:16:23,  1.43s/it]  8%|▊         | 3996/50005 [1:45:47<18:15:33,  1.43s/it]  8%|▊         | 3997/50005 [1:45:49<18:16:29,  1.43s/it]  8%|▊         | 3998/50005 [1:45:50<18:15:59,  1.43s/it]  8%|▊         | 3999/50005 [1:45:52<18:16:46,  1.43s/it]  8%|▊         | 4000/50005 [1:45:53<18:17:14,  1.43s/it]  8%|▊         | 4001/50005 [1:45:55<18:20:59,  1.44s/it]
Validation:   0%|          | 0/100 [00:00<?, ?it/s][A
Validation:   1%|          | 1/100 [00:01<01:39,  1.00s/it][A
Validation:   2%|▏         | 2/100 [00:01<01:15,  1.29it/s][A
Validation:   3%|▎         | 3/100 [00:02<01:08,  1.42it/s][A
Validation:   4%|▍         | 4/100 [00:02<01:04,  1.50it/s][A
Validation:   5%|▌         | 5/100 [00:03<01:01,  1.54it/s][A
Validation:   6%|▌         | 6/100 [00:04<00:59,  1.57it/s][A
Validation:   7%|▋         | 7/100 [00:04<00:58,  1.58it/s][A
Validation:   8%|▊         | 8/100 [00:05<00:57,  1.60it/s][A
Validation:   9%|▉         | 9/100 [00:05<00:56,  1.60it/s][A
Validation:  10%|█         | 10/100 [00:06<00:55,  1.61it/s][A
Validation:  11%|█         | 11/100 [00:07<00:55,  1.61it/s][A
Validation:  12%|█▏        | 12/100 [00:07<00:54,  1.62it/s][A
Validation:  13%|█▎        | 13/100 [00:08<00:53,  1.62it/s][A
Validation:  14%|█▍        | 14/100 [00:09<00:53,  1.62it/s][A
Validation:  15%|█▌        | 15/100 [00:09<00:52,  1.62it/s][A
Validation:  16%|█▌        | 16/100 [00:10<00:51,  1.62it/s][A
Validation:  17%|█▋        | 17/100 [00:10<00:51,  1.62it/s][A
Validation:  18%|█▊        | 18/100 [00:11<00:50,  1.62it/s][A
Validation:  19%|█▉        | 19/100 [00:12<00:49,  1.62it/s][A
Validation:  20%|██        | 20/100 [00:12<00:49,  1.62it/s][A
Validation:  21%|██        | 21/100 [00:13<00:48,  1.62it/s][A
Validation:  22%|██▏       | 22/100 [00:13<00:48,  1.62it/s][A
Validation:  23%|██▎       | 23/100 [00:14<00:47,  1.62it/s][A
Validation:  24%|██▍       | 24/100 [00:15<00:46,  1.62it/s][A
Validation:  25%|██▌       | 25/100 [00:15<00:46,  1.62it/s][A
Validation:  26%|██▌       | 26/100 [00:16<00:45,  1.62it/s][A
Validation:  27%|██▋       | 27/100 [00:17<00:45,  1.62it/s][A
Validation:  28%|██▊       | 28/100 [00:17<00:44,  1.62it/s][A
Validation:  29%|██▉       | 29/100 [00:18<00:43,  1.62it/s][A
Validation:  30%|███       | 30/100 [00:18<00:43,  1.62it/s][A
Validation:  31%|███       | 31/100 [00:19<00:42,  1.62it/s][A
Validation:  32%|███▏      | 32/100 [00:20<00:41,  1.62it/s][A
Validation:  33%|███▎      | 33/100 [00:20<00:41,  1.62it/s][A
Validation:  34%|███▍      | 34/100 [00:21<00:40,  1.62it/s][A
Validation:  35%|███▌      | 35/100 [00:21<00:40,  1.62it/s][A
Validation:  36%|███▌      | 36/100 [00:22<00:39,  1.62it/s][A
Validation:  37%|███▋      | 37/100 [00:23<00:38,  1.62it/s][A
Validation:  38%|███▊      | 38/100 [00:23<00:38,  1.62it/s][A
Validation:  39%|███▉      | 39/100 [00:24<00:37,  1.62it/s][A
Validation:  40%|████      | 40/100 [00:25<00:37,  1.62it/s][A
Validation:  41%|████      | 41/100 [00:25<00:36,  1.62it/s][A
Validation:  42%|████▏     | 42/100 [00:26<00:35,  1.62it/s][A
Validation:  43%|████▎     | 43/100 [00:26<00:35,  1.62it/s][A
Validation:  44%|████▍     | 44/100 [00:27<00:34,  1.62it/s][A
Validation:  45%|████▌     | 45/100 [00:28<00:33,  1.62it/s][A
Validation:  46%|████▌     | 46/100 [00:28<00:33,  1.62it/s][A
Validation:  47%|████▋     | 47/100 [00:29<00:32,  1.62it/s][A
Validation:  48%|████▊     | 48/100 [00:29<00:32,  1.62it/s][A
Validation:  49%|████▉     | 49/100 [00:30<00:31,  1.62it/s][A
Validation:  50%|█████     | 50/100 [00:31<00:30,  1.62it/s][A
Validation:  51%|█████     | 51/100 [00:31<00:30,  1.62it/s][A
Validation:  52%|█████▏    | 52/100 [00:32<00:29,  1.62it/s][A
Validation:  53%|█████▎    | 53/100 [00:33<00:29,  1.62it/s][A
Validation:  54%|█████▍    | 54/100 [00:33<00:28,  1.62it/s][A
Validation:  55%|█████▌    | 55/100 [00:34<00:27,  1.62it/s][A
Validation:  56%|█████▌    | 56/100 [00:34<00:27,  1.62it/s][A
Validation:  57%|█████▋    | 57/100 [00:35<00:26,  1.62it/s][A
Validation:  58%|█████▊    | 58/100 [00:36<00:25,  1.62it/s][A
Validation:  59%|█████▉    | 59/100 [00:36<00:25,  1.62it/s][A
Validation:  60%|██████    | 60/100 [00:37<00:24,  1.62it/s][A
Validation:  61%|██████    | 61/100 [00:38<00:24,  1.62it/s][A
Validation:  62%|██████▏   | 62/100 [00:38<00:23,  1.62it/s][A
Validation:  63%|██████▎   | 63/100 [00:39<00:22,  1.62it/s][A
Validation:  64%|██████▍   | 64/100 [00:39<00:22,  1.62it/s][A
Validation:  65%|██████▌   | 65/100 [00:40<00:21,  1.62it/s][A
Validation:  66%|██████▌   | 66/100 [00:41<00:20,  1.62it/s][A
Validation:  67%|██████▋   | 67/100 [00:41<00:20,  1.62it/s][A
Validation:  68%|██████▊   | 68/100 [00:42<00:19,  1.62it/s][A
Validation:  69%|██████▉   | 69/100 [00:42<00:19,  1.62it/s][A
Validation:  70%|███████   | 70/100 [00:43<00:18,  1.62it/s][A
Validation:  71%|███████   | 71/100 [00:44<00:17,  1.62it/s][A
Validation:  72%|███████▏  | 72/100 [00:44<00:17,  1.62it/s][A
Validation:  73%|███████▎  | 73/100 [00:45<00:16,  1.62it/s][A
Validation:  74%|███████▍  | 74/100 [00:46<00:16,  1.62it/s][A
Validation:  75%|███████▌  | 75/100 [00:46<00:15,  1.62it/s][A
Validation:  76%|███████▌  | 76/100 [00:47<00:14,  1.62it/s][A
Validation:  77%|███████▋  | 77/100 [00:47<00:14,  1.62it/s][A
Validation:  78%|███████▊  | 78/100 [00:48<00:13,  1.62it/s][A
Validation:  79%|███████▉  | 79/100 [00:49<00:12,  1.62it/s][A
Validation:  80%|████████  | 80/100 [00:49<00:12,  1.62it/s][A
Validation:  81%|████████  | 81/100 [00:50<00:11,  1.62it/s][A
Validation:  82%|████████▏ | 82/100 [00:50<00:11,  1.63it/s][A
Validation:  83%|████████▎ | 83/100 [00:51<00:10,  1.63it/s][A
Validation:  84%|████████▍ | 84/100 [00:52<00:09,  1.63it/s][A
Validation:  85%|████████▌ | 85/100 [00:52<00:09,  1.63it/s][A
Validation:  86%|████████▌ | 86/100 [00:53<00:08,  1.63it/s][A
Validation:  87%|████████▋ | 87/100 [00:54<00:07,  1.63it/s][A
Validation:  88%|████████▊ | 88/100 [00:54<00:07,  1.63it/s][A
Validation:  89%|████████▉ | 89/100 [00:55<00:06,  1.62it/s][A
Validation:  90%|█████████ | 90/100 [00:55<00:06,  1.62it/s][A
Validation:  91%|█████████ | 91/100 [00:56<00:05,  1.63it/s][A
Validation:  92%|█████████▏| 92/100 [00:57<00:04,  1.62it/s][A
Validation:  93%|█████████▎| 93/100 [00:57<00:04,  1.62it/s][A
Validation:  94%|█████████▍| 94/100 [00:58<00:03,  1.62it/s][A
Validation:  95%|█████████▌| 95/100 [00:58<00:03,  1.62it/s][A
Validation:  96%|█████████▌| 96/100 [00:59<00:02,  1.62it/s][A
Validation:  97%|█████████▋| 97/100 [01:00<00:01,  1.63it/s][A
Validation:  98%|█████████▊| 98/100 [01:00<00:01,  1.62it/s][A
Validation:  99%|█████████▉| 99/100 [01:01<00:00,  1.62it/s][A
Validation: 100%|██████████| 100/100 [01:02<00:00,  1.62it/s][A
                                                             [A  8%|▊         | 4002/50005 [1:46:58<256:28:35, 20.07s/it]  8%|▊         | 4003/50005 [1:47:00<185:00:52, 14.48s/it]  8%|▊         | 4004/50005 [1:47:01<135:00:34, 10.57s/it]  8%|▊         | 4005/50005 [1:47:02<99:59:57,  7.83s/it]   8%|▊         | 4006/50005 [1:47:04<75:26:43,  5.90s/it]  8%|▊         | 4007/50005 [1:47:05<58:18:43,  4.56s/it]  8%|▊         | 4008/50005 [1:47:07<46:18:13,  3.62s/it]  8%|▊         | 4009/50005 [1:47:08<37:51:57,  2.96s/it]  8%|▊         | 4010/50005 [1:47:10<31:57:51,  2.50s/it]  8%|▊         | 4011/50005 [1:47:11<27:52:13,  2.18s/it]  8%|▊         | 4012/50005 [1:47:12<25:00:48,  1.96s/it]  8%|▊         | 4013/50005 [1:47:14<22:59:51,  1.80s/it]  8%|▊         | 4014/50005 [1:47:15<21:34:50,  1.69s/it]  8%|▊         | 4015/50005 [1:47:17<20:35:36,  1.61s/it]  8%|▊         | 4016/50005 [1:47:18<19:55:08,  1.56s/it]  8%|▊         | 4017/50005 [1:47:20<19:26:07,  1.52s/it]  8%|▊         | 4018/50005 [1:47:21<19:05:56,  1.50s/it]  8%|▊         | 4019/50005 [1:47:22<18:48:53,  1.47s/it]  8%|▊         | 4020/50005 [1:47:24<18:39:51,  1.46s/it]  8%|▊         | 4021/50005 [1:47:25<18:31:08,  1.45s/it]  8%|▊         | 4022/50005 [1:47:27<18:27:29,  1.45s/it]  8%|▊         | 4023/50005 [1:47:28<18:22:00,  1.44s/it]  8%|▊         | 4024/50005 [1:47:30<18:19:29,  1.43s/it]  8%|▊         | 4025/50005 [1:47:31<18:18:55,  1.43s/it]  8%|▊         | 4026/50005 [1:47:32<18:18:16,  1.43s/it]  8%|▊         | 4027/50005 [1:47:34<18:17:36,  1.43s/it]  8%|▊         | 4028/50005 [1:47:35<18:15:38,  1.43s/it]  8%|▊         | 4029/50005 [1:47:37<18:15:41,  1.43s/it]  8%|▊         | 4030/50005 [1:47:38<18:16:13,  1.43s/it]  8%|▊         | 4031/50005 [1:47:40<18:16:59,  1.43s/it]  8%|▊         | 4032/50005 [1:47:41<18:16:10,  1.43s/it]  8%|▊         | 4033/50005 [1:47:42<18:14:45,  1.43s/it]  8%|▊         | 4034/50005 [1:47:44<18:15:45,  1.43s/it]  8%|▊         | 4035/50005 [1:47:45<18:16:33,  1.43s/it]  8%|▊         | 4036/50005 [1:47:47<18:14:38,  1.43s/it]  8%|▊         | 4037/50005 [1:47:48<18:13:35,  1.43s/it]  8%|▊         | 4038/50005 [1:47:50<18:13:25,  1.43s/it]  8%|▊         | 4039/50005 [1:47:51<18:14:39,  1.43s/it]  8%|▊         | 4040/50005 [1:47:52<18:16:35,  1.43s/it]  8%|▊         | 4041/50005 [1:47:54<18:14:28,  1.43s/it]  8%|▊         | 4042/50005 [1:47:55<18:15:04,  1.43s/it]  8%|▊         | 4043/50005 [1:47:57<18:15:38,  1.43s/it]  8%|▊         | 4044/50005 [1:47:58<18:16:28,  1.43s/it]  8%|▊         | 4045/50005 [1:48:00<18:16:22,  1.43s/it]  8%|▊         | 4046/50005 [1:48:01<18:17:25,  1.43s/it]  8%|▊         | 4047/50005 [1:48:02<18:15:11,  1.43s/it]  8%|▊         | 4048/50005 [1:48:04<18:14:19,  1.43s/it]  8%|▊         | 4049/50005 [1:48:05<18:14:53,  1.43s/it]  8%|▊         | 4050/50005 [1:48:07<18:16:11,  1.43s/it]  8%|▊         | 4051/50005 [1:48:08<18:16:30,  1.43s/it]  8%|▊         | 4052/50005 [1:48:10<18:14:52,  1.43s/it]  8%|▊         | 4053/50005 [1:48:11<18:13:50,  1.43s/it]  8%|▊         | 4054/50005 [1:48:12<18:14:50,  1.43s/it]  8%|▊         | 4055/50005 [1:48:14<18:15:20,  1.43s/it]  8%|▊         | 4056/50005 [1:48:15<18:13:39,  1.43s/it]  8%|▊         | 4057/50005 [1:48:17<18:12:40,  1.43s/it]  8%|▊         | 4058/50005 [1:48:18<18:12:30,  1.43s/it]  8%|▊         | 4059/50005 [1:48:20<18:13:28,  1.43s/it]  8%|▊         | 4060/50005 [1:48:21<18:14:49,  1.43s/it]  8%|▊         | 4061/50005 [1:48:22<18:15:34,  1.43s/it]  8%|▊         | 4062/50005 [1:48:24<18:16:11,  1.43s/it]  8%|▊         | 4063/50005 [1:48:25<18:13:46,  1.43s/it]  8%|▊         | 4064/50005 [1:48:27<18:14:31,  1.43s/it]  8%|▊         | 4065/50005 [1:48:28<18:12:24,  1.43s/it]  8%|▊         | 4066/50005 [1:48:30<18:14:23,  1.43s/it]  8%|▊         | 4067/50005 [1:48:31<18:14:42,  1.43s/it]  8%|▊         | 4068/50005 [1:48:32<18:15:14,  1.43s/it]  8%|▊         | 4069/50005 [1:48:34<18:15:47,  1.43s/it]  8%|▊         | 4070/50005 [1:48:35<18:13:45,  1.43s/it]  8%|▊         | 4071/50005 [1:48:37<18:14:58,  1.43s/it]  8%|▊         | 4072/50005 [1:48:38<18:15:18,  1.43s/it]  8%|▊         | 4073/50005 [1:48:40<18:15:28,  1.43s/it]  8%|▊         | 4074/50005 [1:48:41<18:16:09,  1.43s/it]  8%|▊         | 4075/50005 [1:48:43<18:15:34,  1.43s/it]  8%|▊         | 4076/50005 [1:48:44<18:13:10,  1.43s/it]  8%|▊         | 4077/50005 [1:48:45<18:14:40,  1.43s/it]  8%|▊         | 4078/50005 [1:48:47<18:14:56,  1.43s/it]  8%|▊         | 4079/50005 [1:48:48<18:15:57,  1.43s/it]  8%|▊         | 4080/50005 [1:48:50<18:15:50,  1.43s/it]  8%|▊         | 4081/50005 [1:48:51<18:15:50,  1.43s/it]  8%|▊         | 4082/50005 [1:48:53<18:14:01,  1.43s/it]  8%|▊         | 4083/50005 [1:48:54<18:14:52,  1.43s/it]  8%|▊         | 4084/50005 [1:48:55<18:13:02,  1.43s/it]  8%|▊         | 4085/50005 [1:48:57<18:11:50,  1.43s/it]  8%|▊         | 4086/50005 [1:48:58<18:12:53,  1.43s/it]  8%|▊         | 4087/50005 [1:49:00<18:14:47,  1.43s/it]  8%|▊         | 4088/50005 [1:49:01<18:13:52,  1.43s/it]  8%|▊         | 4089/50005 [1:49:03<18:14:12,  1.43s/it]  8%|▊         | 4090/50005 [1:49:04<18:14:43,  1.43s/it]  8%|▊         | 4091/50005 [1:49:05<18:14:58,  1.43s/it]  8%|▊         | 4092/50005 [1:49:07<18:14:30,  1.43s/it]  8%|▊         | 4093/50005 [1:49:08<18:14:59,  1.43s/it]  8%|▊         | 4094/50005 [1:49:10<18:15:31,  1.43s/it]  8%|▊         | 4095/50005 [1:49:11<18:13:15,  1.43s/it]  8%|▊         | 4096/50005 [1:49:13<18:15:17,  1.43s/it]  8%|▊         | 4097/50005 [1:49:14<18:15:34,  1.43s/it]  8%|▊         | 4098/50005 [1:49:15<18:16:32,  1.43s/it]  8%|▊         | 4099/50005 [1:49:17<18:16:19,  1.43s/it]  8%|▊         | 4100/50005 [1:49:18<18:16:28,  1.43s/it]  8%|▊         | 4101/50005 [1:49:20<18:13:53,  1.43s/it]  8%|▊         | 4102/50005 [1:49:21<18:13:21,  1.43s/it]  8%|▊         | 4103/50005 [1:49:23<18:13:43,  1.43s/it]  8%|▊         | 4104/50005 [1:49:24<18:14:30,  1.43s/it]  8%|▊         | 4105/50005 [1:49:25<18:14:16,  1.43s/it]  8%|▊         | 4106/50005 [1:49:27<18:12:59,  1.43s/it]  8%|▊         | 4107/50005 [1:49:28<18:13:41,  1.43s/it]  8%|▊         | 4108/50005 [1:49:30<18:14:09,  1.43s/it]  8%|▊         | 4109/50005 [1:49:31<18:14:28,  1.43s/it]  8%|▊         | 4110/50005 [1:49:33<18:13:38,  1.43s/it]  8%|▊         | 4111/50005 [1:49:34<18:14:15,  1.43s/it]  8%|▊         | 4112/50005 [1:49:35<18:15:56,  1.43s/it]  8%|▊         | 4113/50005 [1:49:37<18:15:48,  1.43s/it]  8%|▊         | 4114/50005 [1:49:38<18:15:19,  1.43s/it]  8%|▊         | 4115/50005 [1:49:40<18:15:05,  1.43s/it]  8%|▊         | 4116/50005 [1:49:41<18:15:41,  1.43s/it]  8%|▊         | 4117/50005 [1:49:43<18:15:13,  1.43s/it]  8%|▊         | 4118/50005 [1:49:44<18:15:33,  1.43s/it]  8%|▊         | 4119/50005 [1:49:45<18:12:31,  1.43s/it]  8%|▊         | 4120/50005 [1:49:47<18:13:52,  1.43s/it]  8%|▊         | 4121/50005 [1:49:48<18:12:19,  1.43s/it]  8%|▊         | 4122/50005 [1:49:50<18:13:11,  1.43s/it]  8%|▊         | 4123/50005 [1:49:51<18:13:37,  1.43s/it]  8%|▊         | 4124/50005 [1:49:53<18:14:10,  1.43s/it]  8%|▊         | 4125/50005 [1:49:54<18:14:18,  1.43s/it]  8%|▊         | 4126/50005 [1:49:55<18:14:32,  1.43s/it]  8%|▊         | 4127/50005 [1:49:57<18:14:30,  1.43s/it]  8%|▊         | 4128/50005 [1:49:58<18:15:48,  1.43s/it]  8%|▊         | 4129/50005 [1:50:00<18:12:55,  1.43s/it]  8%|▊         | 4130/50005 [1:50:01<18:12:07,  1.43s/it]  8%|▊         | 4131/50005 [1:50:03<18:12:45,  1.43s/it]  8%|▊         | 4132/50005 [1:50:04<18:12:12,  1.43s/it]  8%|▊         | 4133/50005 [1:50:05<18:10:43,  1.43s/it]  8%|▊         | 4134/50005 [1:50:07<18:11:38,  1.43s/it]  8%|▊         | 4135/50005 [1:50:08<18:09:38,  1.43s/it]  8%|▊         | 4136/50005 [1:50:10<18:11:56,  1.43s/it]  8%|▊         | 4137/50005 [1:50:11<18:12:41,  1.43s/it]  8%|▊         | 4138/50005 [1:50:13<18:13:38,  1.43s/it]  8%|▊         | 4139/50005 [1:50:14<18:12:00,  1.43s/it]  8%|▊         | 4140/50005 [1:50:15<18:10:25,  1.43s/it]  8%|▊         | 4141/50005 [1:50:17<18:11:30,  1.43s/it]  8%|▊         | 4142/50005 [1:50:18<18:10:44,  1.43s/it]  8%|▊         | 4143/50005 [1:50:20<18:11:36,  1.43s/it]  8%|▊         | 4144/50005 [1:50:21<18:12:12,  1.43s/it]  8%|▊         | 4145/50005 [1:50:23<18:11:18,  1.43s/it]  8%|▊         | 4146/50005 [1:50:24<18:09:40,  1.43s/it]  8%|▊         | 4147/50005 [1:50:25<18:09:24,  1.43s/it]  8%|▊         | 4148/50005 [1:50:27<18:10:33,  1.43s/it]  8%|▊         | 4149/50005 [1:50:28<18:11:46,  1.43s/it]  8%|▊         | 4150/50005 [1:50:30<18:13:29,  1.43s/it]  8%|▊         | 4151/50005 [1:50:31<18:13:46,  1.43s/it]  8%|▊         | 4152/50005 [1:50:33<18:14:57,  1.43s/it]  8%|▊         | 4153/50005 [1:50:34<18:13:01,  1.43s/it]  8%|▊         | 4154/50005 [1:50:35<18:14:14,  1.43s/it]  8%|▊         | 4155/50005 [1:50:37<18:12:05,  1.43s/it]  8%|▊         | 4156/50005 [1:50:38<18:11:41,  1.43s/it]  8%|▊         | 4157/50005 [1:50:40<18:11:40,  1.43s/it]  8%|▊         | 4158/50005 [1:50:41<18:13:06,  1.43s/it]  8%|▊         | 4159/50005 [1:50:43<18:13:48,  1.43s/it]  8%|▊         | 4160/50005 [1:50:44<18:11:52,  1.43s/it]  8%|▊         | 4161/50005 [1:50:45<18:10:40,  1.43s/it]  8%|▊         | 4162/50005 [1:50:47<18:10:21,  1.43s/it]  8%|▊         | 4163/50005 [1:50:48<18:09:12,  1.43s/it]  8%|▊         | 4164/50005 [1:50:50<18:10:10,  1.43s/it]  8%|▊         | 4165/50005 [1:50:51<18:10:59,  1.43s/it]  8%|▊         | 4166/50005 [1:50:53<18:10:22,  1.43s/it]  8%|▊         | 4167/50005 [1:50:54<18:11:10,  1.43s/it]  8%|▊         | 4168/50005 [1:50:55<18:09:16,  1.43s/it]  8%|▊         | 4169/50005 [1:50:57<18:08:49,  1.43s/it]  8%|▊         | 4170/50005 [1:50:58<18:10:25,  1.43s/it]  8%|▊         | 4171/50005 [1:51:00<18:11:29,  1.43s/it]  8%|▊         | 4172/50005 [1:51:01<18:12:44,  1.43s/it]  8%|▊         | 4173/50005 [1:51:03<18:10:38,  1.43s/it]  8%|▊         | 4174/50005 [1:51:04<18:12:26,  1.43s/it]  8%|▊         | 4175/50005 [1:51:05<18:13:01,  1.43s/it]  8%|▊         | 4176/50005 [1:51:07<18:13:41,  1.43s/it]  8%|▊         | 4177/50005 [1:51:08<18:11:49,  1.43s/it]  8%|▊         | 4178/50005 [1:51:10<18:12:36,  1.43s/it]  8%|▊         | 4179/50005 [1:51:11<18:11:04,  1.43s/it]  8%|▊         | 4180/50005 [1:51:13<18:10:45,  1.43s/it]  8%|▊         | 4181/50005 [1:51:14<18:11:03,  1.43s/it]  8%|▊         | 4182/50005 [1:51:15<18:11:54,  1.43s/it]  8%|▊         | 4183/50005 [1:51:17<18:10:22,  1.43s/it]  8%|▊         | 4184/50005 [1:51:18<18:12:10,  1.43s/it]  8%|▊         | 4185/50005 [1:51:20<18:10:51,  1.43s/it]  8%|▊         | 4186/50005 [1:51:21<18:09:57,  1.43s/it]  8%|▊         | 4187/50005 [1:51:23<18:09:07,  1.43s/it]  8%|▊         | 4188/50005 [1:51:24<18:08:59,  1.43s/it]  8%|▊         | 4189/50005 [1:51:25<18:07:41,  1.42s/it]  8%|▊         | 4190/50005 [1:51:27<18:08:25,  1.43s/it]  8%|▊         | 4191/50005 [1:51:28<18:09:59,  1.43s/it]  8%|▊         | 4192/50005 [1:51:30<18:11:51,  1.43s/it]  8%|▊         | 4193/50005 [1:51:31<18:10:17,  1.43s/it]  8%|▊         | 4194/50005 [1:51:33<18:08:52,  1.43s/it]  8%|▊         | 4195/50005 [1:51:34<18:10:29,  1.43s/it]  8%|▊         | 4196/50005 [1:51:35<18:12:13,  1.43s/it]  8%|▊         | 4197/50005 [1:51:37<18:10:19,  1.43s/it]  8%|▊         | 4198/50005 [1:51:38<18:09:23,  1.43s/it]  8%|▊         | 4199/50005 [1:51:40<18:08:27,  1.43s/it]  8%|▊         | 4200/50005 [1:51:41<18:08:11,  1.43s/it]  8%|▊         | 4201/50005 [1:51:43<18:09:19,  1.43s/it]  8%|▊         | 4202/50005 [1:51:44<18:11:17,  1.43s/it]  8%|▊         | 4203/50005 [1:51:45<18:11:54,  1.43s/it]  8%|▊         | 4204/50005 [1:51:47<18:09:27,  1.43s/it]  8%|▊         | 4205/50005 [1:51:48<18:10:36,  1.43s/it]  8%|▊         | 4206/50005 [1:51:50<18:12:13,  1.43s/it]  8%|▊         | 4207/50005 [1:51:51<18:12:05,  1.43s/it]  8%|▊         | 4208/50005 [1:51:53<18:13:17,  1.43s/it]  8%|▊         | 4209/50005 [1:51:54<18:13:25,  1.43s/it]  8%|▊         | 4210/50005 [1:51:55<18:12:19,  1.43s/it]  8%|▊         | 4211/50005 [1:51:57<18:12:18,  1.43s/it]  8%|▊         | 4212/50005 [1:51:58<18:10:06,  1.43s/it]  8%|▊         | 4213/50005 [1:52:00<18:10:52,  1.43s/it]  8%|▊         | 4214/50005 [1:52:01<18:09:49,  1.43s/it]  8%|▊         | 4215/50005 [1:52:03<18:10:45,  1.43s/it]  8%|▊         | 4216/50005 [1:52:04<18:11:18,  1.43s/it]  8%|▊         | 4217/50005 [1:52:05<18:11:44,  1.43s/it]  8%|▊         | 4218/50005 [1:52:07<18:11:27,  1.43s/it]  8%|▊         | 4219/50005 [1:52:08<18:09:51,  1.43s/it]  8%|▊         | 4220/50005 [1:52:10<18:08:31,  1.43s/it]  8%|▊         | 4221/50005 [1:52:11<18:09:43,  1.43s/it]  8%|▊         | 4222/50005 [1:52:13<18:11:34,  1.43s/it]  8%|▊         | 4223/50005 [1:52:14<18:11:32,  1.43s/it]  8%|▊         | 4224/50005 [1:52:15<18:10:22,  1.43s/it]  8%|▊         | 4225/50005 [1:52:17<18:09:18,  1.43s/it]  8%|▊         | 4226/50005 [1:52:18<18:10:40,  1.43s/it]  8%|▊         | 4227/50005 [1:52:20<18:11:11,  1.43s/it]  8%|▊         | 4228/50005 [1:52:21<18:11:20,  1.43s/it]  8%|▊         | 4229/50005 [1:52:23<18:11:55,  1.43s/it]  8%|▊         | 4230/50005 [1:52:24<18:12:10,  1.43s/it]  8%|▊         | 4231/50005 [1:52:26<18:13:03,  1.43s/it]  8%|▊         | 4232/50005 [1:52:27<18:13:52,  1.43s/it]  8%|▊         | 4233/50005 [1:52:28<18:11:28,  1.43s/it]  8%|▊         | 4234/50005 [1:52:30<18:12:21,  1.43s/it]  8%|▊         | 4235/50005 [1:52:31<18:12:24,  1.43s/it]  8%|▊         | 4236/50005 [1:52:33<18:12:22,  1.43s/it]  8%|▊         | 4237/50005 [1:52:34<18:12:13,  1.43s/it]  8%|▊         | 4238/50005 [1:52:36<18:12:47,  1.43s/it]  8%|▊         | 4239/50005 [1:52:37<18:12:36,  1.43s/it]  8%|▊         | 4240/50005 [1:52:38<18:12:49,  1.43s/it]  8%|▊         | 4241/50005 [1:52:40<18:10:13,  1.43s/it]  8%|▊         | 4242/50005 [1:52:41<18:09:00,  1.43s/it]  8%|▊         | 4243/50005 [1:52:43<18:10:30,  1.43s/it]  8%|▊         | 4244/50005 [1:52:44<18:11:12,  1.43s/it]  8%|▊         | 4245/50005 [1:52:46<18:09:34,  1.43s/it]  8%|▊         | 4246/50005 [1:52:47<18:11:08,  1.43s/it]  8%|▊         | 4247/50005 [1:52:48<18:10:04,  1.43s/it]  8%|▊         | 4248/50005 [1:52:50<18:11:29,  1.43s/it]  8%|▊         | 4249/50005 [1:52:51<18:12:34,  1.43s/it]  8%|▊         | 4250/50005 [1:52:53<18:13:02,  1.43s/it]  9%|▊         | 4251/50005 [1:52:54<18:11:32,  1.43s/it]  9%|▊         | 4252/50005 [1:52:56<18:11:36,  1.43s/it]  9%|▊         | 4253/50005 [1:52:57<18:10:39,  1.43s/it]  9%|▊         | 4254/50005 [1:52:58<18:11:25,  1.43s/it]  9%|▊         | 4255/50005 [1:53:00<18:11:55,  1.43s/it]  9%|▊         | 4256/50005 [1:53:01<18:12:06,  1.43s/it]  9%|▊         | 4257/50005 [1:53:03<18:11:02,  1.43s/it]  9%|▊         | 4258/50005 [1:53:04<18:10:00,  1.43s/it]  9%|▊         | 4259/50005 [1:53:06<18:11:59,  1.43s/it]  9%|▊         | 4260/50005 [1:53:07<18:12:48,  1.43s/it]  9%|▊         | 4261/50005 [1:53:08<18:11:03,  1.43s/it]  9%|▊         | 4262/50005 [1:53:10<18:10:38,  1.43s/it]  9%|▊         | 4263/50005 [1:53:11<18:09:16,  1.43s/it]  9%|▊         | 4264/50005 [1:53:13<18:11:29,  1.43s/it]  9%|▊         | 4265/50005 [1:53:14<18:11:23,  1.43s/it]  9%|▊         | 4266/50005 [1:53:16<18:12:14,  1.43s/it]  9%|▊         | 4267/50005 [1:53:17<18:12:28,  1.43s/it]  9%|▊         | 4268/50005 [1:53:18<18:13:19,  1.43s/it]  9%|▊         | 4269/50005 [1:53:21<21:02:15,  1.66s/it]  9%|▊         | 4270/50005 [1:53:22<20:12:11,  1.59s/it]  9%|▊         | 4271/50005 [1:53:24<19:34:14,  1.54s/it]  9%|▊         | 4272/50005 [1:53:25<19:07:59,  1.51s/it]  9%|▊         | 4273/50005 [1:53:26<18:51:34,  1.48s/it]  9%|▊         | 4274/50005 [1:53:28<18:39:17,  1.47s/it]  9%|▊         | 4275/50005 [1:53:29<18:31:41,  1.46s/it]  9%|▊         | 4276/50005 [1:53:31<18:26:55,  1.45s/it]  9%|▊         | 4277/50005 [1:53:32<18:23:02,  1.45s/it]  9%|▊         | 4278/50005 [1:53:34<18:20:25,  1.44s/it]  9%|▊         | 4279/50005 [1:53:35<18:17:34,  1.44s/it]  9%|▊         | 4280/50005 [1:53:36<18:16:22,  1.44s/it]  9%|▊         | 4281/50005 [1:53:38<18:12:52,  1.43s/it]  9%|▊         | 4282/50005 [1:53:39<18:11:37,  1.43s/it]  9%|▊         | 4283/50005 [1:53:41<18:09:10,  1.43s/it]  9%|▊         | 4284/50005 [1:53:42<18:11:05,  1.43s/it]  9%|▊         | 4285/50005 [1:53:44<18:11:05,  1.43s/it]  9%|▊         | 4286/50005 [1:53:45<18:11:21,  1.43s/it]  9%|▊         | 4287/50005 [1:53:46<18:11:30,  1.43s/it]  9%|▊         | 4288/50005 [1:53:48<18:09:24,  1.43s/it]  9%|▊         | 4289/50005 [1:53:49<18:07:35,  1.43s/it]  9%|▊         | 4290/50005 [1:53:51<18:08:17,  1.43s/it]  9%|▊         | 4291/50005 [1:53:52<18:09:21,  1.43s/it]  9%|▊         | 4292/50005 [1:53:54<18:07:21,  1.43s/it]  9%|▊         | 4293/50005 [1:53:55<18:08:22,  1.43s/it]  9%|▊         | 4294/50005 [1:53:56<18:08:51,  1.43s/it]  9%|▊         | 4295/50005 [1:53:58<18:08:21,  1.43s/it]  9%|▊         | 4296/50005 [1:53:59<18:08:08,  1.43s/it]  9%|▊         | 4297/50005 [1:54:01<18:07:11,  1.43s/it]  9%|▊         | 4298/50005 [1:54:02<18:07:39,  1.43s/it]  9%|▊         | 4299/50005 [1:54:04<18:08:45,  1.43s/it]  9%|▊         | 4300/50005 [1:54:05<18:08:05,  1.43s/it]  9%|▊         | 4301/50005 [1:54:06<18:07:45,  1.43s/it]  9%|▊         | 4302/50005 [1:54:08<18:08:11,  1.43s/it]  9%|▊         | 4303/50005 [1:54:09<18:09:08,  1.43s/it]  9%|▊         | 4304/50005 [1:54:11<18:09:53,  1.43s/it]  9%|▊         | 4305/50005 [1:54:12<18:09:56,  1.43s/it]  9%|▊         | 4306/50005 [1:54:14<18:08:22,  1.43s/it]  9%|▊         | 4307/50005 [1:54:15<18:09:02,  1.43s/it]  9%|▊         | 4308/50005 [1:54:16<18:07:01,  1.43s/it]  9%|▊         | 4309/50005 [1:54:18<18:07:57,  1.43s/it]  9%|▊         | 4310/50005 [1:54:19<18:09:16,  1.43s/it]  9%|▊         | 4311/50005 [1:54:21<18:09:34,  1.43s/it]  9%|▊         | 4312/50005 [1:54:22<18:10:58,  1.43s/it]  9%|▊         | 4313/50005 [1:54:24<18:11:28,  1.43s/it]  9%|▊         | 4314/50005 [1:54:25<18:12:19,  1.43s/it]  9%|▊         | 4315/50005 [1:54:26<18:11:38,  1.43s/it]  9%|▊         | 4316/50005 [1:54:28<18:10:35,  1.43s/it]  9%|▊         | 4317/50005 [1:54:29<18:11:20,  1.43s/it]  9%|▊         | 4318/50005 [1:54:31<18:09:35,  1.43s/it]  9%|▊         | 4319/50005 [1:54:32<18:08:10,  1.43s/it]  9%|▊         | 4320/50005 [1:54:34<18:06:45,  1.43s/it]  9%|▊         | 4321/50005 [1:54:35<18:07:52,  1.43s/it]  9%|▊         | 4322/50005 [1:54:36<18:09:37,  1.43s/it]  9%|▊         | 4323/50005 [1:54:38<18:09:57,  1.43s/it]  9%|▊         | 4324/50005 [1:54:39<18:08:28,  1.43s/it]  9%|▊         | 4325/50005 [1:54:41<18:08:46,  1.43s/it]  9%|▊         | 4326/50005 [1:54:42<18:07:09,  1.43s/it]  9%|▊         | 4327/50005 [1:54:44<18:08:34,  1.43s/it]  9%|▊         | 4328/50005 [1:54:45<18:08:04,  1.43s/it]  9%|▊         | 4329/50005 [1:54:46<18:07:26,  1.43s/it]  9%|▊         | 4330/50005 [1:54:48<18:05:44,  1.43s/it]  9%|▊         | 4331/50005 [1:54:49<18:06:43,  1.43s/it]  9%|▊         | 4332/50005 [1:54:51<18:07:22,  1.43s/it]  9%|▊         | 4333/50005 [1:54:52<18:08:10,  1.43s/it]  9%|▊         | 4334/50005 [1:54:54<18:08:58,  1.43s/it]  9%|▊         | 4335/50005 [1:54:55<18:09:13,  1.43s/it]  9%|▊         | 4336/50005 [1:54:56<18:09:28,  1.43s/it]  9%|▊         | 4337/50005 [1:54:58<18:09:33,  1.43s/it]  9%|▊         | 4338/50005 [1:54:59<18:09:55,  1.43s/it]  9%|▊         | 4339/50005 [1:55:01<18:10:02,  1.43s/it]  9%|▊         | 4340/50005 [1:55:02<18:09:16,  1.43s/it]  9%|▊         | 4341/50005 [1:55:04<18:06:57,  1.43s/it]  9%|▊         | 4342/50005 [1:55:05<18:07:51,  1.43s/it]  9%|▊         | 4343/50005 [1:55:06<18:08:00,  1.43s/it]  9%|▊         | 4344/50005 [1:55:08<18:07:08,  1.43s/it]  9%|▊         | 4345/50005 [1:55:09<18:07:47,  1.43s/it]  9%|▊         | 4346/50005 [1:55:11<18:08:48,  1.43s/it]  9%|▊         | 4347/50005 [1:55:12<18:08:48,  1.43s/it]  9%|▊         | 4348/50005 [1:55:14<18:08:49,  1.43s/it]  9%|▊         | 4349/50005 [1:55:15<18:06:32,  1.43s/it]  9%|▊         | 4350/50005 [1:55:16<18:07:59,  1.43s/it]  9%|▊         | 4351/50005 [1:55:18<18:08:12,  1.43s/it]  9%|▊         | 4352/50005 [1:55:19<18:07:20,  1.43s/it]  9%|▊         | 4353/50005 [1:55:21<18:06:04,  1.43s/it]  9%|▊         | 4354/50005 [1:55:22<18:06:47,  1.43s/it]  9%|▊         | 4355/50005 [1:55:24<18:06:49,  1.43s/it]  9%|▊         | 4356/50005 [1:55:25<18:07:19,  1.43s/it]  9%|▊         | 4357/50005 [1:55:26<18:07:35,  1.43s/it]  9%|▊         | 4358/50005 [1:55:28<18:08:10,  1.43s/it]  9%|▊         | 4359/50005 [1:55:29<18:06:26,  1.43s/it]  9%|▊         | 4360/50005 [1:55:31<18:06:48,  1.43s/it]  9%|▊         | 4361/50005 [1:55:32<18:05:20,  1.43s/it]  9%|▊         | 4362/50005 [1:55:34<18:06:54,  1.43s/it]  9%|▊         | 4363/50005 [1:55:35<18:07:33,  1.43s/it]  9%|▊         | 4364/50005 [1:55:36<18:08:50,  1.43s/it]  9%|▊         | 4365/50005 [1:55:38<18:08:24,  1.43s/it]  9%|▊         | 4366/50005 [1:55:39<18:06:43,  1.43s/it]  9%|▊         | 4367/50005 [1:55:41<18:04:32,  1.43s/it]  9%|▊         | 4368/50005 [1:55:42<18:05:35,  1.43s/it]  9%|▊         | 4369/50005 [1:55:44<18:06:26,  1.43s/it]  9%|▊         | 4370/50005 [1:55:45<18:05:23,  1.43s/it]  9%|▊         | 4371/50005 [1:55:46<18:06:48,  1.43s/it]  9%|▊         | 4372/50005 [1:55:48<18:05:46,  1.43s/it]  9%|▊         | 4373/50005 [1:55:49<18:06:07,  1.43s/it]  9%|▊         | 4374/50005 [1:55:51<18:06:02,  1.43s/it]  9%|▊         | 4375/50005 [1:55:52<18:06:51,  1.43s/it]  9%|▉         | 4376/50005 [1:55:54<18:07:15,  1.43s/it]  9%|▉         | 4377/50005 [1:55:55<18:07:37,  1.43s/it]  9%|▉         | 4378/50005 [1:55:56<18:05:53,  1.43s/it]  9%|▉         | 4379/50005 [1:55:58<18:04:00,  1.43s/it]  9%|▉         | 4380/50005 [1:55:59<18:05:35,  1.43s/it]  9%|▉         | 4381/50005 [1:56:01<18:07:12,  1.43s/it]  9%|▉         | 4382/50005 [1:56:02<18:08:16,  1.43s/it]  9%|▉         | 4383/50005 [1:56:04<18:07:44,  1.43s/it]  9%|▉         | 4384/50005 [1:56:05<18:07:51,  1.43s/it]  9%|▉         | 4385/50005 [1:56:06<18:05:37,  1.43s/it]  9%|▉         | 4386/50005 [1:56:08<18:04:51,  1.43s/it]  9%|▉         | 4387/50005 [1:56:09<18:05:58,  1.43s/it]  9%|▉         | 4388/50005 [1:56:11<18:05:54,  1.43s/it]  9%|▉         | 4389/50005 [1:56:12<18:06:27,  1.43s/it]  9%|▉         | 4390/50005 [1:56:14<18:06:56,  1.43s/it]  9%|▉         | 4391/50005 [1:56:15<18:07:34,  1.43s/it]  9%|▉         | 4392/50005 [1:56:16<18:07:17,  1.43s/it]  9%|▉         | 4393/50005 [1:56:18<18:07:15,  1.43s/it]  9%|▉         | 4394/50005 [1:56:19<18:07:53,  1.43s/it]  9%|▉         | 4395/50005 [1:56:21<18:06:21,  1.43s/it]  9%|▉         | 4396/50005 [1:56:22<18:05:16,  1.43s/it]  9%|▉         | 4397/50005 [1:56:24<18:05:53,  1.43s/it]  9%|▉         | 4398/50005 [1:56:25<18:07:02,  1.43s/it]  9%|▉         | 4399/50005 [1:56:26<18:05:13,  1.43s/it]  9%|▉         | 4400/50005 [1:56:28<18:06:44,  1.43s/it]  9%|▉         | 4401/50005 [1:56:29<18:07:09,  1.43s/it]
Validation:   0%|          | 0/100 [00:00<?, ?it/s][A
Validation:   1%|          | 1/100 [00:01<01:40,  1.01s/it][A
Validation:   2%|▏         | 2/100 [00:01<01:16,  1.29it/s][A
Validation:   3%|▎         | 3/100 [00:02<01:08,  1.42it/s][A
Validation:   4%|▍         | 4/100 [00:02<01:04,  1.49it/s][A
Validation:   5%|▌         | 5/100 [00:03<01:01,  1.54it/s][A
Validation:   6%|▌         | 6/100 [00:04<01:00,  1.56it/s][A
Validation:   7%|▋         | 7/100 [00:04<00:58,  1.58it/s][A
Validation:   8%|▊         | 8/100 [00:05<00:57,  1.60it/s][A
Validation:   9%|▉         | 9/100 [00:05<00:56,  1.61it/s][A
Validation:  10%|█         | 10/100 [00:06<00:55,  1.62it/s][A
Validation:  11%|█         | 11/100 [00:07<00:54,  1.62it/s][A
Validation:  12%|█▏        | 12/100 [00:07<00:54,  1.62it/s][A
Validation:  13%|█▎        | 13/100 [00:08<00:53,  1.63it/s][A
Validation:  14%|█▍        | 14/100 [00:09<00:52,  1.62it/s][A
Validation:  15%|█▌        | 15/100 [00:09<00:52,  1.62it/s][A
Validation:  16%|█▌        | 16/100 [00:10<00:51,  1.63it/s][A
Validation:  17%|█▋        | 17/100 [00:10<00:51,  1.63it/s][A
Validation:  18%|█▊        | 18/100 [00:11<00:50,  1.63it/s][A
Validation:  19%|█▉        | 19/100 [00:12<00:49,  1.63it/s][A
Validation:  20%|██        | 20/100 [00:12<00:49,  1.63it/s][A
Validation:  21%|██        | 21/100 [00:13<00:48,  1.63it/s][A
Validation:  22%|██▏       | 22/100 [00:13<00:48,  1.62it/s][A
Validation:  23%|██▎       | 23/100 [00:14<00:47,  1.62it/s][A
Validation:  24%|██▍       | 24/100 [00:15<00:46,  1.62it/s][A
Validation:  25%|██▌       | 25/100 [00:15<00:46,  1.62it/s][A
Validation:  26%|██▌       | 26/100 [00:16<00:45,  1.62it/s][A
Validation:  27%|██▋       | 27/100 [00:17<00:45,  1.62it/s][A
Validation:  28%|██▊       | 28/100 [00:17<00:44,  1.62it/s][A
Validation:  29%|██▉       | 29/100 [00:18<00:43,  1.63it/s][A
Validation:  30%|███       | 30/100 [00:18<00:43,  1.62it/s][A
Validation:  31%|███       | 31/100 [00:19<00:42,  1.62it/s][A
Validation:  32%|███▏      | 32/100 [00:20<00:41,  1.62it/s][A
Validation:  33%|███▎      | 33/100 [00:20<00:41,  1.62it/s][A
Validation:  34%|███▍      | 34/100 [00:21<00:40,  1.62it/s][A
Validation:  35%|███▌      | 35/100 [00:21<00:40,  1.62it/s][A
Validation:  36%|███▌      | 36/100 [00:22<00:39,  1.62it/s][A
Validation:  37%|███▋      | 37/100 [00:23<00:38,  1.62it/s][A
Validation:  38%|███▊      | 38/100 [00:23<00:38,  1.63it/s][A
Validation:  39%|███▉      | 39/100 [00:24<00:37,  1.62it/s][A
Validation:  40%|████      | 40/100 [00:25<00:36,  1.62it/s][A
Validation:  41%|████      | 41/100 [00:25<00:36,  1.62it/s][A
Validation:  42%|████▏     | 42/100 [00:26<00:35,  1.62it/s][A
Validation:  43%|████▎     | 43/100 [00:26<00:35,  1.63it/s][A
Validation:  44%|████▍     | 44/100 [00:27<00:34,  1.63it/s][A
Validation:  45%|████▌     | 45/100 [00:28<00:33,  1.63it/s][A
Validation:  46%|████▌     | 46/100 [00:28<00:33,  1.63it/s][A
Validation:  47%|████▋     | 47/100 [00:29<00:32,  1.63it/s][A
Validation:  48%|████▊     | 48/100 [00:29<00:31,  1.63it/s][A
Validation:  49%|████▉     | 49/100 [00:30<00:31,  1.62it/s][A
Validation:  50%|█████     | 50/100 [00:31<00:30,  1.62it/s][A
Validation:  51%|█████     | 51/100 [00:31<00:30,  1.62it/s][A
Validation:  52%|█████▏    | 52/100 [00:32<00:29,  1.62it/s][A
Validation:  53%|█████▎    | 53/100 [00:33<00:29,  1.62it/s][A
Validation:  54%|█████▍    | 54/100 [00:33<00:28,  1.62it/s][A
Validation:  55%|█████▌    | 55/100 [00:34<00:27,  1.62it/s][A
Validation:  56%|█████▌    | 56/100 [00:34<00:27,  1.62it/s][A
Validation:  57%|█████▋    | 57/100 [00:35<00:26,  1.62it/s][A
Validation:  58%|█████▊    | 58/100 [00:36<00:25,  1.62it/s][A
Validation:  59%|█████▉    | 59/100 [00:36<00:25,  1.62it/s][A
Validation:  60%|██████    | 60/100 [00:37<00:24,  1.62it/s][A
Validation:  61%|██████    | 61/100 [00:37<00:24,  1.62it/s][A
Validation:  62%|██████▏   | 62/100 [00:38<00:23,  1.63it/s][A
Validation:  63%|██████▎   | 63/100 [00:39<00:22,  1.63it/s][A
Validation:  64%|██████▍   | 64/100 [00:39<00:22,  1.62it/s][A
Validation:  65%|██████▌   | 65/100 [00:40<00:21,  1.62it/s][A
Validation:  66%|██████▌   | 66/100 [00:41<00:20,  1.63it/s][A
Validation:  67%|██████▋   | 67/100 [00:41<00:20,  1.63it/s][A
Validation:  68%|██████▊   | 68/100 [00:42<00:19,  1.62it/s][A
Validation:  69%|██████▉   | 69/100 [00:42<00:19,  1.62it/s][A
Validation:  70%|███████   | 70/100 [00:43<00:18,  1.62it/s][A
Validation:  71%|███████   | 71/100 [00:44<00:17,  1.62it/s][A
Validation:  72%|███████▏  | 72/100 [00:44<00:17,  1.63it/s][A
Validation:  73%|███████▎  | 73/100 [00:45<00:16,  1.62it/s][A
Validation:  74%|███████▍  | 74/100 [00:45<00:16,  1.62it/s][A
Validation:  75%|███████▌  | 75/100 [00:46<00:15,  1.62it/s][A
Validation:  76%|███████▌  | 76/100 [00:47<00:14,  1.62it/s][A
Validation:  77%|███████▋  | 77/100 [00:47<00:14,  1.62it/s][A
Validation:  78%|███████▊  | 78/100 [00:48<00:13,  1.62it/s][A
Validation:  79%|███████▉  | 79/100 [00:49<00:12,  1.62it/s][A
Validation:  80%|████████  | 80/100 [00:49<00:12,  1.63it/s][A
Validation:  81%|████████  | 81/100 [00:50<00:11,  1.63it/s][A
Validation:  82%|████████▏ | 82/100 [00:50<00:11,  1.63it/s][A
Validation:  83%|████████▎ | 83/100 [00:51<00:10,  1.63it/s][A
Validation:  84%|████████▍ | 84/100 [00:52<00:09,  1.63it/s][A
Validation:  85%|████████▌ | 85/100 [00:52<00:09,  1.62it/s][A
Validation:  86%|████████▌ | 86/100 [00:53<00:08,  1.62it/s][A
Validation:  87%|████████▋ | 87/100 [00:53<00:08,  1.62it/s][A
Validation:  88%|████████▊ | 88/100 [00:54<00:07,  1.63it/s][A
Validation:  89%|████████▉ | 89/100 [00:55<00:06,  1.63it/s][A
Validation:  90%|█████████ | 90/100 [00:55<00:06,  1.62it/s][A
Validation:  91%|█████████ | 91/100 [00:56<00:05,  1.62it/s][A
Validation:  92%|█████████▏| 92/100 [00:57<00:04,  1.62it/s][A
Validation:  93%|█████████▎| 93/100 [00:57<00:04,  1.62it/s][A
Validation:  94%|█████████▍| 94/100 [00:58<00:03,  1.63it/s][A
Validation:  95%|█████████▌| 95/100 [00:58<00:03,  1.62it/s][A
Validation:  96%|█████████▌| 96/100 [00:59<00:02,  1.62it/s][A
Validation:  97%|█████████▋| 97/100 [01:00<00:01,  1.62it/s][A
Validation:  98%|█████████▊| 98/100 [01:00<00:01,  1.62it/s][A
Validation:  99%|█████████▉| 99/100 [01:01<00:00,  1.63it/s][A
Validation: 100%|██████████| 100/100 [01:01<00:00,  1.62it/s][A
                                                             [A  9%|▉         | 4402/50005 [1:57:33<254:02:40, 20.05s/it]  9%|▉         | 4403/50005 [1:57:34<183:17:29, 14.47s/it]  9%|▉         | 4404/50005 [1:57:36<133:44:34, 10.56s/it]  9%|▉         | 4405/50005 [1:57:37<99:03:38,  7.82s/it]   9%|▉         | 4406/50005 [1:57:39<74:44:46,  5.90s/it]  9%|▉         | 4407/50005 [1:57:40<57:46:29,  4.56s/it]  9%|▉         | 4408/50005 [1:57:41<45:51:30,  3.62s/it]  9%|▉         | 4409/50005 [1:57:43<37:30:42,  2.96s/it]  9%|▉         | 4410/50005 [1:57:44<31:42:20,  2.50s/it]  9%|▉         | 4411/50005 [1:57:46<27:39:10,  2.18s/it]  9%|▉         | 4412/50005 [1:57:47<24:47:23,  1.96s/it]  9%|▉         | 4413/50005 [1:57:49<22:47:54,  1.80s/it]  9%|▉         | 4414/50005 [1:57:50<21:24:01,  1.69s/it]  9%|▉         | 4415/50005 [1:57:51<20:23:13,  1.61s/it]  9%|▉         | 4416/50005 [1:57:53<19:40:02,  1.55s/it]  9%|▉         | 4417/50005 [1:57:54<19:12:37,  1.52s/it]  9%|▉         | 4418/50005 [1:57:56<18:50:44,  1.49s/it]  9%|▉         | 4419/50005 [1:57:57<18:36:30,  1.47s/it]  9%|▉         | 4420/50005 [1:57:59<18:27:48,  1.46s/it]  9%|▉         | 4421/50005 [1:58:00<18:21:49,  1.45s/it]  9%|▉         | 4422/50005 [1:58:01<18:15:53,  1.44s/it]  9%|▉         | 4423/50005 [1:58:03<18:14:30,  1.44s/it]  9%|▉         | 4424/50005 [1:58:04<18:10:18,  1.44s/it]  9%|▉         | 4425/50005 [1:58:06<18:10:13,  1.44s/it]  9%|▉         | 4426/50005 [1:58:07<18:07:28,  1.43s/it]  9%|▉         | 4427/50005 [1:58:09<18:08:09,  1.43s/it]  9%|▉         | 4428/50005 [1:58:10<18:07:50,  1.43s/it]  9%|▉         | 4429/50005 [1:58:11<18:05:13,  1.43s/it]  9%|▉         | 4430/50005 [1:58:13<18:06:10,  1.43s/it]  9%|▉         | 4431/50005 [1:58:14<18:06:47,  1.43s/it]  9%|▉         | 4432/50005 [1:58:16<18:07:08,  1.43s/it]  9%|▉         | 4433/50005 [1:58:17<18:07:42,  1.43s/it]  9%|▉         | 4434/50005 [1:58:19<18:05:47,  1.43s/it]  9%|▉         | 4435/50005 [1:58:20<18:05:02,  1.43s/it]  9%|▉         | 4436/50005 [1:58:21<18:04:10,  1.43s/it]  9%|▉         | 4437/50005 [1:58:23<18:05:57,  1.43s/it]  9%|▉         | 4438/50005 [1:58:24<18:04:10,  1.43s/it]  9%|▉         | 4439/50005 [1:58:26<18:03:27,  1.43s/it]  9%|▉         | 4440/50005 [1:58:27<18:04:07,  1.43s/it]  9%|▉         | 4441/50005 [1:58:29<18:04:45,  1.43s/it]  9%|▉         | 4442/50005 [1:58:30<18:05:36,  1.43s/it]  9%|▉         | 4443/50005 [1:58:31<18:06:07,  1.43s/it]  9%|▉         | 4444/50005 [1:58:33<18:06:32,  1.43s/it]  9%|▉         | 4445/50005 [1:58:34<18:07:58,  1.43s/it]  9%|▉         | 4446/50005 [1:58:36<18:07:57,  1.43s/it]  9%|▉         | 4447/50005 [1:58:37<18:08:27,  1.43s/it]  9%|▉         | 4448/50005 [1:58:39<18:08:11,  1.43s/it]  9%|▉         | 4449/50005 [1:58:40<18:08:40,  1.43s/it]  9%|▉         | 4450/50005 [1:58:42<18:07:31,  1.43s/it]  9%|▉         | 4451/50005 [1:58:43<18:05:38,  1.43s/it]  9%|▉         | 4452/50005 [1:58:44<18:06:24,  1.43s/it]  9%|▉         | 4453/50005 [1:58:46<18:06:44,  1.43s/it]  9%|▉         | 4454/50005 [1:58:47<18:06:46,  1.43s/it]  9%|▉         | 4455/50005 [1:58:49<18:04:58,  1.43s/it]  9%|▉         | 4456/50005 [1:58:50<18:03:44,  1.43s/it]  9%|▉         | 4457/50005 [1:58:52<18:02:45,  1.43s/it]  9%|▉         | 4458/50005 [1:58:53<18:03:46,  1.43s/it]  9%|▉         | 4459/50005 [1:58:54<18:03:02,  1.43s/it]  9%|▉         | 4460/50005 [1:58:56<18:04:25,  1.43s/it]  9%|▉         | 4461/50005 [1:58:57<18:03:10,  1.43s/it]  9%|▉         | 4462/50005 [1:58:59<18:04:29,  1.43s/it]  9%|▉         | 4463/50005 [1:59:00<18:05:42,  1.43s/it]  9%|▉         | 4464/50005 [1:59:02<18:07:16,  1.43s/it]  9%|▉         | 4465/50005 [1:59:03<18:04:50,  1.43s/it]  9%|▉         | 4466/50005 [1:59:04<18:06:24,  1.43s/it]  9%|▉         | 4467/50005 [1:59:06<18:06:31,  1.43s/it]  9%|▉         | 4468/50005 [1:59:07<18:06:58,  1.43s/it]  9%|▉         | 4469/50005 [1:59:09<18:04:41,  1.43s/it]  9%|▉         | 4470/50005 [1:59:10<18:05:59,  1.43s/it]  9%|▉         | 4471/50005 [1:59:12<18:04:28,  1.43s/it]  9%|▉         | 4472/50005 [1:59:13<18:04:58,  1.43s/it]  9%|▉         | 4473/50005 [1:59:14<18:03:08,  1.43s/it]  9%|▉         | 4474/50005 [1:59:16<18:04:15,  1.43s/it]  9%|▉         | 4475/50005 [1:59:17<18:03:05,  1.43s/it]  9%|▉         | 4476/50005 [1:59:19<18:03:45,  1.43s/it]  9%|▉         | 4477/50005 [1:59:20<18:02:24,  1.43s/it]  9%|▉         | 4478/50005 [1:59:22<18:03:46,  1.43s/it]  9%|▉         | 4479/50005 [1:59:23<18:04:34,  1.43s/it]  9%|▉         | 4480/50005 [1:59:24<18:05:18,  1.43s/it]  9%|▉         | 4481/50005 [1:59:26<18:03:29,  1.43s/it]  9%|▉         | 4482/50005 [1:59:27<18:04:03,  1.43s/it]  9%|▉         | 4483/50005 [1:59:29<18:04:37,  1.43s/it]  9%|▉         | 4484/50005 [1:59:30<18:04:00,  1.43s/it]  9%|▉         | 4485/50005 [1:59:32<18:04:57,  1.43s/it]  9%|▉         | 4486/50005 [1:59:33<18:05:26,  1.43s/it]  9%|▉         | 4487/50005 [1:59:34<18:05:17,  1.43s/it]  9%|▉         | 4488/50005 [1:59:36<18:05:06,  1.43s/it]  9%|▉         | 4489/50005 [1:59:37<18:04:56,  1.43s/it]  9%|▉         | 4490/50005 [1:59:39<18:04:07,  1.43s/it]  9%|▉         | 4491/50005 [1:59:40<18:04:42,  1.43s/it]  9%|▉         | 4492/50005 [1:59:42<18:06:13,  1.43s/it]  9%|▉         | 4493/50005 [1:59:43<18:05:59,  1.43s/it]  9%|▉         | 4494/50005 [1:59:44<18:07:03,  1.43s/it]  9%|▉         | 4495/50005 [1:59:46<18:06:52,  1.43s/it]  9%|▉         | 4496/50005 [1:59:47<18:04:53,  1.43s/it]  9%|▉         | 4497/50005 [1:59:49<18:02:47,  1.43s/it]  9%|▉         | 4498/50005 [1:59:50<18:03:53,  1.43s/it]  9%|▉         | 4499/50005 [1:59:52<18:04:17,  1.43s/it]  9%|▉         | 4500/50005 [1:59:53<18:04:47,  1.43s/it]  9%|▉         | 4501/50005 [1:59:54<18:05:00,  1.43s/it]  9%|▉         | 4502/50005 [1:59:56<18:05:45,  1.43s/it]  9%|▉         | 4503/50005 [1:59:57<18:06:00,  1.43s/it]  9%|▉         | 4504/50005 [1:59:59<18:06:27,  1.43s/it]  9%|▉         | 4505/50005 [2:00:00<18:05:52,  1.43s/it]  9%|▉         | 4506/50005 [2:00:02<18:06:39,  1.43s/it]  9%|▉         | 4507/50005 [2:00:03<18:04:55,  1.43s/it]  9%|▉         | 4508/50005 [2:00:04<18:06:15,  1.43s/it]  9%|▉         | 4509/50005 [2:00:06<18:05:59,  1.43s/it]  9%|▉         | 4510/50005 [2:00:07<18:06:47,  1.43s/it]  9%|▉         | 4511/50005 [2:00:09<18:05:14,  1.43s/it]  9%|▉         | 4512/50005 [2:00:10<18:04:28,  1.43s/it]  9%|▉         | 4513/50005 [2:00:12<18:03:07,  1.43s/it]  9%|▉         | 4514/50005 [2:00:13<18:05:00,  1.43s/it]  9%|▉         | 4515/50005 [2:00:14<18:05:54,  1.43s/it]  9%|▉         | 4516/50005 [2:00:16<18:03:58,  1.43s/it]  9%|▉         | 4517/50005 [2:00:17<18:04:32,  1.43s/it]  9%|▉         | 4518/50005 [2:00:19<18:05:04,  1.43s/it]  9%|▉         | 4519/50005 [2:00:20<18:04:47,  1.43s/it]  9%|▉         | 4520/50005 [2:00:22<18:04:51,  1.43s/it]  9%|▉         | 4521/50005 [2:00:23<18:05:11,  1.43s/it]  9%|▉         | 4522/50005 [2:00:24<18:05:07,  1.43s/it]  9%|▉         | 4523/50005 [2:00:26<18:03:22,  1.43s/it]  9%|▉         | 4524/50005 [2:00:27<18:04:45,  1.43s/it]  9%|▉         | 4525/50005 [2:00:29<18:04:33,  1.43s/it]  9%|▉         | 4526/50005 [2:00:30<18:03:16,  1.43s/it]  9%|▉         | 4527/50005 [2:00:32<18:04:09,  1.43s/it]  9%|▉         | 4528/50005 [2:00:33<18:02:47,  1.43s/it]  9%|▉         | 4529/50005 [2:00:34<18:01:11,  1.43s/it]  9%|▉         | 4530/50005 [2:00:36<18:03:07,  1.43s/it]  9%|▉         | 4531/50005 [2:00:37<18:03:33,  1.43s/it]  9%|▉         | 4532/50005 [2:00:39<18:03:50,  1.43s/it]  9%|▉         | 4533/50005 [2:00:40<18:01:56,  1.43s/it]  9%|▉         | 4534/50005 [2:00:42<18:03:01,  1.43s/it]  9%|▉         | 4535/50005 [2:00:43<18:04:02,  1.43s/it]  9%|▉         | 4536/50005 [2:00:44<18:04:59,  1.43s/it]  9%|▉         | 4537/50005 [2:00:46<18:04:49,  1.43s/it]  9%|▉         | 4538/50005 [2:00:47<18:05:35,  1.43s/it]  9%|▉         | 4539/50005 [2:00:49<18:05:36,  1.43s/it]  9%|▉         | 4540/50005 [2:00:50<18:03:50,  1.43s/it]  9%|▉         | 4541/50005 [2:00:52<18:01:56,  1.43s/it]  9%|▉         | 4542/50005 [2:00:53<18:02:53,  1.43s/it]  9%|▉         | 4543/50005 [2:00:55<18:03:41,  1.43s/it]  9%|▉         | 4544/50005 [2:00:56<18:02:55,  1.43s/it]  9%|▉         | 4545/50005 [2:00:57<18:03:46,  1.43s/it]  9%|▉         | 4546/50005 [2:00:59<18:04:12,  1.43s/it]  9%|▉         | 4547/50005 [2:01:00<18:03:56,  1.43s/it]  9%|▉         | 4548/50005 [2:01:02<18:02:40,  1.43s/it]  9%|▉         | 4549/50005 [2:01:03<18:03:26,  1.43s/it]  9%|▉         | 4550/50005 [2:01:05<18:04:21,  1.43s/it]  9%|▉         | 4551/50005 [2:01:06<18:04:39,  1.43s/it]  9%|▉         | 4552/50005 [2:01:07<18:04:53,  1.43s/it]  9%|▉         | 4553/50005 [2:01:09<18:03:11,  1.43s/it]  9%|▉         | 4554/50005 [2:01:10<18:03:15,  1.43s/it]  9%|▉         | 4555/50005 [2:01:12<18:03:52,  1.43s/it]  9%|▉         | 4556/50005 [2:01:13<18:04:57,  1.43s/it]  9%|▉         | 4557/50005 [2:01:15<18:05:34,  1.43s/it]  9%|▉         | 4558/50005 [2:01:16<18:05:41,  1.43s/it]  9%|▉         | 4559/50005 [2:01:17<18:03:45,  1.43s/it]  9%|▉         | 4560/50005 [2:01:19<18:03:36,  1.43s/it]  9%|▉         | 4561/50005 [2:01:20<18:03:39,  1.43s/it]  9%|▉         | 4562/50005 [2:01:22<18:02:19,  1.43s/it]  9%|▉         | 4563/50005 [2:01:23<18:02:47,  1.43s/it]  9%|▉         | 4564/50005 [2:01:25<18:57:54,  1.50s/it]  9%|▉         | 4565/50005 [2:01:26<19:06:39,  1.51s/it]  9%|▉         | 4566/50005 [2:01:28<18:46:24,  1.49s/it]  9%|▉         | 4567/50005 [2:01:29<18:31:38,  1.47s/it]  9%|▉         | 4568/50005 [2:01:31<18:23:44,  1.46s/it]  9%|▉         | 4569/50005 [2:01:32<18:17:53,  1.45s/it]  9%|▉         | 4570/50005 [2:01:33<18:14:28,  1.45s/it]  9%|▉         | 4571/50005 [2:01:35<18:09:13,  1.44s/it]  9%|▉         | 4572/50005 [2:01:36<18:08:05,  1.44s/it]  9%|▉         | 4573/50005 [2:01:38<18:04:49,  1.43s/it]  9%|▉         | 4574/50005 [2:01:39<18:02:40,  1.43s/it]  9%|▉         | 4575/50005 [2:01:41<18:02:51,  1.43s/it]  9%|▉         | 4576/50005 [2:01:42<18:03:26,  1.43s/it]  9%|▉         | 4577/50005 [2:01:43<18:03:39,  1.43s/it]  9%|▉         | 4578/50005 [2:01:45<18:01:45,  1.43s/it]  9%|▉         | 4579/50005 [2:01:46<18:02:43,  1.43s/it]  9%|▉         | 4580/50005 [2:01:48<18:01:29,  1.43s/it]  9%|▉         | 4581/50005 [2:01:49<18:02:29,  1.43s/it]  9%|▉         | 4582/50005 [2:01:51<18:03:46,  1.43s/it]  9%|▉         | 4583/50005 [2:01:52<18:03:52,  1.43s/it]  9%|▉         | 4584/50005 [2:01:53<18:04:14,  1.43s/it]  9%|▉         | 4585/50005 [2:01:55<18:03:47,  1.43s/it]  9%|▉         | 4586/50005 [2:01:56<18:01:49,  1.43s/it]  9%|▉         | 4587/50005 [2:01:58<18:02:39,  1.43s/it]  9%|▉         | 4588/50005 [2:01:59<18:02:18,  1.43s/it]  9%|▉         | 4589/50005 [2:02:01<18:02:36,  1.43s/it]  9%|▉         | 4590/50005 [2:02:02<18:03:02,  1.43s/it]  9%|▉         | 4591/50005 [2:02:04<18:02:41,  1.43s/it]  9%|▉         | 4592/50005 [2:02:05<18:01:03,  1.43s/it]  9%|▉         | 4593/50005 [2:02:06<18:01:44,  1.43s/it]  9%|▉         | 4594/50005 [2:02:08<18:02:27,  1.43s/it]  9%|▉         | 4595/50005 [2:02:09<18:01:11,  1.43s/it]  9%|▉         | 4596/50005 [2:02:11<17:59:48,  1.43s/it]  9%|▉         | 4597/50005 [2:02:12<18:00:56,  1.43s/it]  9%|▉         | 4598/50005 [2:02:13<17:59:47,  1.43s/it]  9%|▉         | 4599/50005 [2:02:15<17:58:33,  1.43s/it]  9%|▉         | 4600/50005 [2:02:16<17:59:27,  1.43s/it]  9%|▉         | 4601/50005 [2:02:18<18:00:37,  1.43s/it]  9%|▉         | 4602/50005 [2:02:19<17:59:01,  1.43s/it]  9%|▉         | 4603/50005 [2:02:21<18:00:11,  1.43s/it]  9%|▉         | 4604/50005 [2:02:22<18:01:58,  1.43s/it]  9%|▉         | 4605/50005 [2:02:23<18:02:05,  1.43s/it]  9%|▉         | 4606/50005 [2:02:25<18:00:28,  1.43s/it]  9%|▉         | 4607/50005 [2:02:26<17:59:29,  1.43s/it]  9%|▉         | 4608/50005 [2:02:28<17:58:06,  1.42s/it]  9%|▉         | 4609/50005 [2:02:29<17:59:36,  1.43s/it]  9%|▉         | 4610/50005 [2:02:31<18:01:31,  1.43s/it]  9%|▉         | 4611/50005 [2:02:32<18:00:28,  1.43s/it]  9%|▉         | 4612/50005 [2:02:33<18:01:48,  1.43s/it]  9%|▉         | 4613/50005 [2:02:35<18:00:26,  1.43s/it]  9%|▉         | 4614/50005 [2:02:36<18:01:06,  1.43s/it]  9%|▉         | 4615/50005 [2:02:38<18:01:35,  1.43s/it]  9%|▉         | 4616/50005 [2:02:39<18:01:58,  1.43s/it]  9%|▉         | 4617/50005 [2:02:41<18:00:37,  1.43s/it]  9%|▉         | 4618/50005 [2:02:42<18:02:15,  1.43s/it]  9%|▉         | 4619/50005 [2:02:44<18:02:31,  1.43s/it]  9%|▉         | 4620/50005 [2:02:45<18:00:22,  1.43s/it]  9%|▉         | 4621/50005 [2:02:46<17:59:23,  1.43s/it]  9%|▉         | 4622/50005 [2:02:48<18:00:31,  1.43s/it]  9%|▉         | 4623/50005 [2:02:49<18:01:10,  1.43s/it]  9%|▉         | 4624/50005 [2:02:51<17:59:39,  1.43s/it]  9%|▉         | 4625/50005 [2:02:52<18:00:48,  1.43s/it]  9%|▉         | 4626/50005 [2:02:53<18:00:11,  1.43s/it]  9%|▉         | 4627/50005 [2:02:55<17:59:09,  1.43s/it]  9%|▉         | 4628/50005 [2:02:56<18:00:12,  1.43s/it]  9%|▉         | 4629/50005 [2:02:58<17:58:32,  1.43s/it]  9%|▉         | 4630/50005 [2:02:59<18:00:13,  1.43s/it]  9%|▉         | 4631/50005 [2:03:01<17:58:49,  1.43s/it]  9%|▉         | 4632/50005 [2:03:02<18:00:07,  1.43s/it]  9%|▉         | 4633/50005 [2:03:03<18:00:46,  1.43s/it]  9%|▉         | 4634/50005 [2:03:05<18:02:13,  1.43s/it]  9%|▉         | 4635/50005 [2:03:06<18:01:47,  1.43s/it]  9%|▉         | 4636/50005 [2:03:08<18:02:59,  1.43s/it]  9%|▉         | 4637/50005 [2:03:09<18:00:45,  1.43s/it]  9%|▉         | 4638/50005 [2:03:11<18:00:54,  1.43s/it]  9%|▉         | 4639/50005 [2:03:12<18:01:38,  1.43s/it]  9%|▉         | 4640/50005 [2:03:13<17:59:44,  1.43s/it]  9%|▉         | 4641/50005 [2:03:15<17:58:22,  1.43s/it]  9%|▉         | 4642/50005 [2:03:16<18:00:33,  1.43s/it]  9%|▉         | 4643/50005 [2:03:18<18:01:40,  1.43s/it]  9%|▉         | 4644/50005 [2:03:19<17:59:48,  1.43s/it]  9%|▉         | 4645/50005 [2:03:21<18:00:57,  1.43s/it]  9%|▉         | 4646/50005 [2:03:22<18:02:27,  1.43s/it]  9%|▉         | 4647/50005 [2:03:24<18:00:59,  1.43s/it]  9%|▉         | 4648/50005 [2:03:25<18:01:18,  1.43s/it]  9%|▉         | 4649/50005 [2:03:26<18:00:00,  1.43s/it]  9%|▉         | 4650/50005 [2:03:28<18:00:50,  1.43s/it]  9%|▉         | 4651/50005 [2:03:29<18:01:28,  1.43s/it]  9%|▉         | 4652/50005 [2:03:31<18:01:52,  1.43s/it]  9%|▉         | 4653/50005 [2:03:32<18:01:46,  1.43s/it]  9%|▉         | 4654/50005 [2:03:34<18:03:17,  1.43s/it]  9%|▉         | 4655/50005 [2:03:35<18:03:21,  1.43s/it]  9%|▉         | 4656/50005 [2:03:36<18:02:01,  1.43s/it]  9%|▉         | 4657/50005 [2:03:38<17:59:27,  1.43s/it]  9%|▉         | 4658/50005 [2:03:39<18:00:34,  1.43s/it]  9%|▉         | 4659/50005 [2:03:41<18:01:18,  1.43s/it]  9%|▉         | 4660/50005 [2:03:42<18:02:01,  1.43s/it]  9%|▉         | 4661/50005 [2:03:44<18:01:54,  1.43s/it]  9%|▉         | 4662/50005 [2:03:45<18:00:37,  1.43s/it]  9%|▉         | 4663/50005 [2:03:46<18:01:00,  1.43s/it]  9%|▉         | 4664/50005 [2:03:48<18:01:18,  1.43s/it]  9%|▉         | 4665/50005 [2:03:49<18:00:43,  1.43s/it]  9%|▉         | 4666/50005 [2:03:51<18:00:57,  1.43s/it]  9%|▉         | 4667/50005 [2:03:52<17:59:34,  1.43s/it]  9%|▉         | 4668/50005 [2:03:54<18:00:13,  1.43s/it]  9%|▉         | 4669/50005 [2:03:55<18:01:38,  1.43s/it]  9%|▉         | 4670/50005 [2:03:56<17:59:43,  1.43s/it]  9%|▉         | 4671/50005 [2:03:58<18:00:36,  1.43s/it]  9%|▉         | 4672/50005 [2:03:59<17:58:52,  1.43s/it]  9%|▉         | 4673/50005 [2:04:01<18:00:25,  1.43s/it]  9%|▉         | 4674/50005 [2:04:02<17:58:24,  1.43s/it]  9%|▉         | 4675/50005 [2:04:04<17:57:18,  1.43s/it]  9%|▉         | 4676/50005 [2:04:05<17:58:28,  1.43s/it]  9%|▉         | 4677/50005 [2:04:06<17:58:29,  1.43s/it]  9%|▉         | 4678/50005 [2:04:08<17:59:40,  1.43s/it]  9%|▉         | 4679/50005 [2:04:09<18:00:00,  1.43s/it]  9%|▉         | 4680/50005 [2:04:11<17:58:56,  1.43s/it]  9%|▉         | 4681/50005 [2:04:12<17:58:17,  1.43s/it]  9%|▉         | 4682/50005 [2:04:14<17:59:01,  1.43s/it]  9%|▉         | 4683/50005 [2:04:15<17:58:07,  1.43s/it]  9%|▉         | 4684/50005 [2:04:16<17:57:42,  1.43s/it]  9%|▉         | 4685/50005 [2:04:18<17:58:50,  1.43s/it]  9%|▉         | 4686/50005 [2:04:19<17:59:57,  1.43s/it]  9%|▉         | 4687/50005 [2:04:21<17:58:06,  1.43s/it]  9%|▉         | 4688/50005 [2:04:22<17:59:25,  1.43s/it]  9%|▉         | 4689/50005 [2:04:24<17:58:01,  1.43s/it]  9%|▉         | 4690/50005 [2:04:25<17:58:23,  1.43s/it]  9%|▉         | 4691/50005 [2:04:26<17:58:58,  1.43s/it]  9%|▉         | 4692/50005 [2:04:28<17:58:12,  1.43s/it]  9%|▉         | 4693/50005 [2:04:29<17:58:51,  1.43s/it]  9%|▉         | 4694/50005 [2:04:31<18:00:22,  1.43s/it]  9%|▉         | 4695/50005 [2:04:32<17:58:50,  1.43s/it]  9%|▉         | 4696/50005 [2:04:34<18:00:40,  1.43s/it]  9%|▉         | 4697/50005 [2:04:35<17:58:59,  1.43s/it]  9%|▉         | 4698/50005 [2:04:36<18:00:40,  1.43s/it]  9%|▉         | 4699/50005 [2:04:38<18:00:28,  1.43s/it]  9%|▉         | 4700/50005 [2:04:39<18:00:45,  1.43s/it]  9%|▉         | 4701/50005 [2:04:41<18:00:46,  1.43s/it]  9%|▉         | 4702/50005 [2:04:42<18:01:05,  1.43s/it]  9%|▉         | 4703/50005 [2:04:44<18:01:23,  1.43s/it]  9%|▉         | 4704/50005 [2:04:45<18:02:03,  1.43s/it]  9%|▉         | 4705/50005 [2:04:46<17:59:58,  1.43s/it]  9%|▉         | 4706/50005 [2:04:48<18:00:55,  1.43s/it]  9%|▉         | 4707/50005 [2:04:49<18:00:56,  1.43s/it]  9%|▉         | 4708/50005 [2:04:51<18:00:57,  1.43s/it]  9%|▉         | 4709/50005 [2:04:52<18:00:56,  1.43s/it]  9%|▉         | 4710/50005 [2:04:54<18:00:05,  1.43s/it]  9%|▉         | 4711/50005 [2:04:55<17:58:28,  1.43s/it]  9%|▉         | 4712/50005 [2:04:56<17:58:10,  1.43s/it]  9%|▉         | 4713/50005 [2:04:58<17:57:16,  1.43s/it]  9%|▉         | 4714/50005 [2:04:59<17:56:22,  1.43s/it]  9%|▉         | 4715/50005 [2:05:01<17:57:41,  1.43s/it]  9%|▉         | 4716/50005 [2:05:02<17:56:34,  1.43s/it]  9%|▉         | 4717/50005 [2:05:04<17:55:16,  1.42s/it]  9%|▉         | 4718/50005 [2:05:05<17:55:32,  1.42s/it]  9%|▉         | 4719/50005 [2:05:06<17:57:05,  1.43s/it]  9%|▉         | 4720/50005 [2:05:08<17:56:29,  1.43s/it]  9%|▉         | 4721/50005 [2:05:09<17:57:59,  1.43s/it]  9%|▉         | 4722/50005 [2:05:11<17:56:43,  1.43s/it]  9%|▉         | 4723/50005 [2:05:12<17:56:24,  1.43s/it]  9%|▉         | 4724/50005 [2:05:14<17:57:17,  1.43s/it]  9%|▉         | 4725/50005 [2:05:15<17:58:16,  1.43s/it]  9%|▉         | 4726/50005 [2:05:16<17:59:06,  1.43s/it]  9%|▉         | 4727/50005 [2:05:18<17:59:33,  1.43s/it]  9%|▉         | 4728/50005 [2:05:19<17:57:59,  1.43s/it]  9%|▉         | 4729/50005 [2:05:21<17:58:40,  1.43s/it]  9%|▉         | 4730/50005 [2:05:22<17:58:20,  1.43s/it]  9%|▉         | 4731/50005 [2:05:24<17:56:44,  1.43s/it]  9%|▉         | 4732/50005 [2:05:25<17:56:00,  1.43s/it]  9%|▉         | 4733/50005 [2:05:26<17:57:10,  1.43s/it]  9%|▉         | 4734/50005 [2:05:28<17:58:53,  1.43s/it]  9%|▉         | 4735/50005 [2:05:29<17:59:40,  1.43s/it]  9%|▉         | 4736/50005 [2:05:31<17:57:41,  1.43s/it]  9%|▉         | 4737/50005 [2:05:32<17:58:08,  1.43s/it]  9%|▉         | 4738/50005 [2:05:34<17:56:08,  1.43s/it]  9%|▉         | 4739/50005 [2:05:35<17:57:32,  1.43s/it]  9%|▉         | 4740/50005 [2:05:36<17:56:51,  1.43s/it]  9%|▉         | 4741/50005 [2:05:38<17:57:53,  1.43s/it]  9%|▉         | 4742/50005 [2:05:39<17:58:59,  1.43s/it]  9%|▉         | 4743/50005 [2:05:41<17:59:16,  1.43s/it]  9%|▉         | 4744/50005 [2:05:42<17:58:28,  1.43s/it]  9%|▉         | 4745/50005 [2:05:44<17:57:00,  1.43s/it]  9%|▉         | 4746/50005 [2:05:45<17:58:55,  1.43s/it]  9%|▉         | 4747/50005 [2:05:47<18:30:25,  1.47s/it]  9%|▉         | 4748/50005 [2:05:49<20:29:24,  1.63s/it]  9%|▉         | 4749/50005 [2:05:50<19:44:27,  1.57s/it]  9%|▉         | 4750/50005 [2:05:51<19:11:18,  1.53s/it] 10%|▉         | 4751/50005 [2:05:53<18:47:41,  1.50s/it] 10%|▉         | 4752/50005 [2:05:54<18:33:11,  1.48s/it] 10%|▉         | 4753/50005 [2:05:56<18:23:01,  1.46s/it] 10%|▉         | 4754/50005 [2:05:57<19:07:00,  1.52s/it] 10%|▉         | 4755/50005 [2:05:59<18:55:22,  1.51s/it] 10%|▉         | 4756/50005 [2:06:00<18:38:34,  1.48s/it] 10%|▉         | 4757/50005 [2:06:02<18:27:05,  1.47s/it] 10%|▉         | 4758/50005 [2:06:03<18:18:33,  1.46s/it] 10%|▉         | 4759/50005 [2:06:05<18:12:46,  1.45s/it] 10%|▉         | 4760/50005 [2:06:06<18:07:10,  1.44s/it] 10%|▉         | 4761/50005 [2:06:07<18:05:07,  1.44s/it] 10%|▉         | 4762/50005 [2:06:09<18:00:38,  1.43s/it] 10%|▉         | 4763/50005 [2:06:10<18:04:23,  1.44s/it] 10%|▉         | 4764/50005 [2:06:12<18:17:24,  1.46s/it] 10%|▉         | 4765/50005 [2:06:13<18:10:59,  1.45s/it] 10%|▉         | 4766/50005 [2:06:15<18:07:29,  1.44s/it] 10%|▉         | 4767/50005 [2:06:16<18:05:20,  1.44s/it] 10%|▉         | 4768/50005 [2:06:18<18:04:36,  1.44s/it] 10%|▉         | 4769/50005 [2:06:19<18:03:03,  1.44s/it] 10%|▉         | 4770/50005 [2:06:20<18:02:50,  1.44s/it] 10%|▉         | 4771/50005 [2:06:22<18:01:34,  1.43s/it] 10%|▉         | 4772/50005 [2:06:23<17:59:47,  1.43s/it] 10%|▉         | 4773/50005 [2:06:25<17:59:28,  1.43s/it] 10%|▉         | 4774/50005 [2:06:26<18:00:02,  1.43s/it] 10%|▉         | 4775/50005 [2:06:28<17:57:55,  1.43s/it] 10%|▉         | 4776/50005 [2:06:29<17:58:48,  1.43s/it] 10%|▉         | 4777/50005 [2:06:30<17:59:08,  1.43s/it] 10%|▉         | 4778/50005 [2:06:32<17:58:27,  1.43s/it] 10%|▉         | 4779/50005 [2:06:33<17:56:22,  1.43s/it] 10%|▉         | 4780/50005 [2:06:35<17:55:17,  1.43s/it] 10%|▉         | 4781/50005 [2:06:36<17:56:24,  1.43s/it] 10%|▉         | 4782/50005 [2:06:38<17:57:45,  1.43s/it] 10%|▉         | 4783/50005 [2:06:39<17:55:51,  1.43s/it] 10%|▉         | 4784/50005 [2:06:40<17:57:39,  1.43s/it] 10%|▉         | 4785/50005 [2:06:42<19:00:44,  1.51s/it] 10%|▉         | 4786/50005 [2:06:44<18:41:47,  1.49s/it] 10%|▉         | 4787/50005 [2:06:45<18:27:12,  1.47s/it] 10%|▉         | 4788/50005 [2:06:46<18:19:26,  1.46s/it] 10%|▉         | 4789/50005 [2:06:48<18:11:10,  1.45s/it] 10%|▉         | 4790/50005 [2:06:49<18:07:19,  1.44s/it] 10%|▉         | 4791/50005 [2:06:51<18:04:55,  1.44s/it] 10%|▉         | 4792/50005 [2:06:52<18:04:20,  1.44s/it] 10%|▉         | 4793/50005 [2:06:54<18:02:14,  1.44s/it] 10%|▉         | 4794/50005 [2:06:55<17:59:19,  1.43s/it] 10%|▉         | 4795/50005 [2:06:56<17:59:10,  1.43s/it] 10%|▉         | 4796/50005 [2:06:58<17:58:05,  1.43s/it] 10%|▉         | 4797/50005 [2:06:59<17:56:07,  1.43s/it] 10%|▉         | 4798/50005 [2:07:01<17:54:29,  1.43s/it] 10%|▉         | 4799/50005 [2:07:02<17:53:41,  1.43s/it] 10%|▉         | 4800/50005 [2:07:04<17:55:23,  1.43s/it] 10%|▉         | 4801/50005 [2:07:05<18:01:39,  1.44s/it]
Validation:   0%|          | 0/100 [00:00<?, ?it/s][A
Validation:   1%|          | 1/100 [00:01<01:57,  1.19s/it][A
Validation:   2%|▏         | 2/100 [00:01<01:23,  1.17it/s][A
Validation:   3%|▎         | 3/100 [00:02<01:12,  1.35it/s][A
Validation:   4%|▍         | 4/100 [00:03<01:06,  1.44it/s][A
Validation:   5%|▌         | 5/100 [00:03<01:03,  1.50it/s][A
Validation:   6%|▌         | 6/100 [00:04<01:01,  1.54it/s][A
Validation:   7%|▋         | 7/100 [00:04<00:59,  1.57it/s][A
Validation:   8%|▊         | 8/100 [00:05<00:58,  1.59it/s][A
Validation:   9%|▉         | 9/100 [00:06<00:57,  1.60it/s][A
Validation:  10%|█         | 10/100 [00:06<00:56,  1.60it/s][A
Validation:  11%|█         | 11/100 [00:07<00:55,  1.61it/s][A
Validation:  12%|█▏        | 12/100 [00:07<00:54,  1.62it/s][A
Validation:  13%|█▎        | 13/100 [00:08<00:53,  1.62it/s][A
Validation:  14%|█▍        | 14/100 [00:09<00:53,  1.62it/s][A
Validation:  15%|█▌        | 15/100 [00:09<00:52,  1.62it/s][A
Validation:  16%|█▌        | 16/100 [00:10<00:51,  1.62it/s][A
Validation:  17%|█▋        | 17/100 [00:11<00:51,  1.63it/s][A
Validation:  18%|█▊        | 18/100 [00:11<00:50,  1.62it/s][A
Validation:  19%|█▉        | 19/100 [00:12<00:49,  1.62it/s][A
Validation:  20%|██        | 20/100 [00:12<00:49,  1.63it/s][A
Validation:  21%|██        | 21/100 [00:13<00:48,  1.62it/s][A
Validation:  22%|██▏       | 22/100 [00:14<00:48,  1.62it/s][A
Validation:  23%|██▎       | 23/100 [00:14<00:47,  1.62it/s][A
Validation:  24%|██▍       | 24/100 [00:15<00:46,  1.62it/s][A
Validation:  25%|██▌       | 25/100 [00:15<00:46,  1.62it/s][A
Validation:  26%|██▌       | 26/100 [00:16<00:45,  1.62it/s][A
Validation:  27%|██▋       | 27/100 [00:17<00:44,  1.62it/s][A
Validation:  28%|██▊       | 28/100 [00:17<00:44,  1.63it/s][A
Validation:  29%|██▉       | 29/100 [00:18<00:43,  1.62it/s][A
Validation:  30%|███       | 30/100 [00:19<00:43,  1.63it/s][A
Validation:  31%|███       | 31/100 [00:19<00:42,  1.62it/s][A
Validation:  32%|███▏      | 32/100 [00:20<00:41,  1.62it/s][A
Validation:  33%|███▎      | 33/100 [00:20<00:41,  1.62it/s][A
Validation:  34%|███▍      | 34/100 [00:21<00:40,  1.62it/s][A
Validation:  35%|███▌      | 35/100 [00:22<00:40,  1.62it/s][A
Validation:  36%|███▌      | 36/100 [00:22<00:39,  1.62it/s][A
Validation:  37%|███▋      | 37/100 [00:23<00:38,  1.62it/s][A
Validation:  38%|███▊      | 38/100 [00:23<00:38,  1.62it/s][A
Validation:  39%|███▉      | 39/100 [00:24<00:37,  1.62it/s][A
Validation:  40%|████      | 40/100 [00:25<00:36,  1.63it/s][A
Validation:  41%|████      | 41/100 [00:25<00:36,  1.63it/s][A
Validation:  42%|████▏     | 42/100 [00:26<00:35,  1.63it/s][A
Validation:  43%|████▎     | 43/100 [00:27<00:35,  1.63it/s][A
Validation:  44%|████▍     | 44/100 [00:27<00:34,  1.63it/s][A
Validation:  45%|████▌     | 45/100 [00:28<00:33,  1.62it/s][A
Validation:  46%|████▌     | 46/100 [00:28<00:33,  1.63it/s][A
Validation:  47%|████▋     | 47/100 [00:29<00:32,  1.62it/s][A
Validation:  48%|████▊     | 48/100 [00:30<00:32,  1.62it/s][A
Validation:  49%|████▉     | 49/100 [00:30<00:31,  1.62it/s][A
Validation:  50%|█████     | 50/100 [00:31<00:30,  1.63it/s][A
Validation:  51%|█████     | 51/100 [00:31<00:30,  1.63it/s][A
Validation:  52%|█████▏    | 52/100 [00:32<00:29,  1.62it/s][A
Validation:  53%|█████▎    | 53/100 [00:33<00:28,  1.62it/s][A
Validation:  54%|█████▍    | 54/100 [00:33<00:28,  1.62it/s][A
Validation:  55%|█████▌    | 55/100 [00:34<00:27,  1.62it/s][A
Validation:  56%|█████▌    | 56/100 [00:35<00:27,  1.62it/s][A
Validation:  57%|█████▋    | 57/100 [00:35<00:26,  1.63it/s][A
Validation:  58%|█████▊    | 58/100 [00:36<00:25,  1.63it/s][A
Validation:  59%|█████▉    | 59/100 [00:36<00:25,  1.62it/s][A
Validation:  60%|██████    | 60/100 [00:37<00:24,  1.62it/s][A
Validation:  61%|██████    | 61/100 [00:38<00:24,  1.62it/s][A
Validation:  62%|██████▏   | 62/100 [00:38<00:23,  1.62it/s][A
Validation:  63%|██████▎   | 63/100 [00:39<00:22,  1.62it/s][A
Validation:  64%|██████▍   | 64/100 [00:39<00:22,  1.62it/s][A
Validation:  65%|██████▌   | 65/100 [00:40<00:21,  1.62it/s][A
Validation:  66%|██████▌   | 66/100 [00:41<00:20,  1.62it/s][A
Validation:  67%|██████▋   | 67/100 [00:41<00:20,  1.62it/s][A
Validation:  68%|██████▊   | 68/100 [00:42<00:19,  1.63it/s][A
Validation:  69%|██████▉   | 69/100 [00:43<00:19,  1.63it/s][A
Validation:  70%|███████   | 70/100 [00:43<00:18,  1.62it/s][A
Validation:  71%|███████   | 71/100 [00:44<00:17,  1.63it/s][A
Validation:  72%|███████▏  | 72/100 [00:44<00:17,  1.63it/s][A
Validation:  73%|███████▎  | 73/100 [00:45<00:16,  1.62it/s][A
Validation:  74%|███████▍  | 74/100 [00:46<00:15,  1.63it/s][A
Validation:  75%|███████▌  | 75/100 [00:46<00:15,  1.63it/s][A
Validation:  76%|███████▌  | 76/100 [00:47<00:14,  1.63it/s][A
Validation:  77%|███████▋  | 77/100 [00:47<00:14,  1.62it/s][A
Validation:  78%|███████▊  | 78/100 [00:48<00:13,  1.62it/s][A
Validation:  79%|███████▉  | 79/100 [00:49<00:12,  1.63it/s][A
Validation:  80%|████████  | 80/100 [00:49<00:12,  1.63it/s][A
Validation:  81%|████████  | 81/100 [00:50<00:11,  1.63it/s][A
Validation:  82%|████████▏ | 82/100 [00:51<00:11,  1.62it/s][A
Validation:  83%|████████▎ | 83/100 [00:51<00:10,  1.63it/s][A
Validation:  84%|████████▍ | 84/100 [00:52<00:09,  1.63it/s][A
Validation:  85%|████████▌ | 85/100 [00:52<00:09,  1.63it/s][A
Validation:  86%|████████▌ | 86/100 [00:53<00:08,  1.63it/s][A
Validation:  87%|████████▋ | 87/100 [00:54<00:07,  1.63it/s][A
Validation:  88%|████████▊ | 88/100 [00:54<00:07,  1.62it/s][A
Validation:  89%|████████▉ | 89/100 [00:55<00:06,  1.62it/s][A
Validation:  90%|█████████ | 90/100 [00:55<00:06,  1.63it/s][A
Validation:  91%|█████████ | 91/100 [00:56<00:05,  1.63it/s][A
Validation:  92%|█████████▏| 92/100 [00:57<00:04,  1.63it/s][A
Validation:  93%|█████████▎| 93/100 [00:57<00:04,  1.63it/s][A
Validation:  94%|█████████▍| 94/100 [00:58<00:03,  1.62it/s][A
Validation:  95%|█████████▌| 95/100 [00:59<00:03,  1.62it/s][A
Validation:  96%|█████████▌| 96/100 [00:59<00:02,  1.62it/s][A
Validation:  97%|█████████▋| 97/100 [01:00<00:01,  1.62it/s][A
Validation:  98%|█████████▊| 98/100 [01:00<00:01,  1.62it/s][A
Validation:  99%|█████████▉| 99/100 [01:01<00:00,  1.62it/s][A
Validation: 100%|██████████| 100/100 [01:02<00:00,  1.62it/s][A
                                                             [A 10%|▉         | 4802/50005 [2:08:09<252:32:43, 20.11s/it] 10%|▉         | 4803/50005 [2:08:10<182:09:52, 14.51s/it] 10%|▉         | 4804/50005 [2:08:12<132:55:00, 10.59s/it] 10%|▉         | 4805/50005 [2:08:13<98:23:53,  7.84s/it]  10%|▉         | 4806/50005 [2:08:14<74:15:15,  5.91s/it] 10%|▉         | 4807/50005 [2:08:16<57:21:43,  4.57s/it] 10%|▉         | 4808/50005 [2:08:17<45:32:19,  3.63s/it] 10%|▉         | 4809/50005 [2:08:19<37:16:10,  2.97s/it] 10%|▉         | 4810/50005 [2:08:20<31:28:12,  2.51s/it] 10%|▉         | 4811/50005 [2:08:22<27:25:26,  2.18s/it] 10%|▉         | 4812/50005 [2:08:23<24:35:53,  1.96s/it] 10%|▉         | 4813/50005 [2:08:24<22:34:33,  1.80s/it] 10%|▉         | 4814/50005 [2:08:26<21:12:22,  1.69s/it] 10%|▉         | 4815/50005 [2:08:27<20:14:50,  1.61s/it] 10%|▉         | 4816/50005 [2:08:29<19:33:55,  1.56s/it] 10%|▉         | 4817/50005 [2:08:30<19:03:29,  1.52s/it] 10%|▉         | 4818/50005 [2:08:32<18:41:12,  1.49s/it] 10%|▉         | 4819/50005 [2:08:33<18:26:35,  1.47s/it] 10%|▉         | 4820/50005 [2:08:34<18:18:12,  1.46s/it] 10%|▉         | 4821/50005 [2:08:36<18:10:24,  1.45s/it] 10%|▉         | 4822/50005 [2:08:37<18:07:11,  1.44s/it] 10%|▉         | 4823/50005 [2:08:39<18:02:35,  1.44s/it] 10%|▉         | 4824/50005 [2:08:40<17:59:25,  1.43s/it] 10%|▉         | 4825/50005 [2:08:42<17:59:18,  1.43s/it] 10%|▉         | 4826/50005 [2:08:43<17:57:02,  1.43s/it] 10%|▉         | 4827/50005 [2:08:44<17:56:00,  1.43s/it] 10%|▉         | 4828/50005 [2:08:46<17:56:29,  1.43s/it] 10%|▉         | 4829/50005 [2:08:47<17:56:53,  1.43s/it] 10%|▉         | 4830/50005 [2:08:49<17:54:49,  1.43s/it] 10%|▉         | 4831/50005 [2:08:50<17:53:56,  1.43s/it] 10%|▉         | 4832/50005 [2:08:52<17:52:27,  1.42s/it] 10%|▉         | 4833/50005 [2:08:53<17:54:05,  1.43s/it] 10%|▉         | 4834/50005 [2:08:54<17:55:39,  1.43s/it] 10%|▉         | 4835/50005 [2:08:56<17:56:18,  1.43s/it] 10%|▉         | 4836/50005 [2:08:57<17:56:41,  1.43s/it] 10%|▉         | 4837/50005 [2:08:59<17:56:25,  1.43s/it] 10%|▉         | 4838/50005 [2:09:00<17:57:18,  1.43s/it] 10%|▉         | 4839/50005 [2:09:02<17:57:38,  1.43s/it] 10%|▉         | 4840/50005 [2:09:03<17:55:22,  1.43s/it] 10%|▉         | 4841/50005 [2:09:04<17:56:48,  1.43s/it] 10%|▉         | 4842/50005 [2:09:06<17:55:24,  1.43s/it] 10%|▉         | 4843/50005 [2:09:07<17:56:54,  1.43s/it] 10%|▉         | 4844/50005 [2:09:09<17:57:13,  1.43s/it] 10%|▉         | 4845/50005 [2:09:10<17:56:53,  1.43s/it] 10%|▉         | 4846/50005 [2:09:12<17:58:06,  1.43s/it] 10%|▉         | 4847/50005 [2:09:13<17:58:07,  1.43s/it] 10%|▉         | 4848/50005 [2:09:14<17:57:40,  1.43s/it] 10%|▉         | 4849/50005 [2:09:16<17:56:13,  1.43s/it] 10%|▉         | 4850/50005 [2:09:17<17:57:01,  1.43s/it] 10%|▉         | 4851/50005 [2:09:19<17:56:26,  1.43s/it] 10%|▉         | 4852/50005 [2:09:20<17:56:56,  1.43s/it] 10%|▉         | 4853/50005 [2:09:22<17:55:11,  1.43s/it] 10%|▉         | 4854/50005 [2:09:23<17:55:55,  1.43s/it] 10%|▉         | 4855/50005 [2:09:24<17:54:59,  1.43s/it] 10%|▉         | 4856/50005 [2:09:26<17:55:55,  1.43s/it] 10%|▉         | 4857/50005 [2:09:27<17:56:29,  1.43s/it] 10%|▉         | 4858/50005 [2:09:29<17:57:03,  1.43s/it] 10%|▉         | 4859/50005 [2:09:30<17:55:07,  1.43s/it] 10%|▉         | 4860/50005 [2:09:32<17:55:47,  1.43s/it] 10%|▉         | 4861/50005 [2:09:33<17:56:02,  1.43s/it] 10%|▉         | 4862/50005 [2:09:34<17:54:39,  1.43s/it] 10%|▉         | 4863/50005 [2:09:36<17:55:29,  1.43s/it] 10%|▉         | 4864/50005 [2:09:37<17:56:12,  1.43s/it] 10%|▉         | 4865/50005 [2:09:39<17:55:10,  1.43s/it] 10%|▉         | 4866/50005 [2:09:40<17:55:27,  1.43s/it] 10%|▉         | 4867/50005 [2:09:42<17:56:14,  1.43s/it] 10%|▉         | 4868/50005 [2:09:43<17:57:10,  1.43s/it] 10%|▉         | 4869/50005 [2:09:44<17:57:09,  1.43s/it] 10%|▉         | 4870/50005 [2:09:46<17:57:25,  1.43s/it] 10%|▉         | 4871/50005 [2:09:47<17:57:05,  1.43s/it] 10%|▉         | 4872/50005 [2:09:49<17:56:42,  1.43s/it] 10%|▉         | 4873/50005 [2:09:50<17:54:19,  1.43s/it] 10%|▉         | 4874/50005 [2:09:52<17:55:32,  1.43s/it] 10%|▉         | 4875/50005 [2:09:53<17:55:58,  1.43s/it] 10%|▉         | 4876/50005 [2:09:54<17:56:59,  1.43s/it] 10%|▉         | 4877/50005 [2:09:56<17:57:26,  1.43s/it] 10%|▉         | 4878/50005 [2:09:57<17:57:42,  1.43s/it] 10%|▉         | 4879/50005 [2:09:59<17:57:30,  1.43s/it] 10%|▉         | 4880/50005 [2:10:00<17:57:13,  1.43s/it] 10%|▉         | 4881/50005 [2:10:02<17:55:31,  1.43s/it] 10%|▉         | 4882/50005 [2:10:03<17:53:58,  1.43s/it] 10%|▉         | 4883/50005 [2:10:04<17:53:12,  1.43s/it] 10%|▉         | 4884/50005 [2:10:06<17:54:11,  1.43s/it] 10%|▉         | 4885/50005 [2:10:07<17:55:08,  1.43s/it] 10%|▉         | 4886/50005 [2:10:10<21:13:37,  1.69s/it] 10%|▉         | 4887/50005 [2:10:12<21:57:44,  1.75s/it] 10%|▉         | 4888/50005 [2:10:13<21:39:02,  1.73s/it] 10%|▉         | 4889/50005 [2:10:15<20:32:39,  1.64s/it] 10%|▉         | 4890/50005 [2:10:16<19:43:56,  1.57s/it] 10%|▉         | 4891/50005 [2:10:17<19:12:03,  1.53s/it] 10%|▉         | 4892/50005 [2:10:19<18:49:35,  1.50s/it] 10%|▉         | 4893/50005 [2:10:20<18:34:16,  1.48s/it] 10%|▉         | 4894/50005 [2:10:22<18:23:12,  1.47s/it] 10%|▉         | 4895/50005 [2:10:23<18:13:35,  1.45s/it] 10%|▉         | 4896/50005 [2:10:25<18:06:34,  1.45s/it] 10%|▉         | 4897/50005 [2:10:26<18:03:36,  1.44s/it] 10%|▉         | 4898/50005 [2:10:27<17:59:09,  1.44s/it] 10%|▉         | 4899/50005 [2:10:29<17:56:34,  1.43s/it] 10%|▉         | 4900/50005 [2:10:30<17:56:47,  1.43s/it] 10%|▉         | 4901/50005 [2:10:32<17:57:02,  1.43s/it] 10%|▉         | 4902/50005 [2:10:33<17:57:20,  1.43s/it] 10%|▉         | 4903/50005 [2:10:35<17:57:28,  1.43s/it] 10%|▉         | 4904/50005 [2:10:36<17:57:21,  1.43s/it] 10%|▉         | 4905/50005 [2:10:38<17:55:07,  1.43s/it] 10%|▉         | 4906/50005 [2:10:39<17:53:15,  1.43s/it] 10%|▉         | 4907/50005 [2:10:40<17:54:26,  1.43s/it] 10%|▉         | 4908/50005 [2:10:42<17:54:49,  1.43s/it] 10%|▉         | 4909/50005 [2:10:43<17:54:34,  1.43s/it] 10%|▉         | 4910/50005 [2:10:45<17:55:15,  1.43s/it] 10%|▉         | 4911/50005 [2:10:46<17:55:38,  1.43s/it] 10%|▉         | 4912/50005 [2:10:48<17:55:55,  1.43s/it] 10%|▉         | 4913/50005 [2:10:49<17:54:08,  1.43s/it] 10%|▉         | 4914/50005 [2:10:50<17:52:28,  1.43s/it] 10%|▉         | 4915/50005 [2:10:52<17:53:33,  1.43s/it] 10%|▉         | 4916/50005 [2:10:53<17:54:44,  1.43s/it] 10%|▉         | 4917/50005 [2:10:55<17:53:50,  1.43s/it] 10%|▉         | 4918/50005 [2:10:56<17:54:33,  1.43s/it] 10%|▉         | 4919/50005 [2:10:58<17:55:34,  1.43s/it] 10%|▉         | 4920/50005 [2:10:59<17:56:31,  1.43s/it] 10%|▉         | 4921/50005 [2:11:00<17:54:04,  1.43s/it] 10%|▉         | 4922/50005 [2:11:02<17:52:44,  1.43s/it] 10%|▉         | 4923/50005 [2:11:03<17:53:34,  1.43s/it] 10%|▉         | 4924/50005 [2:11:05<17:54:49,  1.43s/it] 10%|▉         | 4925/50005 [2:11:06<17:55:08,  1.43s/it] 10%|▉         | 4926/50005 [2:11:08<17:55:32,  1.43s/it] 10%|▉         | 4927/50005 [2:11:09<17:56:02,  1.43s/it] 10%|▉         | 4928/50005 [2:11:10<17:56:09,  1.43s/it] 10%|▉         | 4929/50005 [2:11:12<17:55:57,  1.43s/it] 10%|▉         | 4930/50005 [2:11:13<17:56:04,  1.43s/it] 10%|▉         | 4931/50005 [2:11:15<17:53:54,  1.43s/it] 10%|▉         | 4932/50005 [2:11:16<17:54:59,  1.43s/it] 10%|▉         | 4933/50005 [2:11:18<17:55:44,  1.43s/it] 10%|▉         | 4934/50005 [2:11:19<17:54:08,  1.43s/it] 10%|▉         | 4935/50005 [2:11:20<17:53:03,  1.43s/it] 10%|▉         | 4936/50005 [2:11:22<17:50:42,  1.43s/it] 10%|▉         | 4937/50005 [2:11:23<17:52:13,  1.43s/it] 10%|▉         | 4938/50005 [2:11:25<17:53:56,  1.43s/it] 10%|▉         | 4939/50005 [2:11:26<17:52:39,  1.43s/it] 10%|▉         | 4940/50005 [2:11:28<17:51:14,  1.43s/it] 10%|▉         | 4941/50005 [2:11:29<17:50:09,  1.42s/it] 10%|▉         | 4942/50005 [2:11:30<17:52:19,  1.43s/it] 10%|▉         | 4943/50005 [2:11:32<17:53:58,  1.43s/it] 10%|▉         | 4944/50005 [2:11:33<17:53:30,  1.43s/it] 10%|▉         | 4945/50005 [2:11:35<17:54:06,  1.43s/it] 10%|▉         | 4946/50005 [2:11:36<17:52:50,  1.43s/it] 10%|▉         | 4947/50005 [2:11:38<17:53:34,  1.43s/it] 10%|▉         | 4948/50005 [2:11:39<17:53:21,  1.43s/it] 10%|▉         | 4949/50005 [2:11:40<17:53:53,  1.43s/it] 10%|▉         | 4950/50005 [2:11:42<17:53:54,  1.43s/it] 10%|▉         | 4951/50005 [2:11:43<17:52:10,  1.43s/it] 10%|▉         | 4952/50005 [2:11:45<17:51:56,  1.43s/it] 10%|▉         | 4953/50005 [2:11:46<17:53:25,  1.43s/it] 10%|▉         | 4954/50005 [2:11:48<17:54:12,  1.43s/it] 10%|▉         | 4955/50005 [2:11:49<17:54:24,  1.43s/it] 10%|▉         | 4956/50005 [2:11:50<17:55:15,  1.43s/it] 10%|▉         | 4957/50005 [2:11:52<17:55:20,  1.43s/it] 10%|▉         | 4958/50005 [2:11:53<17:56:20,  1.43s/it] 10%|▉         | 4959/50005 [2:11:55<17:53:53,  1.43s/it] 10%|▉         | 4960/50005 [2:11:56<17:54:13,  1.43s/it] 10%|▉         | 4961/50005 [2:11:58<17:53:37,  1.43s/it] 10%|▉         | 4962/50005 [2:11:59<17:53:50,  1.43s/it] 10%|▉         | 4963/50005 [2:12:00<17:52:21,  1.43s/it] 10%|▉         | 4964/50005 [2:12:02<17:52:56,  1.43s/it] 10%|▉         | 4965/50005 [2:12:03<17:53:27,  1.43s/it] 10%|▉         | 4966/50005 [2:12:05<17:52:00,  1.43s/it] 10%|▉         | 4967/50005 [2:12:06<17:53:00,  1.43s/it] 10%|▉         | 4968/50005 [2:12:08<17:51:39,  1.43s/it] 10%|▉         | 4969/50005 [2:12:09<17:52:45,  1.43s/it] 10%|▉         | 4970/50005 [2:12:10<17:53:29,  1.43s/it] 10%|▉         | 4971/50005 [2:12:12<17:54:23,  1.43s/it] 10%|▉         | 4972/50005 [2:12:13<17:55:32,  1.43s/it] 10%|▉         | 4973/50005 [2:12:15<17:55:10,  1.43s/it] 10%|▉         | 4974/50005 [2:12:16<17:55:06,  1.43s/it] 10%|▉         | 4975/50005 [2:12:18<17:54:30,  1.43s/it] 10%|▉         | 4976/50005 [2:12:19<17:52:52,  1.43s/it] 10%|▉         | 4977/50005 [2:12:20<17:51:11,  1.43s/it] 10%|▉         | 4978/50005 [2:12:22<17:52:14,  1.43s/it] 10%|▉         | 4979/50005 [2:12:23<17:50:33,  1.43s/it] 10%|▉         | 4980/50005 [2:12:25<17:52:00,  1.43s/it] 10%|▉         | 4981/50005 [2:12:26<17:52:15,  1.43s/it] 10%|▉         | 4982/50005 [2:12:28<17:53:03,  1.43s/it] 10%|▉         | 4983/50005 [2:12:29<17:53:52,  1.43s/it] 10%|▉         | 4984/50005 [2:12:30<17:53:50,  1.43s/it] 10%|▉         | 4985/50005 [2:12:32<17:54:59,  1.43s/it] 10%|▉         | 4986/50005 [2:12:33<17:54:57,  1.43s/it] 10%|▉         | 4987/50005 [2:12:35<17:52:50,  1.43s/it] 10%|▉         | 4988/50005 [2:12:36<17:53:16,  1.43s/it] 10%|▉         | 4989/50005 [2:12:38<17:53:30,  1.43s/it] 10%|▉         | 4990/50005 [2:12:39<17:53:54,  1.43s/it] 10%|▉         | 4991/50005 [2:12:40<17:53:36,  1.43s/it] 10%|▉         | 4992/50005 [2:12:42<17:54:25,  1.43s/it] 10%|▉         | 4993/50005 [2:12:43<17:52:38,  1.43s/it] 10%|▉         | 4994/50005 [2:12:45<17:53:19,  1.43s/it] 10%|▉         | 4995/50005 [2:12:46<17:53:57,  1.43s/it] 10%|▉         | 4996/50005 [2:12:48<17:52:11,  1.43s/it] 10%|▉         | 4997/50005 [2:12:49<17:53:32,  1.43s/it] 10%|▉         | 4998/50005 [2:12:51<17:53:59,  1.43s/it] 10%|▉         | 4999/50005 [2:12:52<17:53:41,  1.43s/it] 10%|▉         | 5000/50005 [2:12:53<17:51:21,  1.43s/it] 10%|█         | 5001/50005 [2:12:55<17:58:59,  1.44s/it] 10%|█         | 5002/50005 [2:12:56<17:57:20,  1.44s/it] 10%|█         | 5003/50005 [2:12:58<17:54:15,  1.43s/it] 10%|█         | 5004/50005 [2:12:59<17:53:53,  1.43s/it] 10%|█         | 5005/50005 [2:13:01<17:53:49,  1.43s/it] 10%|█         | 5006/50005 [2:13:02<17:54:10,  1.43s/it] 10%|█         | 5007/50005 [2:13:03<17:54:51,  1.43s/it] 10%|█         | 5008/50005 [2:13:05<17:52:33,  1.43s/it] 10%|█         | 5009/50005 [2:13:06<17:50:12,  1.43s/it] 10%|█         | 5010/50005 [2:13:08<17:49:35,  1.43s/it] 10%|█         | 5011/50005 [2:13:09<17:51:05,  1.43s/it] 10%|█         | 5012/50005 [2:13:11<17:52:00,  1.43s/it] 10%|█         | 5013/50005 [2:13:12<17:52:32,  1.43s/it] 10%|█         | 5014/50005 [2:13:13<17:52:45,  1.43s/it] 10%|█         | 5015/50005 [2:13:15<17:52:55,  1.43s/it] 10%|█         | 5016/50005 [2:13:16<17:50:53,  1.43s/it] 10%|█         | 5017/50005 [2:13:18<17:51:41,  1.43s/it] 10%|█         | 5018/50005 [2:13:19<17:52:14,  1.43s/it] 10%|█         | 5019/50005 [2:13:21<17:53:10,  1.43s/it] 10%|█         | 5020/50005 [2:13:22<17:53:08,  1.43s/it] 10%|█         | 5021/50005 [2:13:23<17:51:27,  1.43s/it] 10%|█         | 5022/50005 [2:13:25<17:50:19,  1.43s/it] 10%|█         | 5023/50005 [2:13:26<17:50:07,  1.43s/it] 10%|█         | 5024/50005 [2:13:28<17:50:57,  1.43s/it] 10%|█         | 5025/50005 [2:13:29<17:49:09,  1.43s/it] 10%|█         | 5026/50005 [2:13:31<17:50:17,  1.43s/it] 10%|█         | 5027/50005 [2:13:32<17:49:17,  1.43s/it] 10%|█         | 5028/50005 [2:13:33<17:50:18,  1.43s/it] 10%|█         | 5029/50005 [2:13:35<17:49:32,  1.43s/it] 10%|█         | 5030/50005 [2:13:36<17:48:46,  1.43s/it] 10%|█         | 5031/50005 [2:13:38<17:50:28,  1.43s/it] 10%|█         | 5032/50005 [2:13:39<17:51:46,  1.43s/it] 10%|█         | 5033/50005 [2:13:41<17:50:40,  1.43s/it] 10%|█         | 5034/50005 [2:13:42<17:52:00,  1.43s/it] 10%|█         | 5035/50005 [2:13:43<17:53:22,  1.43s/it] 10%|█         | 5036/50005 [2:13:45<17:53:21,  1.43s/it] 10%|█         | 5037/50005 [2:13:46<17:53:21,  1.43s/it] 10%|█         | 5038/50005 [2:13:48<17:50:34,  1.43s/it] 10%|█         | 5039/50005 [2:13:49<17:50:32,  1.43s/it] 10%|█         | 5040/50005 [2:13:51<17:51:30,  1.43s/it] 10%|█         | 5041/50005 [2:13:52<17:52:13,  1.43s/it] 10%|█         | 5042/50005 [2:13:53<17:50:43,  1.43s/it] 10%|█         | 5043/50005 [2:13:55<17:50:19,  1.43s/it] 10%|█         | 5044/50005 [2:13:56<17:49:33,  1.43s/it] 10%|█         | 5045/50005 [2:13:58<17:50:53,  1.43s/it] 10%|█         | 5046/50005 [2:13:59<17:49:58,  1.43s/it] 10%|█         | 5047/50005 [2:14:01<17:48:42,  1.43s/it] 10%|█         | 5048/50005 [2:14:02<17:48:39,  1.43s/it] 10%|█         | 5049/50005 [2:14:03<17:48:43,  1.43s/it] 10%|█         | 5050/50005 [2:14:05<17:49:43,  1.43s/it] 10%|█         | 5051/50005 [2:14:06<17:47:56,  1.43s/it] 10%|█         | 5052/50005 [2:14:08<17:49:48,  1.43s/it] 10%|█         | 5053/50005 [2:14:09<17:51:49,  1.43s/it] 10%|█         | 5054/50005 [2:14:11<17:52:12,  1.43s/it] 10%|█         | 5055/50005 [2:14:12<17:51:43,  1.43s/it] 10%|█         | 5056/50005 [2:14:13<17:49:39,  1.43s/it] 10%|█         | 5057/50005 [2:14:15<17:50:34,  1.43s/it] 10%|█         | 5058/50005 [2:14:16<17:50:59,  1.43s/it] 10%|█         | 5059/50005 [2:14:18<17:52:12,  1.43s/it] 10%|█         | 5060/50005 [2:14:19<17:51:29,  1.43s/it] 10%|█         | 5061/50005 [2:14:21<17:52:16,  1.43s/it] 10%|█         | 5062/50005 [2:14:22<17:52:14,  1.43s/it] 10%|█         | 5063/50005 [2:14:23<17:50:21,  1.43s/it] 10%|█         | 5064/50005 [2:14:25<17:50:35,  1.43s/it] 10%|█         | 5065/50005 [2:14:26<17:51:03,  1.43s/it] 10%|█         | 5066/50005 [2:14:28<17:48:56,  1.43s/it] 10%|█         | 5067/50005 [2:14:29<17:47:37,  1.43s/it] 10%|█         | 5068/50005 [2:14:31<17:47:21,  1.43s/it] 10%|█         | 5069/50005 [2:14:32<17:49:37,  1.43s/it] 10%|█         | 5070/50005 [2:14:33<17:48:48,  1.43s/it] 10%|█         | 5071/50005 [2:14:35<17:51:00,  1.43s/it] 10%|█         | 5072/50005 [2:14:36<17:51:16,  1.43s/it] 10%|█         | 5073/50005 [2:14:38<17:50:03,  1.43s/it] 10%|█         | 5074/50005 [2:14:39<17:50:36,  1.43s/it] 10%|█         | 5075/50005 [2:14:41<17:50:53,  1.43s/it] 10%|█         | 5076/50005 [2:14:42<17:56:55,  1.44s/it] 10%|█         | 5077/50005 [2:14:43<18:02:29,  1.45s/it] 10%|█         | 5078/50005 [2:14:45<18:04:10,  1.45s/it] 10%|█         | 5079/50005 [2:14:46<18:07:06,  1.45s/it] 10%|█         | 5080/50005 [2:14:48<18:08:47,  1.45s/it] 10%|█         | 5081/50005 [2:14:49<18:10:20,  1.46s/it] 10%|█         | 5082/50005 [2:14:51<18:09:55,  1.46s/it] 10%|█         | 5083/50005 [2:14:52<18:10:55,  1.46s/it] 10%|█         | 5084/50005 [2:14:54<18:11:22,  1.46s/it] 10%|█         | 5085/50005 [2:14:55<18:11:59,  1.46s/it] 10%|█         | 5086/50005 [2:14:57<18:12:03,  1.46s/it] 10%|█         | 5087/50005 [2:14:58<18:12:28,  1.46s/it] 10%|█         | 5088/50005 [2:15:00<18:10:51,  1.46s/it] 10%|█         | 5089/50005 [2:15:01<18:11:35,  1.46s/it] 10%|█         | 5090/50005 [2:15:02<18:11:44,  1.46s/it] 10%|█         | 5091/50005 [2:15:04<18:12:15,  1.46s/it] 10%|█         | 5092/50005 [2:15:05<18:12:51,  1.46s/it] 10%|█         | 5093/50005 [2:15:07<18:13:12,  1.46s/it] 10%|█         | 5094/50005 [2:15:08<18:10:16,  1.46s/it] 10%|█         | 5095/50005 [2:15:10<18:09:44,  1.46s/it] 10%|█         | 5096/50005 [2:15:11<18:08:15,  1.45s/it] 10%|█         | 5097/50005 [2:15:13<18:07:10,  1.45s/it] 10%|█         | 5098/50005 [2:15:14<18:06:45,  1.45s/it] 10%|█         | 5099/50005 [2:15:16<18:07:26,  1.45s/it] 10%|█         | 5100/50005 [2:15:17<18:06:37,  1.45s/it] 10%|█         | 5101/50005 [2:15:18<18:08:49,  1.45s/it] 10%|█         | 5102/50005 [2:15:20<18:07:53,  1.45s/it] 10%|█         | 5103/50005 [2:15:21<18:07:25,  1.45s/it] 10%|█         | 5104/50005 [2:15:23<18:07:24,  1.45s/it] 10%|█         | 5105/50005 [2:15:24<18:09:15,  1.46s/it] 10%|█         | 5106/50005 [2:15:26<18:08:51,  1.46s/it] 10%|█         | 5107/50005 [2:15:27<18:10:03,  1.46s/it] 10%|█         | 5108/50005 [2:15:29<18:10:31,  1.46s/it] 10%|█         | 5109/50005 [2:15:30<18:11:42,  1.46s/it] 10%|█         | 5110/50005 [2:15:32<18:12:06,  1.46s/it] 10%|█         | 5111/50005 [2:15:33<18:11:58,  1.46s/it] 10%|█         | 5112/50005 [2:15:34<18:12:18,  1.46s/it] 10%|█         | 5113/50005 [2:15:36<18:13:46,  1.46s/it] 10%|█         | 5114/50005 [2:15:37<18:12:16,  1.46s/it] 10%|█         | 5115/50005 [2:15:39<18:12:39,  1.46s/it] 10%|█         | 5116/50005 [2:15:40<18:12:24,  1.46s/it] 10%|█         | 5117/50005 [2:15:42<18:10:14,  1.46s/it] 10%|█         | 5118/50005 [2:15:43<18:07:33,  1.45s/it] 10%|█         | 5119/50005 [2:15:45<18:10:17,  1.46s/it] 10%|█         | 5120/50005 [2:15:46<18:11:45,  1.46s/it] 10%|█         | 5121/50005 [2:15:48<18:12:20,  1.46s/it] 10%|█         | 5122/50005 [2:15:49<18:10:03,  1.46s/it] 10%|█         | 5123/50005 [2:15:51<18:11:12,  1.46s/it] 10%|█         | 5124/50005 [2:15:52<18:11:05,  1.46s/it] 10%|█         | 5125/50005 [2:15:53<18:11:42,  1.46s/it] 10%|█         | 5126/50005 [2:15:55<18:11:35,  1.46s/it] 10%|█         | 5127/50005 [2:15:56<18:12:26,  1.46s/it] 10%|█         | 5128/50005 [2:15:58<18:12:24,  1.46s/it] 10%|█         | 5129/50005 [2:15:59<18:12:50,  1.46s/it] 10%|█         | 5130/50005 [2:16:01<18:10:53,  1.46s/it] 10%|█         | 5131/50005 [2:16:02<18:08:04,  1.45s/it] 10%|█         | 5132/50005 [2:16:04<18:06:42,  1.45s/it] 10%|█         | 5133/50005 [2:16:05<18:08:33,  1.46s/it] 10%|█         | 5134/50005 [2:16:07<18:07:37,  1.45s/it] 10%|█         | 5135/50005 [2:16:08<18:10:20,  1.46s/it] 10%|█         | 5136/50005 [2:16:09<18:10:51,  1.46s/it] 10%|█         | 5137/50005 [2:16:11<18:11:48,  1.46s/it] 10%|█         | 5138/50005 [2:16:12<18:10:11,  1.46s/it] 10%|█         | 5139/50005 [2:16:14<18:10:59,  1.46s/it] 10%|█         | 5140/50005 [2:16:15<18:11:11,  1.46s/it] 10%|█         | 5141/50005 [2:16:17<18:09:53,  1.46s/it] 10%|█         | 5142/50005 [2:16:18<18:09:46,  1.46s/it] 10%|█         | 5143/50005 [2:16:20<18:11:04,  1.46s/it] 10%|█         | 5144/50005 [2:16:21<18:09:29,  1.46s/it] 10%|█         | 5145/50005 [2:16:23<18:11:06,  1.46s/it] 10%|█         | 5146/50005 [2:16:24<18:09:10,  1.46s/it] 10%|█         | 5147/50005 [2:16:26<18:07:42,  1.45s/it] 10%|█         | 5148/50005 [2:16:27<18:08:07,  1.46s/it] 10%|█         | 5149/50005 [2:16:28<18:09:25,  1.46s/it] 10%|█         | 5150/50005 [2:16:30<18:10:15,  1.46s/it] 10%|█         | 5151/50005 [2:16:31<18:10:54,  1.46s/it] 10%|█         | 5152/50005 [2:16:33<18:11:31,  1.46s/it] 10%|█         | 5153/50005 [2:16:34<18:09:20,  1.46s/it] 10%|█         | 5154/50005 [2:16:36<18:10:01,  1.46s/it] 10%|█         | 5155/50005 [2:16:37<18:10:09,  1.46s/it] 10%|█         | 5156/50005 [2:16:39<18:08:30,  1.46s/it] 10%|█         | 5157/50005 [2:16:40<18:07:08,  1.45s/it] 10%|█         | 5158/50005 [2:16:42<18:08:26,  1.46s/it] 10%|█         | 5159/50005 [2:16:43<18:09:22,  1.46s/it] 10%|█         | 5160/50005 [2:16:44<18:10:42,  1.46s/it] 10%|█         | 5161/50005 [2:16:46<18:09:06,  1.46s/it] 10%|█         | 5162/50005 [2:16:47<18:09:27,  1.46s/it] 10%|█         | 5163/50005 [2:16:49<18:10:12,  1.46s/it] 10%|█         | 5164/50005 [2:16:50<18:10:29,  1.46s/it] 10%|█         | 5165/50005 [2:16:52<18:10:19,  1.46s/it] 10%|█         | 5166/50005 [2:16:53<18:10:06,  1.46s/it] 10%|█         | 5167/50005 [2:16:55<18:07:56,  1.46s/it] 10%|█         | 5168/50005 [2:16:56<18:08:23,  1.46s/it] 10%|█         | 5169/50005 [2:16:58<18:09:28,  1.46s/it] 10%|█         | 5170/50005 [2:16:59<18:07:58,  1.46s/it] 10%|█         | 5171/50005 [2:17:00<18:04:48,  1.45s/it] 10%|█         | 5172/50005 [2:17:02<18:04:35,  1.45s/it] 10%|█         | 5173/50005 [2:17:03<18:03:49,  1.45s/it] 10%|█         | 5174/50005 [2:17:05<18:04:05,  1.45s/it] 10%|█         | 5175/50005 [2:17:06<18:07:26,  1.46s/it] 10%|█         | 5176/50005 [2:17:08<18:06:01,  1.45s/it] 10%|█         | 5177/50005 [2:17:09<18:07:13,  1.46s/it] 10%|█         | 5178/50005 [2:17:11<18:07:18,  1.46s/it] 10%|█         | 5179/50005 [2:17:12<18:08:20,  1.46s/it] 10%|█         | 5180/50005 [2:17:14<18:07:11,  1.46s/it] 10%|█         | 5181/50005 [2:17:15<18:07:50,  1.46s/it] 10%|█         | 5182/50005 [2:17:16<18:06:47,  1.45s/it] 10%|█         | 5183/50005 [2:17:18<18:06:04,  1.45s/it] 10%|█         | 5184/50005 [2:17:19<18:05:46,  1.45s/it] 10%|█         | 5185/50005 [2:17:21<18:05:08,  1.45s/it] 10%|█         | 5186/50005 [2:17:22<18:07:33,  1.46s/it] 10%|█         | 5187/50005 [2:17:24<18:06:01,  1.45s/it] 10%|█         | 5188/50005 [2:17:25<18:05:01,  1.45s/it] 10%|█         | 5189/50005 [2:17:27<18:06:31,  1.45s/it] 10%|█         | 5190/50005 [2:17:28<18:07:00,  1.46s/it] 10%|█         | 5191/50005 [2:17:30<18:03:55,  1.45s/it] 10%|█         | 5192/50005 [2:17:31<18:05:42,  1.45s/it] 10%|█         | 5193/50005 [2:17:32<18:07:21,  1.46s/it] 10%|█         | 5194/50005 [2:17:34<18:06:25,  1.45s/it] 10%|█         | 5195/50005 [2:17:35<18:05:31,  1.45s/it] 10%|█         | 5196/50005 [2:17:37<18:06:40,  1.46s/it] 10%|█         | 5197/50005 [2:17:38<18:07:10,  1.46s/it] 10%|█         | 5198/50005 [2:17:40<18:08:07,  1.46s/it] 10%|█         | 5199/50005 [2:17:41<18:09:16,  1.46s/it] 10%|█         | 5200/50005 [2:17:43<18:09:56,  1.46s/it] 10%|█         | 5201/50005 [2:17:44<18:08:58,  1.46s/it]
Validation:   0%|          | 0/100 [00:00<?, ?it/s][A
Validation:   1%|          | 1/100 [00:01<02:11,  1.33s/it][A
Validation:   2%|▏         | 2/100 [00:01<01:29,  1.09it/s][A
Validation:   3%|▎         | 3/100 [00:02<01:15,  1.28it/s][A
Validation:   4%|▍         | 4/100 [00:03<01:09,  1.39it/s][A
Validation:   5%|▌         | 5/100 [00:03<01:04,  1.46it/s][A
Validation:   6%|▌         | 6/100 [00:04<01:02,  1.51it/s][A
Validation:   7%|▋         | 7/100 [00:05<01:00,  1.54it/s][A
Validation:   8%|▊         | 8/100 [00:05<00:58,  1.56it/s][A
Validation:   9%|▉         | 9/100 [00:06<00:57,  1.58it/s][A
Validation:  10%|█         | 10/100 [00:06<00:56,  1.59it/s][A
Validation:  11%|█         | 11/100 [00:07<00:55,  1.59it/s][A
Validation:  12%|█▏        | 12/100 [00:08<00:55,  1.60it/s][A
Validation:  13%|█▎        | 13/100 [00:08<00:54,  1.60it/s][A
Validation:  14%|█▍        | 14/100 [00:09<00:53,  1.60it/s][A
Validation:  15%|█▌        | 15/100 [00:10<00:52,  1.61it/s][A
Validation:  16%|█▌        | 16/100 [00:10<00:52,  1.61it/s][A
Validation:  17%|█▋        | 17/100 [00:11<00:51,  1.61it/s][A
Validation:  18%|█▊        | 18/100 [00:11<00:50,  1.61it/s][A
Validation:  19%|█▉        | 19/100 [00:12<00:50,  1.61it/s][A
Validation:  20%|██        | 20/100 [00:13<00:49,  1.61it/s][A
Validation:  21%|██        | 21/100 [00:13<00:48,  1.61it/s][A
Validation:  22%|██▏       | 22/100 [00:14<00:48,  1.61it/s][A
Validation:  23%|██▎       | 23/100 [00:14<00:47,  1.61it/s][A
Validation:  24%|██▍       | 24/100 [00:15<00:47,  1.61it/s][A
Validation:  25%|██▌       | 25/100 [00:16<00:46,  1.61it/s][A
Validation:  26%|██▌       | 26/100 [00:16<00:45,  1.61it/s][A
Validation:  27%|██▋       | 27/100 [00:17<00:45,  1.61it/s][A
Validation:  28%|██▊       | 28/100 [00:18<00:44,  1.61it/s][A
Validation:  29%|██▉       | 29/100 [00:18<00:43,  1.61it/s][A
Validation:  30%|███       | 30/100 [00:19<00:43,  1.61it/s][A
Validation:  31%|███       | 31/100 [00:19<00:42,  1.61it/s][A
Validation:  32%|███▏      | 32/100 [00:20<00:42,  1.61it/s][A
Validation:  33%|███▎      | 33/100 [00:21<00:41,  1.62it/s][A
Validation:  34%|███▍      | 34/100 [00:21<00:40,  1.61it/s][A
Validation:  35%|███▌      | 35/100 [00:22<00:40,  1.62it/s][A
Validation:  36%|███▌      | 36/100 [00:23<00:39,  1.61it/s][A
Validation:  37%|███▋      | 37/100 [00:23<00:39,  1.61it/s][A
Validation:  38%|███▊      | 38/100 [00:24<00:38,  1.61it/s][A
Validation:  39%|███▉      | 39/100 [00:24<00:37,  1.61it/s][A
Validation:  40%|████      | 40/100 [00:25<00:37,  1.61it/s][A
Validation:  41%|████      | 41/100 [00:26<00:36,  1.61it/s][A
Validation:  42%|████▏     | 42/100 [00:26<00:36,  1.61it/s][A
Validation:  43%|████▎     | 43/100 [00:27<00:35,  1.61it/s][A
Validation:  44%|████▍     | 44/100 [00:28<00:34,  1.61it/s][A
Validation:  45%|████▌     | 45/100 [00:28<00:34,  1.61it/s][A
Validation:  46%|████▌     | 46/100 [00:29<00:33,  1.61it/s][A
Validation:  47%|████▋     | 47/100 [00:29<00:32,  1.61it/s][A
Validation:  48%|████▊     | 48/100 [00:30<00:32,  1.61it/s][A
Validation:  49%|████▉     | 49/100 [00:31<00:31,  1.61it/s][A
Validation:  50%|█████     | 50/100 [00:31<00:31,  1.61it/s][A
Validation:  51%|█████     | 51/100 [00:32<00:30,  1.61it/s][A
Validation:  52%|█████▏    | 52/100 [00:33<00:29,  1.61it/s][A
Validation:  53%|█████▎    | 53/100 [00:33<00:29,  1.61it/s][A
Validation:  54%|█████▍    | 54/100 [00:34<00:28,  1.61it/s][A
Validation:  55%|█████▌    | 55/100 [00:34<00:27,  1.61it/s][A
Validation:  56%|█████▌    | 56/100 [00:35<00:27,  1.61it/s][A
Validation:  57%|█████▋    | 57/100 [00:36<00:26,  1.61it/s][A
Validation:  58%|█████▊    | 58/100 [00:36<00:26,  1.61it/s][A
Validation:  59%|█████▉    | 59/100 [00:37<00:25,  1.61it/s][A
Validation:  60%|██████    | 60/100 [00:37<00:24,  1.61it/s][A
Validation:  61%|██████    | 61/100 [00:38<00:24,  1.61it/s][A
Validation:  62%|██████▏   | 62/100 [00:39<00:23,  1.61it/s][A
Validation:  63%|██████▎   | 63/100 [00:39<00:22,  1.61it/s][A
Validation:  64%|██████▍   | 64/100 [00:40<00:22,  1.61it/s][A
Validation:  65%|██████▌   | 65/100 [00:41<00:21,  1.61it/s][A
Validation:  66%|██████▌   | 66/100 [00:41<00:21,  1.61it/s][A
Validation:  67%|██████▋   | 67/100 [00:42<00:20,  1.60it/s][A
Validation:  68%|██████▊   | 68/100 [00:42<00:19,  1.61it/s][A
Validation:  69%|██████▉   | 69/100 [00:43<00:19,  1.61it/s][A
Validation:  70%|███████   | 70/100 [00:44<00:18,  1.61it/s][A
Validation:  71%|███████   | 71/100 [00:44<00:17,  1.61it/s][A
Validation:  72%|███████▏  | 72/100 [00:45<00:17,  1.61it/s][A
Validation:  73%|███████▎  | 73/100 [00:46<00:16,  1.61it/s][A
Validation:  74%|███████▍  | 74/100 [00:46<00:16,  1.61it/s][A
Validation:  75%|███████▌  | 75/100 [00:47<00:15,  1.61it/s][A
Validation:  76%|███████▌  | 76/100 [00:47<00:14,  1.61it/s][A
Validation:  77%|███████▋  | 77/100 [00:48<00:14,  1.61it/s][A
Validation:  78%|███████▊  | 78/100 [00:49<00:13,  1.61it/s][A
Validation:  79%|███████▉  | 79/100 [00:49<00:13,  1.61it/s][A
Validation:  80%|████████  | 80/100 [00:50<00:12,  1.61it/s][A
Validation:  81%|████████  | 81/100 [00:51<00:11,  1.61it/s][A
Validation:  82%|████████▏ | 82/100 [00:51<00:11,  1.61it/s][A
Validation:  83%|████████▎ | 83/100 [00:52<00:10,  1.61it/s][A
Validation:  84%|████████▍ | 84/100 [00:52<00:09,  1.61it/s][A
Validation:  85%|████████▌ | 85/100 [00:53<00:09,  1.61it/s][A
Validation:  86%|████████▌ | 86/100 [00:54<00:08,  1.61it/s][A
Validation:  87%|████████▋ | 87/100 [00:54<00:08,  1.61it/s][A
Validation:  88%|████████▊ | 88/100 [00:55<00:07,  1.61it/s][A
Validation:  89%|████████▉ | 89/100 [00:55<00:06,  1.61it/s][A
Validation:  90%|█████████ | 90/100 [00:56<00:06,  1.61it/s][A
Validation:  91%|█████████ | 91/100 [00:57<00:05,  1.61it/s][A
Validation:  92%|█████████▏| 92/100 [00:57<00:04,  1.61it/s][A
Validation:  93%|█████████▎| 93/100 [00:58<00:04,  1.61it/s][A
Validation:  94%|█████████▍| 94/100 [00:59<00:03,  1.61it/s][A
Validation:  95%|█████████▌| 95/100 [00:59<00:03,  1.61it/s][A
Validation:  96%|█████████▌| 96/100 [01:00<00:02,  1.61it/s][A
Validation:  97%|█████████▋| 97/100 [01:00<00:01,  1.61it/s][A
Validation:  98%|█████████▊| 98/100 [01:01<00:01,  1.61it/s][A
Validation:  99%|█████████▉| 99/100 [01:02<00:00,  1.61it/s][A
Validation: 100%|██████████| 100/100 [01:02<00:00,  1.61it/s][A
                                                             [A 10%|█         | 5202/50005 [2:18:49<253:06:35, 20.34s/it] 10%|█         | 5203/50005 [2:18:50<182:35:46, 14.67s/it] 10%|█         | 5204/50005 [2:18:51<133:15:57, 10.71s/it] 10%|█         | 5205/50005 [2:18:53<98:43:00,  7.93s/it]  10%|█         | 5206/50005 [2:18:54<74:33:11,  5.99s/it] 10%|█         | 5207/50005 [2:18:56<57:36:34,  4.63s/it] 10%|█         | 5208/50005 [2:18:57<45:47:01,  3.68s/it] 10%|█         | 5209/50005 [2:18:59<37:27:43,  3.01s/it] 10%|█         | 5210/50005 [2:19:00<31:38:26,  2.54s/it] 10%|█         | 5211/50005 [2:19:02<27:36:33,  2.22s/it] 10%|█         | 5212/50005 [2:19:03<24:45:22,  1.99s/it] 10%|█         | 5213/50005 [2:19:05<22:46:57,  1.83s/it] 10%|█         | 5214/50005 [2:19:06<21:24:07,  1.72s/it] 10%|█         | 5215/50005 [2:19:07<20:24:54,  1.64s/it] 10%|█         | 5216/50005 [2:19:09<19:44:42,  1.59s/it] 10%|█         | 5217/50005 [2:19:10<19:14:32,  1.55s/it] 10%|█         | 5218/50005 [2:19:12<18:51:30,  1.52s/it] 10%|█         | 5219/50005 [2:19:13<18:35:34,  1.49s/it] 10%|█         | 5220/50005 [2:19:15<18:27:43,  1.48s/it] 10%|█         | 5221/50005 [2:19:16<18:20:39,  1.47s/it] 10%|█         | 5222/50005 [2:19:18<18:15:09,  1.47s/it] 10%|█         | 5223/50005 [2:19:19<18:13:33,  1.47s/it] 10%|█         | 5224/50005 [2:19:21<18:12:34,  1.46s/it] 10%|█         | 5225/50005 [2:19:22<18:11:17,  1.46s/it] 10%|█         | 5226/50005 [2:19:23<18:09:53,  1.46s/it] 10%|█         | 5227/50005 [2:19:25<18:07:20,  1.46s/it] 10%|█         | 5228/50005 [2:19:26<18:05:16,  1.45s/it] 10%|█         | 5229/50005 [2:19:28<18:03:15,  1.45s/it] 10%|█         | 5230/50005 [2:19:29<18:04:28,  1.45s/it] 10%|█         | 5231/50005 [2:19:31<18:04:06,  1.45s/it] 10%|█         | 5232/50005 [2:19:32<18:04:08,  1.45s/it] 10%|█         | 5233/50005 [2:19:34<18:04:36,  1.45s/it] 10%|█         | 5234/50005 [2:19:35<18:03:55,  1.45s/it] 10%|█         | 5235/50005 [2:19:37<18:05:22,  1.45s/it] 10%|█         | 5236/50005 [2:19:38<18:04:51,  1.45s/it] 10%|█         | 5237/50005 [2:19:39<18:06:08,  1.46s/it] 10%|█         | 5238/50005 [2:19:41<18:05:58,  1.46s/it] 10%|█         | 5239/50005 [2:19:42<18:07:12,  1.46s/it] 10%|█         | 5240/50005 [2:19:44<18:05:33,  1.46s/it] 10%|█         | 5241/50005 [2:19:45<18:06:39,  1.46s/it] 10%|█         | 5242/50005 [2:19:47<18:05:22,  1.45s/it] 10%|█         | 5243/50005 [2:19:48<18:05:51,  1.46s/it] 10%|█         | 5244/50005 [2:19:50<18:04:08,  1.45s/it] 10%|█         | 5245/50005 [2:19:51<18:03:42,  1.45s/it] 10%|█         | 5246/50005 [2:19:53<18:05:19,  1.45s/it] 10%|█         | 5247/50005 [2:19:54<18:06:12,  1.46s/it] 10%|█         | 5248/50005 [2:19:55<18:07:41,  1.46s/it] 10%|█         | 5249/50005 [2:19:57<18:08:36,  1.46s/it] 10%|█         | 5250/50005 [2:19:58<18:07:12,  1.46s/it] 11%|█         | 5251/50005 [2:20:00<18:05:27,  1.46s/it] 11%|█         | 5252/50005 [2:20:01<18:06:34,  1.46s/it] 11%|█         | 5253/50005 [2:20:03<18:07:00,  1.46s/it] 11%|█         | 5254/50005 [2:20:04<18:06:38,  1.46s/it] 11%|█         | 5255/50005 [2:20:06<18:05:13,  1.46s/it] 11%|█         | 5256/50005 [2:20:07<18:06:32,  1.46s/it] 11%|█         | 5257/50005 [2:20:09<18:06:35,  1.46s/it] 11%|█         | 5258/50005 [2:20:10<18:05:27,  1.46s/it] 11%|█         | 5259/50005 [2:20:11<18:06:08,  1.46s/it] 11%|█         | 5260/50005 [2:20:13<18:06:32,  1.46s/it] 11%|█         | 5261/50005 [2:20:14<18:05:22,  1.46s/it] 11%|█         | 5262/50005 [2:20:16<18:41:08,  1.50s/it] 11%|█         | 5263/50005 [2:20:18<18:56:22,  1.52s/it] 11%|█         | 5264/50005 [2:20:19<19:01:58,  1.53s/it] 11%|█         | 5265/50005 [2:20:27<41:21:10,  3.33s/it] 11%|█         | 5266/50005 [2:20:32<50:00:22,  4.02s/it] 11%|█         | 5267/50005 [2:20:34<40:43:04,  3.28s/it] 11%|█         | 5268/50005 [2:20:35<33:55:36,  2.73s/it] 11%|█         | 5269/50005 [2:20:37<29:12:47,  2.35s/it] 11%|█         | 5270/50005 [2:20:38<25:52:45,  2.08s/it] 11%|█         | 5271/50005 [2:20:40<23:34:07,  1.90s/it] 11%|█         | 5272/50005 [2:20:41<21:54:48,  1.76s/it] 11%|█         | 5273/50005 [2:20:43<20:46:14,  1.67s/it] 11%|█         | 5274/50005 [2:20:44<19:57:54,  1.61s/it] 11%|█         | 5275/50005 [2:20:45<19:25:32,  1.56s/it] 11%|█         | 5276/50005 [2:20:47<19:01:39,  1.53s/it] 11%|█         | 5277/50005 [2:20:48<18:44:55,  1.51s/it] 11%|█         | 5278/50005 [2:20:50<18:34:42,  1.50s/it] 11%|█         | 5279/50005 [2:20:51<18:25:40,  1.48s/it] 11%|█         | 5280/50005 [2:20:53<18:21:22,  1.48s/it] 11%|█         | 5281/50005 [2:20:54<18:15:49,  1.47s/it] 11%|█         | 5282/50005 [2:20:56<18:14:12,  1.47s/it] 11%|█         | 5283/50005 [2:20:57<18:11:21,  1.46s/it] 11%|█         | 5284/50005 [2:20:59<18:11:08,  1.46s/it] 11%|█         | 5285/50005 [2:21:00<18:10:53,  1.46s/it] 11%|█         | 5286/50005 [2:21:02<18:10:54,  1.46s/it] 11%|█         | 5287/50005 [2:21:03<18:08:03,  1.46s/it] 11%|█         | 5288/50005 [2:21:04<18:08:11,  1.46s/it] 11%|█         | 5289/50005 [2:21:06<18:08:41,  1.46s/it] 11%|█         | 5290/50005 [2:21:07<18:09:38,  1.46s/it] 11%|█         | 5291/50005 [2:21:09<18:09:56,  1.46s/it] 11%|█         | 5292/50005 [2:21:10<18:10:15,  1.46s/it] 11%|█         | 5293/50005 [2:21:12<18:10:03,  1.46s/it] 11%|█         | 5294/50005 [2:21:13<18:04:13,  1.45s/it] 11%|█         | 5295/50005 [2:21:15<18:03:27,  1.45s/it] 11%|█         | 5296/50005 [2:21:16<18:03:42,  1.45s/it] 11%|█         | 5297/50005 [2:21:18<18:05:25,  1.46s/it] 11%|█         | 5298/50005 [2:21:19<18:06:40,  1.46s/it] 11%|█         | 5299/50005 [2:21:21<18:07:56,  1.46s/it] 11%|█         | 5300/50005 [2:21:22<18:08:12,  1.46s/it] 11%|█         | 5301/50005 [2:21:23<18:14:45,  1.47s/it] 11%|█         | 5302/50005 [2:21:25<18:11:17,  1.46s/it] 11%|█         | 5303/50005 [2:21:26<18:09:25,  1.46s/it] 11%|█         | 5304/50005 [2:21:28<18:07:34,  1.46s/it] 11%|█         | 5305/50005 [2:21:29<18:06:45,  1.46s/it] 11%|█         | 5306/50005 [2:21:31<18:08:10,  1.46s/it] 11%|█         | 5307/50005 [2:21:32<18:06:30,  1.46s/it] 11%|█         | 5308/50005 [2:21:34<18:08:01,  1.46s/it] 11%|█         | 5309/50005 [2:21:35<18:07:18,  1.46s/it] 11%|█         | 5310/50005 [2:21:37<18:08:19,  1.46s/it] 11%|█         | 5311/50005 [2:21:38<18:06:41,  1.46s/it] 11%|█         | 5312/50005 [2:21:40<18:08:18,  1.46s/it] 11%|█         | 5313/50005 [2:21:41<18:06:55,  1.46s/it] 11%|█         | 5314/50005 [2:21:42<18:07:43,  1.46s/it] 11%|█         | 5315/50005 [2:21:44<18:06:06,  1.46s/it] 11%|█         | 5316/50005 [2:21:45<18:07:15,  1.46s/it] 11%|█         | 5317/50005 [2:21:47<18:05:43,  1.46s/it] 11%|█         | 5318/50005 [2:21:48<18:07:01,  1.46s/it] 11%|█         | 5319/50005 [2:21:50<18:07:21,  1.46s/it] 11%|█         | 5320/50005 [2:21:51<18:07:58,  1.46s/it] 11%|█         | 5321/50005 [2:21:53<18:08:47,  1.46s/it] 11%|█         | 5322/50005 [2:21:54<18:09:41,  1.46s/it] 11%|█         | 5323/50005 [2:21:56<18:10:09,  1.46s/it] 11%|█         | 5324/50005 [2:21:57<18:08:33,  1.46s/it] 11%|█         | 5325/50005 [2:21:59<18:10:58,  1.47s/it] 11%|█         | 5326/50005 [2:22:00<18:10:41,  1.46s/it] 11%|█         | 5327/50005 [2:22:01<18:10:08,  1.46s/it] 11%|█         | 5328/50005 [2:22:03<18:09:58,  1.46s/it] 11%|█         | 5329/50005 [2:22:04<18:07:30,  1.46s/it] 11%|█         | 5330/50005 [2:22:06<18:05:43,  1.46s/it] 11%|█         | 5331/50005 [2:22:07<18:07:16,  1.46s/it] 11%|█         | 5332/50005 [2:22:09<18:05:24,  1.46s/it] 11%|█         | 5333/50005 [2:22:10<18:06:57,  1.46s/it] 11%|█         | 5334/50005 [2:22:12<18:07:54,  1.46s/it] 11%|█         | 5335/50005 [2:22:13<18:06:05,  1.46s/it] 11%|█         | 5336/50005 [2:22:15<18:05:18,  1.46s/it] 11%|█         | 5337/50005 [2:22:16<18:06:49,  1.46s/it] 11%|█         | 5338/50005 [2:22:17<18:07:34,  1.46s/it] 11%|█         | 5339/50005 [2:22:19<18:04:56,  1.46s/it] 11%|█         | 5340/50005 [2:22:20<18:06:19,  1.46s/it] 11%|█         | 5341/50005 [2:22:22<18:04:49,  1.46s/it] 11%|█         | 5342/50005 [2:22:23<18:06:08,  1.46s/it] 11%|█         | 5343/50005 [2:22:25<18:04:51,  1.46s/it] 11%|█         | 5344/50005 [2:22:26<18:04:09,  1.46s/it] 11%|█         | 5345/50005 [2:22:28<18:06:14,  1.46s/it] 11%|█         | 5346/50005 [2:22:29<18:05:30,  1.46s/it] 11%|█         | 5347/50005 [2:22:31<18:07:05,  1.46s/it] 11%|█         | 5348/50005 [2:22:32<18:05:28,  1.46s/it] 11%|█         | 5349/50005 [2:22:34<18:02:46,  1.45s/it] 11%|█         | 5350/50005 [2:22:35<18:05:07,  1.46s/it] 11%|█         | 5351/50005 [2:22:36<18:04:09,  1.46s/it] 11%|█         | 5352/50005 [2:22:38<18:02:47,  1.45s/it] 11%|█         | 5353/50005 [2:22:39<18:04:11,  1.46s/it] 11%|█         | 5354/50005 [2:22:41<18:05:17,  1.46s/it] 11%|█         | 5355/50005 [2:22:42<18:04:03,  1.46s/it] 11%|█         | 5356/50005 [2:22:44<18:02:56,  1.46s/it] 11%|█         | 5357/50005 [2:22:46<20:55:41,  1.69s/it] 11%|█         | 5358/50005 [2:22:47<20:04:00,  1.62s/it] 11%|█         | 5359/50005 [2:22:49<19:26:58,  1.57s/it] 11%|█         | 5360/50005 [2:22:50<19:03:31,  1.54s/it] 11%|█         | 5361/50005 [2:22:52<18:47:02,  1.51s/it] 11%|█         | 5362/50005 [2:22:53<18:35:37,  1.50s/it] 11%|█         | 5363/50005 [2:22:55<18:25:42,  1.49s/it] 11%|█         | 5364/50005 [2:22:56<18:20:40,  1.48s/it] 11%|█         | 5365/50005 [2:22:58<18:17:06,  1.47s/it] 11%|█         | 5366/50005 [2:22:59<18:14:47,  1.47s/it] 11%|█         | 5367/50005 [2:23:01<18:12:57,  1.47s/it] 11%|█         | 5368/50005 [2:23:02<18:10:07,  1.47s/it] 11%|█         | 5369/50005 [2:23:03<18:10:09,  1.47s/it] 11%|█         | 5370/50005 [2:23:05<18:08:03,  1.46s/it] 11%|█         | 5371/50005 [2:23:06<18:07:35,  1.46s/it] 11%|█         | 5372/50005 [2:23:08<18:07:46,  1.46s/it] 11%|█         | 5373/50005 [2:23:09<18:05:58,  1.46s/it] 11%|█         | 5374/50005 [2:23:11<18:04:11,  1.46s/it] 11%|█         | 5375/50005 [2:23:12<18:04:53,  1.46s/it] 11%|█         | 5376/50005 [2:23:14<18:05:35,  1.46s/it] 11%|█         | 5377/50005 [2:23:15<18:06:28,  1.46s/it] 11%|█         | 5378/50005 [2:23:17<18:06:58,  1.46s/it] 11%|█         | 5379/50005 [2:23:18<18:04:48,  1.46s/it] 11%|█         | 5380/50005 [2:23:20<18:05:27,  1.46s/it] 11%|█         | 5381/50005 [2:23:21<18:06:30,  1.46s/it] 11%|█         | 5382/50005 [2:23:22<18:03:10,  1.46s/it] 11%|█         | 5383/50005 [2:23:24<18:04:42,  1.46s/it] 11%|█         | 5384/50005 [2:23:25<18:04:05,  1.46s/it] 11%|█         | 5385/50005 [2:23:27<18:06:26,  1.46s/it] 11%|█         | 5386/50005 [2:23:28<18:04:32,  1.46s/it] 11%|█         | 5387/50005 [2:23:30<18:05:15,  1.46s/it] 11%|█         | 5388/50005 [2:23:31<18:06:01,  1.46s/it] 11%|█         | 5389/50005 [2:23:33<18:04:39,  1.46s/it] 11%|█         | 5390/50005 [2:23:34<18:05:40,  1.46s/it] 11%|█         | 5391/50005 [2:23:36<18:06:20,  1.46s/it] 11%|█         | 5392/50005 [2:23:37<18:04:35,  1.46s/it] 11%|█         | 5393/50005 [2:23:38<18:05:28,  1.46s/it] 11%|█         | 5394/50005 [2:23:40<18:04:28,  1.46s/it] 11%|█         | 5395/50005 [2:23:41<18:05:08,  1.46s/it] 11%|█         | 5396/50005 [2:23:43<18:06:40,  1.46s/it] 11%|█         | 5397/50005 [2:23:44<18:04:44,  1.46s/it] 11%|█         | 5398/50005 [2:23:46<18:05:54,  1.46s/it] 11%|█         | 5399/50005 [2:23:47<18:05:59,  1.46s/it] 11%|█         | 5400/50005 [2:23:49<18:07:26,  1.46s/it] 11%|█         | 5401/50005 [2:23:50<18:05:04,  1.46s/it] 11%|█         | 5402/50005 [2:23:52<18:05:33,  1.46s/it] 11%|█         | 5403/50005 [2:23:53<18:03:20,  1.46s/it] 11%|█         | 5404/50005 [2:23:55<18:02:33,  1.46s/it] 11%|█         | 5405/50005 [2:23:56<18:01:53,  1.46s/it] 11%|█         | 5406/50005 [2:23:57<18:03:19,  1.46s/it] 11%|█         | 5407/50005 [2:23:59<18:03:38,  1.46s/it] 11%|█         | 5408/50005 [2:24:00<18:02:42,  1.46s/it] 11%|█         | 5409/50005 [2:24:02<18:04:09,  1.46s/it] 11%|█         | 5410/50005 [2:24:03<18:05:01,  1.46s/it] 11%|█         | 5411/50005 [2:24:05<18:04:07,  1.46s/it] 11%|█         | 5412/50005 [2:24:06<18:03:25,  1.46s/it] 11%|█         | 5413/50005 [2:24:08<18:04:53,  1.46s/it] 11%|█         | 5414/50005 [2:24:09<18:04:09,  1.46s/it] 11%|█         | 5415/50005 [2:24:11<18:05:18,  1.46s/it] 11%|█         | 5416/50005 [2:24:12<18:06:22,  1.46s/it] 11%|█         | 5417/50005 [2:24:14<18:04:53,  1.46s/it] 11%|█         | 5418/50005 [2:24:15<18:04:50,  1.46s/it] 11%|█         | 5419/50005 [2:24:16<18:05:26,  1.46s/it] 11%|█         | 5420/50005 [2:24:18<18:06:24,  1.46s/it] 11%|█         | 5421/50005 [2:24:19<18:07:18,  1.46s/it] 11%|█         | 5422/50005 [2:24:21<18:04:37,  1.46s/it] 11%|█         | 5423/50005 [2:24:22<18:03:35,  1.46s/it] 11%|█         | 5424/50005 [2:24:24<18:04:46,  1.46s/it] 11%|█         | 5425/50005 [2:24:25<18:04:59,  1.46s/it] 11%|█         | 5426/50005 [2:24:27<18:05:01,  1.46s/it] 11%|█         | 5427/50005 [2:24:28<18:05:21,  1.46s/it] 11%|█         | 5428/50005 [2:24:30<18:03:14,  1.46s/it] 11%|█         | 5429/50005 [2:24:31<18:04:34,  1.46s/it] 11%|█         | 5430/50005 [2:24:32<18:03:25,  1.46s/it] 11%|█         | 5431/50005 [2:24:34<18:02:03,  1.46s/it] 11%|█         | 5432/50005 [2:24:35<18:03:20,  1.46s/it] 11%|█         | 5433/50005 [2:24:37<18:04:10,  1.46s/it] 11%|█         | 5434/50005 [2:24:38<18:03:13,  1.46s/it] 11%|█         | 5435/50005 [2:24:40<18:02:18,  1.46s/it] 11%|█         | 5436/50005 [2:24:41<18:04:04,  1.46s/it] 11%|█         | 5437/50005 [2:24:43<18:04:42,  1.46s/it] 11%|█         | 5438/50005 [2:24:44<18:03:20,  1.46s/it] 11%|█         | 5439/50005 [2:24:46<18:02:00,  1.46s/it] 11%|█         | 5440/50005 [2:24:47<18:03:40,  1.46s/it] 11%|█         | 5441/50005 [2:24:49<18:02:19,  1.46s/it] 11%|█         | 5442/50005 [2:24:50<18:04:02,  1.46s/it] 11%|█         | 5443/50005 [2:24:51<18:05:12,  1.46s/it] 11%|█         | 5444/50005 [2:24:53<18:06:05,  1.46s/it] 11%|█         | 5445/50005 [2:24:54<18:06:05,  1.46s/it] 11%|█         | 5446/50005 [2:24:56<18:06:47,  1.46s/it] 11%|█         | 5447/50005 [2:24:57<18:04:19,  1.46s/it] 11%|█         | 5448/50005 [2:24:59<18:02:35,  1.46s/it] 11%|█         | 5449/50005 [2:25:00<18:03:04,  1.46s/it] 11%|█         | 5450/50005 [2:25:02<18:04:00,  1.46s/it] 11%|█         | 5451/50005 [2:25:03<18:03:02,  1.46s/it] 11%|█         | 5452/50005 [2:25:05<18:02:31,  1.46s/it] 11%|█         | 5453/50005 [2:25:06<18:01:37,  1.46s/it] 11%|█         | 5454/50005 [2:25:08<18:02:16,  1.46s/it] 11%|█         | 5455/50005 [2:25:09<18:02:43,  1.46s/it] 11%|█         | 5456/50005 [2:25:10<18:03:33,  1.46s/it] 11%|█         | 5457/50005 [2:25:12<18:03:14,  1.46s/it] 11%|█         | 5458/50005 [2:25:13<18:01:04,  1.46s/it] 11%|█         | 5459/50005 [2:25:15<18:00:39,  1.46s/it] 11%|█         | 5460/50005 [2:25:16<17:58:29,  1.45s/it] 11%|█         | 5461/50005 [2:25:18<18:00:28,  1.46s/it] 11%|█         | 5462/50005 [2:25:19<17:59:43,  1.45s/it] 11%|█         | 5463/50005 [2:25:21<17:59:23,  1.45s/it] 11%|█         | 5464/50005 [2:25:22<17:57:15,  1.45s/it] 11%|█         | 5465/50005 [2:25:24<18:00:23,  1.46s/it] 11%|█         | 5466/50005 [2:25:25<18:02:41,  1.46s/it] 11%|█         | 5467/50005 [2:25:26<18:01:40,  1.46s/it] 11%|█         | 5468/50005 [2:25:28<18:01:34,  1.46s/it] 11%|█         | 5469/50005 [2:25:29<18:00:57,  1.46s/it] 11%|█         | 5470/50005 [2:25:31<18:00:30,  1.46s/it] 11%|█         | 5471/50005 [2:25:32<18:01:48,  1.46s/it] 11%|█         | 5472/50005 [2:25:34<18:02:48,  1.46s/it] 11%|█         | 5473/50005 [2:25:35<18:03:17,  1.46s/it] 11%|█         | 5474/50005 [2:25:37<18:02:18,  1.46s/it] 11%|█         | 5475/50005 [2:25:38<18:03:17,  1.46s/it] 11%|█         | 5476/50005 [2:25:40<18:03:51,  1.46s/it] 11%|█         | 5477/50005 [2:25:41<18:02:48,  1.46s/it] 11%|█         | 5478/50005 [2:25:42<18:01:45,  1.46s/it] 11%|█         | 5479/50005 [2:25:44<18:00:59,  1.46s/it] 11%|█         | 5480/50005 [2:25:45<18:02:26,  1.46s/it] 11%|█         | 5481/50005 [2:25:47<18:03:22,  1.46s/it] 11%|█         | 5482/50005 [2:25:48<18:04:40,  1.46s/it] 11%|█         | 5483/50005 [2:25:50<18:02:55,  1.46s/it] 11%|█         | 5484/50005 [2:25:51<18:03:55,  1.46s/it] 11%|█         | 5485/50005 [2:25:53<18:04:23,  1.46s/it] 11%|█         | 5486/50005 [2:25:54<18:04:34,  1.46s/it] 11%|█         | 5487/50005 [2:25:56<18:04:25,  1.46s/it] 11%|█         | 5488/50005 [2:25:57<18:02:32,  1.46s/it] 11%|█         | 5489/50005 [2:25:59<18:02:46,  1.46s/it] 11%|█         | 5490/50005 [2:26:00<17:58:21,  1.45s/it] 11%|█         | 5491/50005 [2:26:01<18:00:43,  1.46s/it] 11%|█         | 5492/50005 [2:26:03<18:01:52,  1.46s/it] 11%|█         | 5493/50005 [2:26:04<18:02:24,  1.46s/it] 11%|█         | 5494/50005 [2:26:06<18:01:48,  1.46s/it] 11%|█         | 5495/50005 [2:26:07<18:01:34,  1.46s/it] 11%|█         | 5496/50005 [2:26:09<18:02:10,  1.46s/it] 11%|█         | 5497/50005 [2:26:10<18:00:40,  1.46s/it] 11%|█         | 5498/50005 [2:26:12<18:02:16,  1.46s/it] 11%|█         | 5499/50005 [2:26:13<18:03:19,  1.46s/it] 11%|█         | 5500/50005 [2:26:15<18:02:48,  1.46s/it] 11%|█         | 5501/50005 [2:26:16<18:03:48,  1.46s/it] 11%|█         | 5502/50005 [2:26:17<18:04:16,  1.46s/it] 11%|█         | 5503/50005 [2:26:19<18:02:30,  1.46s/it] 11%|█         | 5504/50005 [2:26:20<18:03:38,  1.46s/it] 11%|█         | 5505/50005 [2:26:22<18:02:28,  1.46s/it] 11%|█         | 5506/50005 [2:26:23<18:03:29,  1.46s/it] 11%|█         | 5507/50005 [2:26:25<18:03:43,  1.46s/it] 11%|█         | 5508/50005 [2:26:26<18:04:04,  1.46s/it] 11%|█         | 5509/50005 [2:26:28<18:04:15,  1.46s/it] 11%|█         | 5510/50005 [2:26:29<18:02:37,  1.46s/it] 11%|█         | 5511/50005 [2:26:31<18:03:06,  1.46s/it] 11%|█         | 5512/50005 [2:26:32<18:02:02,  1.46s/it] 11%|█         | 5513/50005 [2:26:34<18:00:35,  1.46s/it] 11%|█         | 5514/50005 [2:26:35<18:01:50,  1.46s/it] 11%|█         | 5515/50005 [2:26:36<18:03:05,  1.46s/it] 11%|█         | 5516/50005 [2:26:38<18:01:38,  1.46s/it] 11%|█         | 5517/50005 [2:26:39<18:00:49,  1.46s/it] 11%|█         | 5518/50005 [2:26:41<18:01:50,  1.46s/it] 11%|█         | 5519/50005 [2:26:42<18:02:53,  1.46s/it] 11%|█         | 5520/50005 [2:26:44<18:03:35,  1.46s/it] 11%|█         | 5521/50005 [2:26:45<18:04:48,  1.46s/it] 11%|█         | 5522/50005 [2:26:47<18:03:39,  1.46s/it] 11%|█         | 5523/50005 [2:26:48<18:03:36,  1.46s/it] 11%|█         | 5524/50005 [2:26:50<18:03:24,  1.46s/it] 11%|█         | 5525/50005 [2:26:51<18:03:44,  1.46s/it] 11%|█         | 5526/50005 [2:26:53<18:01:28,  1.46s/it] 11%|█         | 5527/50005 [2:26:54<18:01:59,  1.46s/it] 11%|█         | 5528/50005 [2:26:55<18:03:09,  1.46s/it] 11%|█         | 5529/50005 [2:26:57<18:03:04,  1.46s/it] 11%|█         | 5530/50005 [2:26:58<18:01:42,  1.46s/it] 11%|█         | 5531/50005 [2:27:00<17:59:51,  1.46s/it] 11%|█         | 5532/50005 [2:27:01<17:59:11,  1.46s/it] 11%|█         | 5533/50005 [2:27:03<18:00:10,  1.46s/it] 11%|█         | 5534/50005 [2:27:04<18:00:16,  1.46s/it] 11%|█         | 5535/50005 [2:27:06<18:00:17,  1.46s/it] 11%|█         | 5536/50005 [2:27:07<17:59:53,  1.46s/it] 11%|█         | 5537/50005 [2:27:09<18:01:11,  1.46s/it] 11%|█         | 5538/50005 [2:27:10<18:00:26,  1.46s/it] 11%|█         | 5539/50005 [2:27:12<18:01:52,  1.46s/it] 11%|█         | 5540/50005 [2:27:13<18:01:16,  1.46s/it] 11%|█         | 5541/50005 [2:27:14<18:01:53,  1.46s/it] 11%|█         | 5542/50005 [2:27:16<18:02:39,  1.46s/it] 11%|█         | 5543/50005 [2:27:17<18:03:08,  1.46s/it] 11%|█         | 5544/50005 [2:27:19<18:03:36,  1.46s/it] 11%|█         | 5545/50005 [2:27:20<18:03:50,  1.46s/it] 11%|█         | 5546/50005 [2:27:22<18:01:32,  1.46s/it] 11%|█         | 5547/50005 [2:27:23<17:59:44,  1.46s/it] 11%|█         | 5548/50005 [2:27:25<18:00:31,  1.46s/it] 11%|█         | 5549/50005 [2:27:26<18:01:15,  1.46s/it] 11%|█         | 5550/50005 [2:27:28<18:01:40,  1.46s/it] 11%|█         | 5551/50005 [2:27:29<18:01:59,  1.46s/it] 11%|█         | 5552/50005 [2:27:30<18:02:43,  1.46s/it] 11%|█         | 5553/50005 [2:27:32<18:01:11,  1.46s/it] 11%|█         | 5554/50005 [2:27:33<18:01:53,  1.46s/it] 11%|█         | 5555/50005 [2:27:35<18:00:05,  1.46s/it] 11%|█         | 5556/50005 [2:27:36<18:00:29,  1.46s/it] 11%|█         | 5557/50005 [2:27:38<18:01:09,  1.46s/it] 11%|█         | 5558/50005 [2:27:39<18:01:26,  1.46s/it] 11%|█         | 5559/50005 [2:27:41<18:00:26,  1.46s/it] 11%|█         | 5560/50005 [2:27:42<17:59:22,  1.46s/it] 11%|█         | 5561/50005 [2:27:44<18:00:33,  1.46s/it] 11%|█         | 5562/50005 [2:27:45<18:01:35,  1.46s/it] 11%|█         | 5563/50005 [2:27:47<18:01:54,  1.46s/it] 11%|█         | 5564/50005 [2:27:48<18:02:36,  1.46s/it] 11%|█         | 5565/50005 [2:27:49<18:01:32,  1.46s/it] 11%|█         | 5566/50005 [2:27:51<18:02:05,  1.46s/it] 11%|█         | 5567/50005 [2:27:52<18:00:41,  1.46s/it] 11%|█         | 5568/50005 [2:27:54<17:59:03,  1.46s/it] 11%|█         | 5569/50005 [2:27:55<17:58:15,  1.46s/it] 11%|█         | 5570/50005 [2:27:57<17:57:37,  1.46s/it] 11%|█         | 5571/50005 [2:27:58<17:57:59,  1.46s/it] 11%|█         | 5572/50005 [2:28:00<17:57:47,  1.46s/it] 11%|█         | 5573/50005 [2:28:01<17:59:25,  1.46s/it] 11%|█         | 5574/50005 [2:28:03<18:00:40,  1.46s/it] 11%|█         | 5575/50005 [2:28:04<18:02:18,  1.46s/it] 11%|█         | 5576/50005 [2:28:05<17:59:57,  1.46s/it] 11%|█         | 5577/50005 [2:28:07<17:58:14,  1.46s/it] 11%|█         | 5578/50005 [2:28:08<17:58:00,  1.46s/it] 11%|█         | 5579/50005 [2:28:10<17:58:41,  1.46s/it] 11%|█         | 5580/50005 [2:28:11<17:59:11,  1.46s/it] 11%|█         | 5581/50005 [2:28:13<17:59:52,  1.46s/it] 11%|█         | 5582/50005 [2:28:14<18:01:47,  1.46s/it] 11%|█         | 5583/50005 [2:28:16<18:02:11,  1.46s/it] 11%|█         | 5584/50005 [2:28:17<18:01:05,  1.46s/it] 11%|█         | 5585/50005 [2:28:19<18:02:31,  1.46s/it] 11%|█         | 5586/50005 [2:28:20<18:00:02,  1.46s/it] 11%|█         | 5587/50005 [2:28:22<17:59:21,  1.46s/it] 11%|█         | 5588/50005 [2:28:23<18:00:10,  1.46s/it] 11%|█         | 5589/50005 [2:28:24<17:57:56,  1.46s/it] 11%|█         | 5590/50005 [2:28:26<17:59:03,  1.46s/it] 11%|█         | 5591/50005 [2:28:27<17:58:39,  1.46s/it] 11%|█         | 5592/50005 [2:28:29<17:57:05,  1.46s/it] 11%|█         | 5593/50005 [2:28:30<17:54:03,  1.45s/it] 11%|█         | 5594/50005 [2:28:32<17:56:48,  1.45s/it] 11%|█         | 5595/50005 [2:28:33<17:58:58,  1.46s/it] 11%|█         | 5596/50005 [2:28:35<17:57:28,  1.46s/it] 11%|█         | 5597/50005 [2:28:36<17:59:24,  1.46s/it] 11%|█         | 5598/50005 [2:28:38<17:59:14,  1.46s/it] 11%|█         | 5599/50005 [2:28:39<18:00:33,  1.46s/it] 11%|█         | 5600/50005 [2:28:40<17:59:30,  1.46s/it] 11%|█         | 5601/50005 [2:28:42<17:59:59,  1.46s/it]
Validation:   0%|          | 0/100 [00:00<?, ?it/s][A
Validation:   1%|          | 1/100 [00:01<01:40,  1.02s/it][A
Validation:   2%|▏         | 2/100 [00:01<01:17,  1.27it/s][A
Validation:   3%|▎         | 3/100 [00:02<01:09,  1.40it/s][A
Validation:   4%|▍         | 4/100 [00:02<01:05,  1.47it/s][A
Validation:   5%|▌         | 5/100 [00:03<01:02,  1.52it/s][A
Validation:   6%|▌         | 6/100 [00:04<01:00,  1.55it/s][A
Validation:   7%|▋         | 7/100 [00:04<00:59,  1.56it/s][A
Validation:   8%|▊         | 8/100 [00:05<00:58,  1.58it/s][A
Validation:   9%|▉         | 9/100 [00:06<00:57,  1.59it/s][A
Validation:  10%|█         | 10/100 [00:06<00:56,  1.59it/s][A
Validation:  11%|█         | 11/100 [00:07<00:55,  1.60it/s][A
Validation:  12%|█▏        | 12/100 [00:07<00:55,  1.60it/s][A
Validation:  13%|█▎        | 13/100 [00:08<00:54,  1.60it/s][A
Validation:  14%|█▍        | 14/100 [00:09<00:53,  1.60it/s][A
Validation:  15%|█▌        | 15/100 [00:09<00:53,  1.60it/s][A
Validation:  16%|█▌        | 16/100 [00:10<00:52,  1.60it/s][A
Validation:  17%|█▋        | 17/100 [00:10<00:51,  1.60it/s][A
Validation:  18%|█▊        | 18/100 [00:11<00:51,  1.61it/s][A
Validation:  19%|█▉        | 19/100 [00:12<00:50,  1.61it/s][A
Validation:  20%|██        | 20/100 [00:12<00:49,  1.61it/s][A
Validation:  21%|██        | 21/100 [00:13<00:49,  1.61it/s][A
Validation:  22%|██▏       | 22/100 [00:14<00:48,  1.61it/s][A
Validation:  23%|██▎       | 23/100 [00:14<00:47,  1.61it/s][A
Validation:  24%|██▍       | 24/100 [00:15<00:47,  1.61it/s][A
Validation:  25%|██▌       | 25/100 [00:15<00:46,  1.60it/s][A
Validation:  26%|██▌       | 26/100 [00:16<00:46,  1.60it/s][A
Validation:  27%|██▋       | 27/100 [00:17<00:45,  1.60it/s][A
Validation:  28%|██▊       | 28/100 [00:17<00:44,  1.60it/s][A
Validation:  29%|██▉       | 29/100 [00:18<00:44,  1.60it/s][A
Validation:  30%|███       | 30/100 [00:19<00:43,  1.61it/s][A
Validation:  31%|███       | 31/100 [00:19<00:42,  1.61it/s][A
Validation:  32%|███▏      | 32/100 [00:20<00:42,  1.60it/s][A
Validation:  33%|███▎      | 33/100 [00:20<00:41,  1.61it/s][A
Validation:  34%|███▍      | 34/100 [00:21<00:41,  1.60it/s][A
Validation:  35%|███▌      | 35/100 [00:22<00:40,  1.61it/s][A
Validation:  36%|███▌      | 36/100 [00:22<00:39,  1.61it/s][A
Validation:  37%|███▋      | 37/100 [00:23<00:39,  1.61it/s][A
Validation:  38%|███▊      | 38/100 [00:24<00:38,  1.61it/s][A
Validation:  39%|███▉      | 39/100 [00:24<00:37,  1.61it/s][A
Validation:  40%|████      | 40/100 [00:25<00:37,  1.61it/s][A
Validation:  41%|████      | 41/100 [00:25<00:36,  1.61it/s][A
Validation:  42%|████▏     | 42/100 [00:26<00:36,  1.61it/s][A
Validation:  43%|████▎     | 43/100 [00:27<00:35,  1.61it/s][A
Validation:  44%|████▍     | 44/100 [00:27<00:34,  1.61it/s][A
Validation:  45%|████▌     | 45/100 [00:28<00:34,  1.61it/s][A
Validation:  46%|████▌     | 46/100 [00:29<00:33,  1.61it/s][A
Validation:  47%|████▋     | 47/100 [00:29<00:32,  1.61it/s][A
Validation:  48%|████▊     | 48/100 [00:30<00:32,  1.61it/s][A
Validation:  49%|████▉     | 49/100 [00:30<00:31,  1.62it/s][A
Validation:  50%|█████     | 50/100 [00:31<00:30,  1.62it/s][A
Validation:  51%|█████     | 51/100 [00:32<00:30,  1.62it/s][A
Validation:  52%|█████▏    | 52/100 [00:32<00:29,  1.61it/s][A
Validation:  53%|█████▎    | 53/100 [00:33<00:29,  1.61it/s][A
Validation:  54%|█████▍    | 54/100 [00:34<00:28,  1.61it/s][A
Validation:  55%|█████▌    | 55/100 [00:34<00:28,  1.61it/s][A
Validation:  56%|█████▌    | 56/100 [00:35<00:27,  1.60it/s][A
Validation:  57%|█████▋    | 57/100 [00:35<00:26,  1.60it/s][A
Validation:  58%|█████▊    | 58/100 [00:36<00:26,  1.61it/s][A
Validation:  59%|█████▉    | 59/100 [00:37<00:25,  1.61it/s][A
Validation:  60%|██████    | 60/100 [00:37<00:24,  1.61it/s][A
Validation:  61%|██████    | 61/100 [00:38<00:24,  1.60it/s][A
Validation:  62%|██████▏   | 62/100 [00:38<00:23,  1.61it/s][A
Validation:  63%|██████▎   | 63/100 [00:39<00:23,  1.61it/s][A
Validation:  64%|██████▍   | 64/100 [00:40<00:22,  1.61it/s][A
Validation:  65%|██████▌   | 65/100 [00:40<00:21,  1.60it/s][A
Validation:  66%|██████▌   | 66/100 [00:41<00:21,  1.60it/s][A
Validation:  67%|██████▋   | 67/100 [00:42<00:21,  1.52it/s][A
Validation:  68%|██████▊   | 68/100 [00:43<00:22,  1.41it/s][A
Validation:  69%|██████▉   | 69/100 [00:43<00:21,  1.46it/s][A
Validation:  70%|███████   | 70/100 [00:44<00:19,  1.51it/s][A
Validation:  71%|███████   | 71/100 [00:44<00:18,  1.53it/s][A
Validation:  72%|███████▏  | 72/100 [00:45<00:17,  1.56it/s][A
Validation:  73%|███████▎  | 73/100 [00:46<00:17,  1.57it/s][A
Validation:  74%|███████▍  | 74/100 [00:48<00:29,  1.13s/it][A
Validation:  75%|███████▌  | 75/100 [00:49<00:24,  1.02it/s][A
Validation:  76%|███████▌  | 76/100 [00:49<00:20,  1.15it/s][A
Validation:  77%|███████▋  | 77/100 [00:50<00:18,  1.25it/s][A
Validation:  78%|███████▊  | 78/100 [00:50<00:16,  1.34it/s][A
Validation:  79%|███████▉  | 79/100 [00:51<00:14,  1.41it/s][A
Validation:  80%|████████  | 80/100 [00:52<00:13,  1.46it/s][A
Validation:  81%|████████  | 81/100 [00:52<00:12,  1.50it/s][A
Validation:  82%|████████▏ | 82/100 [00:53<00:11,  1.53it/s][A
Validation:  83%|████████▎ | 83/100 [00:54<00:10,  1.55it/s][A
Validation:  84%|████████▍ | 84/100 [00:54<00:10,  1.57it/s][A
Validation:  85%|████████▌ | 85/100 [00:55<00:09,  1.58it/s][A
Validation:  86%|████████▌ | 86/100 [00:55<00:08,  1.59it/s][A
Validation:  87%|████████▋ | 87/100 [00:56<00:08,  1.60it/s][A
Validation:  88%|████████▊ | 88/100 [00:57<00:07,  1.60it/s][A
Validation:  89%|████████▉ | 89/100 [00:57<00:06,  1.60it/s][A
Validation:  90%|█████████ | 90/100 [00:58<00:06,  1.60it/s][A
Validation:  91%|█████████ | 91/100 [00:59<00:05,  1.61it/s][A
Validation:  92%|█████████▏| 92/100 [00:59<00:04,  1.61it/s][A
Validation:  93%|█████████▎| 93/100 [01:00<00:04,  1.61it/s][A
Validation:  94%|█████████▍| 94/100 [01:00<00:03,  1.60it/s][A
Validation:  95%|█████████▌| 95/100 [01:01<00:03,  1.61it/s][A
Validation:  96%|█████████▌| 96/100 [01:02<00:02,  1.61it/s][A
Validation:  97%|█████████▋| 97/100 [01:02<00:01,  1.60it/s][A
Validation:  98%|█████████▊| 98/100 [01:03<00:01,  1.61it/s][A
Validation:  99%|█████████▉| 99/100 [01:04<00:00,  1.61it/s][A
Validation: 100%|██████████| 100/100 [01:04<00:00,  1.61it/s][A
                                                             [A 11%|█         | 5602/50005 [2:29:48<258:41:38, 20.97s/it] 11%|█         | 5603/50005 [2:29:50<186:30:00, 15.12s/it] 11%|█         | 5604/50005 [2:29:51<135:58:40, 11.02s/it] 11%|█         | 5605/50005 [2:29:53<100:33:46,  8.15s/it] 11%|█         | 5606/50005 [2:29:54<75:48:18,  6.15s/it]  11%|█         | 5607/50005 [2:29:56<58:26:34,  4.74s/it] 11%|█         | 5608/50005 [2:29:57<46:19:38,  3.76s/it] 11%|█         | 5609/50005 [2:29:59<37:51:04,  3.07s/it] 11%|█         | 5610/50005 [2:30:00<31:55:00,  2.59s/it] 11%|█         | 5611/50005 [2:30:02<27:45:40,  2.25s/it] 11%|█         | 5612/50005 [2:30:03<24:51:49,  2.02s/it] 11%|█         | 5613/50005 [2:30:05<22:47:55,  1.85s/it] 11%|█         | 5614/50005 [2:30:06<21:21:59,  1.73s/it] 11%|█         | 5615/50005 [2:30:07<20:20:07,  1.65s/it] 11%|█         | 5616/50005 [2:30:09<19:38:48,  1.59s/it] 11%|█         | 5617/50005 [2:30:10<19:08:02,  1.55s/it] 11%|█         | 5618/50005 [2:30:12<18:47:01,  1.52s/it] 11%|█         | 5619/50005 [2:30:13<18:28:56,  1.50s/it] 11%|█         | 5620/50005 [2:30:15<18:19:31,  1.49s/it] 11%|█         | 5621/50005 [2:30:16<18:14:39,  1.48s/it] 11%|█         | 5622/50005 [2:30:18<18:11:05,  1.48s/it] 11%|█         | 5623/50005 [2:30:19<18:08:58,  1.47s/it] 11%|█         | 5624/50005 [2:30:21<18:06:38,  1.47s/it] 11%|█         | 5625/50005 [2:30:22<18:06:20,  1.47s/it] 11%|█▏        | 5626/50005 [2:30:24<18:06:05,  1.47s/it] 11%|█▏        | 5627/50005 [2:30:25<18:05:10,  1.47s/it] 11%|█▏        | 5628/50005 [2:30:26<18:04:59,  1.47s/it] 11%|█▏        | 5629/50005 [2:30:28<18:02:24,  1.46s/it] 11%|█▏        | 5630/50005 [2:30:29<18:01:39,  1.46s/it] 11%|█▏        | 5631/50005 [2:30:31<18:00:20,  1.46s/it] 11%|█▏        | 5632/50005 [2:30:32<17:58:45,  1.46s/it] 11%|█▏        | 5633/50005 [2:30:34<18:00:01,  1.46s/it] 11%|█▏        | 5634/50005 [2:30:35<18:00:46,  1.46s/it] 11%|█▏        | 5635/50005 [2:30:37<17:59:40,  1.46s/it] 11%|█▏        | 5636/50005 [2:30:38<17:59:35,  1.46s/it] 11%|█▏        | 5637/50005 [2:30:40<18:00:19,  1.46s/it] 11%|█▏        | 5638/50005 [2:30:41<18:00:06,  1.46s/it] 11%|█▏        | 5639/50005 [2:30:43<18:01:10,  1.46s/it] 11%|█▏        | 5640/50005 [2:30:44<18:01:08,  1.46s/it] 11%|█▏        | 5641/50005 [2:30:45<17:59:22,  1.46s/it] 11%|█▏        | 5642/50005 [2:30:47<18:01:20,  1.46s/it] 11%|█▏        | 5643/50005 [2:30:48<18:03:50,  1.47s/it] 11%|█▏        | 5644/50005 [2:30:50<18:03:50,  1.47s/it] 11%|█▏        | 5645/50005 [2:30:51<17:59:14,  1.46s/it] 11%|█▏        | 5646/50005 [2:30:53<18:00:17,  1.46s/it] 11%|█▏        | 5647/50005 [2:30:54<17:58:53,  1.46s/it] 11%|█▏        | 5648/50005 [2:30:56<18:00:04,  1.46s/it] 11%|█▏        | 5649/50005 [2:30:57<18:00:52,  1.46s/it] 11%|█▏        | 5650/50005 [2:30:59<17:59:54,  1.46s/it] 11%|█▏        | 5651/50005 [2:31:00<17:58:47,  1.46s/it] 11%|█▏        | 5652/50005 [2:31:02<18:00:17,  1.46s/it] 11%|█▏        | 5653/50005 [2:31:03<17:58:49,  1.46s/it] 11%|█▏        | 5654/50005 [2:31:04<18:00:07,  1.46s/it] 11%|█▏        | 5655/50005 [2:31:06<17:59:01,  1.46s/it] 11%|█▏        | 5656/50005 [2:31:07<17:57:39,  1.46s/it] 11%|█▏        | 5657/50005 [2:31:09<17:56:59,  1.46s/it] 11%|█▏        | 5658/50005 [2:31:10<17:58:14,  1.46s/it] 11%|█▏        | 5659/50005 [2:31:12<17:59:54,  1.46s/it] 11%|█▏        | 5660/50005 [2:31:13<17:59:49,  1.46s/it] 11%|█▏        | 5661/50005 [2:31:15<17:58:35,  1.46s/it] 11%|█▏        | 5662/50005 [2:31:16<17:55:56,  1.46s/it] 11%|█▏        | 5663/50005 [2:31:18<17:57:24,  1.46s/it] 11%|█▏        | 5664/50005 [2:31:19<17:57:44,  1.46s/it] 11%|█▏        | 5665/50005 [2:31:20<17:59:11,  1.46s/it] 11%|█▏        | 5666/50005 [2:31:22<18:00:08,  1.46s/it] 11%|█▏        | 5667/50005 [2:31:23<18:00:45,  1.46s/it] 11%|█▏        | 5668/50005 [2:31:25<17:59:26,  1.46s/it] 11%|█▏        | 5669/50005 [2:31:26<18:00:28,  1.46s/it] 11%|█▏        | 5670/50005 [2:31:28<18:00:28,  1.46s/it] 11%|█▏        | 5671/50005 [2:31:29<18:01:31,  1.46s/it] 11%|█▏        | 5672/50005 [2:31:31<18:01:55,  1.46s/it] 11%|█▏        | 5673/50005 [2:31:32<18:00:24,  1.46s/it] 11%|█▏        | 5674/50005 [2:31:34<18:01:10,  1.46s/it] 11%|█▏        | 5675/50005 [2:31:35<18:01:26,  1.46s/it] 11%|█▏        | 5676/50005 [2:31:37<18:01:17,  1.46s/it] 11%|█▏        | 5677/50005 [2:31:38<18:01:40,  1.46s/it] 11%|█▏        | 5678/50005 [2:31:40<18:01:54,  1.46s/it] 11%|█▏        | 5679/50005 [2:31:41<18:02:04,  1.46s/it] 11%|█▏        | 5680/50005 [2:31:42<18:01:45,  1.46s/it] 11%|█▏        | 5681/50005 [2:31:44<18:02:11,  1.46s/it] 11%|█▏        | 5682/50005 [2:31:45<18:00:19,  1.46s/it] 11%|█▏        | 5683/50005 [2:31:47<17:58:50,  1.46s/it] 11%|█▏        | 5684/50005 [2:31:48<18:00:23,  1.46s/it] 11%|█▏        | 5685/50005 [2:31:50<18:00:37,  1.46s/it] 11%|█▏        | 5686/50005 [2:31:51<18:01:46,  1.46s/it] 11%|█▏        | 5687/50005 [2:31:53<18:00:53,  1.46s/it] 11%|█▏        | 5688/50005 [2:31:54<18:01:28,  1.46s/it] 11%|█▏        | 5689/50005 [2:31:56<18:01:57,  1.46s/it] 11%|█▏        | 5690/50005 [2:31:57<18:01:05,  1.46s/it] 11%|█▏        | 5691/50005 [2:31:59<17:58:45,  1.46s/it] 11%|█▏        | 5692/50005 [2:32:00<17:58:39,  1.46s/it] 11%|█▏        | 5693/50005 [2:32:01<17:59:05,  1.46s/it] 11%|█▏        | 5694/50005 [2:32:03<18:00:23,  1.46s/it] 11%|█▏        | 5695/50005 [2:32:04<18:01:03,  1.46s/it] 11%|█▏        | 5696/50005 [2:32:06<18:01:42,  1.46s/it] 11%|█▏        | 5697/50005 [2:32:07<18:01:41,  1.46s/it] 11%|█▏        | 5698/50005 [2:32:09<18:01:38,  1.46s/it] 11%|█▏        | 5699/50005 [2:32:10<18:01:41,  1.46s/it] 11%|█▏        | 5700/50005 [2:32:12<18:01:20,  1.46s/it] 11%|█▏        | 5701/50005 [2:32:13<17:59:36,  1.46s/it] 11%|█▏        | 5702/50005 [2:32:15<17:57:47,  1.46s/it] 11%|█▏        | 5703/50005 [2:32:16<17:58:58,  1.46s/it] 11%|█▏        | 5704/50005 [2:32:18<17:59:13,  1.46s/it] 11%|█▏        | 5705/50005 [2:32:19<17:58:04,  1.46s/it] 11%|█▏        | 5706/50005 [2:32:20<17:56:18,  1.46s/it] 11%|█▏        | 5707/50005 [2:32:22<17:56:23,  1.46s/it] 11%|█▏        | 5708/50005 [2:32:23<17:57:29,  1.46s/it] 11%|█▏        | 5709/50005 [2:32:25<17:57:43,  1.46s/it] 11%|█▏        | 5710/50005 [2:32:26<17:57:09,  1.46s/it] 11%|█▏        | 5711/50005 [2:32:28<17:54:54,  1.46s/it] 11%|█▏        | 5712/50005 [2:32:29<17:54:09,  1.46s/it] 11%|█▏        | 5713/50005 [2:32:31<17:54:54,  1.46s/it] 11%|█▏        | 5714/50005 [2:32:32<17:55:03,  1.46s/it] 11%|█▏        | 5715/50005 [2:32:34<17:56:52,  1.46s/it] 11%|█▏        | 5716/50005 [2:32:35<17:57:32,  1.46s/it] 11%|█▏        | 5717/50005 [2:32:36<17:58:46,  1.46s/it] 11%|█▏        | 5718/50005 [2:32:38<17:59:38,  1.46s/it] 11%|█▏        | 5719/50005 [2:32:39<18:00:36,  1.46s/it] 11%|█▏        | 5720/50005 [2:32:41<17:58:50,  1.46s/it] 11%|█▏        | 5721/50005 [2:32:42<17:59:46,  1.46s/it] 11%|█▏        | 5722/50005 [2:32:44<17:58:45,  1.46s/it] 11%|█▏        | 5723/50005 [2:32:45<17:59:24,  1.46s/it] 11%|█▏        | 5724/50005 [2:32:47<18:00:14,  1.46s/it] 11%|█▏        | 5725/50005 [2:32:48<18:00:52,  1.46s/it] 11%|█▏        | 5726/50005 [2:32:50<18:00:53,  1.46s/it] 11%|█▏        | 5727/50005 [2:32:51<18:01:19,  1.47s/it] 11%|█▏        | 5728/50005 [2:32:53<18:01:08,  1.47s/it] 11%|█▏        | 5729/50005 [2:32:54<18:02:00,  1.47s/it] 11%|█▏        | 5730/50005 [2:32:56<17:59:53,  1.46s/it] 11%|█▏        | 5731/50005 [2:32:57<18:00:35,  1.46s/it] 11%|█▏        | 5732/50005 [2:32:58<17:58:28,  1.46s/it] 11%|█▏        | 5733/50005 [2:33:00<17:59:10,  1.46s/it] 11%|█▏        | 5734/50005 [2:33:01<17:56:50,  1.46s/it] 11%|█▏        | 5735/50005 [2:33:03<17:57:42,  1.46s/it] 11%|█▏        | 5736/50005 [2:33:04<17:56:32,  1.46s/it] 11%|█▏        | 5737/50005 [2:33:06<17:57:36,  1.46s/it] 11%|█▏        | 5738/50005 [2:33:07<17:58:45,  1.46s/it] 11%|█▏        | 5739/50005 [2:33:09<17:58:43,  1.46s/it] 11%|█▏        | 5740/50005 [2:33:10<17:58:58,  1.46s/it] 11%|█▏        | 5741/50005 [2:33:12<17:57:48,  1.46s/it] 11%|█▏        | 5742/50005 [2:33:13<17:57:18,  1.46s/it] 11%|█▏        | 5743/50005 [2:33:15<17:56:04,  1.46s/it] 11%|█▏        | 5744/50005 [2:33:16<17:57:42,  1.46s/it] 11%|█▏        | 5745/50005 [2:33:17<17:56:44,  1.46s/it] 11%|█▏        | 5746/50005 [2:33:19<17:57:44,  1.46s/it] 11%|█▏        | 5747/50005 [2:33:20<17:58:06,  1.46s/it] 11%|█▏        | 5748/50005 [2:33:22<17:57:54,  1.46s/it] 11%|█▏        | 5749/50005 [2:33:23<17:59:05,  1.46s/it] 11%|█▏        | 5750/50005 [2:33:25<17:59:11,  1.46s/it] 12%|█▏        | 5751/50005 [2:33:26<17:59:48,  1.46s/it] 12%|█▏        | 5752/50005 [2:33:28<17:59:34,  1.46s/it] 12%|█▏        | 5753/50005 [2:33:29<18:13:12,  1.48s/it] 12%|█▏        | 5754/50005 [2:33:31<18:09:24,  1.48s/it] 12%|█▏        | 5755/50005 [2:33:32<18:05:17,  1.47s/it] 12%|█▏        | 5756/50005 [2:33:34<18:01:44,  1.47s/it] 12%|█▏        | 5757/50005 [2:33:35<18:00:04,  1.46s/it] 12%|█▏        | 5758/50005 [2:33:37<17:59:55,  1.46s/it] 12%|█▏        | 5759/50005 [2:33:38<17:59:36,  1.46s/it] 12%|█▏        | 5760/50005 [2:33:39<17:57:58,  1.46s/it] 12%|█▏        | 5761/50005 [2:33:41<17:56:48,  1.46s/it] 12%|█▏        | 5762/50005 [2:33:42<17:58:03,  1.46s/it] 12%|█▏        | 5763/50005 [2:33:44<17:58:16,  1.46s/it] 12%|█▏        | 5764/50005 [2:33:45<17:58:24,  1.46s/it] 12%|█▏        | 5765/50005 [2:33:47<17:58:48,  1.46s/it] 12%|█▏        | 5766/50005 [2:33:48<17:58:54,  1.46s/it] 12%|█▏        | 5767/50005 [2:33:50<17:58:45,  1.46s/it] 12%|█▏        | 5768/50005 [2:33:51<17:59:09,  1.46s/it] 12%|█▏        | 5769/50005 [2:33:53<18:00:11,  1.47s/it] 12%|█▏        | 5770/50005 [2:33:54<18:00:15,  1.47s/it] 12%|█▏        | 5771/50005 [2:33:56<18:00:06,  1.47s/it] 12%|█▏        | 5772/50005 [2:33:57<18:00:11,  1.47s/it] 12%|█▏        | 5773/50005 [2:33:58<17:58:28,  1.46s/it] 12%|█▏        | 5774/50005 [2:34:00<17:58:51,  1.46s/it] 12%|█▏        | 5775/50005 [2:34:01<17:57:41,  1.46s/it] 12%|█▏        | 5776/50005 [2:34:03<17:57:39,  1.46s/it] 12%|█▏        | 5777/50005 [2:34:04<17:58:34,  1.46s/it] 12%|█▏        | 5778/50005 [2:34:06<17:54:20,  1.46s/it] 12%|█▏        | 5779/50005 [2:34:07<17:55:12,  1.46s/it] 12%|█▏        | 5780/50005 [2:34:09<17:53:34,  1.46s/it] 12%|█▏        | 5781/50005 [2:34:10<17:53:42,  1.46s/it] 12%|█▏        | 5782/50005 [2:34:12<17:53:26,  1.46s/it] 12%|█▏        | 5783/50005 [2:34:13<17:53:13,  1.46s/it] 12%|█▏        | 5784/50005 [2:34:14<17:53:06,  1.46s/it] 12%|█▏        | 5785/50005 [2:34:16<17:55:55,  1.46s/it] 12%|█▏        | 5786/50005 [2:34:17<17:56:37,  1.46s/it] 12%|█▏        | 5787/50005 [2:34:19<17:57:42,  1.46s/it] 12%|█▏        | 5788/50005 [2:34:20<17:56:10,  1.46s/it] 12%|█▏        | 5789/50005 [2:34:22<17:55:06,  1.46s/it] 12%|█▏        | 5790/50005 [2:34:23<17:54:47,  1.46s/it] 12%|█▏        | 5791/50005 [2:34:25<17:56:15,  1.46s/it] 12%|█▏        | 5792/50005 [2:34:26<17:56:53,  1.46s/it] 12%|█▏        | 5793/50005 [2:34:28<17:57:34,  1.46s/it] 12%|█▏        | 5794/50005 [2:34:29<17:56:15,  1.46s/it] 12%|█▏        | 5795/50005 [2:34:31<17:56:52,  1.46s/it] 12%|█▏        | 5796/50005 [2:34:32<17:58:01,  1.46s/it] 12%|█▏        | 5797/50005 [2:34:34<17:58:39,  1.46s/it] 12%|█▏        | 5798/50005 [2:34:35<17:57:10,  1.46s/it] 12%|█▏        | 5799/50005 [2:34:36<17:57:54,  1.46s/it] 12%|█▏        | 5800/50005 [2:34:38<17:58:01,  1.46s/it] 12%|█▏        | 5801/50005 [2:34:39<17:56:46,  1.46s/it] 12%|█▏        | 5802/50005 [2:34:41<17:57:16,  1.46s/it] 12%|█▏        | 5803/50005 [2:34:42<17:56:49,  1.46s/it] 12%|█▏        | 5804/50005 [2:34:44<17:55:50,  1.46s/it] 12%|█▏        | 5805/50005 [2:34:45<17:56:35,  1.46s/it] 12%|█▏        | 5806/50005 [2:34:47<17:55:37,  1.46s/it] 12%|█▏        | 5807/50005 [2:34:48<17:57:05,  1.46s/it] 12%|█▏        | 5808/50005 [2:34:50<17:56:04,  1.46s/it] 12%|█▏        | 5809/50005 [2:34:51<17:57:08,  1.46s/it] 12%|█▏        | 5810/50005 [2:34:52<17:56:06,  1.46s/it] 12%|█▏        | 5811/50005 [2:34:54<17:56:51,  1.46s/it] 12%|█▏        | 5812/50005 [2:34:55<17:54:58,  1.46s/it] 12%|█▏        | 5813/50005 [2:34:57<17:57:05,  1.46s/it] 12%|█▏        | 5814/50005 [2:34:58<17:58:26,  1.46s/it] 12%|█▏        | 5815/50005 [2:35:00<17:58:43,  1.46s/it] 12%|█▏        | 5816/50005 [2:35:01<17:58:59,  1.47s/it] 12%|█▏        | 5817/50005 [2:35:03<17:56:16,  1.46s/it] 12%|█▏        | 5818/50005 [2:35:04<17:54:06,  1.46s/it] 12%|█▏        | 5819/50005 [2:35:06<17:54:23,  1.46s/it] 12%|█▏        | 5820/50005 [2:35:07<17:53:50,  1.46s/it] 12%|█▏        | 5821/50005 [2:35:09<17:55:30,  1.46s/it] 12%|█▏        | 5822/50005 [2:35:10<17:56:47,  1.46s/it] 12%|█▏        | 5823/50005 [2:35:11<17:54:52,  1.46s/it] 12%|█▏        | 5824/50005 [2:35:13<17:53:26,  1.46s/it] 12%|█▏        | 5825/50005 [2:35:14<17:54:49,  1.46s/it] 12%|█▏        | 5826/50005 [2:35:16<17:55:46,  1.46s/it] 12%|█▏        | 5827/50005 [2:35:17<17:57:18,  1.46s/it] 12%|█▏        | 5828/50005 [2:35:19<17:58:08,  1.46s/it] 12%|█▏        | 5829/50005 [2:35:20<17:56:25,  1.46s/it] 12%|█▏        | 5830/50005 [2:35:22<17:55:18,  1.46s/it] 12%|█▏        | 5831/50005 [2:35:23<17:54:47,  1.46s/it] 12%|█▏        | 5832/50005 [2:35:25<17:55:40,  1.46s/it] 12%|█▏        | 5833/50005 [2:35:26<17:56:11,  1.46s/it] 12%|█▏        | 5834/50005 [2:35:28<17:56:30,  1.46s/it] 12%|█▏        | 5835/50005 [2:35:29<17:56:23,  1.46s/it] 12%|█▏        | 5836/50005 [2:35:31<17:57:23,  1.46s/it] 12%|█▏        | 5837/50005 [2:35:32<17:58:05,  1.46s/it] 12%|█▏        | 5838/50005 [2:35:33<17:58:25,  1.47s/it] 12%|█▏        | 5839/50005 [2:35:35<17:58:32,  1.47s/it] 12%|█▏        | 5840/50005 [2:35:36<17:58:09,  1.46s/it] 12%|█▏        | 5841/50005 [2:35:38<17:58:19,  1.46s/it] 12%|█▏        | 5842/50005 [2:35:39<17:58:22,  1.47s/it] 12%|█▏        | 5843/50005 [2:35:41<17:56:16,  1.46s/it] 12%|█▏        | 5844/50005 [2:35:42<17:57:19,  1.46s/it] 12%|█▏        | 5845/50005 [2:35:44<17:55:22,  1.46s/it] 12%|█▏        | 5846/50005 [2:35:45<17:54:12,  1.46s/it] 12%|█▏        | 5847/50005 [2:35:47<17:55:23,  1.46s/it] 12%|█▏        | 5848/50005 [2:35:48<17:56:10,  1.46s/it] 12%|█▏        | 5849/50005 [2:35:50<17:54:44,  1.46s/it] 12%|█▏        | 5850/50005 [2:35:51<17:56:11,  1.46s/it] 12%|█▏        | 5851/50005 [2:35:52<17:56:57,  1.46s/it] 12%|█▏        | 5852/50005 [2:35:54<17:55:03,  1.46s/it] 12%|█▏        | 5853/50005 [2:35:55<17:56:32,  1.46s/it] 12%|█▏        | 5854/50005 [2:35:57<17:54:40,  1.46s/it] 12%|█▏        | 5855/50005 [2:35:58<17:52:06,  1.46s/it] 12%|█▏        | 5856/50005 [2:36:00<17:51:45,  1.46s/it] 12%|█▏        | 5857/50005 [2:36:01<17:53:50,  1.46s/it] 12%|█▏        | 5858/50005 [2:36:03<17:55:00,  1.46s/it] 12%|█▏        | 5859/50005 [2:36:04<17:55:44,  1.46s/it] 12%|█▏        | 5860/50005 [2:36:06<17:56:24,  1.46s/it] 12%|█▏        | 5861/50005 [2:36:07<17:53:12,  1.46s/it] 12%|█▏        | 5862/50005 [2:36:09<17:54:24,  1.46s/it] 12%|█▏        | 5863/50005 [2:36:10<17:53:44,  1.46s/it] 12%|█▏        | 5864/50005 [2:36:11<17:55:16,  1.46s/it] 12%|█▏        | 5865/50005 [2:36:13<17:53:22,  1.46s/it] 12%|█▏        | 5866/50005 [2:36:14<17:54:44,  1.46s/it] 12%|█▏        | 5867/50005 [2:36:16<17:55:46,  1.46s/it] 12%|█▏        | 5868/50005 [2:36:17<17:54:39,  1.46s/it] 12%|█▏        | 5869/50005 [2:36:19<17:55:34,  1.46s/it] 12%|█▏        | 5870/50005 [2:36:20<17:56:19,  1.46s/it] 12%|█▏        | 5871/50005 [2:36:22<17:54:57,  1.46s/it] 12%|█▏        | 5872/50005 [2:36:23<17:56:19,  1.46s/it] 12%|█▏        | 5873/50005 [2:36:25<17:57:02,  1.46s/it] 12%|█▏        | 5874/50005 [2:36:26<17:56:43,  1.46s/it] 12%|█▏        | 5875/50005 [2:36:28<17:55:33,  1.46s/it] 12%|█▏        | 5876/50005 [2:36:29<17:56:08,  1.46s/it] 12%|█▏        | 5877/50005 [2:36:30<17:56:32,  1.46s/it] 12%|█▏        | 5878/50005 [2:36:32<17:57:08,  1.46s/it] 12%|█▏        | 5879/50005 [2:36:33<17:57:38,  1.47s/it] 12%|█▏        | 5880/50005 [2:36:35<17:57:38,  1.47s/it] 12%|█▏        | 5881/50005 [2:36:36<17:55:55,  1.46s/it] 12%|█▏        | 5882/50005 [2:36:38<17:56:32,  1.46s/it] 12%|█▏        | 5883/50005 [2:36:39<17:57:00,  1.46s/it] 12%|█▏        | 5884/50005 [2:36:41<17:55:45,  1.46s/it] 12%|█▏        | 5885/50005 [2:36:42<17:53:51,  1.46s/it] 12%|█▏        | 5886/50005 [2:36:44<17:54:53,  1.46s/it] 12%|█▏        | 5887/50005 [2:36:45<17:53:20,  1.46s/it] 12%|█▏        | 5888/50005 [2:36:47<17:54:43,  1.46s/it] 12%|█▏        | 5889/50005 [2:36:48<17:53:42,  1.46s/it] 12%|█▏        | 5890/50005 [2:36:49<17:55:17,  1.46s/it] 12%|█▏        | 5891/50005 [2:36:51<17:55:43,  1.46s/it] 12%|█▏        | 5892/50005 [2:36:52<17:55:57,  1.46s/it] 12%|█▏        | 5893/50005 [2:36:54<17:55:21,  1.46s/it] 12%|█▏        | 5894/50005 [2:36:55<17:56:23,  1.46s/it] 12%|█▏        | 5895/50005 [2:36:57<17:56:13,  1.46s/it] 12%|█▏        | 5896/50005 [2:36:58<17:57:05,  1.47s/it] 12%|█▏        | 5897/50005 [2:37:00<17:57:21,  1.47s/it] 12%|█▏        | 5898/50005 [2:37:01<17:55:36,  1.46s/it] 12%|█▏        | 5899/50005 [2:37:03<17:56:23,  1.46s/it] 12%|█▏        | 5900/50005 [2:37:04<17:55:25,  1.46s/it] 12%|█▏        | 5901/50005 [2:37:06<17:53:56,  1.46s/it] 12%|█▏        | 5902/50005 [2:37:07<17:53:39,  1.46s/it] 12%|█▏        | 5903/50005 [2:37:08<17:54:34,  1.46s/it] 12%|█▏        | 5904/50005 [2:37:10<17:53:56,  1.46s/it] 12%|█▏        | 5905/50005 [2:37:11<17:52:30,  1.46s/it] 12%|█▏        | 5906/50005 [2:37:13<17:53:57,  1.46s/it] 12%|█▏        | 5907/50005 [2:37:14<17:53:09,  1.46s/it] 12%|█▏        | 5908/50005 [2:37:16<17:54:42,  1.46s/it] 12%|█▏        | 5909/50005 [2:37:17<17:55:43,  1.46s/it] 12%|█▏        | 5910/50005 [2:37:19<17:54:20,  1.46s/it] 12%|█▏        | 5911/50005 [2:37:20<17:52:51,  1.46s/it] 12%|█▏        | 5912/50005 [2:37:22<17:52:34,  1.46s/it] 12%|█▏        | 5913/50005 [2:37:23<17:54:43,  1.46s/it] 12%|█▏        | 5914/50005 [2:37:25<17:55:40,  1.46s/it] 12%|█▏        | 5915/50005 [2:37:26<17:55:52,  1.46s/it] 12%|█▏        | 5916/50005 [2:37:27<17:55:04,  1.46s/it] 12%|█▏        | 5917/50005 [2:37:29<17:53:26,  1.46s/it] 12%|█▏        | 5918/50005 [2:37:30<17:54:54,  1.46s/it] 12%|█▏        | 5919/50005 [2:37:32<17:55:54,  1.46s/it] 12%|█▏        | 5920/50005 [2:37:33<17:54:15,  1.46s/it] 12%|█▏        | 5921/50005 [2:37:35<17:55:58,  1.46s/it] 12%|█▏        | 5922/50005 [2:37:36<17:55:09,  1.46s/it] 12%|█▏        | 5923/50005 [2:37:38<17:52:59,  1.46s/it] 12%|█▏        | 5924/50005 [2:37:39<17:51:30,  1.46s/it] 12%|█▏        | 5925/50005 [2:37:41<17:52:44,  1.46s/it] 12%|█▏        | 5926/50005 [2:37:42<17:52:03,  1.46s/it] 12%|█▏        | 5927/50005 [2:37:44<17:51:21,  1.46s/it] 12%|█▏        | 5928/50005 [2:37:45<17:50:26,  1.46s/it] 12%|█▏        | 5929/50005 [2:37:46<17:48:58,  1.46s/it] 12%|█▏        | 5930/50005 [2:37:48<17:50:23,  1.46s/it] 12%|█▏        | 5931/50005 [2:37:49<17:51:43,  1.46s/it] 12%|█▏        | 5932/50005 [2:37:51<17:51:10,  1.46s/it] 12%|█▏        | 5933/50005 [2:37:52<17:52:37,  1.46s/it] 12%|█▏        | 5934/50005 [2:37:54<17:53:34,  1.46s/it] 12%|█▏        | 5935/50005 [2:37:55<17:53:00,  1.46s/it] 12%|█▏        | 5936/50005 [2:37:57<17:53:00,  1.46s/it] 12%|█▏        | 5937/50005 [2:37:58<17:53:38,  1.46s/it] 12%|█▏        | 5938/50005 [2:38:00<17:52:24,  1.46s/it] 12%|█▏        | 5939/50005 [2:38:01<17:53:39,  1.46s/it] 12%|█▏        | 5940/50005 [2:38:03<17:54:18,  1.46s/it] 12%|█▏        | 5941/50005 [2:38:04<17:52:34,  1.46s/it] 12%|█▏        | 5942/50005 [2:38:05<17:51:50,  1.46s/it] 12%|█▏        | 5943/50005 [2:38:07<17:48:52,  1.46s/it] 12%|█▏        | 5944/50005 [2:38:08<17:51:24,  1.46s/it] 12%|█▏        | 5945/50005 [2:38:10<17:50:46,  1.46s/it] 12%|█▏        | 5946/50005 [2:38:11<17:52:27,  1.46s/it] 12%|█▏        | 5947/50005 [2:38:13<17:54:55,  1.46s/it] 12%|█▏        | 5948/50005 [2:38:14<17:55:03,  1.46s/it] 12%|█▏        | 5949/50005 [2:38:16<17:53:09,  1.46s/it] 12%|█▏        | 5950/50005 [2:38:17<17:53:45,  1.46s/it] 12%|█▏        | 5951/50005 [2:38:19<17:54:03,  1.46s/it] 12%|█▏        | 5952/50005 [2:38:20<17:54:35,  1.46s/it] 12%|█▏        | 5953/50005 [2:38:22<17:53:47,  1.46s/it] 12%|█▏        | 5954/50005 [2:38:23<17:53:57,  1.46s/it] 12%|█▏        | 5955/50005 [2:38:24<17:52:00,  1.46s/it] 12%|█▏        | 5956/50005 [2:38:26<17:51:23,  1.46s/it] 12%|█▏        | 5957/50005 [2:38:27<17:51:40,  1.46s/it] 12%|█▏        | 5958/50005 [2:38:29<17:50:42,  1.46s/it] 12%|█▏        | 5959/50005 [2:38:30<17:49:48,  1.46s/it] 12%|█▏        | 5960/50005 [2:38:32<17:51:58,  1.46s/it] 12%|█▏        | 5961/50005 [2:38:33<17:52:51,  1.46s/it] 12%|█▏        | 5962/50005 [2:38:35<17:49:53,  1.46s/it] 12%|█▏        | 5963/50005 [2:38:36<17:51:37,  1.46s/it] 12%|█▏        | 5964/50005 [2:38:38<17:53:23,  1.46s/it] 12%|█▏        | 5965/50005 [2:38:39<17:53:42,  1.46s/it] 12%|█▏        | 5966/50005 [2:38:41<17:53:57,  1.46s/it] 12%|█▏        | 5967/50005 [2:38:42<17:54:28,  1.46s/it] 12%|█▏        | 5968/50005 [2:38:43<17:54:08,  1.46s/it] 12%|█▏        | 5969/50005 [2:38:45<17:54:40,  1.46s/it] 12%|█▏        | 5970/50005 [2:38:46<17:53:11,  1.46s/it] 12%|█▏        | 5971/50005 [2:38:48<17:51:38,  1.46s/it] 12%|█▏        | 5972/50005 [2:38:49<17:53:23,  1.46s/it] 12%|█▏        | 5973/50005 [2:38:51<17:53:01,  1.46s/it] 12%|█▏        | 5974/50005 [2:38:52<17:52:53,  1.46s/it] 12%|█▏        | 5975/50005 [2:38:54<17:53:28,  1.46s/it] 12%|█▏        | 5976/50005 [2:38:55<17:51:46,  1.46s/it] 12%|█▏        | 5977/50005 [2:38:57<17:52:43,  1.46s/it] 12%|█▏        | 5978/50005 [2:38:58<17:53:17,  1.46s/it] 12%|█▏        | 5979/50005 [2:39:00<17:53:33,  1.46s/it] 12%|█▏        | 5980/50005 [2:39:01<17:54:13,  1.46s/it] 12%|█▏        | 5981/50005 [2:39:02<17:54:04,  1.46s/it] 12%|█▏        | 5982/50005 [2:39:04<17:53:12,  1.46s/it] 12%|█▏        | 5983/50005 [2:39:05<17:54:01,  1.46s/it] 12%|█▏        | 5984/50005 [2:39:07<17:54:19,  1.46s/it] 12%|█▏        | 5985/50005 [2:39:08<17:54:33,  1.46s/it] 12%|█▏        | 5986/50005 [2:39:10<17:54:06,  1.46s/it] 12%|█▏        | 5987/50005 [2:39:11<17:52:34,  1.46s/it] 12%|█▏        | 5988/50005 [2:39:13<17:53:30,  1.46s/it] 12%|█▏        | 5989/50005 [2:39:14<17:54:25,  1.46s/it] 12%|█▏        | 5990/50005 [2:39:16<17:53:27,  1.46s/it] 12%|█▏        | 5991/50005 [2:39:17<17:53:40,  1.46s/it] 12%|█▏        | 5992/50005 [2:39:19<17:54:05,  1.46s/it] 12%|█▏        | 5993/50005 [2:39:20<17:52:45,  1.46s/it] 12%|█▏        | 5994/50005 [2:39:21<17:53:00,  1.46s/it] 12%|█▏        | 5995/50005 [2:39:23<17:51:14,  1.46s/it] 12%|█▏        | 5996/50005 [2:39:24<17:50:06,  1.46s/it] 12%|█▏        | 5997/50005 [2:39:26<17:49:41,  1.46s/it] 12%|█▏        | 5998/50005 [2:39:27<17:50:57,  1.46s/it] 12%|█▏        | 5999/50005 [2:39:29<17:51:51,  1.46s/it] 12%|█▏        | 6000/50005 [2:39:30<17:52:53,  1.46s/it] 12%|█▏        | 6001/50005 [2:39:32<17:51:22,  1.46s/it]
Validation:   0%|          | 0/100 [00:00<?, ?it/s][A
Validation:   1%|          | 1/100 [00:02<04:01,  2.44s/it][A
Validation:   2%|▏         | 2/100 [00:03<02:14,  1.37s/it][A
Validation:   3%|▎         | 3/100 [00:03<01:40,  1.03s/it][A
Validation:   4%|▍         | 4/100 [00:04<01:23,  1.15it/s][A
Validation:   5%|▌         | 5/100 [00:04<01:14,  1.28it/s][A
Validation:   6%|▌         | 6/100 [00:05<01:08,  1.37it/s][A
Validation:   7%|▋         | 7/100 [00:06<01:04,  1.44it/s][A
Validation:   8%|▊         | 8/100 [00:06<01:01,  1.48it/s][A
Validation:   9%|▉         | 9/100 [00:07<00:59,  1.52it/s][A
Validation:  10%|█         | 10/100 [00:08<00:58,  1.54it/s][A
Validation:  11%|█         | 11/100 [00:08<00:57,  1.56it/s][A
Validation:  12%|█▏        | 12/100 [00:09<00:56,  1.57it/s][A
Validation:  13%|█▎        | 13/100 [00:09<00:55,  1.58it/s][A
Validation:  14%|█▍        | 14/100 [00:10<00:54,  1.59it/s][A
Validation:  15%|█▌        | 15/100 [00:11<00:53,  1.59it/s][A
Validation:  16%|█▌        | 16/100 [00:11<00:52,  1.60it/s][A
Validation:  17%|█▋        | 17/100 [00:12<00:51,  1.60it/s][A
Validation:  18%|█▊        | 18/100 [00:13<00:51,  1.60it/s][A
Validation:  19%|█▉        | 19/100 [00:13<00:50,  1.60it/s][A
Validation:  20%|██        | 20/100 [00:14<00:49,  1.60it/s][A
Validation:  21%|██        | 21/100 [00:14<00:49,  1.60it/s][A
Validation:  22%|██▏       | 22/100 [00:15<00:48,  1.60it/s][A
Validation:  23%|██▎       | 23/100 [00:16<00:47,  1.61it/s][A
Validation:  24%|██▍       | 24/100 [00:16<00:47,  1.60it/s][A
Validation:  25%|██▌       | 25/100 [00:17<00:46,  1.60it/s][A
Validation:  26%|██▌       | 26/100 [00:18<00:46,  1.60it/s][A
Validation:  27%|██▋       | 27/100 [00:18<00:45,  1.60it/s][A
Validation:  28%|██▊       | 28/100 [00:19<00:44,  1.60it/s][A
Validation:  29%|██▉       | 29/100 [00:19<00:44,  1.61it/s][A
Validation:  30%|███       | 30/100 [00:20<00:43,  1.60it/s][A
Validation:  31%|███       | 31/100 [00:21<00:43,  1.60it/s][A
Validation:  32%|███▏      | 32/100 [00:21<00:42,  1.60it/s][A
Validation:  33%|███▎      | 33/100 [00:22<00:41,  1.60it/s][A
Validation:  34%|███▍      | 34/100 [00:23<00:41,  1.60it/s][A
Validation:  35%|███▌      | 35/100 [00:23<00:40,  1.60it/s][A
Validation:  36%|███▌      | 36/100 [00:24<00:39,  1.60it/s][A
Validation:  37%|███▋      | 37/100 [00:24<00:39,  1.60it/s][A
Validation:  38%|███▊      | 38/100 [00:25<00:38,  1.60it/s][A
Validation:  39%|███▉      | 39/100 [00:26<00:38,  1.60it/s][A
Validation:  40%|████      | 40/100 [00:26<00:37,  1.60it/s][A
Validation:  41%|████      | 41/100 [00:27<00:36,  1.60it/s][A
Validation:  42%|████▏     | 42/100 [00:28<00:36,  1.60it/s][A
Validation:  43%|████▎     | 43/100 [00:28<00:35,  1.60it/s][A
Validation:  44%|████▍     | 44/100 [00:29<00:34,  1.60it/s][A
Validation:  45%|████▌     | 45/100 [00:29<00:34,  1.60it/s][A
Validation:  46%|████▌     | 46/100 [00:30<00:33,  1.60it/s][A
Validation:  47%|████▋     | 47/100 [00:31<00:33,  1.60it/s][A
Validation:  48%|████▊     | 48/100 [00:31<00:32,  1.60it/s][A
Validation:  49%|████▉     | 49/100 [00:32<00:31,  1.60it/s][A
Validation:  50%|█████     | 50/100 [00:33<00:31,  1.61it/s][A
Validation:  51%|█████     | 51/100 [00:33<00:30,  1.61it/s][A
Validation:  52%|█████▏    | 52/100 [00:34<00:29,  1.60it/s][A
Validation:  53%|█████▎    | 53/100 [00:34<00:29,  1.61it/s][A
Validation:  54%|█████▍    | 54/100 [00:35<00:28,  1.60it/s][A
Validation:  55%|█████▌    | 55/100 [00:36<00:28,  1.60it/s][A
Validation:  56%|█████▌    | 56/100 [00:36<00:27,  1.60it/s][A
Validation:  57%|█████▋    | 57/100 [00:37<00:26,  1.60it/s][A
Validation:  58%|█████▊    | 58/100 [00:38<00:26,  1.61it/s][A
Validation:  59%|█████▉    | 59/100 [00:38<00:25,  1.60it/s][A
Validation:  60%|██████    | 60/100 [00:39<00:24,  1.60it/s][A
Validation:  61%|██████    | 61/100 [00:39<00:24,  1.60it/s][A
Validation:  62%|██████▏   | 62/100 [00:40<00:23,  1.60it/s][A
Validation:  63%|██████▎   | 63/100 [00:41<00:23,  1.60it/s][A
Validation:  64%|██████▍   | 64/100 [00:41<00:22,  1.60it/s][A
Validation:  65%|██████▌   | 65/100 [00:42<00:21,  1.60it/s][A
Validation:  66%|██████▌   | 66/100 [00:43<00:21,  1.60it/s][A
Validation:  67%|██████▋   | 67/100 [00:43<00:20,  1.60it/s][A
Validation:  68%|██████▊   | 68/100 [00:44<00:19,  1.60it/s][A
Validation:  69%|██████▉   | 69/100 [00:44<00:19,  1.60it/s][A
Validation:  70%|███████   | 70/100 [00:45<00:18,  1.60it/s][A
Validation:  71%|███████   | 71/100 [00:46<00:18,  1.60it/s][A
Validation:  72%|███████▏  | 72/100 [00:46<00:17,  1.60it/s][A
Validation:  73%|███████▎  | 73/100 [00:47<00:16,  1.60it/s][A
Validation:  74%|███████▍  | 74/100 [00:48<00:16,  1.60it/s][A
Validation:  75%|███████▌  | 75/100 [00:48<00:15,  1.60it/s][A
Validation:  76%|███████▌  | 76/100 [00:49<00:14,  1.60it/s][A
Validation:  77%|███████▋  | 77/100 [00:49<00:14,  1.60it/s][A
Validation:  78%|███████▊  | 78/100 [00:50<00:13,  1.60it/s][A
Validation:  79%|███████▉  | 79/100 [00:51<00:13,  1.60it/s][A
Validation:  80%|████████  | 80/100 [00:51<00:12,  1.60it/s][A
Validation:  81%|████████  | 81/100 [00:52<00:11,  1.60it/s][A
Validation:  82%|████████▏ | 82/100 [00:53<00:11,  1.60it/s][A
Validation:  83%|████████▎ | 83/100 [00:53<00:10,  1.60it/s][A
Validation:  84%|████████▍ | 84/100 [00:54<00:10,  1.60it/s][A
Validation:  85%|████████▌ | 85/100 [00:54<00:09,  1.60it/s][A
Validation:  86%|████████▌ | 86/100 [00:55<00:08,  1.60it/s][A
Validation:  87%|████████▋ | 87/100 [00:56<00:08,  1.60it/s][A
Validation:  88%|████████▊ | 88/100 [00:56<00:07,  1.60it/s][A
Validation:  89%|████████▉ | 89/100 [00:57<00:06,  1.60it/s][A
Validation:  90%|█████████ | 90/100 [00:58<00:06,  1.60it/s][A
Validation:  91%|█████████ | 91/100 [00:58<00:05,  1.60it/s][A
Validation:  92%|█████████▏| 92/100 [00:59<00:04,  1.60it/s][A
Validation:  93%|█████████▎| 93/100 [00:59<00:04,  1.60it/s][A
Validation:  94%|█████████▍| 94/100 [01:00<00:03,  1.60it/s][A
Validation:  95%|█████████▌| 95/100 [01:01<00:03,  1.61it/s][A
Validation:  96%|█████████▌| 96/100 [01:01<00:02,  1.61it/s][A
Validation:  97%|█████████▋| 97/100 [01:02<00:01,  1.61it/s][A
Validation:  98%|█████████▊| 98/100 [01:03<00:01,  1.60it/s][A
Validation:  99%|█████████▉| 99/100 [01:03<00:00,  1.60it/s][A
Validation: 100%|██████████| 100/100 [01:04<00:00,  1.61it/s][A
                                                             [A 12%|█▏        | 6002/50005 [2:40:38<253:48:12, 20.76s/it] 12%|█▏        | 6003/50005 [2:40:39<183:01:11, 14.97s/it] 12%|█▏        | 6004/50005 [2:40:40<133:27:33, 10.92s/it] 12%|█▏        | 6005/50005 [2:40:42<98:42:03,  8.08s/it]  12%|█▏        | 6006/50005 [2:40:43<74:27:52,  6.09s/it] 12%|█▏        | 6007/50005 [2:40:45<57:28:02,  4.70s/it] 12%|█▏        | 6008/50005 [2:40:46<45:34:00,  3.73s/it] 12%|█▏        | 6009/50005 [2:40:48<37:12:10,  3.04s/it] 12%|█▏        | 6010/50005 [2:40:49<31:22:16,  2.57s/it] 12%|█▏        | 6011/50005 [2:40:51<27:17:28,  2.23s/it] 12%|█▏        | 6012/50005 [2:40:52<24:27:03,  2.00s/it] 12%|█▏        | 6013/50005 [2:40:54<22:27:12,  1.84s/it] 12%|█▏        | 6014/50005 [2:40:55<21:05:34,  1.73s/it] 12%|█▏        | 6015/50005 [2:40:56<20:07:56,  1.65s/it] 12%|█▏        | 6016/50005 [2:40:58<19:25:34,  1.59s/it] 12%|█▏        | 6017/50005 [2:40:59<18:56:48,  1.55s/it] 12%|█▏        | 6018/50005 [2:41:01<18:36:04,  1.52s/it] 12%|█▏        | 6019/50005 [2:41:02<18:24:07,  1.51s/it] 12%|█▏        | 6020/50005 [2:41:04<18:16:06,  1.50s/it] 12%|█▏        | 6021/50005 [2:41:05<18:09:21,  1.49s/it] 12%|█▏        | 6022/50005 [2:41:07<18:03:02,  1.48s/it] 12%|█▏        | 6023/50005 [2:41:08<17:59:03,  1.47s/it] 12%|█▏        | 6024/50005 [2:41:10<17:56:46,  1.47s/it] 12%|█▏        | 6025/50005 [2:41:11<17:55:52,  1.47s/it] 12%|█▏        | 6026/50005 [2:41:13<17:53:16,  1.46s/it] 12%|█▏        | 6027/50005 [2:41:14<17:51:50,  1.46s/it] 12%|█▏        | 6028/50005 [2:41:15<17:52:18,  1.46s/it] 12%|█▏        | 6029/50005 [2:41:17<17:52:24,  1.46s/it] 12%|█▏        | 6030/50005 [2:41:18<17:50:03,  1.46s/it] 12%|█▏        | 6031/50005 [2:41:20<17:49:24,  1.46s/it] 12%|█▏        | 6032/50005 [2:41:21<17:50:28,  1.46s/it] 12%|█▏        | 6033/50005 [2:41:23<17:51:30,  1.46s/it] 12%|█▏        | 6034/50005 [2:41:24<17:52:37,  1.46s/it] 12%|█▏        | 6035/50005 [2:41:26<17:52:50,  1.46s/it] 12%|█▏        | 6036/50005 [2:41:27<17:51:08,  1.46s/it] 12%|█▏        | 6037/50005 [2:41:29<17:49:01,  1.46s/it] 12%|█▏        | 6038/50005 [2:41:30<17:50:28,  1.46s/it] 12%|█▏        | 6039/50005 [2:41:32<17:51:19,  1.46s/it] 12%|█▏        | 6040/50005 [2:41:33<17:51:39,  1.46s/it] 12%|█▏        | 6041/50005 [2:41:34<17:51:12,  1.46s/it] 12%|█▏        | 6042/50005 [2:41:36<17:51:44,  1.46s/it] 12%|█▏        | 6043/50005 [2:41:37<17:52:22,  1.46s/it] 12%|█▏        | 6044/50005 [2:41:39<17:51:14,  1.46s/it] 12%|█▏        | 6045/50005 [2:41:40<17:50:50,  1.46s/it] 12%|█▏        | 6046/50005 [2:41:42<17:52:13,  1.46s/it] 12%|█▏        | 6047/50005 [2:41:43<17:49:16,  1.46s/it] 12%|█▏        | 6048/50005 [2:41:45<17:48:44,  1.46s/it] 12%|█▏        | 6049/50005 [2:41:46<17:48:43,  1.46s/it] 12%|█▏        | 6050/50005 [2:41:48<17:48:18,  1.46s/it] 12%|█▏        | 6051/50005 [2:41:49<17:45:47,  1.45s/it] 12%|█▏        | 6052/50005 [2:41:50<17:47:35,  1.46s/it] 12%|█▏        | 6053/50005 [2:41:52<17:46:26,  1.46s/it] 12%|█▏        | 6054/50005 [2:41:53<17:48:07,  1.46s/it] 12%|█▏        | 6055/50005 [2:41:55<17:47:47,  1.46s/it] 12%|█▏        | 6056/50005 [2:41:56<17:49:33,  1.46s/it] 12%|█▏        | 6057/50005 [2:41:58<17:50:47,  1.46s/it] 12%|█▏        | 6058/50005 [2:41:59<17:51:41,  1.46s/it] 12%|█▏        | 6059/50005 [2:42:01<17:51:17,  1.46s/it] 12%|█▏        | 6060/50005 [2:42:02<17:51:30,  1.46s/it] 12%|█▏        | 6061/50005 [2:42:04<17:50:12,  1.46s/it] 12%|█▏        | 6062/50005 [2:42:05<17:51:13,  1.46s/it] 12%|█▏        | 6063/50005 [2:42:07<17:47:57,  1.46s/it] 12%|█▏        | 6064/50005 [2:42:08<17:49:46,  1.46s/it] 12%|█▏        | 6065/50005 [2:42:09<17:51:30,  1.46s/it] 12%|█▏        | 6066/50005 [2:42:11<17:52:12,  1.46s/it] 12%|█▏        | 6067/50005 [2:42:12<17:50:39,  1.46s/it] 12%|█▏        | 6068/50005 [2:42:14<17:49:11,  1.46s/it] 12%|█▏        | 6069/50005 [2:42:15<17:50:54,  1.46s/it] 12%|█▏        | 6070/50005 [2:42:17<17:52:28,  1.46s/it] 12%|█▏        | 6071/50005 [2:42:18<17:52:58,  1.47s/it] 12%|█▏        | 6072/50005 [2:42:20<17:51:04,  1.46s/it] 12%|█▏        | 6073/50005 [2:42:21<17:51:06,  1.46s/it] 12%|█▏        | 6074/50005 [2:42:23<17:51:32,  1.46s/it] 12%|█▏        | 6075/50005 [2:42:24<17:52:03,  1.46s/it] 12%|█▏        | 6076/50005 [2:42:26<17:49:19,  1.46s/it] 12%|█▏        | 6077/50005 [2:42:27<17:48:26,  1.46s/it] 12%|█▏        | 6078/50005 [2:42:28<17:47:18,  1.46s/it] 12%|█▏        | 6079/50005 [2:42:30<17:49:00,  1.46s/it] 12%|█▏        | 6080/50005 [2:42:31<17:48:55,  1.46s/it] 12%|█▏        | 6081/50005 [2:42:33<17:50:37,  1.46s/it] 12%|█▏        | 6082/50005 [2:42:34<17:51:41,  1.46s/it] 12%|█▏        | 6083/50005 [2:42:36<17:51:36,  1.46s/it] 12%|█▏        | 6084/50005 [2:42:37<17:49:40,  1.46s/it] 12%|█▏        | 6085/50005 [2:42:39<17:50:07,  1.46s/it] 12%|█▏        | 6086/50005 [2:42:40<17:50:16,  1.46s/it] 12%|█▏        | 6087/50005 [2:42:42<17:50:31,  1.46s/it] 12%|█▏        | 6088/50005 [2:42:43<17:49:20,  1.46s/it] 12%|█▏        | 6089/50005 [2:42:45<17:50:01,  1.46s/it] 12%|█▏        | 6090/50005 [2:42:46<17:49:18,  1.46s/it] 12%|█▏        | 6091/50005 [2:42:48<17:49:55,  1.46s/it] 12%|█▏        | 6092/50005 [2:42:49<17:49:48,  1.46s/it] 12%|█▏        | 6093/50005 [2:42:50<17:50:48,  1.46s/it] 12%|█▏        | 6094/50005 [2:42:52<17:51:47,  1.46s/it] 12%|█▏        | 6095/50005 [2:42:53<17:50:36,  1.46s/it] 12%|█▏        | 6096/50005 [2:42:55<17:51:21,  1.46s/it] 12%|█▏        | 6097/50005 [2:42:56<17:49:56,  1.46s/it] 12%|█▏        | 6098/50005 [2:42:58<17:50:27,  1.46s/it] 12%|█▏        | 6099/50005 [2:42:59<17:51:21,  1.46s/it] 12%|█▏        | 6100/50005 [2:43:01<17:51:41,  1.46s/it] 12%|█▏        | 6101/50005 [2:43:02<17:52:01,  1.47s/it] 12%|█▏        | 6102/50005 [2:43:04<17:51:24,  1.46s/it] 12%|█▏        | 6103/50005 [2:43:05<17:51:39,  1.46s/it] 12%|█▏        | 6104/50005 [2:43:07<17:51:46,  1.46s/it] 12%|█▏        | 6105/50005 [2:43:08<17:51:10,  1.46s/it] 12%|█▏        | 6106/50005 [2:43:09<17:50:09,  1.46s/it] 12%|█▏        | 6107/50005 [2:43:11<17:50:52,  1.46s/it] 12%|█▏        | 6108/50005 [2:43:12<17:48:54,  1.46s/it] 12%|█▏        | 6109/50005 [2:43:14<17:48:23,  1.46s/it] 12%|█▏        | 6110/50005 [2:43:15<17:47:32,  1.46s/it] 12%|█▏        | 6111/50005 [2:43:17<17:49:12,  1.46s/it] 12%|█▏        | 6112/50005 [2:43:18<17:48:06,  1.46s/it] 12%|█▏        | 6113/50005 [2:43:20<17:47:31,  1.46s/it] 12%|█▏        | 6114/50005 [2:43:21<17:46:31,  1.46s/it] 12%|█▏        | 6115/50005 [2:43:23<17:45:52,  1.46s/it] 12%|█▏        | 6116/50005 [2:43:24<17:45:48,  1.46s/it] 12%|█▏        | 6117/50005 [2:43:25<17:45:11,  1.46s/it] 12%|█▏        | 6118/50005 [2:43:27<17:47:21,  1.46s/it] 12%|█▏        | 6119/50005 [2:43:28<17:49:22,  1.46s/it] 12%|█▏        | 6120/50005 [2:43:30<17:49:18,  1.46s/it] 12%|█▏        | 6121/50005 [2:43:31<17:48:03,  1.46s/it] 12%|█▏        | 6122/50005 [2:43:33<17:49:10,  1.46s/it] 12%|█▏        | 6123/50005 [2:43:34<17:47:40,  1.46s/it] 12%|█▏        | 6124/50005 [2:43:36<17:48:24,  1.46s/it] 12%|█▏        | 6125/50005 [2:43:37<17:49:13,  1.46s/it] 12%|█▏        | 6126/50005 [2:43:39<17:49:16,  1.46s/it] 12%|█▏        | 6127/50005 [2:43:40<17:49:05,  1.46s/it] 12%|█▏        | 6128/50005 [2:43:42<17:47:50,  1.46s/it] 12%|█▏        | 6129/50005 [2:43:43<17:48:38,  1.46s/it] 12%|█▏        | 6130/50005 [2:43:45<17:49:31,  1.46s/it] 12%|█▏        | 6131/50005 [2:43:46<17:49:57,  1.46s/it] 12%|█▏        | 6132/50005 [2:43:47<17:49:45,  1.46s/it] 12%|█▏        | 6133/50005 [2:43:49<17:49:57,  1.46s/it] 12%|█▏        | 6134/50005 [2:43:50<17:48:27,  1.46s/it] 12%|█▏        | 6135/50005 [2:43:52<17:49:13,  1.46s/it] 12%|█▏        | 6136/50005 [2:43:53<17:50:10,  1.46s/it] 12%|█▏        | 6137/50005 [2:43:55<17:50:45,  1.46s/it] 12%|█▏        | 6138/50005 [2:43:56<17:50:47,  1.46s/it] 12%|█▏        | 6139/50005 [2:43:58<17:51:05,  1.47s/it] 12%|█▏        | 6140/50005 [2:43:59<17:51:02,  1.47s/it] 12%|█▏        | 6141/50005 [2:44:01<17:50:18,  1.46s/it] 12%|█▏        | 6142/50005 [2:44:02<17:48:55,  1.46s/it] 12%|█▏        | 6143/50005 [2:44:04<17:49:39,  1.46s/it] 12%|█▏        | 6144/50005 [2:44:05<17:49:50,  1.46s/it] 12%|█▏        | 6145/50005 [2:44:06<17:48:32,  1.46s/it] 12%|█▏        | 6146/50005 [2:44:08<17:48:01,  1.46s/it] 12%|█▏        | 6147/50005 [2:44:09<17:46:36,  1.46s/it] 12%|█▏        | 6148/50005 [2:44:11<17:47:53,  1.46s/it] 12%|█▏        | 6149/50005 [2:44:12<17:48:54,  1.46s/it] 12%|█▏        | 6150/50005 [2:44:14<17:48:04,  1.46s/it] 12%|█▏        | 6151/50005 [2:44:15<17:47:23,  1.46s/it] 12%|█▏        | 6152/50005 [2:44:17<17:48:14,  1.46s/it] 12%|█▏        | 6153/50005 [2:44:18<17:48:47,  1.46s/it] 12%|█▏        | 6154/50005 [2:44:20<17:49:04,  1.46s/it] 12%|█▏        | 6155/50005 [2:44:21<17:50:02,  1.46s/it] 12%|█▏        | 6156/50005 [2:44:23<17:49:00,  1.46s/it] 12%|█▏        | 6157/50005 [2:44:24<17:48:27,  1.46s/it] 12%|█▏        | 6158/50005 [2:44:25<17:47:13,  1.46s/it] 12%|█▏        | 6159/50005 [2:44:27<17:47:17,  1.46s/it] 12%|█▏        | 6160/50005 [2:44:28<17:48:42,  1.46s/it] 12%|█▏        | 6161/50005 [2:44:30<17:47:03,  1.46s/it] 12%|█▏        | 6162/50005 [2:44:31<17:48:03,  1.46s/it] 12%|█▏        | 6163/50005 [2:44:33<17:49:03,  1.46s/it] 12%|█▏        | 6164/50005 [2:44:34<17:47:44,  1.46s/it] 12%|█▏        | 6165/50005 [2:44:36<17:46:11,  1.46s/it] 12%|█▏        | 6166/50005 [2:44:37<17:45:16,  1.46s/it] 12%|█▏        | 6167/50005 [2:44:39<17:46:53,  1.46s/it] 12%|█▏        | 6168/50005 [2:44:40<17:47:15,  1.46s/it] 12%|█▏        | 6169/50005 [2:44:42<17:47:57,  1.46s/it] 12%|█▏        | 6170/50005 [2:44:43<17:46:56,  1.46s/it] 12%|█▏        | 6171/50005 [2:44:44<17:47:50,  1.46s/it] 12%|█▏        | 6172/50005 [2:44:46<17:46:11,  1.46s/it] 12%|█▏        | 6173/50005 [2:44:47<17:45:11,  1.46s/it] 12%|█▏        | 6174/50005 [2:44:49<17:46:04,  1.46s/it] 12%|█▏        | 6175/50005 [2:44:50<17:47:54,  1.46s/it] 12%|█▏        | 6176/50005 [2:44:52<17:47:06,  1.46s/it] 12%|█▏        | 6177/50005 [2:44:53<17:48:14,  1.46s/it] 12%|█▏        | 6178/50005 [2:44:55<17:47:45,  1.46s/it] 12%|█▏        | 6179/50005 [2:44:56<17:47:29,  1.46s/it] 12%|█▏        | 6180/50005 [2:44:58<17:46:37,  1.46s/it] 12%|█▏        | 6181/50005 [2:44:59<17:47:23,  1.46s/it] 12%|█▏        | 6182/50005 [2:45:01<17:45:44,  1.46s/it] 12%|█▏        | 6183/50005 [2:45:02<17:47:21,  1.46s/it] 12%|█▏        | 6184/50005 [2:45:03<17:46:01,  1.46s/it] 12%|█▏        | 6185/50005 [2:45:05<17:43:21,  1.46s/it] 12%|█▏        | 6186/50005 [2:45:06<17:42:48,  1.46s/it] 12%|█▏        | 6187/50005 [2:45:08<17:44:38,  1.46s/it] 12%|█▏        | 6188/50005 [2:45:09<17:44:15,  1.46s/it] 12%|█▏        | 6189/50005 [2:45:11<17:43:57,  1.46s/it] 12%|█▏        | 6190/50005 [2:45:12<17:45:51,  1.46s/it] 12%|█▏        | 6191/50005 [2:45:14<17:46:30,  1.46s/it] 12%|█▏        | 6192/50005 [2:45:15<17:47:21,  1.46s/it] 12%|█▏        | 6193/50005 [2:45:17<17:47:27,  1.46s/it] 12%|█▏        | 6194/50005 [2:45:18<17:47:49,  1.46s/it] 12%|█▏        | 6195/50005 [2:45:19<17:49:04,  1.46s/it] 12%|█▏        | 6196/50005 [2:45:21<17:47:14,  1.46s/it] 12%|█▏        | 6197/50005 [2:45:22<17:47:40,  1.46s/it] 12%|█▏        | 6198/50005 [2:45:24<17:47:19,  1.46s/it] 12%|█▏        | 6199/50005 [2:45:25<17:45:51,  1.46s/it] 12%|█▏        | 6200/50005 [2:45:27<17:45:28,  1.46s/it] 12%|█▏        | 6201/50005 [2:45:28<17:46:36,  1.46s/it] 12%|█▏        | 6202/50005 [2:45:30<17:45:04,  1.46s/it] 12%|█▏        | 6203/50005 [2:45:31<17:46:43,  1.46s/it] 12%|█▏        | 6204/50005 [2:45:33<17:45:19,  1.46s/it] 12%|█▏        | 6205/50005 [2:45:34<17:45:42,  1.46s/it] 12%|█▏        | 6206/50005 [2:45:36<17:46:11,  1.46s/it] 12%|█▏        | 6207/50005 [2:45:37<17:45:05,  1.46s/it] 12%|█▏        | 6208/50005 [2:45:38<17:46:10,  1.46s/it] 12%|█▏        | 6209/50005 [2:45:40<17:47:07,  1.46s/it] 12%|█▏        | 6210/50005 [2:45:41<17:46:41,  1.46s/it] 12%|█▏        | 6211/50005 [2:45:43<17:47:38,  1.46s/it] 12%|█▏        | 6212/50005 [2:45:44<17:46:11,  1.46s/it] 12%|█▏        | 6213/50005 [2:45:46<17:45:48,  1.46s/it] 12%|█▏        | 6214/50005 [2:45:47<17:47:07,  1.46s/it] 12%|█▏        | 6215/50005 [2:45:49<17:47:50,  1.46s/it] 12%|█▏        | 6216/50005 [2:45:50<17:45:52,  1.46s/it] 12%|█▏        | 6217/50005 [2:45:52<17:47:17,  1.46s/it] 12%|█▏        | 6218/50005 [2:45:53<17:47:39,  1.46s/it] 12%|█▏        | 6219/50005 [2:45:55<17:46:08,  1.46s/it] 12%|█▏        | 6220/50005 [2:45:56<17:44:24,  1.46s/it] 12%|█▏        | 6221/50005 [2:45:57<17:46:16,  1.46s/it] 12%|█▏        | 6222/50005 [2:45:59<17:44:29,  1.46s/it] 12%|█▏        | 6223/50005 [2:46:00<17:43:42,  1.46s/it] 12%|█▏        | 6224/50005 [2:46:02<17:44:34,  1.46s/it] 12%|█▏        | 6225/50005 [2:46:03<17:43:10,  1.46s/it] 12%|█▏        | 6226/50005 [2:46:05<17:42:32,  1.46s/it] 12%|█▏        | 6227/50005 [2:46:06<17:42:40,  1.46s/it] 12%|█▏        | 6228/50005 [2:46:08<17:42:12,  1.46s/it] 12%|█▏        | 6229/50005 [2:46:09<17:42:49,  1.46s/it] 12%|█▏        | 6230/50005 [2:46:11<17:42:05,  1.46s/it] 12%|█▏        | 6231/50005 [2:46:12<17:44:29,  1.46s/it] 12%|█▏        | 6232/50005 [2:46:14<17:44:29,  1.46s/it] 12%|█▏        | 6233/50005 [2:46:15<17:44:23,  1.46s/it] 12%|█▏        | 6234/50005 [2:46:16<17:45:39,  1.46s/it] 12%|█▏        | 6235/50005 [2:46:18<17:46:38,  1.46s/it] 12%|█▏        | 6236/50005 [2:46:19<17:48:17,  1.46s/it] 12%|█▏        | 6237/50005 [2:46:21<17:48:49,  1.47s/it] 12%|█▏        | 6238/50005 [2:46:22<17:49:28,  1.47s/it] 12%|█▏        | 6239/50005 [2:46:24<17:49:16,  1.47s/it] 12%|█▏        | 6240/50005 [2:46:25<17:48:11,  1.46s/it] 12%|█▏        | 6241/50005 [2:46:27<17:48:38,  1.47s/it] 12%|█▏        | 6242/50005 [2:46:28<17:46:25,  1.46s/it] 12%|█▏        | 6243/50005 [2:46:30<17:47:01,  1.46s/it] 12%|█▏        | 6244/50005 [2:46:31<17:46:00,  1.46s/it] 12%|█▏        | 6245/50005 [2:46:33<17:44:38,  1.46s/it] 12%|█▏        | 6246/50005 [2:46:34<17:44:41,  1.46s/it] 12%|█▏        | 6247/50005 [2:46:35<17:46:49,  1.46s/it] 12%|█▏        | 6248/50005 [2:46:37<17:44:38,  1.46s/it] 12%|█▏        | 6249/50005 [2:46:38<17:46:08,  1.46s/it] 12%|█▏        | 6250/50005 [2:46:40<17:46:55,  1.46s/it] 13%|█▎        | 6251/50005 [2:46:41<17:47:22,  1.46s/it] 13%|█▎        | 6252/50005 [2:46:43<17:48:13,  1.46s/it] 13%|█▎        | 6253/50005 [2:46:44<17:48:22,  1.47s/it] 13%|█▎        | 6254/50005 [2:46:46<17:48:30,  1.47s/it] 13%|█▎        | 6255/50005 [2:46:47<17:47:09,  1.46s/it] 13%|█▎        | 6256/50005 [2:46:49<17:47:17,  1.46s/it] 13%|█▎        | 6257/50005 [2:46:50<17:47:49,  1.46s/it] 13%|█▎        | 6258/50005 [2:46:52<17:47:21,  1.46s/it] 13%|█▎        | 6259/50005 [2:46:53<17:46:03,  1.46s/it] 13%|█▎        | 6260/50005 [2:46:54<17:45:02,  1.46s/it] 13%|█▎        | 6261/50005 [2:46:56<17:46:04,  1.46s/it] 13%|█▎        | 6262/50005 [2:46:57<17:47:14,  1.46s/it] 13%|█▎        | 6263/50005 [2:46:59<17:47:37,  1.46s/it] 13%|█▎        | 6264/50005 [2:47:00<17:47:50,  1.46s/it] 13%|█▎        | 6265/50005 [2:47:02<17:45:47,  1.46s/it] 13%|█▎        | 6266/50005 [2:47:03<17:46:51,  1.46s/it] 13%|█▎        | 6267/50005 [2:47:05<17:47:16,  1.46s/it] 13%|█▎        | 6268/50005 [2:47:06<17:47:53,  1.46s/it] 13%|█▎        | 6269/50005 [2:47:08<17:47:14,  1.46s/it] 13%|█▎        | 6270/50005 [2:47:09<17:45:24,  1.46s/it] 13%|█▎        | 6271/50005 [2:47:11<17:46:00,  1.46s/it] 13%|█▎        | 6272/50005 [2:47:12<17:46:46,  1.46s/it] 13%|█▎        | 6273/50005 [2:47:13<17:44:16,  1.46s/it] 13%|█▎        | 6274/50005 [2:47:15<17:43:26,  1.46s/it] 13%|█▎        | 6275/50005 [2:47:16<17:42:41,  1.46s/it] 13%|█▎        | 6276/50005 [2:47:18<17:43:58,  1.46s/it] 13%|█▎        | 6277/50005 [2:47:19<17:45:22,  1.46s/it] 13%|█▎        | 6278/50005 [2:47:21<17:44:00,  1.46s/it] 13%|█▎        | 6279/50005 [2:47:22<17:45:08,  1.46s/it] 13%|█▎        | 6280/50005 [2:47:24<17:43:37,  1.46s/it] 13%|█▎        | 6281/50005 [2:47:25<17:45:16,  1.46s/it] 13%|█▎        | 6282/50005 [2:47:27<17:46:07,  1.46s/it] 13%|█▎        | 6283/50005 [2:47:28<17:46:34,  1.46s/it] 13%|█▎        | 6284/50005 [2:47:30<17:44:17,  1.46s/it] 13%|█▎        | 6285/50005 [2:47:31<17:43:40,  1.46s/it] 13%|█▎        | 6286/50005 [2:47:32<17:45:14,  1.46s/it] 13%|█▎        | 6287/50005 [2:47:34<17:43:57,  1.46s/it] 13%|█▎        | 6288/50005 [2:47:35<17:42:52,  1.46s/it] 13%|█▎        | 6289/50005 [2:47:37<17:42:12,  1.46s/it] 13%|█▎        | 6290/50005 [2:47:38<17:41:12,  1.46s/it] 13%|█▎        | 6291/50005 [2:47:40<17:42:31,  1.46s/it] 13%|█▎        | 6292/50005 [2:47:41<17:41:59,  1.46s/it] 13%|█▎        | 6293/50005 [2:47:43<17:41:45,  1.46s/it] 13%|█▎        | 6294/50005 [2:47:44<17:43:24,  1.46s/it] 13%|█▎        | 6295/50005 [2:47:46<17:44:28,  1.46s/it] 13%|█▎        | 6296/50005 [2:47:47<17:44:00,  1.46s/it] 13%|█▎        | 6297/50005 [2:47:49<17:45:29,  1.46s/it] 13%|█▎        | 6298/50005 [2:47:50<17:43:26,  1.46s/it] 13%|█▎        | 6299/50005 [2:47:51<17:44:44,  1.46s/it] 13%|█▎        | 6300/50005 [2:47:53<17:43:12,  1.46s/it] 13%|█▎        | 6301/50005 [2:47:54<17:44:34,  1.46s/it] 13%|█▎        | 6302/50005 [2:47:56<17:44:47,  1.46s/it] 13%|█▎        | 6303/50005 [2:47:57<17:45:40,  1.46s/it] 13%|█▎        | 6304/50005 [2:47:59<17:44:01,  1.46s/it] 13%|█▎        | 6305/50005 [2:48:00<17:43:10,  1.46s/it] 13%|█▎        | 6306/50005 [2:48:02<17:43:47,  1.46s/it] 13%|█▎        | 6307/50005 [2:48:03<17:43:11,  1.46s/it] 13%|█▎        | 6308/50005 [2:48:05<17:41:19,  1.46s/it] 13%|█▎        | 6309/50005 [2:48:06<17:40:36,  1.46s/it] 13%|█▎        | 6310/50005 [2:48:08<17:40:32,  1.46s/it] 13%|█▎        | 6311/50005 [2:48:09<17:40:20,  1.46s/it] 13%|█▎        | 6312/50005 [2:48:10<17:41:05,  1.46s/it] 13%|█▎        | 6313/50005 [2:48:12<17:42:13,  1.46s/it] 13%|█▎        | 6314/50005 [2:48:13<17:42:20,  1.46s/it] 13%|█▎        | 6315/50005 [2:48:15<17:42:23,  1.46s/it] 13%|█▎        | 6316/50005 [2:48:16<17:42:15,  1.46s/it] 13%|█▎        | 6317/50005 [2:48:18<17:41:37,  1.46s/it] 13%|█▎        | 6318/50005 [2:48:19<17:40:21,  1.46s/it] 13%|█▎        | 6319/50005 [2:48:21<17:39:36,  1.46s/it] 13%|█▎        | 6320/50005 [2:48:22<17:42:07,  1.46s/it] 13%|█▎        | 6321/50005 [2:48:24<17:43:28,  1.46s/it] 13%|█▎        | 6322/50005 [2:48:25<17:43:10,  1.46s/it] 13%|█▎        | 6323/50005 [2:48:26<17:44:33,  1.46s/it] 13%|█▎        | 6324/50005 [2:48:28<17:43:38,  1.46s/it] 13%|█▎        | 6325/50005 [2:48:29<17:44:32,  1.46s/it] 13%|█▎        | 6326/50005 [2:48:31<17:45:10,  1.46s/it] 13%|█▎        | 6327/50005 [2:48:32<17:45:38,  1.46s/it] 13%|█▎        | 6328/50005 [2:48:34<17:43:46,  1.46s/it] 13%|█▎        | 6329/50005 [2:48:35<17:45:07,  1.46s/it] 13%|█▎        | 6330/50005 [2:48:37<17:45:45,  1.46s/it] 13%|█▎        | 6331/50005 [2:48:38<17:46:11,  1.46s/it] 13%|█▎        | 6332/50005 [2:48:40<17:46:12,  1.46s/it] 13%|█▎        | 6333/50005 [2:48:41<17:47:07,  1.47s/it] 13%|█▎        | 6334/50005 [2:48:43<17:45:56,  1.46s/it] 13%|█▎        | 6335/50005 [2:48:44<17:46:11,  1.46s/it] 13%|█▎        | 6336/50005 [2:48:46<17:45:54,  1.46s/it] 13%|█▎        | 6337/50005 [2:48:47<17:42:14,  1.46s/it] 13%|█▎        | 6338/50005 [2:48:48<17:41:59,  1.46s/it] 13%|█▎        | 6339/50005 [2:48:50<17:41:13,  1.46s/it] 13%|█▎        | 6340/50005 [2:48:51<17:42:10,  1.46s/it] 13%|█▎        | 6341/50005 [2:48:53<17:41:28,  1.46s/it] 13%|█▎        | 6342/50005 [2:48:54<17:42:32,  1.46s/it] 13%|█▎        | 6343/50005 [2:48:56<17:41:25,  1.46s/it] 13%|█▎        | 6344/50005 [2:48:57<17:41:53,  1.46s/it] 13%|█▎        | 6345/50005 [2:48:59<17:43:04,  1.46s/it] 13%|█▎        | 6346/50005 [2:49:00<17:41:30,  1.46s/it] 13%|█▎        | 6347/50005 [2:49:02<17:43:14,  1.46s/it] 13%|█▎        | 6348/50005 [2:49:03<17:43:23,  1.46s/it] 13%|█▎        | 6349/50005 [2:49:04<17:41:45,  1.46s/it] 13%|█▎        | 6350/50005 [2:49:06<17:42:55,  1.46s/it] 13%|█▎        | 6351/50005 [2:49:07<17:43:50,  1.46s/it] 13%|█▎        | 6352/50005 [2:49:09<17:43:03,  1.46s/it] 13%|█▎        | 6353/50005 [2:49:10<17:43:45,  1.46s/it] 13%|█▎        | 6354/50005 [2:49:12<17:41:31,  1.46s/it] 13%|█▎        | 6355/50005 [2:49:13<17:39:45,  1.46s/it] 13%|█▎        | 6356/50005 [2:49:15<17:40:26,  1.46s/it] 13%|█▎        | 6357/50005 [2:49:16<17:41:39,  1.46s/it] 13%|█▎        | 6358/50005 [2:49:18<17:42:58,  1.46s/it] 13%|█▎        | 6359/50005 [2:49:19<17:44:07,  1.46s/it] 13%|█▎        | 6360/50005 [2:49:21<17:44:30,  1.46s/it] 13%|█▎        | 6361/50005 [2:49:22<17:44:53,  1.46s/it] 13%|█▎        | 6362/50005 [2:49:23<17:43:00,  1.46s/it] 13%|█▎        | 6363/50005 [2:49:25<17:44:16,  1.46s/it] 13%|█▎        | 6364/50005 [2:49:26<17:42:46,  1.46s/it] 13%|█▎        | 6365/50005 [2:49:28<17:41:47,  1.46s/it] 13%|█▎        | 6366/50005 [2:49:29<17:43:14,  1.46s/it] 13%|█▎        | 6367/50005 [2:49:31<17:41:58,  1.46s/it] 13%|█▎        | 6368/50005 [2:49:32<17:43:02,  1.46s/it] 13%|█▎        | 6369/50005 [2:49:34<17:44:02,  1.46s/it] 13%|█▎        | 6370/50005 [2:49:35<17:44:57,  1.46s/it] 13%|█▎        | 6371/50005 [2:49:37<17:43:24,  1.46s/it] 13%|█▎        | 6372/50005 [2:49:38<17:44:09,  1.46s/it] 13%|█▎        | 6373/50005 [2:49:40<17:43:28,  1.46s/it] 13%|█▎        | 6374/50005 [2:49:41<17:42:22,  1.46s/it] 13%|█▎        | 6375/50005 [2:49:42<17:41:14,  1.46s/it] 13%|█▎        | 6376/50005 [2:49:44<17:40:58,  1.46s/it] 13%|█▎        | 6377/50005 [2:49:45<17:42:00,  1.46s/it] 13%|█▎        | 6378/50005 [2:49:47<17:43:44,  1.46s/it] 13%|█▎        | 6379/50005 [2:49:48<17:44:15,  1.46s/it] 13%|█▎        | 6380/50005 [2:49:50<17:43:37,  1.46s/it] 13%|█▎        | 6381/50005 [2:49:51<17:43:53,  1.46s/it] 13%|█▎        | 6382/50005 [2:49:53<17:44:26,  1.46s/it] 13%|█▎        | 6383/50005 [2:49:54<17:44:40,  1.46s/it] 13%|█▎        | 6384/50005 [2:49:56<17:45:15,  1.47s/it] 13%|█▎        | 6385/50005 [2:49:57<17:45:19,  1.47s/it] 13%|█▎        | 6386/50005 [2:49:59<17:43:20,  1.46s/it] 13%|█▎        | 6387/50005 [2:50:00<17:44:11,  1.46s/it] 13%|█▎        | 6388/50005 [2:50:01<17:42:33,  1.46s/it] 13%|█▎        | 6389/50005 [2:50:03<17:41:27,  1.46s/it] 13%|█▎        | 6390/50005 [2:50:04<17:40:47,  1.46s/it] 13%|█▎        | 6391/50005 [2:50:06<17:42:40,  1.46s/it] 13%|█▎        | 6392/50005 [2:50:07<17:42:34,  1.46s/it] 13%|█▎        | 6393/50005 [2:50:09<17:43:33,  1.46s/it] 13%|█▎        | 6394/50005 [2:50:10<17:42:01,  1.46s/it] 13%|█▎        | 6395/50005 [2:50:12<17:42:47,  1.46s/it] 13%|█▎        | 6396/50005 [2:50:13<17:40:23,  1.46s/it] 13%|█▎        | 6397/50005 [2:50:15<17:39:51,  1.46s/it] 13%|█▎        | 6398/50005 [2:50:16<17:39:34,  1.46s/it] 13%|█▎        | 6399/50005 [2:50:18<17:41:14,  1.46s/it] 13%|█▎        | 6400/50005 [2:50:19<17:40:50,  1.46s/it] 13%|█▎        | 6401/50005 [2:50:20<17:40:01,  1.46s/it]
Validation:   0%|          | 0/100 [00:00<?, ?it/s][A
Validation:   1%|          | 1/100 [00:00<01:37,  1.01it/s][A
Validation:   2%|▏         | 2/100 [00:01<01:15,  1.29it/s][A
Validation:   3%|▎         | 3/100 [00:02<01:08,  1.42it/s][A
Validation:   4%|▍         | 4/100 [00:02<01:04,  1.48it/s][A
Validation:   5%|▌         | 5/100 [00:03<01:02,  1.52it/s][A
Validation:   6%|▌         | 6/100 [00:04<01:00,  1.55it/s][A
Validation:   7%|▋         | 7/100 [00:04<00:59,  1.56it/s][A
Validation:   8%|▊         | 8/100 [00:05<00:58,  1.57it/s][A
Validation:   9%|▉         | 9/100 [00:05<00:57,  1.58it/s][A
Validation:  10%|█         | 10/100 [00:06<00:56,  1.59it/s][A
Validation:  11%|█         | 11/100 [00:07<00:55,  1.59it/s][A
Validation:  12%|█▏        | 12/100 [00:07<00:55,  1.59it/s][A
Validation:  13%|█▎        | 13/100 [00:08<00:54,  1.59it/s][A
Validation:  14%|█▍        | 14/100 [00:09<00:53,  1.60it/s][A
Validation:  15%|█▌        | 15/100 [00:09<00:53,  1.60it/s][A
Validation:  16%|█▌        | 16/100 [00:10<00:52,  1.60it/s][A
Validation:  17%|█▋        | 17/100 [00:10<00:51,  1.60it/s][A
Validation:  18%|█▊        | 18/100 [00:11<00:51,  1.60it/s][A
Validation:  19%|█▉        | 19/100 [00:12<00:50,  1.60it/s][A
Validation:  20%|██        | 20/100 [00:12<00:49,  1.60it/s][A
Validation:  21%|██        | 21/100 [00:13<00:49,  1.60it/s][A
Validation:  22%|██▏       | 22/100 [00:14<00:48,  1.61it/s][A
Validation:  23%|██▎       | 23/100 [00:14<00:47,  1.61it/s][A
Validation:  24%|██▍       | 24/100 [00:15<00:47,  1.60it/s][A
Validation:  25%|██▌       | 25/100 [00:15<00:46,  1.60it/s][A
Validation:  26%|██▌       | 26/100 [00:16<00:46,  1.60it/s][A
Validation:  27%|██▋       | 27/100 [00:17<00:45,  1.60it/s][A
Validation:  28%|██▊       | 28/100 [00:17<00:44,  1.61it/s][A
Validation:  29%|██▉       | 29/100 [00:18<00:44,  1.60it/s][A
Validation:  30%|███       | 30/100 [00:19<00:43,  1.60it/s][A
Validation:  31%|███       | 31/100 [00:19<00:43,  1.60it/s][A
Validation:  32%|███▏      | 32/100 [00:20<00:42,  1.60it/s][A
Validation:  33%|███▎      | 33/100 [00:20<00:41,  1.60it/s][A
Validation:  34%|███▍      | 34/100 [00:21<00:41,  1.60it/s][A
Validation:  35%|███▌      | 35/100 [00:22<00:40,  1.60it/s][A
Validation:  36%|███▌      | 36/100 [00:22<00:39,  1.60it/s][A
Validation:  37%|███▋      | 37/100 [00:23<00:39,  1.60it/s][A
Validation:  38%|███▊      | 38/100 [00:24<00:38,  1.60it/s][A
Validation:  39%|███▉      | 39/100 [00:24<00:38,  1.60it/s][A
Validation:  40%|████      | 40/100 [00:25<00:37,  1.61it/s][A
Validation:  41%|████      | 41/100 [00:25<00:36,  1.60it/s][A
Validation:  42%|████▏     | 42/100 [00:26<00:36,  1.60it/s][A
Validation:  43%|████▎     | 43/100 [00:27<00:35,  1.60it/s][A
Validation:  44%|████▍     | 44/100 [00:27<00:34,  1.60it/s][A
Validation:  45%|████▌     | 45/100 [00:28<00:34,  1.60it/s][A
Validation:  46%|████▌     | 46/100 [00:29<00:33,  1.61it/s][A
Validation:  47%|████▋     | 47/100 [00:29<00:33,  1.61it/s][A
Validation:  48%|████▊     | 48/100 [00:30<00:32,  1.61it/s][A
Validation:  49%|████▉     | 49/100 [00:30<00:31,  1.61it/s][A
Validation:  50%|█████     | 50/100 [00:31<00:31,  1.60it/s][A
Validation:  51%|█████     | 51/100 [00:32<00:30,  1.61it/s][A
Validation:  52%|█████▏    | 52/100 [00:32<00:29,  1.60it/s][A
Validation:  53%|█████▎    | 53/100 [00:33<00:29,  1.61it/s][A
Validation:  54%|█████▍    | 54/100 [00:34<00:28,  1.61it/s][A
Validation:  55%|█████▌    | 55/100 [00:34<00:27,  1.61it/s][A
Validation:  56%|█████▌    | 56/100 [00:35<00:27,  1.61it/s][A
Validation:  57%|█████▋    | 57/100 [00:35<00:26,  1.60it/s][A
Validation:  58%|█████▊    | 58/100 [00:36<00:26,  1.60it/s][A
Validation:  59%|█████▉    | 59/100 [00:37<00:25,  1.60it/s][A
Validation:  60%|██████    | 60/100 [00:37<00:24,  1.60it/s][A
Validation:  61%|██████    | 61/100 [00:38<00:24,  1.60it/s][A
Validation:  62%|██████▏   | 62/100 [00:39<00:23,  1.60it/s][A
Validation:  63%|██████▎   | 63/100 [00:39<00:23,  1.60it/s][A
Validation:  64%|██████▍   | 64/100 [00:40<00:22,  1.60it/s][A
Validation:  65%|██████▌   | 65/100 [00:40<00:21,  1.61it/s][A
Validation:  66%|██████▌   | 66/100 [00:41<00:21,  1.61it/s][A
Validation:  67%|██████▋   | 67/100 [00:42<00:20,  1.60it/s][A
Validation:  68%|██████▊   | 68/100 [00:42<00:19,  1.60it/s][A
Validation:  69%|██████▉   | 69/100 [00:43<00:19,  1.60it/s][A
Validation:  70%|███████   | 70/100 [00:44<00:18,  1.60it/s][A
Validation:  71%|███████   | 71/100 [00:44<00:18,  1.60it/s][A
Validation:  72%|███████▏  | 72/100 [00:45<00:17,  1.60it/s][A
Validation:  73%|███████▎  | 73/100 [00:45<00:16,  1.60it/s][A
Validation:  74%|███████▍  | 74/100 [00:46<00:16,  1.60it/s][A
Validation:  75%|███████▌  | 75/100 [00:47<00:15,  1.61it/s][A
Validation:  76%|███████▌  | 76/100 [00:47<00:14,  1.60it/s][A
Validation:  77%|███████▋  | 77/100 [00:48<00:14,  1.60it/s][A
Validation:  78%|███████▊  | 78/100 [00:49<00:13,  1.60it/s][A
Validation:  79%|███████▉  | 79/100 [00:49<00:13,  1.60it/s][A
Validation:  80%|████████  | 80/100 [00:50<00:12,  1.60it/s][A
Validation:  81%|████████  | 81/100 [00:50<00:11,  1.60it/s][A
Validation:  82%|████████▏ | 82/100 [00:51<00:11,  1.60it/s][A
Validation:  83%|████████▎ | 83/100 [00:52<00:10,  1.60it/s][A
Validation:  84%|████████▍ | 84/100 [00:52<00:10,  1.60it/s][A
Validation:  85%|████████▌ | 85/100 [00:53<00:09,  1.60it/s][A
Validation:  86%|████████▌ | 86/100 [00:54<00:08,  1.60it/s][A
Validation:  87%|████████▋ | 87/100 [00:54<00:08,  1.60it/s][A
Validation:  88%|████████▊ | 88/100 [00:55<00:07,  1.60it/s][A
Validation:  89%|████████▉ | 89/100 [00:55<00:06,  1.60it/s][A
Validation:  90%|█████████ | 90/100 [00:56<00:06,  1.60it/s][A
Validation:  91%|█████████ | 91/100 [00:57<00:05,  1.60it/s][A
Validation:  92%|█████████▏| 92/100 [00:57<00:04,  1.60it/s][A
Validation:  93%|█████████▎| 93/100 [00:58<00:04,  1.60it/s][A
Validation:  94%|█████████▍| 94/100 [00:59<00:03,  1.60it/s][A
Validation:  95%|█████████▌| 95/100 [00:59<00:03,  1.61it/s][A
Validation:  96%|█████████▌| 96/100 [01:00<00:02,  1.60it/s][A
Validation:  97%|█████████▋| 97/100 [01:00<00:01,  1.60it/s][A
Validation:  98%|█████████▊| 98/100 [01:01<00:01,  1.60it/s][A
Validation:  99%|█████████▉| 99/100 [01:02<00:00,  1.60it/s][A
Validation: 100%|██████████| 100/100 [01:02<00:00,  1.60it/s][A
                                                             [A 13%|█▎        | 6402/50005 [2:51:25<245:58:40, 20.31s/it] 13%|█▎        | 6403/50005 [2:51:26<177:28:33, 14.65s/it] 13%|█▎        | 6404/50005 [2:51:28<129:32:40, 10.70s/it] 13%|█▎        | 6405/50005 [2:51:29<95:58:53,  7.93s/it]  13%|█▎        | 6406/50005 [2:51:31<72:28:06,  5.98s/it] 13%|█▎        | 6407/50005 [2:51:32<56:01:48,  4.63s/it] 13%|█▎        | 6408/50005 [2:51:34<44:31:01,  3.68s/it] 13%|█▎        | 6409/50005 [2:51:35<36:29:12,  3.01s/it] 13%|█▎        | 6410/50005 [2:51:36<30:51:27,  2.55s/it] 13%|█▎        | 6411/50005 [2:51:38<26:55:15,  2.22s/it] 13%|█▎        | 6412/50005 [2:51:39<24:07:59,  1.99s/it] 13%|█▎        | 6413/50005 [2:51:41<22:12:13,  1.83s/it] 13%|█▎        | 6414/50005 [2:51:42<20:49:58,  1.72s/it] 13%|█▎        | 6415/50005 [2:51:44<19:51:50,  1.64s/it] 13%|█▎        | 6416/50005 [2:51:45<19:12:03,  1.59s/it] 13%|█▎        | 6417/50005 [2:51:47<18:45:37,  1.55s/it] 13%|█▎        | 6418/50005 [2:51:48<18:25:01,  1.52s/it] 13%|█▎        | 6419/50005 [2:51:50<18:12:10,  1.50s/it] 13%|█▎        | 6420/50005 [2:51:51<18:01:57,  1.49s/it] 13%|█▎        | 6421/50005 [2:51:52<17:56:36,  1.48s/it] 13%|█▎        | 6422/50005 [2:51:54<17:53:37,  1.48s/it] 13%|█▎        | 6423/50005 [2:51:55<17:47:04,  1.47s/it] 13%|█▎        | 6424/50005 [2:51:57<17:46:02,  1.47s/it] 13%|█▎        | 6425/50005 [2:51:58<17:45:37,  1.47s/it] 13%|█▎        | 6426/50005 [2:52:00<17:44:29,  1.47s/it] 13%|█▎        | 6427/50005 [2:52:01<17:44:40,  1.47s/it] 13%|█▎        | 6428/50005 [2:52:03<17:45:06,  1.47s/it] 13%|█▎        | 6429/50005 [2:52:04<17:44:38,  1.47s/it] 13%|█▎        | 6430/50005 [2:52:06<17:44:38,  1.47s/it] 13%|█▎        | 6431/50005 [2:52:07<17:41:48,  1.46s/it] 13%|█▎        | 6432/50005 [2:52:09<17:43:16,  1.46s/it] 13%|█▎        | 6433/50005 [2:52:10<17:43:29,  1.46s/it] 13%|█▎        | 6434/50005 [2:52:12<17:44:12,  1.47s/it] 13%|█▎        | 6435/50005 [2:52:13<17:44:33,  1.47s/it] 13%|█▎        | 6436/50005 [2:52:14<17:44:36,  1.47s/it] 13%|█▎        | 6437/50005 [2:52:16<17:44:02,  1.47s/it] 13%|█▎        | 6438/50005 [2:52:17<17:41:46,  1.46s/it] 13%|█▎        | 6439/50005 [2:52:19<17:42:32,  1.46s/it] 13%|█▎        | 6440/50005 [2:52:20<17:43:08,  1.46s/it] 13%|█▎        | 6441/50005 [2:52:22<17:43:48,  1.47s/it] 13%|█▎        | 6442/50005 [2:52:23<17:41:43,  1.46s/it] 13%|█▎        | 6443/50005 [2:52:25<17:40:10,  1.46s/it] 13%|█▎        | 6444/50005 [2:52:26<17:38:36,  1.46s/it] 13%|█▎        | 6445/50005 [2:52:29<21:00:41,  1.74s/it] 13%|█▎        | 6446/50005 [2:52:30<20:01:44,  1.66s/it] 13%|█▎        | 6447/50005 [2:52:31<19:20:11,  1.60s/it] 13%|█▎        | 6448/50005 [2:52:33<18:49:57,  1.56s/it] 13%|█▎        | 6449/50005 [2:52:34<18:29:58,  1.53s/it] 13%|█▎        | 6450/50005 [2:52:36<18:16:28,  1.51s/it] 13%|█▎        | 6451/50005 [2:52:37<18:05:16,  1.50s/it] 13%|█▎        | 6452/50005 [2:52:39<17:58:32,  1.49s/it] 13%|█▎        | 6453/50005 [2:52:40<17:54:50,  1.48s/it] 13%|█▎        | 6454/50005 [2:52:42<17:52:38,  1.48s/it] 13%|█▎        | 6455/50005 [2:52:43<17:50:02,  1.47s/it] 13%|█▎        | 6456/50005 [2:52:45<17:46:58,  1.47s/it] 13%|█▎        | 6457/50005 [2:52:46<17:46:29,  1.47s/it] 13%|█▎        | 6458/50005 [2:52:48<17:46:31,  1.47s/it] 13%|█▎        | 6459/50005 [2:52:49<17:45:43,  1.47s/it] 13%|█▎        | 6460/50005 [2:52:51<17:45:12,  1.47s/it] 13%|█▎        | 6461/50005 [2:52:52<17:42:58,  1.46s/it] 13%|█▎        | 6462/50005 [2:52:53<17:40:15,  1.46s/it] 13%|█▎        | 6463/50005 [2:52:55<17:41:24,  1.46s/it] 13%|█▎        | 6464/50005 [2:52:56<17:39:49,  1.46s/it] 13%|█▎        | 6465/50005 [2:52:58<17:39:07,  1.46s/it] 13%|█▎        | 6466/50005 [2:52:59<17:39:58,  1.46s/it] 13%|█▎        | 6467/50005 [2:53:01<17:41:05,  1.46s/it] 13%|█▎        | 6468/50005 [2:53:02<17:41:16,  1.46s/it] 13%|█▎        | 6469/50005 [2:53:04<17:39:51,  1.46s/it] 13%|█▎        | 6470/50005 [2:53:05<17:41:30,  1.46s/it] 13%|█▎        | 6471/50005 [2:53:07<17:40:36,  1.46s/it] 13%|█▎        | 6472/50005 [2:53:08<17:40:27,  1.46s/it] 13%|█▎        | 6473/50005 [2:53:10<17:41:42,  1.46s/it] 13%|█▎        | 6474/50005 [2:53:11<17:42:08,  1.46s/it] 13%|█▎        | 6475/50005 [2:53:12<17:41:10,  1.46s/it] 13%|█▎        | 6476/50005 [2:53:14<17:39:31,  1.46s/it] 13%|█▎        | 6477/50005 [2:53:15<17:40:42,  1.46s/it] 13%|█▎        | 6478/50005 [2:53:17<17:40:58,  1.46s/it] 13%|█▎        | 6479/50005 [2:53:18<17:40:23,  1.46s/it] 13%|█▎        | 6480/50005 [2:53:20<17:41:12,  1.46s/it] 13%|█▎        | 6481/50005 [2:53:21<17:41:33,  1.46s/it] 13%|█▎        | 6482/50005 [2:53:23<17:42:39,  1.46s/it] 13%|█▎        | 6483/50005 [2:53:24<17:40:48,  1.46s/it] 13%|█▎        | 6484/50005 [2:53:26<17:42:03,  1.46s/it] 13%|█▎        | 6485/50005 [2:53:27<17:42:16,  1.46s/it] 13%|█▎        | 6486/50005 [2:53:29<17:42:54,  1.47s/it] 13%|█▎        | 6487/50005 [2:53:30<17:42:36,  1.47s/it] 13%|█▎        | 6488/50005 [2:53:31<17:40:52,  1.46s/it] 13%|█▎        | 6489/50005 [2:53:33<17:41:22,  1.46s/it] 13%|█▎        | 6490/50005 [2:53:34<17:41:22,  1.46s/it] 13%|█▎        | 6491/50005 [2:53:36<17:42:07,  1.46s/it] 13%|█▎        | 6492/50005 [2:53:37<17:42:25,  1.46s/it] 13%|█▎        | 6493/50005 [2:53:39<17:42:43,  1.47s/it] 13%|█▎        | 6494/50005 [2:53:40<17:42:49,  1.47s/it] 13%|█▎        | 6495/50005 [2:53:42<17:42:52,  1.47s/it] 13%|█▎        | 6496/50005 [2:53:43<17:42:28,  1.47s/it] 13%|█▎        | 6497/50005 [2:53:45<17:41:27,  1.46s/it] 13%|█▎        | 6498/50005 [2:53:46<17:39:54,  1.46s/it] 13%|█▎        | 6499/50005 [2:53:48<17:40:20,  1.46s/it] 13%|█▎        | 6500/50005 [2:53:49<17:40:53,  1.46s/it] 13%|█▎        | 6501/50005 [2:53:50<17:41:02,  1.46s/it] 13%|█▎        | 6502/50005 [2:53:52<17:41:44,  1.46s/it] 13%|█▎        | 6503/50005 [2:53:53<17:42:46,  1.47s/it] 13%|█▎        | 6504/50005 [2:53:55<17:42:42,  1.47s/it] 13%|█▎        | 6505/50005 [2:53:56<17:40:06,  1.46s/it] 13%|█▎        | 6506/50005 [2:53:58<17:40:38,  1.46s/it] 13%|█▎        | 6507/50005 [2:53:59<17:41:18,  1.46s/it] 13%|█▎        | 6508/50005 [2:54:01<17:41:55,  1.46s/it] 13%|█▎        | 6509/50005 [2:54:02<17:40:13,  1.46s/it] 13%|█▎        | 6510/50005 [2:54:04<17:38:54,  1.46s/it] 13%|█▎        | 6511/50005 [2:54:05<17:38:30,  1.46s/it] 13%|█▎        | 6512/50005 [2:54:07<17:39:29,  1.46s/it] 13%|█▎        | 6513/50005 [2:54:08<17:41:06,  1.46s/it] 13%|█▎        | 6514/50005 [2:54:10<17:41:31,  1.46s/it] 13%|█▎        | 6515/50005 [2:54:11<17:41:23,  1.46s/it] 13%|█▎        | 6516/50005 [2:54:12<17:41:49,  1.46s/it] 13%|█▎        | 6517/50005 [2:54:14<17:39:15,  1.46s/it] 13%|█▎        | 6518/50005 [2:54:15<17:40:48,  1.46s/it] 13%|█▎        | 6519/50005 [2:54:17<17:39:26,  1.46s/it] 13%|█▎        | 6520/50005 [2:54:18<17:40:21,  1.46s/it] 13%|█▎        | 6521/50005 [2:54:20<17:40:55,  1.46s/it] 13%|█▎        | 6522/50005 [2:54:21<17:40:31,  1.46s/it] 13%|█▎        | 6523/50005 [2:54:23<17:41:01,  1.46s/it] 13%|█▎        | 6524/50005 [2:54:24<17:41:03,  1.46s/it] 13%|█▎        | 6525/50005 [2:54:26<17:38:20,  1.46s/it] 13%|█▎        | 6526/50005 [2:54:27<17:38:31,  1.46s/it] 13%|█▎        | 6527/50005 [2:54:29<17:39:09,  1.46s/it] 13%|█▎        | 6528/50005 [2:54:30<17:39:57,  1.46s/it] 13%|█▎        | 6529/50005 [2:54:31<17:38:53,  1.46s/it] 13%|█▎        | 6530/50005 [2:54:33<17:38:23,  1.46s/it] 13%|█▎        | 6531/50005 [2:54:34<17:39:32,  1.46s/it] 13%|█▎        | 6532/50005 [2:54:36<17:39:47,  1.46s/it] 13%|█▎        | 6533/50005 [2:54:37<17:38:59,  1.46s/it] 13%|█▎        | 6534/50005 [2:54:39<17:37:51,  1.46s/it] 13%|█▎        | 6535/50005 [2:54:40<17:39:37,  1.46s/it] 13%|█▎        | 6536/50005 [2:54:42<17:39:36,  1.46s/it] 13%|█▎        | 6537/50005 [2:54:43<17:37:54,  1.46s/it] 13%|█▎        | 6538/50005 [2:54:45<17:38:27,  1.46s/it] 13%|█▎        | 6539/50005 [2:54:46<17:39:19,  1.46s/it] 13%|█▎        | 6540/50005 [2:54:48<17:38:27,  1.46s/it] 13%|█▎        | 6541/50005 [2:54:49<17:38:50,  1.46s/it] 13%|█▎        | 6542/50005 [2:54:50<17:39:17,  1.46s/it] 13%|█▎        | 6543/50005 [2:54:52<17:40:12,  1.46s/it] 13%|█▎        | 6544/50005 [2:54:53<17:38:36,  1.46s/it] 13%|█▎        | 6545/50005 [2:54:55<17:36:52,  1.46s/it] 13%|█▎        | 6546/50005 [2:54:56<17:37:46,  1.46s/it] 13%|█▎        | 6547/50005 [2:54:58<17:35:52,  1.46s/it] 13%|█▎        | 6548/50005 [2:54:59<17:38:01,  1.46s/it] 13%|█▎        | 6549/50005 [2:55:01<17:36:32,  1.46s/it] 13%|█▎        | 6550/50005 [2:55:02<17:35:40,  1.46s/it] 13%|█▎        | 6551/50005 [2:55:04<17:37:27,  1.46s/it] 13%|█▎        | 6552/50005 [2:55:05<17:37:08,  1.46s/it] 13%|█▎        | 6553/50005 [2:55:07<17:38:01,  1.46s/it] 13%|█▎        | 6554/50005 [2:55:08<17:38:40,  1.46s/it] 13%|█▎        | 6555/50005 [2:55:09<17:39:45,  1.46s/it] 13%|█▎        | 6556/50005 [2:55:11<17:40:15,  1.46s/it] 13%|█▎        | 6557/50005 [2:55:12<17:38:45,  1.46s/it] 13%|█▎        | 6558/50005 [2:55:14<17:37:00,  1.46s/it] 13%|█▎        | 6559/50005 [2:55:15<17:38:26,  1.46s/it] 13%|█▎        | 6560/50005 [2:55:17<17:39:07,  1.46s/it] 13%|█▎        | 6561/50005 [2:55:18<17:37:06,  1.46s/it] 13%|█▎        | 6562/50005 [2:55:20<17:36:18,  1.46s/it] 13%|█▎        | 6563/50005 [2:55:21<17:37:05,  1.46s/it] 13%|█▎        | 6564/50005 [2:55:23<17:38:24,  1.46s/it] 13%|█▎        | 6565/50005 [2:55:24<17:36:44,  1.46s/it] 13%|█▎        | 6566/50005 [2:55:25<17:36:36,  1.46s/it] 13%|█▎        | 6567/50005 [2:55:27<17:35:37,  1.46s/it] 13%|█▎        | 6568/50005 [2:55:28<17:34:32,  1.46s/it] 13%|█▎        | 6569/50005 [2:55:30<17:35:29,  1.46s/it] 13%|█▎        | 6570/50005 [2:55:31<17:36:49,  1.46s/it] 13%|█▎        | 6571/50005 [2:55:33<17:38:00,  1.46s/it] 13%|█▎        | 6572/50005 [2:55:34<17:37:44,  1.46s/it] 13%|█▎        | 6573/50005 [2:55:36<17:38:42,  1.46s/it] 13%|█▎        | 6574/50005 [2:55:37<17:38:58,  1.46s/it] 13%|█▎        | 6575/50005 [2:55:39<17:38:18,  1.46s/it] 13%|█▎        | 6576/50005 [2:55:40<17:38:36,  1.46s/it] 13%|█▎        | 6577/50005 [2:55:42<17:39:09,  1.46s/it] 13%|█▎        | 6578/50005 [2:55:43<17:38:08,  1.46s/it] 13%|█▎        | 6579/50005 [2:55:44<17:36:41,  1.46s/it] 13%|█▎        | 6580/50005 [2:55:46<17:38:06,  1.46s/it] 13%|█▎        | 6581/50005 [2:55:47<17:38:51,  1.46s/it] 13%|█▎        | 6582/50005 [2:55:49<17:39:06,  1.46s/it] 13%|█▎        | 6583/50005 [2:55:50<17:36:46,  1.46s/it] 13%|█▎        | 6584/50005 [2:55:52<17:37:47,  1.46s/it] 13%|█▎        | 6585/50005 [2:55:53<17:38:36,  1.46s/it] 13%|█▎        | 6586/50005 [2:55:55<17:36:55,  1.46s/it] 13%|█▎        | 6587/50005 [2:55:56<17:35:29,  1.46s/it] 13%|█▎        | 6588/50005 [2:55:58<17:36:20,  1.46s/it] 13%|█▎        | 6589/50005 [2:55:59<17:34:56,  1.46s/it] 13%|█▎        | 6590/50005 [2:56:01<17:36:24,  1.46s/it] 13%|█▎        | 6591/50005 [2:56:02<17:37:25,  1.46s/it] 13%|█▎        | 6592/50005 [2:56:03<17:36:35,  1.46s/it] 13%|█▎        | 6593/50005 [2:56:05<17:35:18,  1.46s/it] 13%|█▎        | 6594/50005 [2:56:06<17:34:00,  1.46s/it] 13%|█▎        | 6595/50005 [2:56:08<17:35:11,  1.46s/it] 13%|█▎        | 6596/50005 [2:56:09<17:36:42,  1.46s/it] 13%|█▎        | 6597/50005 [2:56:11<17:36:52,  1.46s/it] 13%|█▎        | 6598/50005 [2:56:12<17:37:52,  1.46s/it] 13%|█▎        | 6599/50005 [2:56:14<17:36:59,  1.46s/it] 13%|█▎        | 6600/50005 [2:56:15<17:37:11,  1.46s/it] 13%|█▎        | 6601/50005 [2:56:17<17:37:58,  1.46s/it] 13%|█▎        | 6602/50005 [2:56:18<17:38:53,  1.46s/it] 13%|█▎        | 6603/50005 [2:56:20<17:36:35,  1.46s/it] 13%|█▎        | 6604/50005 [2:56:21<17:35:39,  1.46s/it] 13%|█▎        | 6605/50005 [2:56:22<17:35:02,  1.46s/it] 13%|█▎        | 6606/50005 [2:56:24<17:36:26,  1.46s/it] 13%|█▎        | 6607/50005 [2:56:25<17:35:32,  1.46s/it] 13%|█▎        | 6608/50005 [2:56:27<17:34:15,  1.46s/it] 13%|█▎        | 6609/50005 [2:56:28<17:34:26,  1.46s/it] 13%|█▎        | 6610/50005 [2:56:30<17:34:31,  1.46s/it] 13%|█▎        | 6611/50005 [2:56:31<17:33:57,  1.46s/it] 13%|█▎        | 6612/50005 [2:56:33<17:35:37,  1.46s/it] 13%|█▎        | 6613/50005 [2:56:34<17:36:08,  1.46s/it] 13%|█▎        | 6614/50005 [2:56:36<17:36:55,  1.46s/it] 13%|█▎        | 6615/50005 [2:56:37<17:37:09,  1.46s/it] 13%|█▎        | 6616/50005 [2:56:39<17:35:48,  1.46s/it] 13%|█▎        | 6617/50005 [2:56:40<17:37:11,  1.46s/it] 13%|█▎        | 6618/50005 [2:56:41<17:35:59,  1.46s/it] 13%|█▎        | 6619/50005 [2:56:43<17:35:01,  1.46s/it] 13%|█▎        | 6620/50005 [2:56:44<17:34:22,  1.46s/it] 13%|█▎        | 6621/50005 [2:56:46<17:34:56,  1.46s/it] 13%|█▎        | 6622/50005 [2:56:47<17:35:31,  1.46s/it] 13%|█▎        | 6623/50005 [2:56:49<17:36:18,  1.46s/it] 13%|█▎        | 6624/50005 [2:56:50<17:37:22,  1.46s/it] 13%|█▎        | 6625/50005 [2:56:52<17:38:05,  1.46s/it] 13%|█▎        | 6626/50005 [2:56:53<17:35:27,  1.46s/it] 13%|█▎        | 6627/50005 [2:56:55<17:36:27,  1.46s/it] 13%|█▎        | 6628/50005 [2:56:56<17:37:09,  1.46s/it] 13%|█▎        | 6629/50005 [2:56:58<17:34:28,  1.46s/it] 13%|█▎        | 6630/50005 [2:56:59<17:36:04,  1.46s/it] 13%|█▎        | 6631/50005 [2:57:00<17:37:29,  1.46s/it] 13%|█▎        | 6632/50005 [2:57:02<17:37:45,  1.46s/it] 13%|█▎        | 6633/50005 [2:57:03<17:35:55,  1.46s/it] 13%|█▎        | 6634/50005 [2:57:05<17:34:54,  1.46s/it] 13%|█▎        | 6635/50005 [2:57:06<17:35:46,  1.46s/it] 13%|█▎        | 6636/50005 [2:57:08<17:36:40,  1.46s/it] 13%|█▎        | 6637/50005 [2:57:09<17:37:02,  1.46s/it] 13%|█▎        | 6638/50005 [2:57:11<17:37:08,  1.46s/it] 13%|█▎        | 6639/50005 [2:57:12<17:37:09,  1.46s/it] 13%|█▎        | 6640/50005 [2:57:14<17:38:05,  1.46s/it] 13%|█▎        | 6641/50005 [2:57:15<17:38:10,  1.46s/it] 13%|█▎        | 6642/50005 [2:57:17<17:39:04,  1.47s/it] 13%|█▎        | 6643/50005 [2:57:18<17:36:45,  1.46s/it] 13%|█▎        | 6644/50005 [2:57:19<17:35:33,  1.46s/it] 13%|█▎        | 6645/50005 [2:57:21<17:36:19,  1.46s/it] 13%|█▎        | 6646/50005 [2:57:22<17:36:52,  1.46s/it] 13%|█▎        | 6647/50005 [2:57:24<17:38:17,  1.46s/it] 13%|█▎        | 6648/50005 [2:57:25<17:37:24,  1.46s/it] 13%|█▎        | 6649/50005 [2:57:27<17:38:15,  1.46s/it] 13%|█▎        | 6650/50005 [2:57:28<17:38:24,  1.46s/it] 13%|█▎        | 6651/50005 [2:57:30<17:35:56,  1.46s/it] 13%|█▎        | 6652/50005 [2:57:31<17:34:28,  1.46s/it] 13%|█▎        | 6653/50005 [2:57:33<17:32:59,  1.46s/it] 13%|█▎        | 6654/50005 [2:57:34<17:35:13,  1.46s/it] 13%|█▎        | 6655/50005 [2:57:36<17:36:21,  1.46s/it] 13%|█▎        | 6656/50005 [2:57:37<17:37:11,  1.46s/it] 13%|█▎        | 6657/50005 [2:57:38<17:37:47,  1.46s/it] 13%|█▎        | 6658/50005 [2:57:40<17:38:01,  1.46s/it] 13%|█▎        | 6659/50005 [2:57:41<17:36:16,  1.46s/it] 13%|█▎        | 6660/50005 [2:57:43<17:35:05,  1.46s/it] 13%|█▎        | 6661/50005 [2:57:44<17:36:38,  1.46s/it] 13%|█▎        | 6662/50005 [2:57:46<17:36:54,  1.46s/it] 13%|█▎        | 6663/50005 [2:57:47<17:37:18,  1.46s/it] 13%|█▎        | 6664/50005 [2:57:49<17:35:27,  1.46s/it] 13%|█▎        | 6665/50005 [2:57:50<17:36:31,  1.46s/it] 13%|█▎        | 6666/50005 [2:57:52<17:34:54,  1.46s/it] 13%|█▎        | 6667/50005 [2:57:53<17:36:00,  1.46s/it] 13%|█▎        | 6668/50005 [2:57:55<17:35:35,  1.46s/it] 13%|█▎        | 6669/50005 [2:57:56<17:36:52,  1.46s/it] 13%|█▎        | 6670/50005 [2:57:57<17:36:59,  1.46s/it] 13%|█▎        | 6671/50005 [2:57:59<17:37:17,  1.46s/it] 13%|█▎        | 6672/50005 [2:58:00<17:38:09,  1.47s/it] 13%|█▎        | 6673/50005 [2:58:02<17:37:28,  1.46s/it] 13%|█▎        | 6674/50005 [2:58:03<17:38:10,  1.47s/it] 13%|█▎        | 6675/50005 [2:58:05<17:36:13,  1.46s/it] 13%|█▎        | 6676/50005 [2:58:06<17:37:19,  1.46s/it] 13%|█▎        | 6677/50005 [2:58:08<17:35:30,  1.46s/it] 13%|█▎        | 6678/50005 [2:58:09<17:37:01,  1.46s/it] 13%|█▎        | 6679/50005 [2:58:11<17:35:08,  1.46s/it] 13%|█▎        | 6680/50005 [2:58:12<17:33:09,  1.46s/it] 13%|█▎        | 6681/50005 [2:58:14<17:33:33,  1.46s/it] 13%|█▎        | 6682/50005 [2:58:15<17:35:01,  1.46s/it] 13%|█▎        | 6683/50005 [2:58:16<17:36:16,  1.46s/it] 13%|█▎        | 6684/50005 [2:58:18<17:35:04,  1.46s/it] 13%|█▎        | 6685/50005 [2:58:19<17:36:29,  1.46s/it] 13%|█▎        | 6686/50005 [2:58:21<17:35:44,  1.46s/it] 13%|█▎        | 6687/50005 [2:58:22<17:34:52,  1.46s/it] 13%|█▎        | 6688/50005 [2:58:24<17:34:41,  1.46s/it] 13%|█▎        | 6689/50005 [2:58:25<17:36:30,  1.46s/it] 13%|█▎        | 6690/50005 [2:58:27<17:37:16,  1.46s/it] 13%|█▎        | 6691/50005 [2:58:28<17:36:05,  1.46s/it] 13%|█▎        | 6692/50005 [2:58:30<17:35:12,  1.46s/it] 13%|█▎        | 6693/50005 [2:58:31<17:35:57,  1.46s/it] 13%|█▎        | 6694/50005 [2:58:33<17:35:00,  1.46s/it] 13%|█▎        | 6695/50005 [2:58:34<17:35:35,  1.46s/it] 13%|█▎        | 6696/50005 [2:58:36<17:37:24,  1.46s/it] 13%|█▎        | 6697/50005 [2:58:37<17:36:42,  1.46s/it] 13%|█▎        | 6698/50005 [2:58:38<17:37:56,  1.47s/it] 13%|█▎        | 6699/50005 [2:58:40<17:36:35,  1.46s/it] 13%|█▎        | 6700/50005 [2:58:41<17:36:53,  1.46s/it] 13%|█▎        | 6701/50005 [2:58:43<17:35:29,  1.46s/it] 13%|█▎        | 6702/50005 [2:58:44<17:35:17,  1.46s/it] 13%|█▎        | 6703/50005 [2:58:46<17:36:23,  1.46s/it] 13%|█▎        | 6704/50005 [2:58:47<17:37:15,  1.46s/it] 13%|█▎        | 6705/50005 [2:58:49<17:38:42,  1.47s/it] 13%|█▎        | 6706/50005 [2:58:50<17:38:36,  1.47s/it] 13%|█▎        | 6707/50005 [2:58:52<17:34:56,  1.46s/it] 13%|█▎        | 6708/50005 [2:58:53<17:33:16,  1.46s/it] 13%|█▎        | 6709/50005 [2:58:55<17:35:01,  1.46s/it] 13%|█▎        | 6710/50005 [2:58:56<17:36:03,  1.46s/it] 13%|█▎        | 6711/50005 [2:58:57<17:36:34,  1.46s/it] 13%|█▎        | 6712/50005 [2:58:59<17:34:47,  1.46s/it] 13%|█▎        | 6713/50005 [2:59:00<17:33:47,  1.46s/it] 13%|█▎        | 6714/50005 [2:59:02<17:34:53,  1.46s/it] 13%|█▎        | 6715/50005 [2:59:03<17:35:46,  1.46s/it] 13%|█▎        | 6716/50005 [2:59:05<17:36:49,  1.46s/it] 13%|█▎        | 6717/50005 [2:59:06<17:35:20,  1.46s/it] 13%|█▎        | 6718/50005 [2:59:08<17:36:11,  1.46s/it] 13%|█▎        | 6719/50005 [2:59:09<17:36:28,  1.46s/it] 13%|█▎        | 6720/50005 [2:59:11<17:35:32,  1.46s/it] 13%|█▎        | 6721/50005 [2:59:12<17:34:14,  1.46s/it] 13%|█▎        | 6722/50005 [2:59:14<17:33:42,  1.46s/it] 13%|█▎        | 6723/50005 [2:59:15<17:32:53,  1.46s/it] 13%|█▎        | 6724/50005 [2:59:16<17:33:02,  1.46s/it] 13%|█▎        | 6725/50005 [2:59:18<17:34:50,  1.46s/it] 13%|█▎        | 6726/50005 [2:59:19<17:35:21,  1.46s/it] 13%|█▎        | 6727/50005 [2:59:21<17:32:51,  1.46s/it] 13%|█▎        | 6728/50005 [2:59:22<17:34:11,  1.46s/it] 13%|█▎        | 6729/50005 [2:59:24<17:30:27,  1.46s/it] 13%|█▎        | 6730/50005 [2:59:25<17:33:19,  1.46s/it] 13%|█▎        | 6731/50005 [2:59:27<17:34:40,  1.46s/it] 13%|█▎        | 6732/50005 [2:59:28<17:32:28,  1.46s/it] 13%|█▎        | 6733/50005 [2:59:30<17:31:44,  1.46s/it] 13%|█▎        | 6734/50005 [2:59:31<17:30:37,  1.46s/it] 13%|█▎        | 6735/50005 [2:59:33<17:31:45,  1.46s/it] 13%|█▎        | 6736/50005 [2:59:34<17:30:02,  1.46s/it] 13%|█▎        | 6737/50005 [2:59:35<17:29:44,  1.46s/it] 13%|█▎        | 6738/50005 [2:59:37<17:29:52,  1.46s/it] 13%|█▎        | 6739/50005 [2:59:38<17:29:50,  1.46s/it] 13%|█▎        | 6740/50005 [2:59:40<17:32:46,  1.46s/it] 13%|█▎        | 6741/50005 [2:59:41<17:34:08,  1.46s/it] 13%|█▎        | 6742/50005 [2:59:43<17:34:50,  1.46s/it] 13%|█▎        | 6743/50005 [2:59:44<17:33:41,  1.46s/it] 13%|█▎        | 6744/50005 [2:59:46<17:35:36,  1.46s/it] 13%|█▎        | 6745/50005 [2:59:47<17:35:59,  1.46s/it] 13%|█▎        | 6746/50005 [2:59:49<17:37:18,  1.47s/it] 13%|█▎        | 6747/50005 [2:59:50<17:37:14,  1.47s/it] 13%|█▎        | 6748/50005 [2:59:52<17:34:48,  1.46s/it] 13%|█▎        | 6749/50005 [2:59:53<17:33:51,  1.46s/it] 13%|█▎        | 6750/50005 [2:59:54<17:31:41,  1.46s/it] 14%|█▎        | 6751/50005 [2:59:56<17:32:05,  1.46s/it] 14%|█▎        | 6752/50005 [2:59:57<17:34:09,  1.46s/it] 14%|█▎        | 6753/50005 [2:59:59<17:34:16,  1.46s/it] 14%|█▎        | 6754/50005 [3:00:00<17:33:34,  1.46s/it] 14%|█▎        | 6755/50005 [3:00:02<17:32:34,  1.46s/it] 14%|█▎        | 6756/50005 [3:00:03<17:34:07,  1.46s/it] 14%|█▎        | 6757/50005 [3:00:05<17:34:47,  1.46s/it] 14%|█▎        | 6758/50005 [3:00:06<17:35:38,  1.46s/it] 14%|█▎        | 6759/50005 [3:00:08<17:34:53,  1.46s/it] 14%|█▎        | 6760/50005 [3:00:09<17:35:08,  1.46s/it] 14%|█▎        | 6761/50005 [3:00:11<17:33:27,  1.46s/it] 14%|█▎        | 6762/50005 [3:00:12<17:35:47,  1.46s/it] 14%|█▎        | 6763/50005 [3:00:13<17:36:58,  1.47s/it] 14%|█▎        | 6764/50005 [3:00:15<17:37:50,  1.47s/it] 14%|█▎        | 6765/50005 [3:00:16<17:37:13,  1.47s/it] 14%|█▎        | 6766/50005 [3:00:18<17:37:28,  1.47s/it] 14%|█▎        | 6767/50005 [3:00:19<17:36:46,  1.47s/it] 14%|█▎        | 6768/50005 [3:00:21<17:36:22,  1.47s/it] 14%|█▎        | 6769/50005 [3:00:22<17:34:52,  1.46s/it] 14%|█▎        | 6770/50005 [3:00:24<17:35:14,  1.46s/it] 14%|█▎        | 6771/50005 [3:00:25<17:32:41,  1.46s/it] 14%|█▎        | 6772/50005 [3:00:27<17:31:45,  1.46s/it] 14%|█▎        | 6773/50005 [3:00:28<17:32:55,  1.46s/it] 14%|█▎        | 6774/50005 [3:00:30<17:33:55,  1.46s/it] 14%|█▎        | 6775/50005 [3:00:31<17:33:10,  1.46s/it] 14%|█▎        | 6776/50005 [3:00:32<17:32:09,  1.46s/it] 14%|█▎        | 6777/50005 [3:00:34<17:33:34,  1.46s/it] 14%|█▎        | 6778/50005 [3:00:35<17:30:55,  1.46s/it] 14%|█▎        | 6779/50005 [3:00:37<17:32:24,  1.46s/it] 14%|█▎        | 6780/50005 [3:00:38<17:31:51,  1.46s/it] 14%|█▎        | 6781/50005 [3:00:40<17:32:25,  1.46s/it] 14%|█▎        | 6782/50005 [3:00:41<17:34:10,  1.46s/it] 14%|█▎        | 6783/50005 [3:00:43<17:33:58,  1.46s/it] 14%|█▎        | 6784/50005 [3:00:44<17:34:16,  1.46s/it] 14%|█▎        | 6785/50005 [3:00:46<17:33:53,  1.46s/it] 14%|█▎        | 6786/50005 [3:00:47<17:35:04,  1.46s/it] 14%|█▎        | 6787/50005 [3:00:49<17:34:48,  1.46s/it] 14%|█▎        | 6788/50005 [3:00:50<17:32:45,  1.46s/it] 14%|█▎        | 6789/50005 [3:00:51<17:33:33,  1.46s/it] 14%|█▎        | 6790/50005 [3:00:53<17:30:10,  1.46s/it] 14%|█▎        | 6791/50005 [3:00:54<17:31:57,  1.46s/it] 14%|█▎        | 6792/50005 [3:00:56<17:33:14,  1.46s/it] 14%|█▎        | 6793/50005 [3:00:57<17:34:12,  1.46s/it] 14%|█▎        | 6794/50005 [3:00:59<17:32:48,  1.46s/it] 14%|█▎        | 6795/50005 [3:01:00<17:32:01,  1.46s/it] 14%|█▎        | 6796/50005 [3:01:02<17:31:43,  1.46s/it] 14%|█▎        | 6797/50005 [3:01:03<17:31:19,  1.46s/it] 14%|█▎        | 6798/50005 [3:01:05<17:31:38,  1.46s/it] 14%|█▎        | 6799/50005 [3:01:06<17:31:09,  1.46s/it] 14%|█▎        | 6800/50005 [3:01:08<17:33:12,  1.46s/it] 14%|█▎        | 6801/50005 [3:01:09<17:34:22,  1.46s/it]
Validation:   0%|          | 0/100 [00:00<?, ?it/s][A
Validation:   1%|          | 1/100 [00:00<01:37,  1.01it/s][A
Validation:   2%|▏         | 2/100 [00:01<01:16,  1.29it/s][A
Validation:   3%|▎         | 3/100 [00:02<01:08,  1.41it/s][A
Validation:   4%|▍         | 4/100 [00:02<01:04,  1.48it/s][A
Validation:   5%|▌         | 5/100 [00:03<01:02,  1.52it/s][A
Validation:   6%|▌         | 6/100 [00:04<01:00,  1.55it/s][A
Validation:   7%|▋         | 7/100 [00:04<00:59,  1.57it/s][A
Validation:   8%|▊         | 8/100 [00:05<00:58,  1.58it/s][A
Validation:   9%|▉         | 9/100 [00:05<00:57,  1.59it/s][A
Validation:  10%|█         | 10/100 [00:06<00:56,  1.59it/s][A
Validation:  11%|█         | 11/100 [00:07<00:55,  1.60it/s][A
Validation:  12%|█▏        | 12/100 [00:07<00:54,  1.60it/s][A
Validation:  13%|█▎        | 13/100 [00:08<00:54,  1.60it/s][A
Validation:  14%|█▍        | 14/100 [00:09<00:53,  1.60it/s][A
Validation:  15%|█▌        | 15/100 [00:09<00:53,  1.60it/s][A
Validation:  16%|█▌        | 16/100 [00:10<00:52,  1.61it/s][A
Validation:  17%|█▋        | 17/100 [00:10<00:51,  1.60it/s][A
Validation:  18%|█▊        | 18/100 [00:11<00:51,  1.60it/s][A
Validation:  19%|█▉        | 19/100 [00:12<00:50,  1.60it/s][A
Validation:  20%|██        | 20/100 [00:12<00:49,  1.60it/s][A
Validation:  21%|██        | 21/100 [00:13<00:49,  1.60it/s][A
Validation:  22%|██▏       | 22/100 [00:14<00:48,  1.61it/s][A
Validation:  23%|██▎       | 23/100 [00:14<00:47,  1.61it/s][A
Validation:  24%|██▍       | 24/100 [00:15<00:47,  1.61it/s][A
Validation:  25%|██▌       | 25/100 [00:15<00:46,  1.61it/s][A
Validation:  26%|██▌       | 26/100 [00:16<00:45,  1.61it/s][A
Validation:  27%|██▋       | 27/100 [00:17<00:45,  1.61it/s][A
Validation:  28%|██▊       | 28/100 [00:17<00:44,  1.61it/s][A
Validation:  29%|██▉       | 29/100 [00:18<00:44,  1.61it/s][A
Validation:  30%|███       | 30/100 [00:19<00:43,  1.61it/s][A
Validation:  31%|███       | 31/100 [00:19<00:42,  1.61it/s][A
Validation:  32%|███▏      | 32/100 [00:20<00:42,  1.61it/s][A
Validation:  33%|███▎      | 33/100 [00:20<00:41,  1.61it/s][A
Validation:  34%|███▍      | 34/100 [00:21<00:40,  1.61it/s][A
Validation:  35%|███▌      | 35/100 [00:22<00:40,  1.61it/s][A
Validation:  36%|███▌      | 36/100 [00:22<00:39,  1.61it/s][A
Validation:  37%|███▋      | 37/100 [00:23<00:39,  1.61it/s][A
Validation:  38%|███▊      | 38/100 [00:24<00:38,  1.61it/s][A
Validation:  39%|███▉      | 39/100 [00:24<00:37,  1.61it/s][A
Validation:  40%|████      | 40/100 [00:25<00:37,  1.61it/s][A
Validation:  41%|████      | 41/100 [00:25<00:36,  1.61it/s][A
Validation:  42%|████▏     | 42/100 [00:26<00:36,  1.61it/s][A
Validation:  43%|████▎     | 43/100 [00:27<00:35,  1.61it/s][A
Validation:  44%|████▍     | 44/100 [00:27<00:34,  1.61it/s][A
Validation:  45%|████▌     | 45/100 [00:28<00:34,  1.61it/s][A
Validation:  46%|████▌     | 46/100 [00:28<00:33,  1.61it/s][A
Validation:  47%|████▋     | 47/100 [00:29<00:32,  1.61it/s][A
Validation:  48%|████▊     | 48/100 [00:30<00:32,  1.61it/s][A
Validation:  49%|████▉     | 49/100 [00:30<00:31,  1.61it/s][A
Validation:  50%|█████     | 50/100 [00:31<00:31,  1.61it/s][A
Validation:  51%|█████     | 51/100 [00:32<00:30,  1.61it/s][A
Validation:  52%|█████▏    | 52/100 [00:32<00:29,  1.61it/s][A
Validation:  53%|█████▎    | 53/100 [00:33<00:29,  1.62it/s][A
Validation:  54%|█████▍    | 54/100 [00:33<00:28,  1.61it/s][A
Validation:  55%|█████▌    | 55/100 [00:34<00:27,  1.61it/s][A
Validation:  56%|█████▌    | 56/100 [00:35<00:27,  1.61it/s][A
Validation:  57%|█████▋    | 57/100 [00:35<00:26,  1.61it/s][A
Validation:  58%|█████▊    | 58/100 [00:36<00:26,  1.61it/s][A
Validation:  59%|█████▉    | 59/100 [00:37<00:25,  1.61it/s][A
Validation:  60%|██████    | 60/100 [00:37<00:24,  1.61it/s][A
Validation:  61%|██████    | 61/100 [00:38<00:24,  1.61it/s][A
Validation:  62%|██████▏   | 62/100 [00:38<00:23,  1.61it/s][A
Validation:  63%|██████▎   | 63/100 [00:39<00:23,  1.61it/s][A
Validation:  64%|██████▍   | 64/100 [00:40<00:22,  1.61it/s][A
Validation:  65%|██████▌   | 65/100 [00:40<00:21,  1.61it/s][A
Validation:  66%|██████▌   | 66/100 [00:41<00:21,  1.61it/s][A
Validation:  67%|██████▋   | 67/100 [00:42<00:20,  1.61it/s][A
Validation:  68%|██████▊   | 68/100 [00:42<00:19,  1.61it/s][A
Validation:  69%|██████▉   | 69/100 [00:43<00:19,  1.61it/s][A
Validation:  70%|███████   | 70/100 [00:43<00:18,  1.61it/s][A
Validation:  71%|███████   | 71/100 [00:44<00:18,  1.61it/s][A
Validation:  72%|███████▏  | 72/100 [00:45<00:17,  1.61it/s][A
Validation:  73%|███████▎  | 73/100 [00:45<00:16,  1.61it/s][A
Validation:  74%|███████▍  | 74/100 [00:46<00:16,  1.61it/s][A
Validation:  75%|███████▌  | 75/100 [00:46<00:15,  1.61it/s][A
Validation:  76%|███████▌  | 76/100 [00:47<00:14,  1.61it/s][A
Validation:  77%|███████▋  | 77/100 [00:48<00:14,  1.61it/s][A
Validation:  78%|███████▊  | 78/100 [00:48<00:13,  1.61it/s][A
Validation:  79%|███████▉  | 79/100 [00:49<00:13,  1.61it/s][A
Validation:  80%|████████  | 80/100 [00:50<00:12,  1.61it/s][A
Validation:  81%|████████  | 81/100 [00:50<00:11,  1.61it/s][A
Validation:  82%|████████▏ | 82/100 [00:51<00:11,  1.61it/s][A
Validation:  83%|████████▎ | 83/100 [00:51<00:10,  1.61it/s][A
Validation:  84%|████████▍ | 84/100 [00:52<00:09,  1.61it/s][A
Validation:  85%|████████▌ | 85/100 [00:53<00:09,  1.61it/s][A
Validation:  86%|████████▌ | 86/100 [00:53<00:08,  1.61it/s][A
Validation:  87%|████████▋ | 87/100 [00:54<00:08,  1.61it/s][A
Validation:  88%|████████▊ | 88/100 [00:55<00:07,  1.61it/s][A
Validation:  89%|████████▉ | 89/100 [00:55<00:06,  1.61it/s][A
Validation:  90%|█████████ | 90/100 [00:56<00:06,  1.61it/s][A
Validation:  91%|█████████ | 91/100 [00:56<00:05,  1.61it/s][A
Validation:  92%|█████████▏| 92/100 [00:57<00:04,  1.61it/s][A
Validation:  93%|█████████▎| 93/100 [00:58<00:04,  1.61it/s][A
Validation:  94%|█████████▍| 94/100 [00:58<00:03,  1.61it/s][A
Validation:  95%|█████████▌| 95/100 [00:59<00:03,  1.61it/s][A
Validation:  96%|█████████▌| 96/100 [01:00<00:02,  1.61it/s][A
Validation:  97%|█████████▋| 97/100 [01:00<00:01,  1.61it/s][A
Validation:  98%|█████████▊| 98/100 [01:01<00:01,  1.61it/s][A
Validation:  99%|█████████▉| 99/100 [01:01<00:00,  1.61it/s][A
Validation: 100%|██████████| 100/100 [01:02<00:00,  1.61it/s][A
                                                             [A 14%|█▎        | 6802/50005 [3:02:13<242:52:25, 20.24s/it] 14%|█▎        | 6803/50005 [3:02:15<175:18:59, 14.61s/it] 14%|█▎        | 6804/50005 [3:02:16<127:59:21, 10.67s/it] 14%|█▎        | 6805/50005 [3:02:17<94:49:42,  7.90s/it]  14%|█▎        | 6806/50005 [3:02:19<71:40:07,  5.97s/it] 14%|█▎        | 6807/50005 [3:02:20<55:24:51,  4.62s/it] 14%|█▎        | 6808/50005 [3:02:22<44:04:19,  3.67s/it] 14%|█▎        | 6809/50005 [3:02:23<36:05:00,  3.01s/it] 14%|█▎        | 6810/50005 [3:02:25<30:29:59,  2.54s/it] 14%|█▎        | 6811/50005 [3:02:26<26:35:26,  2.22s/it] 14%|█▎        | 6812/50005 [3:02:28<23:52:46,  1.99s/it] 14%|█▎        | 6813/50005 [3:02:29<21:59:02,  1.83s/it] 14%|█▎        | 6814/50005 [3:02:31<20:40:08,  1.72s/it] 14%|█▎        | 6815/50005 [3:02:32<19:43:26,  1.64s/it] 14%|█▎        | 6816/50005 [3:02:34<19:03:24,  1.59s/it] 14%|█▎        | 6817/50005 [3:02:35<18:36:54,  1.55s/it] 14%|█▎        | 6818/50005 [3:02:36<18:18:40,  1.53s/it] 14%|█▎        | 6819/50005 [3:02:38<18:04:50,  1.51s/it] 14%|█▎        | 6820/50005 [3:02:39<17:56:14,  1.50s/it] 14%|█▎        | 6821/50005 [3:02:41<17:47:51,  1.48s/it] 14%|█▎        | 6822/50005 [3:02:42<17:44:12,  1.48s/it] 14%|█▎        | 6823/50005 [3:02:44<17:41:01,  1.47s/it] 14%|█▎        | 6824/50005 [3:02:45<17:39:53,  1.47s/it] 14%|█▎        | 6825/50005 [3:02:47<17:36:22,  1.47s/it] 14%|█▎        | 6826/50005 [3:02:48<17:33:57,  1.46s/it] 14%|█▎        | 6827/50005 [3:02:50<17:33:48,  1.46s/it] 14%|█▎        | 6828/50005 [3:02:51<17:32:19,  1.46s/it] 14%|█▎        | 6829/50005 [3:02:53<17:30:47,  1.46s/it] 14%|█▎        | 6830/50005 [3:02:54<17:31:57,  1.46s/it] 14%|█▎        | 6831/50005 [3:02:55<17:30:43,  1.46s/it] 14%|█▎        | 6832/50005 [3:02:57<17:32:01,  1.46s/it] 14%|█▎        | 6833/50005 [3:02:58<17:32:47,  1.46s/it] 14%|█▎        | 6834/50005 [3:03:00<17:32:44,  1.46s/it] 14%|█▎        | 6835/50005 [3:03:01<17:33:25,  1.46s/it] 14%|█▎        | 6836/50005 [3:03:03<17:34:12,  1.47s/it] 14%|█▎        | 6837/50005 [3:03:04<17:32:51,  1.46s/it] 14%|█▎        | 6838/50005 [3:03:06<17:32:39,  1.46s/it] 14%|█▎        | 6839/50005 [3:03:07<17:30:59,  1.46s/it] 14%|█▎        | 6840/50005 [3:03:09<17:32:07,  1.46s/it] 14%|█▎        | 6841/50005 [3:03:10<17:31:00,  1.46s/it] 14%|█▎        | 6842/50005 [3:03:12<17:30:02,  1.46s/it] 14%|█▎        | 6843/50005 [3:03:13<17:29:04,  1.46s/it] 14%|█▎        | 6844/50005 [3:03:14<17:28:18,  1.46s/it] 14%|█▎        | 6845/50005 [3:03:16<17:27:22,  1.46s/it] 14%|█▎        | 6846/50005 [3:03:17<17:27:01,  1.46s/it] 14%|█▎        | 6847/50005 [3:03:19<17:28:55,  1.46s/it] 14%|█▎        | 6848/50005 [3:03:20<17:30:52,  1.46s/it] 14%|█▎        | 6849/50005 [3:03:22<17:33:02,  1.46s/it] 14%|█▎        | 6850/50005 [3:03:23<17:32:58,  1.46s/it] 14%|█▎        | 6851/50005 [3:03:25<17:32:37,  1.46s/it] 14%|█▎        | 6852/50005 [3:03:26<17:32:51,  1.46s/it] 14%|█▎        | 6853/50005 [3:03:28<17:31:58,  1.46s/it] 14%|█▎        | 6854/50005 [3:03:29<17:33:54,  1.47s/it] 14%|█▎        | 6855/50005 [3:03:31<17:33:16,  1.46s/it] 14%|█▎        | 6856/50005 [3:03:32<17:32:38,  1.46s/it] 14%|█▎        | 6857/50005 [3:03:34<17:34:25,  1.47s/it] 14%|█▎        | 6858/50005 [3:03:35<17:35:34,  1.47s/it] 14%|█▎        | 6859/50005 [3:03:36<17:33:11,  1.46s/it] 14%|█▎        | 6860/50005 [3:03:38<17:32:14,  1.46s/it] 14%|█▎        | 6861/50005 [3:03:39<17:33:51,  1.47s/it] 14%|█▎        | 6862/50005 [3:03:41<17:31:00,  1.46s/it] 14%|█▎        | 6863/50005 [3:03:42<17:32:37,  1.46s/it] 14%|█▎        | 6864/50005 [3:03:44<17:32:06,  1.46s/it] 14%|█▎        | 6865/50005 [3:03:45<17:31:32,  1.46s/it] 14%|█▎        | 6866/50005 [3:03:47<17:31:58,  1.46s/it] 14%|█▎        | 6867/50005 [3:03:48<17:31:24,  1.46s/it] 14%|█▎        | 6868/50005 [3:03:50<17:31:41,  1.46s/it] 14%|█▎        | 6869/50005 [3:03:51<17:31:54,  1.46s/it] 14%|█▎        | 6870/50005 [3:03:53<17:27:58,  1.46s/it] 14%|█▎        | 6871/50005 [3:03:54<17:28:26,  1.46s/it] 14%|█▎        | 6872/50005 [3:03:55<17:27:23,  1.46s/it] 14%|█▎        | 6873/50005 [3:03:57<17:26:38,  1.46s/it] 14%|█▎        | 6874/50005 [3:03:58<17:29:15,  1.46s/it] 14%|█▎        | 6875/50005 [3:04:00<17:30:29,  1.46s/it] 14%|█▍        | 6876/50005 [3:04:01<17:31:50,  1.46s/it] 14%|█▍        | 6877/50005 [3:04:03<17:30:42,  1.46s/it] 14%|█▍        | 6878/50005 [3:04:04<17:31:36,  1.46s/it] 14%|█▍        | 6879/50005 [3:04:06<17:32:22,  1.46s/it] 14%|█▍        | 6880/50005 [3:04:07<17:34:11,  1.47s/it] 14%|█▍        | 6881/50005 [3:04:09<17:34:14,  1.47s/it] 14%|█▍        | 6882/50005 [3:04:10<17:35:12,  1.47s/it] 14%|█▍        | 6883/50005 [3:04:12<17:35:12,  1.47s/it] 14%|█▍        | 6884/50005 [3:04:13<17:34:38,  1.47s/it] 14%|█▍        | 6885/50005 [3:04:14<17:32:21,  1.46s/it] 14%|█▍        | 6886/50005 [3:04:16<17:33:02,  1.47s/it] 14%|█▍        | 6887/50005 [3:04:17<17:32:58,  1.47s/it] 14%|█▍        | 6888/50005 [3:04:19<17:31:11,  1.46s/it] 14%|█▍        | 6889/50005 [3:04:20<17:31:41,  1.46s/it] 14%|█▍        | 6890/50005 [3:04:22<17:31:28,  1.46s/it] 14%|█▍        | 6891/50005 [3:04:23<17:32:15,  1.46s/it] 14%|█▍        | 6892/50005 [3:04:25<17:29:19,  1.46s/it] 14%|█▍        | 6893/50005 [3:04:26<17:29:44,  1.46s/it] 14%|█▍        | 6894/50005 [3:04:28<17:29:37,  1.46s/it] 14%|█▍        | 6895/50005 [3:04:29<17:30:18,  1.46s/it] 14%|█▍        | 6896/50005 [3:04:31<17:31:52,  1.46s/it] 14%|█▍        | 6897/50005 [3:04:32<17:32:58,  1.47s/it] 14%|█▍        | 6898/50005 [3:04:33<17:34:21,  1.47s/it] 14%|█▍        | 6899/50005 [3:04:35<17:32:35,  1.47s/it] 14%|█▍        | 6900/50005 [3:04:36<17:31:58,  1.46s/it] 14%|█▍        | 6901/50005 [3:04:38<17:33:32,  1.47s/it] 14%|█▍        | 6902/50005 [3:04:39<17:32:42,  1.47s/it] 14%|█▍        | 6903/50005 [3:04:41<17:32:51,  1.47s/it] 14%|█▍        | 6904/50005 [3:04:42<17:32:18,  1.46s/it] 14%|█▍        | 6905/50005 [3:04:44<17:32:50,  1.47s/it] 14%|█▍        | 6906/50005 [3:04:45<17:33:31,  1.47s/it] 14%|█▍        | 6907/50005 [3:04:47<17:34:31,  1.47s/it] 14%|█▍        | 6908/50005 [3:04:48<17:32:59,  1.47s/it] 14%|█▍        | 6909/50005 [3:04:50<17:32:55,  1.47s/it] 14%|█▍        | 6910/50005 [3:04:51<17:31:52,  1.46s/it] 14%|█▍        | 6911/50005 [3:04:53<17:32:17,  1.47s/it] 14%|█▍        | 6912/50005 [3:04:54<17:32:31,  1.47s/it] 14%|█▍        | 6913/50005 [3:04:55<17:32:16,  1.47s/it] 14%|█▍        | 6914/50005 [3:04:57<17:29:59,  1.46s/it] 14%|█▍        | 6915/50005 [3:04:58<17:30:52,  1.46s/it] 14%|█▍        | 6916/50005 [3:05:00<17:31:09,  1.46s/it] 14%|█▍        | 6917/50005 [3:05:01<17:31:19,  1.46s/it] 14%|█▍        | 6918/50005 [3:05:03<17:28:36,  1.46s/it] 14%|█▍        | 6919/50005 [3:05:04<17:30:03,  1.46s/it] 14%|█▍        | 6920/50005 [3:05:06<17:31:19,  1.46s/it] 14%|█▍        | 6921/50005 [3:05:07<17:31:22,  1.46s/it] 14%|█▍        | 6922/50005 [3:05:09<17:29:26,  1.46s/it] 14%|█▍        | 6923/50005 [3:05:10<17:29:14,  1.46s/it] 14%|█▍        | 6924/50005 [3:05:12<17:29:46,  1.46s/it] 14%|█▍        | 6925/50005 [3:05:13<17:28:33,  1.46s/it] 14%|█▍        | 6926/50005 [3:05:14<17:29:12,  1.46s/it] 14%|█▍        | 6927/50005 [3:05:16<17:29:52,  1.46s/it] 14%|█▍        | 6928/50005 [3:05:17<17:30:11,  1.46s/it] 14%|█▍        | 6929/50005 [3:05:19<17:30:16,  1.46s/it] 14%|█▍        | 6930/50005 [3:05:20<17:30:20,  1.46s/it] 14%|█▍        | 6931/50005 [3:05:22<17:30:49,  1.46s/it] 14%|█▍        | 6932/50005 [3:05:23<17:30:32,  1.46s/it] 14%|█▍        | 6933/50005 [3:05:25<17:30:54,  1.46s/it] 14%|█▍        | 6934/50005 [3:05:26<17:30:36,  1.46s/it] 14%|█▍        | 6935/50005 [3:05:28<17:26:22,  1.46s/it] 14%|█▍        | 6936/50005 [3:05:29<17:28:05,  1.46s/it] 14%|█▍        | 6937/50005 [3:05:31<17:28:28,  1.46s/it] 14%|█▍        | 6938/50005 [3:05:32<17:29:08,  1.46s/it] 14%|█▍        | 6939/50005 [3:05:33<17:28:09,  1.46s/it] 14%|█▍        | 6940/50005 [3:05:35<17:28:34,  1.46s/it] 14%|█▍        | 6941/50005 [3:05:36<17:29:20,  1.46s/it] 14%|█▍        | 6942/50005 [3:05:38<17:29:52,  1.46s/it] 14%|█▍        | 6943/50005 [3:05:39<17:30:03,  1.46s/it] 14%|█▍        | 6944/50005 [3:05:41<17:30:28,  1.46s/it] 14%|█▍        | 6945/50005 [3:05:42<17:29:42,  1.46s/it] 14%|█▍        | 6946/50005 [3:05:44<17:27:39,  1.46s/it] 14%|█▍        | 6947/50005 [3:05:45<17:26:48,  1.46s/it] 14%|█▍        | 6948/50005 [3:05:47<17:25:11,  1.46s/it] 14%|█▍        | 6949/50005 [3:05:48<17:26:49,  1.46s/it] 14%|█▍        | 6950/50005 [3:05:50<17:28:13,  1.46s/it] 14%|█▍        | 6951/50005 [3:05:51<17:26:40,  1.46s/it] 14%|█▍        | 6952/50005 [3:05:52<17:28:11,  1.46s/it] 14%|█▍        | 6953/50005 [3:05:54<17:29:04,  1.46s/it] 14%|█▍        | 6954/50005 [3:05:55<17:29:38,  1.46s/it] 14%|█▍        | 6955/50005 [3:05:57<17:27:45,  1.46s/it] 14%|█▍        | 6956/50005 [3:05:58<17:28:21,  1.46s/it] 14%|█▍        | 6957/50005 [3:06:00<17:28:42,  1.46s/it] 14%|█▍        | 6958/50005 [3:06:01<17:29:07,  1.46s/it] 14%|█▍        | 6959/50005 [3:06:03<17:29:16,  1.46s/it] 14%|█▍        | 6960/50005 [3:06:04<17:28:04,  1.46s/it] 14%|█▍        | 6961/50005 [3:06:06<17:28:07,  1.46s/it] 14%|█▍        | 6962/50005 [3:06:07<17:25:35,  1.46s/it] 14%|█▍        | 6963/50005 [3:06:09<17:27:04,  1.46s/it] 14%|█▍        | 6964/50005 [3:06:10<17:28:16,  1.46s/it] 14%|█▍        | 6965/50005 [3:06:11<17:28:37,  1.46s/it] 14%|█▍        | 6966/50005 [3:06:13<17:27:20,  1.46s/it] 14%|█▍        | 6967/50005 [3:06:14<17:28:15,  1.46s/it] 14%|█▍        | 6968/50005 [3:06:16<17:26:14,  1.46s/it] 14%|█▍        | 6969/50005 [3:06:17<17:27:11,  1.46s/it] 14%|█▍        | 6970/50005 [3:06:19<17:26:31,  1.46s/it] 14%|█▍        | 6971/50005 [3:06:20<17:25:21,  1.46s/it] 14%|█▍        | 6972/50005 [3:06:22<17:24:48,  1.46s/it] 14%|█▍        | 6973/50005 [3:06:23<17:26:35,  1.46s/it] 14%|█▍        | 6974/50005 [3:06:25<17:27:36,  1.46s/it] 14%|█▍        | 6975/50005 [3:06:26<17:28:27,  1.46s/it] 14%|█▍        | 6976/50005 [3:06:28<17:29:37,  1.46s/it] 14%|█▍        | 6977/50005 [3:06:29<17:29:58,  1.46s/it] 14%|█▍        | 6978/50005 [3:06:30<17:29:08,  1.46s/it] 14%|█▍        | 6979/50005 [3:06:32<17:56:15,  1.50s/it] 14%|█▍        | 6980/50005 [3:06:34<17:48:59,  1.49s/it] 14%|█▍        | 6981/50005 [3:06:35<17:43:32,  1.48s/it] 14%|█▍        | 6982/50005 [3:06:36<17:37:13,  1.47s/it] 14%|█▍        | 6983/50005 [3:06:38<17:34:25,  1.47s/it] 14%|█▍        | 6984/50005 [3:06:39<17:33:10,  1.47s/it] 14%|█▍        | 6985/50005 [3:06:41<17:31:52,  1.47s/it] 14%|█▍        | 6986/50005 [3:06:42<17:31:09,  1.47s/it] 14%|█▍        | 6987/50005 [3:06:44<17:30:52,  1.47s/it] 14%|█▍        | 6988/50005 [3:06:45<17:31:53,  1.47s/it] 14%|█▍        | 6989/50005 [3:06:47<17:29:09,  1.46s/it] 14%|█▍        | 6990/50005 [3:06:48<17:29:07,  1.46s/it] 14%|█▍        | 6991/50005 [3:06:50<17:29:26,  1.46s/it] 14%|█▍        | 6992/50005 [3:06:51<17:29:26,  1.46s/it] 14%|█▍        | 6993/50005 [3:06:53<17:28:00,  1.46s/it] 14%|█▍        | 6994/50005 [3:06:54<17:27:39,  1.46s/it] 14%|█▍        | 6995/50005 [3:06:55<17:29:19,  1.46s/it] 14%|█▍        | 6996/50005 [3:06:57<17:27:16,  1.46s/it] 14%|█▍        | 6997/50005 [3:06:58<17:26:11,  1.46s/it] 14%|█▍        | 6998/50005 [3:07:00<17:26:41,  1.46s/it] 14%|█▍        | 6999/50005 [3:07:01<17:27:22,  1.46s/it] 14%|█▍        | 7000/50005 [3:07:03<17:28:19,  1.46s/it] 14%|█▍        | 7001/50005 [3:07:04<17:29:02,  1.46s/it] 14%|█▍        | 7002/50005 [3:07:06<17:29:03,  1.46s/it] 14%|█▍        | 7003/50005 [3:07:07<17:27:10,  1.46s/it] 14%|█▍        | 7004/50005 [3:07:09<17:24:50,  1.46s/it] 14%|█▍        | 7005/50005 [3:07:10<17:26:14,  1.46s/it] 14%|█▍        | 7006/50005 [3:07:12<17:27:19,  1.46s/it] 14%|█▍        | 7007/50005 [3:07:13<17:26:39,  1.46s/it] 14%|█▍        | 7008/50005 [3:07:14<17:27:07,  1.46s/it] 14%|█▍        | 7009/50005 [3:07:16<17:28:10,  1.46s/it] 14%|█▍        | 7010/50005 [3:07:17<17:28:37,  1.46s/it] 14%|█▍        | 7011/50005 [3:07:19<17:27:19,  1.46s/it] 14%|█▍        | 7012/50005 [3:07:20<17:27:44,  1.46s/it] 14%|█▍        | 7013/50005 [3:07:22<17:28:13,  1.46s/it] 14%|█▍        | 7014/50005 [3:07:23<17:28:26,  1.46s/it] 14%|█▍        | 7015/50005 [3:07:25<17:28:43,  1.46s/it] 14%|█▍        | 7016/50005 [3:07:26<17:29:02,  1.46s/it] 14%|█▍        | 7017/50005 [3:07:28<17:29:34,  1.46s/it] 14%|█▍        | 7018/50005 [3:07:29<17:29:36,  1.47s/it] 14%|█▍        | 7019/50005 [3:07:31<17:29:11,  1.46s/it] 14%|█▍        | 7020/50005 [3:07:32<17:28:49,  1.46s/it] 14%|█▍        | 7021/50005 [3:07:33<17:26:20,  1.46s/it] 14%|█▍        | 7022/50005 [3:07:35<17:25:10,  1.46s/it] 14%|█▍        | 7023/50005 [3:07:36<17:26:25,  1.46s/it] 14%|█▍        | 7024/50005 [3:07:38<17:26:59,  1.46s/it] 14%|█▍        | 7025/50005 [3:07:39<17:27:47,  1.46s/it] 14%|█▍        | 7026/50005 [3:07:41<17:26:43,  1.46s/it] 14%|█▍        | 7027/50005 [3:07:42<17:27:48,  1.46s/it] 14%|█▍        | 7028/50005 [3:07:44<17:28:18,  1.46s/it] 14%|█▍        | 7029/50005 [3:07:45<17:29:34,  1.47s/it] 14%|█▍        | 7030/50005 [3:07:47<17:28:55,  1.46s/it] 14%|█▍        | 7031/50005 [3:07:48<17:29:23,  1.47s/it] 14%|█▍        | 7032/50005 [3:07:50<17:29:04,  1.46s/it] 14%|█▍        | 7033/50005 [3:07:51<17:27:12,  1.46s/it] 14%|█▍        | 7034/50005 [3:07:52<17:27:23,  1.46s/it] 14%|█▍        | 7035/50005 [3:07:54<17:28:04,  1.46s/it] 14%|█▍        | 7036/50005 [3:07:55<17:28:08,  1.46s/it] 14%|█▍        | 7037/50005 [3:07:57<17:28:52,  1.46s/it] 14%|█▍        | 7038/50005 [3:07:58<17:28:59,  1.46s/it] 14%|█▍        | 7039/50005 [3:08:00<17:28:45,  1.46s/it] 14%|█▍        | 7040/50005 [3:08:01<17:27:31,  1.46s/it] 14%|█▍        | 7041/50005 [3:08:03<17:27:50,  1.46s/it] 14%|█▍        | 7042/50005 [3:08:04<17:28:42,  1.46s/it] 14%|█▍        | 7043/50005 [3:08:06<17:28:27,  1.46s/it] 14%|█▍        | 7044/50005 [3:08:07<17:28:36,  1.46s/it] 14%|█▍        | 7045/50005 [3:08:09<17:27:59,  1.46s/it] 14%|█▍        | 7046/50005 [3:08:10<17:27:59,  1.46s/it] 14%|█▍        | 7047/50005 [3:08:12<17:26:33,  1.46s/it] 14%|█▍        | 7048/50005 [3:08:13<17:25:25,  1.46s/it] 14%|█▍        | 7049/50005 [3:08:14<17:25:02,  1.46s/it] 14%|█▍        | 7050/50005 [3:08:16<17:25:35,  1.46s/it] 14%|█▍        | 7051/50005 [3:08:17<17:26:15,  1.46s/it] 14%|█▍        | 7052/50005 [3:08:19<17:26:54,  1.46s/it] 14%|█▍        | 7053/50005 [3:08:20<17:26:05,  1.46s/it] 14%|█▍        | 7054/50005 [3:08:22<17:25:21,  1.46s/it] 14%|█▍        | 7055/50005 [3:08:23<17:26:03,  1.46s/it] 14%|█▍        | 7056/50005 [3:08:25<17:26:03,  1.46s/it] 14%|█▍        | 7057/50005 [3:08:26<17:26:47,  1.46s/it] 14%|█▍        | 7058/50005 [3:08:28<17:26:29,  1.46s/it] 14%|█▍        | 7059/50005 [3:08:29<17:27:10,  1.46s/it] 14%|█▍        | 7060/50005 [3:08:31<17:27:46,  1.46s/it] 14%|█▍        | 7061/50005 [3:08:32<17:28:05,  1.46s/it] 14%|█▍        | 7062/50005 [3:08:33<17:27:57,  1.46s/it] 14%|█▍        | 7063/50005 [3:08:35<17:26:21,  1.46s/it] 14%|█▍        | 7064/50005 [3:08:36<17:27:09,  1.46s/it] 14%|█▍        | 7065/50005 [3:08:38<17:27:45,  1.46s/it] 14%|█▍        | 7066/50005 [3:08:39<17:27:41,  1.46s/it] 14%|█▍        | 7067/50005 [3:08:41<17:28:22,  1.46s/it] 14%|█▍        | 7068/50005 [3:08:42<17:27:57,  1.46s/it] 14%|█▍        | 7069/50005 [3:08:44<17:28:00,  1.46s/it] 14%|█▍        | 7070/50005 [3:08:45<17:26:23,  1.46s/it] 14%|█▍        | 7071/50005 [3:08:47<17:26:22,  1.46s/it] 14%|█▍        | 7072/50005 [3:08:48<17:26:39,  1.46s/it] 14%|█▍        | 7073/50005 [3:08:50<17:24:34,  1.46s/it] 14%|█▍        | 7074/50005 [3:08:51<17:25:19,  1.46s/it] 14%|█▍        | 7075/50005 [3:08:52<17:26:19,  1.46s/it] 14%|█▍        | 7076/50005 [3:08:54<17:26:39,  1.46s/it] 14%|█▍        | 7077/50005 [3:08:55<17:27:00,  1.46s/it] 14%|█▍        | 7078/50005 [3:08:57<17:27:22,  1.46s/it] 14%|█▍        | 7079/50005 [3:08:58<17:27:35,  1.46s/it] 14%|█▍        | 7080/50005 [3:09:00<17:28:00,  1.46s/it] 14%|█▍        | 7081/50005 [3:09:01<17:27:56,  1.46s/it] 14%|█▍        | 7082/50005 [3:09:03<17:26:35,  1.46s/it] 14%|█▍        | 7083/50005 [3:09:04<17:26:39,  1.46s/it] 14%|█▍        | 7084/50005 [3:09:06<17:26:36,  1.46s/it] 14%|█▍        | 7085/50005 [3:09:07<17:26:58,  1.46s/it] 14%|█▍        | 7086/50005 [3:09:09<17:27:05,  1.46s/it] 14%|█▍        | 7087/50005 [3:09:10<17:26:59,  1.46s/it] 14%|█▍        | 7088/50005 [3:09:11<17:27:17,  1.46s/it] 14%|█▍        | 7089/50005 [3:09:13<17:26:17,  1.46s/it] 14%|█▍        | 7090/50005 [3:09:14<17:25:12,  1.46s/it] 14%|█▍        | 7091/50005 [3:09:16<17:26:00,  1.46s/it] 14%|█▍        | 7092/50005 [3:09:17<17:24:18,  1.46s/it] 14%|█▍        | 7093/50005 [3:09:19<17:24:27,  1.46s/it] 14%|█▍        | 7094/50005 [3:09:20<17:21:17,  1.46s/it] 14%|█▍        | 7095/50005 [3:09:22<17:21:17,  1.46s/it] 14%|█▍        | 7096/50005 [3:09:23<17:22:48,  1.46s/it] 14%|█▍        | 7097/50005 [3:09:25<17:22:15,  1.46s/it] 14%|█▍        | 7098/50005 [3:09:26<17:23:38,  1.46s/it] 14%|█▍        | 7099/50005 [3:09:28<17:22:19,  1.46s/it] 14%|█▍        | 7100/50005 [3:09:29<17:21:51,  1.46s/it] 14%|█▍        | 7101/50005 [3:09:30<17:23:24,  1.46s/it] 14%|█▍        | 7102/50005 [3:09:32<17:20:46,  1.46s/it] 14%|█▍        | 7103/50005 [3:09:33<17:20:28,  1.46s/it] 14%|█▍        | 7104/50005 [3:09:35<17:21:15,  1.46s/it] 14%|█▍        | 7105/50005 [3:09:36<17:22:44,  1.46s/it] 14%|█▍        | 7106/50005 [3:09:38<17:22:20,  1.46s/it] 14%|█▍        | 7107/50005 [3:09:39<17:23:50,  1.46s/it] 14%|█▍        | 7108/50005 [3:09:41<17:23:08,  1.46s/it] 14%|█▍        | 7109/50005 [3:09:42<17:24:24,  1.46s/it] 14%|█▍        | 7110/50005 [3:09:44<17:24:46,  1.46s/it] 14%|█▍        | 7111/50005 [3:09:45<17:25:43,  1.46s/it] 14%|█▍        | 7112/50005 [3:09:47<17:26:07,  1.46s/it] 14%|█▍        | 7113/50005 [3:09:48<17:26:37,  1.46s/it] 14%|█▍        | 7114/50005 [3:09:49<17:26:50,  1.46s/it] 14%|█▍        | 7115/50005 [3:09:51<17:24:53,  1.46s/it] 14%|█▍        | 7116/50005 [3:09:52<17:23:48,  1.46s/it] 14%|█▍        | 7117/50005 [3:09:54<17:24:30,  1.46s/it] 14%|█▍        | 7118/50005 [3:09:55<17:25:39,  1.46s/it] 14%|█▍        | 7119/50005 [3:09:57<17:26:02,  1.46s/it] 14%|█▍        | 7120/50005 [3:09:58<17:26:31,  1.46s/it] 14%|█▍        | 7121/50005 [3:10:00<17:26:53,  1.46s/it] 14%|█▍        | 7122/50005 [3:10:01<17:27:33,  1.47s/it] 14%|█▍        | 7123/50005 [3:10:03<17:27:23,  1.47s/it] 14%|█▍        | 7124/50005 [3:10:04<17:27:48,  1.47s/it] 14%|█▍        | 7125/50005 [3:10:06<17:25:54,  1.46s/it] 14%|█▍        | 7126/50005 [3:10:07<17:25:30,  1.46s/it] 14%|█▍        | 7127/50005 [3:10:08<17:26:03,  1.46s/it] 14%|█▍        | 7128/50005 [3:10:10<17:24:03,  1.46s/it] 14%|█▍        | 7129/50005 [3:10:11<17:22:49,  1.46s/it] 14%|█▍        | 7130/50005 [3:10:13<17:21:09,  1.46s/it] 14%|█▍        | 7131/50005 [3:10:14<17:23:16,  1.46s/it] 14%|█▍        | 7132/50005 [3:10:16<17:22:23,  1.46s/it] 14%|█▍        | 7133/50005 [3:10:17<17:23:32,  1.46s/it] 14%|█▍        | 7134/50005 [3:10:19<17:21:56,  1.46s/it] 14%|█▍        | 7135/50005 [3:10:20<17:23:22,  1.46s/it] 14%|█▍        | 7136/50005 [3:10:22<17:22:25,  1.46s/it] 14%|█▍        | 7137/50005 [3:10:23<17:21:59,  1.46s/it] 14%|█▍        | 7138/50005 [3:10:25<17:23:24,  1.46s/it] 14%|█▍        | 7139/50005 [3:10:26<17:22:34,  1.46s/it] 14%|█▍        | 7140/50005 [3:10:27<17:21:26,  1.46s/it] 14%|█▍        | 7141/50005 [3:10:29<17:23:39,  1.46s/it] 14%|█▍        | 7142/50005 [3:10:30<17:23:46,  1.46s/it] 14%|█▍        | 7143/50005 [3:10:32<17:24:43,  1.46s/it] 14%|█▍        | 7144/50005 [3:10:33<17:20:51,  1.46s/it] 14%|█▍        | 7145/50005 [3:10:35<17:22:16,  1.46s/it] 14%|█▍        | 7146/50005 [3:10:36<17:23:15,  1.46s/it] 14%|█▍        | 7147/50005 [3:10:38<17:23:51,  1.46s/it] 14%|█▍        | 7148/50005 [3:10:39<17:22:39,  1.46s/it] 14%|█▍        | 7149/50005 [3:10:41<17:21:54,  1.46s/it] 14%|█▍        | 7150/50005 [3:10:42<17:23:47,  1.46s/it] 14%|█▍        | 7151/50005 [3:10:43<17:24:01,  1.46s/it] 14%|█▍        | 7152/50005 [3:10:45<17:24:20,  1.46s/it] 14%|█▍        | 7153/50005 [3:10:46<17:24:48,  1.46s/it] 14%|█▍        | 7154/50005 [3:10:48<17:24:57,  1.46s/it] 14%|█▍        | 7155/50005 [3:10:49<17:30:33,  1.47s/it] 14%|█▍        | 7156/50005 [3:10:51<17:27:30,  1.47s/it] 14%|█▍        | 7157/50005 [3:10:53<18:45:31,  1.58s/it] 14%|█▍        | 7158/50005 [3:10:54<18:21:21,  1.54s/it] 14%|█▍        | 7159/50005 [3:10:56<18:03:25,  1.52s/it] 14%|█▍        | 7160/50005 [3:10:57<18:08:07,  1.52s/it] 14%|█▍        | 7161/50005 [3:10:59<17:54:58,  1.51s/it] 14%|█▍        | 7162/50005 [3:11:00<17:43:38,  1.49s/it] 14%|█▍        | 7163/50005 [3:11:01<17:35:55,  1.48s/it] 14%|█▍        | 7164/50005 [3:11:03<17:32:50,  1.47s/it] 14%|█▍        | 7165/50005 [3:11:04<17:28:42,  1.47s/it] 14%|█▍        | 7166/50005 [3:11:06<18:58:21,  1.59s/it] 14%|█▍        | 7167/50005 [3:11:08<18:43:56,  1.57s/it] 14%|█▍        | 7168/50005 [3:11:09<18:19:05,  1.54s/it] 14%|█▍        | 7169/50005 [3:11:11<18:03:24,  1.52s/it] 14%|█▍        | 7170/50005 [3:11:12<17:52:10,  1.50s/it] 14%|█▍        | 7171/50005 [3:11:14<17:43:50,  1.49s/it] 14%|█▍        | 7172/50005 [3:11:15<17:38:26,  1.48s/it] 14%|█▍        | 7173/50005 [3:11:17<17:32:48,  1.47s/it] 14%|█▍        | 7174/50005 [3:11:18<17:30:42,  1.47s/it] 14%|█▍        | 7175/50005 [3:11:20<17:27:27,  1.47s/it] 14%|█▍        | 7176/50005 [3:11:21<17:27:16,  1.47s/it] 14%|█▍        | 7177/50005 [3:11:22<17:26:43,  1.47s/it] 14%|█▍        | 7178/50005 [3:11:24<17:24:52,  1.46s/it] 14%|█▍        | 7179/50005 [3:11:25<17:23:22,  1.46s/it] 14%|█▍        | 7180/50005 [3:11:27<17:22:15,  1.46s/it] 14%|█▍        | 7181/50005 [3:11:28<17:23:00,  1.46s/it] 14%|█▍        | 7182/50005 [3:11:30<17:23:03,  1.46s/it] 14%|█▍        | 7183/50005 [3:11:31<17:23:28,  1.46s/it] 14%|█▍        | 7184/50005 [3:11:33<17:21:45,  1.46s/it] 14%|█▍        | 7185/50005 [3:11:34<17:20:37,  1.46s/it] 14%|█▍        | 7186/50005 [3:11:36<17:22:02,  1.46s/it] 14%|█▍        | 7187/50005 [3:11:37<17:23:17,  1.46s/it] 14%|█▍        | 7188/50005 [3:11:39<17:21:56,  1.46s/it] 14%|█▍        | 7189/50005 [3:11:40<17:21:33,  1.46s/it] 14%|█▍        | 7190/50005 [3:11:41<17:22:06,  1.46s/it] 14%|█▍        | 7191/50005 [3:11:43<17:23:19,  1.46s/it] 14%|█▍        | 7192/50005 [3:11:44<17:22:04,  1.46s/it] 14%|█▍        | 7193/50005 [3:11:46<17:23:13,  1.46s/it] 14%|█▍        | 7194/50005 [3:11:47<17:24:22,  1.46s/it] 14%|█▍        | 7195/50005 [3:11:49<17:23:58,  1.46s/it] 14%|█▍        | 7196/50005 [3:11:50<17:21:08,  1.46s/it] 14%|█▍        | 7197/50005 [3:11:52<17:20:44,  1.46s/it] 14%|█▍        | 7198/50005 [3:11:53<17:46:27,  1.49s/it] 14%|█▍        | 7199/50005 [3:11:55<17:39:12,  1.48s/it] 14%|█▍        | 7200/50005 [3:11:56<17:30:56,  1.47s/it] 14%|█▍        | 7201/50005 [3:11:58<17:31:43,  1.47s/it]
Validation:   0%|          | 0/100 [00:00<?, ?it/s][A
Validation:   1%|          | 1/100 [00:01<02:11,  1.33s/it][A
Validation:   2%|▏         | 2/100 [00:01<01:29,  1.09it/s][A
Validation:   3%|▎         | 3/100 [00:02<01:15,  1.28it/s][A
Validation:   4%|▍         | 4/100 [00:03<01:09,  1.39it/s][A
Validation:   5%|▌         | 5/100 [00:03<01:05,  1.46it/s][A
Validation:   6%|▌         | 6/100 [00:04<01:02,  1.51it/s][A
Validation:   7%|▋         | 7/100 [00:05<01:00,  1.54it/s][A
Validation:   8%|▊         | 8/100 [00:05<00:59,  1.55it/s][A
Validation:   9%|▉         | 9/100 [00:06<00:58,  1.57it/s][A
Validation:  10%|█         | 10/100 [00:06<00:56,  1.58it/s][A
Validation:  11%|█         | 11/100 [00:07<00:56,  1.58it/s][A
Validation:  12%|█▏        | 12/100 [00:08<00:55,  1.59it/s][A
Validation:  13%|█▎        | 13/100 [00:08<00:54,  1.59it/s][A
Validation:  14%|█▍        | 14/100 [00:09<00:54,  1.59it/s][A
Validation:  15%|█▌        | 15/100 [00:10<00:53,  1.60it/s][A
Validation:  16%|█▌        | 16/100 [00:10<00:52,  1.60it/s][A
Validation:  17%|█▋        | 17/100 [00:11<00:51,  1.60it/s][A
Validation:  18%|█▊        | 18/100 [00:11<00:51,  1.60it/s][A
Validation:  19%|█▉        | 19/100 [00:12<00:50,  1.60it/s][A
Validation:  20%|██        | 20/100 [00:13<00:50,  1.60it/s][A
Validation:  21%|██        | 21/100 [00:13<00:49,  1.60it/s][A
Validation:  22%|██▏       | 22/100 [00:14<00:49,  1.58it/s][A
Validation:  23%|██▎       | 23/100 [00:15<00:48,  1.59it/s][A
Validation:  24%|██▍       | 24/100 [00:15<00:47,  1.59it/s][A
Validation:  25%|██▌       | 25/100 [00:16<00:47,  1.59it/s][A
Validation:  26%|██▌       | 26/100 [00:16<00:46,  1.59it/s][A
Validation:  27%|██▋       | 27/100 [00:17<00:45,  1.60it/s][A
Validation:  28%|██▊       | 28/100 [00:18<00:44,  1.60it/s][A
Validation:  29%|██▉       | 29/100 [00:18<00:44,  1.61it/s][A
Validation:  30%|███       | 30/100 [00:19<00:43,  1.61it/s][A
Validation:  31%|███       | 31/100 [00:20<00:42,  1.61it/s][A
Validation:  32%|███▏      | 32/100 [00:20<00:42,  1.60it/s][A
Validation:  33%|███▎      | 33/100 [00:21<00:41,  1.60it/s][A
Validation:  34%|███▍      | 34/100 [00:21<00:41,  1.60it/s][A
Validation:  35%|███▌      | 35/100 [00:22<00:40,  1.60it/s][A
Validation:  36%|███▌      | 36/100 [00:23<00:39,  1.60it/s][A
Validation:  37%|███▋      | 37/100 [00:23<00:39,  1.60it/s][A
Validation:  38%|███▊      | 38/100 [00:24<00:38,  1.60it/s][A
Validation:  39%|███▉      | 39/100 [00:25<00:38,  1.60it/s][A
Validation:  40%|████      | 40/100 [00:25<00:37,  1.60it/s][A
Validation:  41%|████      | 41/100 [00:26<00:36,  1.61it/s][A
Validation:  42%|████▏     | 42/100 [00:26<00:36,  1.61it/s][A
Validation:  43%|████▎     | 43/100 [00:27<00:35,  1.61it/s][A
Validation:  44%|████▍     | 44/100 [00:28<00:34,  1.61it/s][A
Validation:  45%|████▌     | 45/100 [00:28<00:34,  1.60it/s][A
Validation:  46%|████▌     | 46/100 [00:29<00:33,  1.60it/s][A
Validation:  47%|████▋     | 47/100 [00:30<00:32,  1.61it/s][A
Validation:  48%|████▊     | 48/100 [00:30<00:32,  1.60it/s][A
Validation:  49%|████▉     | 49/100 [00:31<00:31,  1.61it/s][A
Validation:  50%|█████     | 50/100 [00:31<00:31,  1.61it/s][A
Validation:  51%|█████     | 51/100 [00:32<00:30,  1.61it/s][A
Validation:  52%|█████▏    | 52/100 [00:33<00:29,  1.60it/s][A
Validation:  53%|█████▎    | 53/100 [00:33<00:29,  1.60it/s][A
Validation:  54%|█████▍    | 54/100 [00:34<00:28,  1.60it/s][A
Validation:  55%|█████▌    | 55/100 [00:35<00:28,  1.60it/s][A
Validation:  56%|█████▌    | 56/100 [00:35<00:27,  1.61it/s][A
Validation:  57%|█████▋    | 57/100 [00:36<00:26,  1.60it/s][A
Validation:  58%|█████▊    | 58/100 [00:36<00:26,  1.61it/s][A
Validation:  59%|█████▉    | 59/100 [00:37<00:25,  1.60it/s][A
Validation:  60%|██████    | 60/100 [00:38<00:24,  1.60it/s][A
Validation:  61%|██████    | 61/100 [00:38<00:24,  1.60it/s][A
Validation:  62%|██████▏   | 62/100 [00:39<00:23,  1.60it/s][A
Validation:  63%|██████▎   | 63/100 [00:40<00:23,  1.60it/s][A
Validation:  64%|██████▍   | 64/100 [00:40<00:22,  1.60it/s][A
Validation:  65%|██████▌   | 65/100 [00:41<00:21,  1.60it/s][A
Validation:  66%|██████▌   | 66/100 [00:41<00:21,  1.60it/s][A
Validation:  67%|██████▋   | 67/100 [00:42<00:20,  1.60it/s][A
Validation:  68%|██████▊   | 68/100 [00:43<00:19,  1.60it/s][A
Validation:  69%|██████▉   | 69/100 [00:43<00:19,  1.60it/s][A
Validation:  70%|███████   | 70/100 [00:44<00:18,  1.60it/s][A
Validation:  71%|███████   | 71/100 [00:45<00:18,  1.60it/s][A
Validation:  72%|███████▏  | 72/100 [00:45<00:17,  1.60it/s][A
Validation:  73%|███████▎  | 73/100 [00:46<00:16,  1.61it/s][A
Validation:  74%|███████▍  | 74/100 [00:46<00:16,  1.60it/s][A
Validation:  75%|███████▌  | 75/100 [00:47<00:15,  1.60it/s][A
Validation:  76%|███████▌  | 76/100 [00:48<00:14,  1.60it/s][A
Validation:  77%|███████▋  | 77/100 [00:48<00:14,  1.60it/s][A
Validation:  78%|███████▊  | 78/100 [00:49<00:13,  1.60it/s][A
Validation:  79%|███████▉  | 79/100 [00:50<00:13,  1.61it/s][A
Validation:  80%|████████  | 80/100 [00:50<00:12,  1.61it/s][A
Validation:  81%|████████  | 81/100 [00:51<00:11,  1.60it/s][A
Validation:  82%|████████▏ | 82/100 [00:51<00:11,  1.60it/s][A
Validation:  83%|████████▎ | 83/100 [00:52<00:10,  1.60it/s][A
Validation:  84%|████████▍ | 84/100 [00:53<00:10,  1.60it/s][A
Validation:  85%|████████▌ | 85/100 [00:53<00:09,  1.60it/s][A
Validation:  86%|████████▌ | 86/100 [00:54<00:08,  1.60it/s][A
Validation:  87%|████████▋ | 87/100 [00:55<00:08,  1.60it/s][A
Validation:  88%|████████▊ | 88/100 [00:55<00:07,  1.60it/s][A
Validation:  89%|████████▉ | 89/100 [00:56<00:06,  1.60it/s][A
Validation:  90%|█████████ | 90/100 [00:56<00:06,  1.60it/s][A
Validation:  91%|█████████ | 91/100 [00:57<00:05,  1.60it/s][A
Validation:  92%|█████████▏| 92/100 [00:58<00:04,  1.60it/s][A
Validation:  93%|█████████▎| 93/100 [00:58<00:04,  1.61it/s][A
Validation:  94%|█████████▍| 94/100 [00:59<00:03,  1.61it/s][A
Validation:  95%|█████████▌| 95/100 [00:59<00:03,  1.61it/s][A
Validation:  96%|█████████▌| 96/100 [01:00<00:02,  1.61it/s][A
Validation:  97%|█████████▋| 97/100 [01:01<00:01,  1.61it/s][A
Validation:  98%|█████████▊| 98/100 [01:01<00:01,  1.61it/s][A
Validation:  99%|█████████▉| 99/100 [01:02<00:00,  1.61it/s][A
Validation: 100%|██████████| 100/100 [01:03<00:00,  1.60it/s][A
                                                             [A 14%|█▍        | 7202/50005 [3:13:02<242:58:04, 20.44s/it] 14%|█▍        | 7203/50005 [3:13:04<175:17:43, 14.74s/it] 14%|█▍        | 7204/50005 [3:13:05<127:53:23, 10.76s/it] 14%|█▍        | 7205/50005 [3:13:07<94:45:08,  7.97s/it]  14%|█▍        | 7206/50005 [3:13:08<71:30:30,  6.01s/it] 14%|█▍        | 7207/50005 [3:13:10<55:17:13,  4.65s/it] 14%|█▍        | 7208/50005 [3:13:11<43:53:05,  3.69s/it] 14%|█▍        | 7209/50005 [3:13:13<35:56:29,  3.02s/it] 14%|█▍        | 7210/50005 [3:13:14<30:20:31,  2.55s/it] 14%|█▍        | 7211/50005 [3:13:15<26:24:43,  2.22s/it] 14%|█▍        | 7212/50005 [3:13:17<23:42:03,  1.99s/it] 14%|█▍        | 7213/50005 [3:13:18<21:46:48,  1.83s/it] 14%|█▍        | 7214/50005 [3:13:20<20:25:31,  1.72s/it] 14%|█▍        | 7215/50005 [3:13:21<19:31:07,  1.64s/it] 14%|█▍        | 7216/50005 [3:13:23<18:53:24,  1.59s/it] 14%|█▍        | 7217/50005 [3:13:24<18:24:23,  1.55s/it] 14%|█▍        | 7218/50005 [3:13:26<18:06:15,  1.52s/it] 14%|█▍        | 7219/50005 [3:13:27<17:52:58,  1.50s/it] 14%|█▍        | 7220/50005 [3:13:29<17:42:53,  1.49s/it] 14%|█▍        | 7221/50005 [3:13:30<17:37:14,  1.48s/it] 14%|█▍        | 7222/50005 [3:13:31<17:33:14,  1.48s/it] 14%|█▍        | 7223/50005 [3:13:33<17:28:10,  1.47s/it] 14%|█▍        | 7224/50005 [3:13:34<17:25:57,  1.47s/it] 14%|█▍        | 7225/50005 [3:13:36<17:23:51,  1.46s/it] 14%|█▍        | 7226/50005 [3:13:37<17:23:13,  1.46s/it] 14%|█▍        | 7227/50005 [3:13:39<17:21:17,  1.46s/it] 14%|█▍        | 7228/50005 [3:13:40<17:22:15,  1.46s/it] 14%|█▍        | 7229/50005 [3:13:42<17:21:16,  1.46s/it] 14%|█▍        | 7230/50005 [3:13:43<17:21:24,  1.46s/it] 14%|█▍        | 7231/50005 [3:13:45<17:21:19,  1.46s/it] 14%|█▍        | 7232/50005 [3:13:46<17:21:53,  1.46s/it] 14%|█▍        | 7233/50005 [3:13:48<17:22:11,  1.46s/it] 14%|█▍        | 7234/50005 [3:13:49<17:21:29,  1.46s/it] 14%|█▍        | 7235/50005 [3:13:50<17:21:35,  1.46s/it] 14%|█▍        | 7236/50005 [3:13:52<17:23:17,  1.46s/it] 14%|█▍        | 7237/50005 [3:13:53<17:23:13,  1.46s/it] 14%|█▍        | 7238/50005 [3:13:55<17:21:17,  1.46s/it] 14%|█▍        | 7239/50005 [3:13:56<17:22:22,  1.46s/it] 14%|█▍        | 7240/50005 [3:13:58<17:22:00,  1.46s/it] 14%|█▍        | 7241/50005 [3:13:59<17:20:02,  1.46s/it] 14%|█▍        | 7242/50005 [3:14:01<17:18:53,  1.46s/it] 14%|█▍        | 7243/50005 [3:14:02<17:18:24,  1.46s/it] 14%|█▍        | 7244/50005 [3:14:04<17:19:54,  1.46s/it] 14%|█▍        | 7245/50005 [3:14:05<17:21:19,  1.46s/it] 14%|█▍        | 7246/50005 [3:14:07<17:20:21,  1.46s/it] 14%|█▍        | 7247/50005 [3:14:08<17:20:02,  1.46s/it] 14%|█▍        | 7248/50005 [3:14:09<17:20:53,  1.46s/it] 14%|█▍        | 7249/50005 [3:14:11<17:21:58,  1.46s/it] 14%|█▍        | 7250/50005 [3:14:12<17:22:11,  1.46s/it] 15%|█▍        | 7251/50005 [3:14:14<17:21:45,  1.46s/it] 15%|█▍        | 7252/50005 [3:14:15<17:22:16,  1.46s/it] 15%|█▍        | 7253/50005 [3:14:17<17:20:44,  1.46s/it] 15%|█▍        | 7254/50005 [3:14:18<17:19:41,  1.46s/it] 15%|█▍        | 7255/50005 [3:14:20<17:20:06,  1.46s/it] 15%|█▍        | 7256/50005 [3:14:21<17:18:58,  1.46s/it] 15%|█▍        | 7257/50005 [3:14:23<17:19:57,  1.46s/it] 15%|█▍        | 7258/50005 [3:14:24<17:21:16,  1.46s/it] 15%|█▍        | 7259/50005 [3:14:26<17:21:37,  1.46s/it] 15%|█▍        | 7260/50005 [3:14:27<17:20:15,  1.46s/it] 15%|█▍        | 7261/50005 [3:14:28<17:19:02,  1.46s/it] 15%|█▍        | 7262/50005 [3:14:30<17:20:16,  1.46s/it] 15%|█▍        | 7263/50005 [3:14:31<17:20:59,  1.46s/it] 15%|█▍        | 7264/50005 [3:14:33<17:21:26,  1.46s/it] 15%|█▍        | 7265/50005 [3:14:34<17:19:18,  1.46s/it] 15%|█▍        | 7266/50005 [3:14:36<17:18:09,  1.46s/it] 15%|█▍        | 7267/50005 [3:14:37<17:17:26,  1.46s/it] 15%|█▍        | 7268/50005 [3:14:39<17:16:59,  1.46s/it] 15%|█▍        | 7269/50005 [3:14:40<17:16:10,  1.45s/it] 15%|█▍        | 7270/50005 [3:14:42<17:17:58,  1.46s/it] 15%|█▍        | 7271/50005 [3:14:43<17:17:48,  1.46s/it] 15%|█▍        | 7272/50005 [3:14:44<17:17:38,  1.46s/it] 15%|█▍        | 7273/50005 [3:14:46<17:17:27,  1.46s/it] 15%|█▍        | 7274/50005 [3:14:47<17:17:28,  1.46s/it] 15%|█▍        | 7275/50005 [3:14:49<17:17:27,  1.46s/it] 15%|█▍        | 7276/50005 [3:14:50<17:17:28,  1.46s/it] 15%|█▍        | 7277/50005 [3:14:52<17:20:15,  1.46s/it] 15%|█▍        | 7278/50005 [3:14:53<17:18:02,  1.46s/it] 15%|█▍        | 7279/50005 [3:14:55<17:19:16,  1.46s/it] 15%|█▍        | 7280/50005 [3:14:56<17:18:27,  1.46s/it] 15%|█▍        | 7281/50005 [3:14:58<17:18:20,  1.46s/it] 15%|█▍        | 7282/50005 [3:14:59<17:19:10,  1.46s/it] 15%|█▍        | 7283/50005 [3:15:01<17:20:12,  1.46s/it] 15%|█▍        | 7284/50005 [3:15:02<17:18:45,  1.46s/it] 15%|█▍        | 7285/50005 [3:15:03<17:19:27,  1.46s/it] 15%|█▍        | 7286/50005 [3:15:05<17:16:11,  1.46s/it] 15%|█▍        | 7287/50005 [3:15:06<17:16:01,  1.46s/it] 15%|█▍        | 7288/50005 [3:15:08<17:17:24,  1.46s/it] 15%|█▍        | 7289/50005 [3:15:09<17:18:55,  1.46s/it] 15%|█▍        | 7290/50005 [3:15:11<17:18:31,  1.46s/it] 15%|█▍        | 7291/50005 [3:15:12<17:20:02,  1.46s/it] 15%|█▍        | 7292/50005 [3:15:14<17:26:13,  1.47s/it] 15%|█▍        | 7293/50005 [3:15:15<17:25:58,  1.47s/it] 15%|█▍        | 7294/50005 [3:15:17<17:22:46,  1.46s/it] 15%|█▍        | 7295/50005 [3:15:18<17:20:20,  1.46s/it] 15%|█▍        | 7296/50005 [3:15:20<17:39:08,  1.49s/it] 15%|█▍        | 7297/50005 [3:15:21<18:28:58,  1.56s/it] 15%|█▍        | 7298/50005 [3:15:23<18:08:45,  1.53s/it] 15%|█▍        | 7299/50005 [3:15:24<17:52:53,  1.51s/it] 15%|█▍        | 7300/50005 [3:15:26<17:42:53,  1.49s/it] 15%|█▍        | 7301/50005 [3:15:27<17:44:36,  1.50s/it] 15%|█▍        | 7302/50005 [3:15:29<17:37:48,  1.49s/it] 15%|█▍        | 7303/50005 [3:15:30<17:31:26,  1.48s/it] 15%|█▍        | 7304/50005 [3:15:32<17:28:16,  1.47s/it] 15%|█▍        | 7305/50005 [3:15:33<17:27:12,  1.47s/it] 15%|█▍        | 7306/50005 [3:15:35<17:24:26,  1.47s/it] 15%|█▍        | 7307/50005 [3:15:36<17:22:43,  1.47s/it] 15%|█▍        | 7308/50005 [3:15:37<17:22:46,  1.47s/it] 15%|█▍        | 7309/50005 [3:15:39<17:20:33,  1.46s/it] 15%|█▍        | 7310/50005 [3:15:40<17:19:38,  1.46s/it] 15%|█▍        | 7311/50005 [3:15:42<17:18:57,  1.46s/it] 15%|█▍        | 7312/50005 [3:15:43<17:15:45,  1.46s/it] 15%|█▍        | 7313/50005 [3:15:45<17:17:45,  1.46s/it] 15%|█▍        | 7314/50005 [3:15:46<17:18:09,  1.46s/it] 15%|█▍        | 7315/50005 [3:15:48<17:20:01,  1.46s/it] 15%|█▍        | 7316/50005 [3:15:49<17:18:29,  1.46s/it] 15%|█▍        | 7317/50005 [3:15:51<17:18:31,  1.46s/it] 15%|█▍        | 7318/50005 [3:15:52<17:19:43,  1.46s/it] 15%|█▍        | 7319/50005 [3:15:53<17:18:59,  1.46s/it] 15%|█▍        | 7320/50005 [3:15:55<17:17:46,  1.46s/it] 15%|█▍        | 7321/50005 [3:15:56<17:16:45,  1.46s/it] 15%|█▍        | 7322/50005 [3:15:58<17:16:43,  1.46s/it] 15%|█▍        | 7323/50005 [3:15:59<17:16:45,  1.46s/it] 15%|█▍        | 7324/50005 [3:16:01<17:18:04,  1.46s/it] 15%|█▍        | 7325/50005 [3:16:02<17:18:09,  1.46s/it] 15%|█▍        | 7326/50005 [3:16:04<17:17:46,  1.46s/it] 15%|█▍        | 7327/50005 [3:16:05<17:18:29,  1.46s/it] 15%|█▍        | 7328/50005 [3:16:07<17:17:33,  1.46s/it] 15%|█▍        | 7329/50005 [3:16:08<17:18:41,  1.46s/it] 15%|█▍        | 7330/50005 [3:16:10<17:19:58,  1.46s/it] 15%|█▍        | 7331/50005 [3:16:11<17:16:23,  1.46s/it] 15%|█▍        | 7332/50005 [3:16:12<17:12:48,  1.45s/it] 15%|█▍        | 7333/50005 [3:16:14<17:09:42,  1.45s/it] 15%|█▍        | 7334/50005 [3:16:15<17:06:54,  1.44s/it] 15%|█▍        | 7335/50005 [3:16:17<17:05:36,  1.44s/it] 15%|█▍        | 7336/50005 [3:16:18<17:04:12,  1.44s/it] 15%|█▍        | 7337/50005 [3:16:20<17:04:20,  1.44s/it] 15%|█▍        | 7338/50005 [3:16:21<17:02:46,  1.44s/it] 15%|█▍        | 7339/50005 [3:16:22<17:02:37,  1.44s/it] 15%|█▍        | 7340/50005 [3:16:24<17:04:10,  1.44s/it] 15%|█▍        | 7341/50005 [3:16:25<17:05:19,  1.44s/it] 15%|█▍        | 7342/50005 [3:16:27<17:06:13,  1.44s/it] 15%|█▍        | 7343/50005 [3:16:28<17:05:56,  1.44s/it] 15%|█▍        | 7344/50005 [3:16:30<17:05:01,  1.44s/it] 15%|█▍        | 7345/50005 [3:16:31<17:05:43,  1.44s/it] 15%|█▍        | 7346/50005 [3:16:33<17:03:21,  1.44s/it] 15%|█▍        | 7347/50005 [3:16:34<17:04:28,  1.44s/it] 15%|█▍        | 7348/50005 [3:16:35<17:03:01,  1.44s/it] 15%|█▍        | 7349/50005 [3:16:37<17:02:13,  1.44s/it] 15%|█▍        | 7350/50005 [3:16:38<17:03:41,  1.44s/it] 15%|█▍        | 7351/50005 [3:16:40<17:02:07,  1.44s/it] 15%|█▍        | 7352/50005 [3:16:41<17:01:38,  1.44s/it] 15%|█▍        | 7353/50005 [3:16:43<17:02:58,  1.44s/it] 15%|█▍        | 7354/50005 [3:16:44<17:02:06,  1.44s/it] 15%|█▍        | 7355/50005 [3:16:46<17:01:22,  1.44s/it] 15%|█▍        | 7356/50005 [3:16:47<17:02:47,  1.44s/it] 15%|█▍        | 7357/50005 [3:16:48<17:02:05,  1.44s/it] 15%|█▍        | 7358/50005 [3:16:50<17:01:09,  1.44s/it] 15%|█▍        | 7359/50005 [3:16:51<17:00:59,  1.44s/it] 15%|█▍        | 7360/50005 [3:16:53<17:02:31,  1.44s/it] 15%|█▍        | 7361/50005 [3:16:54<17:03:41,  1.44s/it] 15%|█▍        | 7362/50005 [3:16:56<17:04:32,  1.44s/it] 15%|█▍        | 7363/50005 [3:16:57<17:04:47,  1.44s/it] 15%|█▍        | 7364/50005 [3:16:58<17:04:14,  1.44s/it] 15%|█▍        | 7365/50005 [3:17:00<17:04:27,  1.44s/it] 15%|█▍        | 7366/50005 [3:17:01<17:03:24,  1.44s/it] 15%|█▍        | 7367/50005 [3:17:03<17:02:02,  1.44s/it] 15%|█▍        | 7368/50005 [3:17:04<17:03:11,  1.44s/it] 15%|█▍        | 7369/50005 [3:17:06<17:04:00,  1.44s/it] 15%|█▍        | 7370/50005 [3:17:07<17:04:04,  1.44s/it] 15%|█▍        | 7371/50005 [3:17:09<17:04:17,  1.44s/it] 15%|█▍        | 7372/50005 [3:17:10<17:04:41,  1.44s/it] 15%|█▍        | 7373/50005 [3:17:11<17:04:48,  1.44s/it] 15%|█▍        | 7374/50005 [3:17:13<17:05:44,  1.44s/it] 15%|█▍        | 7375/50005 [3:17:14<17:06:00,  1.44s/it] 15%|█▍        | 7376/50005 [3:17:16<17:06:32,  1.44s/it] 15%|█▍        | 7377/50005 [3:17:17<17:04:28,  1.44s/it] 15%|█▍        | 7378/50005 [3:17:19<17:03:17,  1.44s/it] 15%|█▍        | 7379/50005 [3:17:20<17:04:13,  1.44s/it] 15%|█▍        | 7380/50005 [3:17:22<17:04:52,  1.44s/it] 15%|█▍        | 7381/50005 [3:17:23<17:03:20,  1.44s/it] 15%|█▍        | 7382/50005 [3:17:24<17:04:07,  1.44s/it] 15%|█▍        | 7383/50005 [3:17:26<17:04:23,  1.44s/it] 15%|█▍        | 7384/50005 [3:17:27<17:04:32,  1.44s/it] 15%|█▍        | 7385/50005 [3:17:29<17:02:38,  1.44s/it] 15%|█▍        | 7386/50005 [3:17:30<17:03:14,  1.44s/it] 15%|█▍        | 7387/50005 [3:17:32<17:01:50,  1.44s/it] 15%|█▍        | 7388/50005 [3:17:33<17:03:10,  1.44s/it] 15%|█▍        | 7389/50005 [3:17:35<17:03:23,  1.44s/it] 15%|█▍        | 7390/50005 [3:17:36<17:04:11,  1.44s/it] 15%|█▍        | 7391/50005 [3:17:37<17:03:02,  1.44s/it] 15%|█▍        | 7392/50005 [3:17:39<17:03:04,  1.44s/it] 15%|█▍        | 7393/50005 [3:17:40<17:03:17,  1.44s/it] 15%|█▍        | 7394/50005 [3:17:42<17:02:01,  1.44s/it] 15%|█▍        | 7395/50005 [3:17:43<17:00:58,  1.44s/it] 15%|█▍        | 7396/50005 [3:17:45<17:00:00,  1.44s/it] 15%|█▍        | 7397/50005 [3:17:46<17:01:28,  1.44s/it] 15%|█▍        | 7398/50005 [3:17:47<17:00:37,  1.44s/it] 15%|█▍        | 7399/50005 [3:17:49<17:00:10,  1.44s/it] 15%|█▍        | 7400/50005 [3:17:50<16:59:30,  1.44s/it] 15%|█▍        | 7401/50005 [3:17:52<16:58:44,  1.43s/it] 15%|█▍        | 7402/50005 [3:17:53<17:00:40,  1.44s/it] 15%|█▍        | 7403/50005 [3:17:55<17:01:59,  1.44s/it] 15%|█▍        | 7404/50005 [3:17:56<17:01:03,  1.44s/it] 15%|█▍        | 7405/50005 [3:17:58<17:02:12,  1.44s/it] 15%|█▍        | 7406/50005 [3:17:59<17:03:03,  1.44s/it] 15%|█▍        | 7407/50005 [3:18:00<17:03:32,  1.44s/it] 15%|█▍        | 7408/50005 [3:18:02<17:01:55,  1.44s/it] 15%|█▍        | 7409/50005 [3:18:03<17:02:32,  1.44s/it] 15%|█▍        | 7410/50005 [3:18:05<17:01:10,  1.44s/it] 15%|█▍        | 7411/50005 [3:18:06<17:01:45,  1.44s/it] 15%|█▍        | 7412/50005 [3:18:08<17:00:59,  1.44s/it] 15%|█▍        | 7413/50005 [3:18:09<16:59:58,  1.44s/it] 15%|█▍        | 7414/50005 [3:18:10<16:59:32,  1.44s/it] 15%|█▍        | 7415/50005 [3:18:12<17:01:07,  1.44s/it] 15%|█▍        | 7416/50005 [3:18:13<17:02:11,  1.44s/it] 15%|█▍        | 7417/50005 [3:18:15<17:02:48,  1.44s/it] 15%|█▍        | 7418/50005 [3:18:16<17:03:28,  1.44s/it] 15%|█▍        | 7419/50005 [3:18:18<17:03:42,  1.44s/it] 15%|█▍        | 7420/50005 [3:18:19<17:01:51,  1.44s/it] 15%|█▍        | 7421/50005 [3:18:21<17:01:04,  1.44s/it] 15%|█▍        | 7422/50005 [3:18:22<17:01:02,  1.44s/it] 15%|█▍        | 7423/50005 [3:18:23<17:01:50,  1.44s/it] 15%|█▍        | 7424/50005 [3:18:25<17:02:18,  1.44s/it] 15%|█▍        | 7425/50005 [3:18:26<17:03:33,  1.44s/it] 15%|█▍        | 7426/50005 [3:18:28<17:04:00,  1.44s/it] 15%|█▍        | 7427/50005 [3:18:29<17:02:02,  1.44s/it] 15%|█▍        | 7428/50005 [3:18:31<17:02:51,  1.44s/it] 15%|█▍        | 7429/50005 [3:18:32<17:03:14,  1.44s/it] 15%|█▍        | 7430/50005 [3:18:34<17:02:00,  1.44s/it] 15%|█▍        | 7431/50005 [3:18:35<17:02:32,  1.44s/it] 15%|█▍        | 7432/50005 [3:18:36<17:03:08,  1.44s/it] 15%|█▍        | 7433/50005 [3:18:38<17:03:41,  1.44s/it] 15%|█▍        | 7434/50005 [3:18:39<17:04:13,  1.44s/it] 15%|█▍        | 7435/50005 [3:18:41<17:04:17,  1.44s/it] 15%|█▍        | 7436/50005 [3:18:42<17:04:20,  1.44s/it] 15%|█▍        | 7437/50005 [3:18:44<17:01:59,  1.44s/it] 15%|█▍        | 7438/50005 [3:18:45<17:02:09,  1.44s/it] 15%|█▍        | 7439/50005 [3:18:47<17:02:58,  1.44s/it] 15%|█▍        | 7440/50005 [3:18:48<17:02:53,  1.44s/it] 15%|█▍        | 7441/50005 [3:18:49<17:02:53,  1.44s/it] 15%|█▍        | 7442/50005 [3:18:51<17:00:50,  1.44s/it] 15%|█▍        | 7443/50005 [3:18:52<17:01:34,  1.44s/it] 15%|█▍        | 7444/50005 [3:18:54<17:02:20,  1.44s/it] 15%|█▍        | 7445/50005 [3:18:55<17:02:10,  1.44s/it] 15%|█▍        | 7446/50005 [3:18:57<17:00:15,  1.44s/it] 15%|█▍        | 7447/50005 [3:18:58<17:00:49,  1.44s/it] 15%|█▍        | 7448/50005 [3:18:59<17:01:09,  1.44s/it] 15%|█▍        | 7449/50005 [3:19:01<16:59:50,  1.44s/it] 15%|█▍        | 7450/50005 [3:19:02<17:01:26,  1.44s/it] 15%|█▍        | 7451/50005 [3:19:04<17:00:54,  1.44s/it] 15%|█▍        | 7452/50005 [3:19:05<17:01:57,  1.44s/it] 15%|█▍        | 7453/50005 [3:19:07<17:02:19,  1.44s/it] 15%|█▍        | 7454/50005 [3:19:08<17:00:54,  1.44s/it] 15%|█▍        | 7455/50005 [3:19:10<17:01:36,  1.44s/it] 15%|█▍        | 7456/50005 [3:19:11<17:01:49,  1.44s/it] 15%|█▍        | 7457/50005 [3:19:12<17:02:10,  1.44s/it] 15%|█▍        | 7458/50005 [3:19:14<17:00:47,  1.44s/it] 15%|█▍        | 7459/50005 [3:19:15<17:01:08,  1.44s/it] 15%|█▍        | 7460/50005 [3:19:17<17:01:31,  1.44s/it] 15%|█▍        | 7461/50005 [3:19:18<17:02:02,  1.44s/it] 15%|█▍        | 7462/50005 [3:19:20<17:00:49,  1.44s/it] 15%|█▍        | 7463/50005 [3:19:21<17:01:30,  1.44s/it] 15%|█▍        | 7464/50005 [3:19:23<17:02:27,  1.44s/it] 15%|█▍        | 7465/50005 [3:19:24<17:01:08,  1.44s/it] 15%|█▍        | 7466/50005 [3:19:25<17:01:49,  1.44s/it] 15%|█▍        | 7467/50005 [3:19:27<17:02:21,  1.44s/it] 15%|█▍        | 7468/50005 [3:19:28<17:02:15,  1.44s/it] 15%|█▍        | 7469/50005 [3:19:30<16:59:48,  1.44s/it] 15%|█▍        | 7470/50005 [3:19:31<16:59:25,  1.44s/it] 15%|█▍        | 7471/50005 [3:19:33<16:58:54,  1.44s/it] 15%|█▍        | 7472/50005 [3:19:34<16:58:54,  1.44s/it] 15%|█▍        | 7473/50005 [3:19:35<16:58:24,  1.44s/it] 15%|█▍        | 7474/50005 [3:19:37<16:59:51,  1.44s/it] 15%|█▍        | 7475/50005 [3:19:38<17:00:20,  1.44s/it] 15%|█▍        | 7476/50005 [3:19:40<17:01:10,  1.44s/it] 15%|█▍        | 7477/50005 [3:19:41<17:02:08,  1.44s/it] 15%|█▍        | 7478/50005 [3:19:43<17:00:57,  1.44s/it] 15%|█▍        | 7479/50005 [3:19:44<17:01:49,  1.44s/it] 15%|█▍        | 7480/50005 [3:19:46<17:02:16,  1.44s/it] 15%|█▍        | 7481/50005 [3:19:47<17:02:46,  1.44s/it] 15%|█▍        | 7482/50005 [3:19:48<17:00:37,  1.44s/it] 15%|█▍        | 7483/50005 [3:19:50<17:00:40,  1.44s/it] 15%|█▍        | 7484/50005 [3:19:51<16:58:45,  1.44s/it] 15%|█▍        | 7485/50005 [3:19:53<16:58:00,  1.44s/it] 15%|█▍        | 7486/50005 [3:19:54<16:59:18,  1.44s/it] 15%|█▍        | 7487/50005 [3:19:56<17:00:14,  1.44s/it] 15%|█▍        | 7488/50005 [3:19:57<17:01:11,  1.44s/it] 15%|█▍        | 7489/50005 [3:19:59<17:00:00,  1.44s/it] 15%|█▍        | 7490/50005 [3:20:00<16:58:34,  1.44s/it] 15%|█▍        | 7491/50005 [3:20:01<16:57:54,  1.44s/it] 15%|█▍        | 7492/50005 [3:20:03<16:59:21,  1.44s/it] 15%|█▍        | 7493/50005 [3:20:04<17:00:14,  1.44s/it] 15%|█▍        | 7494/50005 [3:20:06<17:00:59,  1.44s/it] 15%|█▍        | 7495/50005 [3:20:07<17:01:35,  1.44s/it] 15%|█▍        | 7496/50005 [3:20:09<17:01:51,  1.44s/it] 15%|█▍        | 7497/50005 [3:20:10<17:01:48,  1.44s/it] 15%|█▍        | 7498/50005 [3:20:11<16:59:50,  1.44s/it] 15%|█▍        | 7499/50005 [3:20:13<17:00:24,  1.44s/it] 15%|█▍        | 7500/50005 [3:20:14<17:00:57,  1.44s/it] 15%|█▌        | 7501/50005 [3:20:16<17:07:21,  1.45s/it] 15%|█▌        | 7502/50005 [3:20:17<17:05:16,  1.45s/it] 15%|█▌        | 7503/50005 [3:20:19<17:04:06,  1.45s/it] 15%|█▌        | 7504/50005 [3:20:20<17:03:55,  1.45s/it] 15%|█▌        | 7505/50005 [3:20:22<17:01:45,  1.44s/it] 15%|█▌        | 7506/50005 [3:20:23<17:02:00,  1.44s/it] 15%|█▌        | 7507/50005 [3:20:24<17:02:17,  1.44s/it] 15%|█▌        | 7508/50005 [3:20:26<17:02:24,  1.44s/it] 15%|█▌        | 7509/50005 [3:20:27<17:02:03,  1.44s/it] 15%|█▌        | 7510/50005 [3:20:29<17:02:01,  1.44s/it] 15%|█▌        | 7511/50005 [3:20:30<17:02:19,  1.44s/it] 15%|█▌        | 7512/50005 [3:20:32<17:00:05,  1.44s/it] 15%|█▌        | 7513/50005 [3:20:33<17:00:34,  1.44s/it] 15%|█▌        | 7514/50005 [3:20:35<16:58:34,  1.44s/it] 15%|█▌        | 7515/50005 [3:20:36<16:59:41,  1.44s/it] 15%|█▌        | 7516/50005 [3:20:37<16:59:45,  1.44s/it] 15%|█▌        | 7517/50005 [3:20:39<16:58:58,  1.44s/it] 15%|█▌        | 7518/50005 [3:20:40<17:00:17,  1.44s/it] 15%|█▌        | 7519/50005 [3:20:42<16:58:49,  1.44s/it] 15%|█▌        | 7520/50005 [3:20:43<16:58:50,  1.44s/it] 15%|█▌        | 7521/50005 [3:20:45<16:59:03,  1.44s/it] 15%|█▌        | 7522/50005 [3:20:46<16:59:56,  1.44s/it] 15%|█▌        | 7523/50005 [3:20:48<17:00:53,  1.44s/it] 15%|█▌        | 7524/50005 [3:20:49<17:01:08,  1.44s/it] 15%|█▌        | 7525/50005 [3:20:50<17:01:09,  1.44s/it] 15%|█▌        | 7526/50005 [3:20:52<17:01:42,  1.44s/it] 15%|█▌        | 7527/50005 [3:20:53<17:02:39,  1.44s/it] 15%|█▌        | 7528/50005 [3:20:55<17:02:21,  1.44s/it] 15%|█▌        | 7529/50005 [3:20:56<17:00:47,  1.44s/it] 15%|█▌        | 7530/50005 [3:20:58<16:59:52,  1.44s/it] 15%|█▌        | 7531/50005 [3:20:59<16:58:07,  1.44s/it] 15%|█▌        | 7532/50005 [3:21:01<16:57:08,  1.44s/it] 15%|█▌        | 7533/50005 [3:21:02<16:58:46,  1.44s/it] 15%|█▌        | 7534/50005 [3:21:03<16:59:14,  1.44s/it] 15%|█▌        | 7535/50005 [3:21:05<16:59:47,  1.44s/it] 15%|█▌        | 7536/50005 [3:21:06<17:00:08,  1.44s/it] 15%|█▌        | 7537/50005 [3:21:08<17:00:48,  1.44s/it] 15%|█▌        | 7538/50005 [3:21:09<17:00:43,  1.44s/it] 15%|█▌        | 7539/50005 [3:21:11<16:59:29,  1.44s/it] 15%|█▌        | 7540/50005 [3:21:12<16:59:02,  1.44s/it] 15%|█▌        | 7541/50005 [3:21:13<16:59:50,  1.44s/it] 15%|█▌        | 7542/50005 [3:21:15<17:00:16,  1.44s/it] 15%|█▌        | 7543/50005 [3:21:16<17:01:04,  1.44s/it] 15%|█▌        | 7544/50005 [3:21:18<16:59:28,  1.44s/it] 15%|█▌        | 7545/50005 [3:21:19<16:58:36,  1.44s/it] 15%|█▌        | 7546/50005 [3:21:21<16:57:37,  1.44s/it] 15%|█▌        | 7547/50005 [3:21:22<16:59:14,  1.44s/it] 15%|█▌        | 7548/50005 [3:21:24<16:58:13,  1.44s/it] 15%|█▌        | 7549/50005 [3:21:25<16:59:29,  1.44s/it] 15%|█▌        | 7550/50005 [3:21:26<17:00:19,  1.44s/it] 15%|█▌        | 7551/50005 [3:21:28<17:00:04,  1.44s/it] 15%|█▌        | 7552/50005 [3:21:29<17:00:45,  1.44s/it] 15%|█▌        | 7553/50005 [3:21:31<16:59:20,  1.44s/it] 15%|█▌        | 7554/50005 [3:21:32<17:00:23,  1.44s/it] 15%|█▌        | 7555/50005 [3:21:34<17:00:02,  1.44s/it] 15%|█▌        | 7556/50005 [3:21:35<17:00:24,  1.44s/it] 15%|█▌        | 7557/50005 [3:21:37<17:00:54,  1.44s/it] 15%|█▌        | 7558/50005 [3:21:38<17:00:41,  1.44s/it] 15%|█▌        | 7559/50005 [3:21:39<17:00:47,  1.44s/it] 15%|█▌        | 7560/50005 [3:21:41<16:58:39,  1.44s/it] 15%|█▌        | 7561/50005 [3:21:42<17:00:06,  1.44s/it] 15%|█▌        | 7562/50005 [3:21:44<17:00:30,  1.44s/it] 15%|█▌        | 7563/50005 [3:21:46<19:52:34,  1.69s/it] 15%|█▌        | 7564/50005 [3:21:47<18:59:03,  1.61s/it] 15%|█▌        | 7565/50005 [3:21:49<18:21:24,  1.56s/it] 15%|█▌        | 7566/50005 [3:21:50<17:57:18,  1.52s/it] 15%|█▌        | 7567/50005 [3:21:52<17:41:00,  1.50s/it] 15%|█▌        | 7568/50005 [3:21:53<17:27:29,  1.48s/it] 15%|█▌        | 7569/50005 [3:21:55<17:19:26,  1.47s/it] 15%|█▌        | 7570/50005 [3:21:56<17:12:43,  1.46s/it] 15%|█▌        | 7571/50005 [3:21:58<17:08:59,  1.45s/it] 15%|█▌        | 7572/50005 [3:21:59<17:04:51,  1.45s/it] 15%|█▌        | 7573/50005 [3:22:00<17:03:17,  1.45s/it] 15%|█▌        | 7574/50005 [3:22:02<17:02:12,  1.45s/it] 15%|█▌        | 7575/50005 [3:22:03<17:02:04,  1.45s/it] 15%|█▌        | 7576/50005 [3:22:05<17:01:55,  1.45s/it] 15%|█▌        | 7577/50005 [3:22:06<17:02:50,  1.45s/it] 15%|█▌        | 7578/50005 [3:22:08<17:02:10,  1.45s/it] 15%|█▌        | 7579/50005 [3:22:09<17:01:38,  1.44s/it] 15%|█▌        | 7580/50005 [3:22:11<16:59:27,  1.44s/it] 15%|█▌        | 7581/50005 [3:22:12<17:00:20,  1.44s/it] 15%|█▌        | 7582/50005 [3:22:13<17:00:58,  1.44s/it] 15%|█▌        | 7583/50005 [3:22:15<17:00:44,  1.44s/it] 15%|█▌        | 7584/50005 [3:22:16<16:59:18,  1.44s/it] 15%|█▌        | 7585/50005 [3:22:18<16:59:43,  1.44s/it] 15%|█▌        | 7586/50005 [3:22:19<17:00:05,  1.44s/it] 15%|█▌        | 7587/50005 [3:22:21<17:00:21,  1.44s/it] 15%|█▌        | 7588/50005 [3:22:22<16:58:17,  1.44s/it] 15%|█▌        | 7589/50005 [3:22:23<16:57:28,  1.44s/it] 15%|█▌        | 7590/50005 [3:22:25<16:58:41,  1.44s/it] 15%|█▌        | 7591/50005 [3:22:26<16:58:05,  1.44s/it] 15%|█▌        | 7592/50005 [3:22:28<16:57:09,  1.44s/it] 15%|█▌        | 7593/50005 [3:22:29<16:55:40,  1.44s/it] 15%|█▌        | 7594/50005 [3:22:31<16:56:01,  1.44s/it] 15%|█▌        | 7595/50005 [3:22:32<16:57:34,  1.44s/it] 15%|█▌        | 7596/50005 [3:22:34<16:59:09,  1.44s/it] 15%|█▌        | 7597/50005 [3:22:35<16:59:33,  1.44s/it] 15%|█▌        | 7598/50005 [3:22:36<16:59:51,  1.44s/it] 15%|█▌        | 7599/50005 [3:22:38<16:59:44,  1.44s/it] 15%|█▌        | 7600/50005 [3:22:39<16:57:58,  1.44s/it] 15%|█▌        | 7601/50005 [3:22:41<16:57:29,  1.44s/it]
Validation:   0%|          | 0/100 [00:00<?, ?it/s][A
Validation:   1%|          | 1/100 [00:01<02:37,  1.59s/it][A
Validation:   2%|▏         | 2/100 [00:02<01:39,  1.02s/it][A
Validation:   3%|▎         | 3/100 [00:02<01:21,  1.20it/s][A
Validation:   4%|▍         | 4/100 [00:03<01:11,  1.34it/s][A
Validation:   5%|▌         | 5/100 [00:04<01:06,  1.43it/s][A
Validation:   6%|▌         | 6/100 [00:04<01:03,  1.49it/s][A
Validation:   7%|▋         | 7/100 [00:05<01:00,  1.53it/s][A
Validation:   8%|▊         | 8/100 [00:05<00:58,  1.56it/s][A
Validation:   9%|▉         | 9/100 [00:06<00:57,  1.59it/s][A
Validation:  10%|█         | 10/100 [00:07<00:56,  1.60it/s][A
Validation:  11%|█         | 11/100 [00:07<00:55,  1.61it/s][A
Validation:  12%|█▏        | 12/100 [00:08<00:54,  1.61it/s][A
Validation:  13%|█▎        | 13/100 [00:08<00:53,  1.62it/s][A
Validation:  14%|█▍        | 14/100 [00:09<00:52,  1.62it/s][A
Validation:  15%|█▌        | 15/100 [00:10<00:52,  1.63it/s][A
Validation:  16%|█▌        | 16/100 [00:10<00:51,  1.63it/s][A
Validation:  17%|█▋        | 17/100 [00:11<00:50,  1.63it/s][A
Validation:  18%|█▊        | 18/100 [00:12<00:50,  1.63it/s][A
Validation:  19%|█▉        | 19/100 [00:12<00:49,  1.63it/s][A
Validation:  20%|██        | 20/100 [00:13<00:49,  1.63it/s][A
Validation:  21%|██        | 21/100 [00:13<00:48,  1.63it/s][A
Validation:  22%|██▏       | 22/100 [00:14<00:47,  1.63it/s][A
Validation:  23%|██▎       | 23/100 [00:15<00:47,  1.63it/s][A
Validation:  24%|██▍       | 24/100 [00:15<00:46,  1.63it/s][A
Validation:  25%|██▌       | 25/100 [00:16<00:46,  1.63it/s][A
Validation:  26%|██▌       | 26/100 [00:16<00:45,  1.63it/s][A
Validation:  27%|██▋       | 27/100 [00:17<00:44,  1.63it/s][A
Validation:  28%|██▊       | 28/100 [00:18<00:44,  1.63it/s][A
Validation:  29%|██▉       | 29/100 [00:18<00:43,  1.63it/s][A
Validation:  30%|███       | 30/100 [00:19<00:43,  1.63it/s][A
Validation:  31%|███       | 31/100 [00:20<00:42,  1.62it/s][A
Validation:  32%|███▏      | 32/100 [00:20<00:41,  1.63it/s][A
Validation:  33%|███▎      | 33/100 [00:21<00:41,  1.63it/s][A
Validation:  34%|███▍      | 34/100 [00:21<00:40,  1.63it/s][A
Validation:  35%|███▌      | 35/100 [00:22<00:39,  1.63it/s][A
Validation:  36%|███▌      | 36/100 [00:23<00:39,  1.63it/s][A
Validation:  37%|███▋      | 37/100 [00:23<00:38,  1.63it/s][A
Validation:  38%|███▊      | 38/100 [00:24<00:38,  1.63it/s][A
Validation:  39%|███▉      | 39/100 [00:24<00:37,  1.63it/s][A
Validation:  40%|████      | 40/100 [00:25<00:36,  1.63it/s][A
Validation:  41%|████      | 41/100 [00:26<00:36,  1.63it/s][A
Validation:  42%|████▏     | 42/100 [00:26<00:35,  1.63it/s][A
Validation:  43%|████▎     | 43/100 [00:27<00:35,  1.63it/s][A
Validation:  44%|████▍     | 44/100 [00:28<00:34,  1.63it/s][A
Validation:  45%|████▌     | 45/100 [00:28<00:33,  1.63it/s][A
Validation:  46%|████▌     | 46/100 [00:29<00:33,  1.63it/s][A
Validation:  47%|████▋     | 47/100 [00:29<00:32,  1.63it/s][A
Validation:  48%|████▊     | 48/100 [00:30<00:31,  1.63it/s][A
Validation:  49%|████▉     | 49/100 [00:31<00:31,  1.63it/s][A
Validation:  50%|█████     | 50/100 [00:31<00:30,  1.63it/s][A
Validation:  51%|█████     | 51/100 [00:32<00:30,  1.63it/s][A
Validation:  52%|█████▏    | 52/100 [00:32<00:29,  1.63it/s][A
Validation:  53%|█████▎    | 53/100 [00:33<00:28,  1.63it/s][A
Validation:  54%|█████▍    | 54/100 [00:34<00:28,  1.63it/s][A
Validation:  55%|█████▌    | 55/100 [00:34<00:27,  1.63it/s][A
Validation:  56%|█████▌    | 56/100 [00:35<00:26,  1.63it/s][A
Validation:  57%|█████▋    | 57/100 [00:35<00:26,  1.63it/s][A
Validation:  58%|█████▊    | 58/100 [00:36<00:25,  1.63it/s][A
Validation:  59%|█████▉    | 59/100 [00:37<00:25,  1.63it/s][A
Validation:  60%|██████    | 60/100 [00:37<00:24,  1.63it/s][A
Validation:  61%|██████    | 61/100 [00:38<00:23,  1.63it/s][A
Validation:  62%|██████▏   | 62/100 [00:39<00:23,  1.63it/s][A
Validation:  63%|██████▎   | 63/100 [00:39<00:22,  1.63it/s][A
Validation:  64%|██████▍   | 64/100 [00:40<00:22,  1.63it/s][A
Validation:  65%|██████▌   | 65/100 [00:40<00:21,  1.62it/s][A
Validation:  66%|██████▌   | 66/100 [00:41<00:20,  1.63it/s][A
Validation:  67%|██████▋   | 67/100 [00:42<00:20,  1.63it/s][A
Validation:  68%|██████▊   | 68/100 [00:42<00:19,  1.63it/s][A
Validation:  69%|██████▉   | 69/100 [00:43<00:19,  1.63it/s][A
Validation:  70%|███████   | 70/100 [00:43<00:18,  1.63it/s][A
Validation:  71%|███████   | 71/100 [00:44<00:17,  1.63it/s][A
Validation:  72%|███████▏  | 72/100 [00:45<00:17,  1.63it/s][A
Validation:  73%|███████▎  | 73/100 [00:45<00:16,  1.63it/s][A
Validation:  74%|███████▍  | 74/100 [00:46<00:15,  1.63it/s][A
Validation:  75%|███████▌  | 75/100 [00:47<00:15,  1.63it/s][A
Validation:  76%|███████▌  | 76/100 [00:47<00:14,  1.63it/s][A
Validation:  77%|███████▋  | 77/100 [00:48<00:14,  1.63it/s][A
Validation:  78%|███████▊  | 78/100 [00:48<00:13,  1.63it/s][A
Validation:  79%|███████▉  | 79/100 [00:49<00:12,  1.63it/s][A
Validation:  80%|████████  | 80/100 [00:50<00:12,  1.63it/s][A
Validation:  81%|████████  | 81/100 [00:50<00:11,  1.63it/s][A
Validation:  82%|████████▏ | 82/100 [00:51<00:11,  1.63it/s][A
Validation:  83%|████████▎ | 83/100 [00:51<00:10,  1.63it/s][A
Validation:  84%|████████▍ | 84/100 [00:52<00:09,  1.63it/s][A
Validation:  85%|████████▌ | 85/100 [00:53<00:09,  1.63it/s][A
Validation:  86%|████████▌ | 86/100 [00:53<00:08,  1.63it/s][A
Validation:  87%|████████▋ | 87/100 [00:54<00:07,  1.63it/s][A
Validation:  88%|████████▊ | 88/100 [00:55<00:07,  1.63it/s][A
Validation:  89%|████████▉ | 89/100 [00:55<00:06,  1.63it/s][A
Validation:  90%|█████████ | 90/100 [00:56<00:06,  1.63it/s][A
Validation:  91%|█████████ | 91/100 [00:56<00:05,  1.63it/s][A
Validation:  92%|█████████▏| 92/100 [00:57<00:04,  1.63it/s][A
Validation:  93%|█████████▎| 93/100 [00:58<00:04,  1.63it/s][A
Validation:  94%|█████████▍| 94/100 [00:58<00:03,  1.63it/s][A
Validation:  95%|█████████▌| 95/100 [00:59<00:03,  1.63it/s][A
Validation:  96%|█████████▌| 96/100 [00:59<00:02,  1.63it/s][A
Validation:  97%|█████████▋| 97/100 [01:00<00:01,  1.63it/s][A
Validation:  98%|█████████▊| 98/100 [01:01<00:01,  1.63it/s][A
Validation:  99%|█████████▉| 99/100 [01:01<00:00,  1.63it/s][A
Validation: 100%|██████████| 100/100 [01:02<00:00,  1.63it/s][A
                                                             [A 15%|█▌        | 7602/50005 [3:23:45<237:51:24, 20.19s/it] 15%|█▌        | 7603/50005 [3:23:46<171:34:28, 14.57s/it] 15%|█▌        | 7604/50005 [3:23:48<125:10:29, 10.63s/it] 15%|█▌        | 7605/50005 [3:23:49<92:41:03,  7.87s/it]  15%|█▌        | 7606/50005 [3:23:50<69:57:56,  5.94s/it] 15%|█▌        | 7607/50005 [3:23:52<54:04:59,  4.59s/it] 15%|█▌        | 7608/50005 [3:23:53<42:57:44,  3.65s/it] 15%|█▌        | 7609/50005 [3:23:55<35:10:05,  2.99s/it] 15%|█▌        | 7610/50005 [3:23:56<29:43:02,  2.52s/it] 15%|█▌        | 7611/50005 [3:23:58<25:53:46,  2.20s/it] 15%|█▌        | 7612/50005 [3:23:59<23:11:39,  1.97s/it] 15%|█▌        | 7613/50005 [3:24:01<21:18:06,  1.81s/it] 15%|█▌        | 7614/50005 [3:24:02<20:00:36,  1.70s/it] 15%|█▌        | 7615/50005 [3:24:03<19:06:17,  1.62s/it] 15%|█▌        | 7616/50005 [3:24:05<18:28:04,  1.57s/it] 15%|█▌        | 7617/50005 [3:24:06<18:00:02,  1.53s/it] 15%|█▌        | 7618/50005 [3:24:08<17:40:52,  1.50s/it] 15%|█▌        | 7619/50005 [3:24:09<17:26:34,  1.48s/it] 15%|█▌        | 7620/50005 [3:24:11<17:18:21,  1.47s/it] 15%|█▌        | 7621/50005 [3:24:12<17:13:16,  1.46s/it] 15%|█▌        | 7622/50005 [3:24:14<17:09:21,  1.46s/it] 15%|█▌        | 7623/50005 [3:24:15<17:05:45,  1.45s/it] 15%|█▌        | 7624/50005 [3:24:16<17:02:55,  1.45s/it] 15%|█▌        | 7625/50005 [3:24:18<17:01:11,  1.45s/it] 15%|█▌        | 7626/50005 [3:24:19<17:00:16,  1.44s/it] 15%|█▌        | 7627/50005 [3:24:21<16:59:20,  1.44s/it] 15%|█▌        | 7628/50005 [3:24:22<16:57:00,  1.44s/it] 15%|█▌        | 7629/50005 [3:24:24<16:57:48,  1.44s/it] 15%|█▌        | 7630/50005 [3:24:25<16:57:52,  1.44s/it] 15%|█▌        | 7631/50005 [3:24:26<16:57:14,  1.44s/it] 15%|█▌        | 7632/50005 [3:24:28<16:56:49,  1.44s/it] 15%|█▌        | 7633/50005 [3:24:29<16:57:06,  1.44s/it] 15%|█▌        | 7634/50005 [3:24:31<16:56:15,  1.44s/it] 15%|█▌        | 7635/50005 [3:24:32<16:57:10,  1.44s/it] 15%|█▌        | 7636/50005 [3:24:34<16:57:57,  1.44s/it] 15%|█▌        | 7637/50005 [3:24:35<16:56:37,  1.44s/it] 15%|█▌        | 7638/50005 [3:24:37<16:57:04,  1.44s/it] 15%|█▌        | 7639/50005 [3:24:38<16:55:51,  1.44s/it] 15%|█▌        | 7640/50005 [3:24:39<16:56:49,  1.44s/it] 15%|█▌        | 7641/50005 [3:24:41<16:56:50,  1.44s/it] 15%|█▌        | 7642/50005 [3:24:42<16:57:54,  1.44s/it] 15%|█▌        | 7643/50005 [3:24:44<16:59:27,  1.44s/it] 15%|█▌        | 7644/50005 [3:24:45<17:00:17,  1.45s/it] 15%|█▌        | 7645/50005 [3:24:47<16:58:51,  1.44s/it] 15%|█▌        | 7646/50005 [3:24:48<16:59:13,  1.44s/it] 15%|█▌        | 7647/50005 [3:24:50<16:57:24,  1.44s/it] 15%|█▌        | 7648/50005 [3:24:51<16:58:02,  1.44s/it] 15%|█▌        | 7649/50005 [3:24:52<16:57:03,  1.44s/it] 15%|█▌        | 7650/50005 [3:24:54<16:56:34,  1.44s/it] 15%|█▌        | 7651/50005 [3:24:55<16:57:49,  1.44s/it] 15%|█▌        | 7652/50005 [3:24:57<16:55:27,  1.44s/it] 15%|█▌        | 7653/50005 [3:24:58<16:56:37,  1.44s/it] 15%|█▌        | 7654/50005 [3:25:00<16:57:36,  1.44s/it] 15%|█▌        | 7655/50005 [3:25:01<16:58:27,  1.44s/it] 15%|█▌        | 7656/50005 [3:25:03<16:58:32,  1.44s/it] 15%|█▌        | 7657/50005 [3:25:04<16:55:52,  1.44s/it] 15%|█▌        | 7658/50005 [3:25:05<16:56:42,  1.44s/it] 15%|█▌        | 7659/50005 [3:25:07<16:56:57,  1.44s/it] 15%|█▌        | 7660/50005 [3:25:08<16:57:56,  1.44s/it] 15%|█▌        | 7661/50005 [3:25:10<16:59:11,  1.44s/it] 15%|█▌        | 7662/50005 [3:25:11<16:59:56,  1.45s/it] 15%|█▌        | 7663/50005 [3:25:13<16:59:40,  1.44s/it] 15%|█▌        | 7664/50005 [3:25:14<16:59:20,  1.44s/it] 15%|█▌        | 7665/50005 [3:25:16<16:59:11,  1.44s/it] 15%|█▌        | 7666/50005 [3:25:17<17:11:44,  1.46s/it] 15%|█▌        | 7667/50005 [3:25:19<17:25:20,  1.48s/it] 15%|█▌        | 7668/50005 [3:25:20<17:14:58,  1.47s/it] 15%|█▌        | 7669/50005 [3:25:21<17:11:00,  1.46s/it] 15%|█▌        | 7670/50005 [3:25:23<17:07:55,  1.46s/it] 15%|█▌        | 7671/50005 [3:25:24<17:12:42,  1.46s/it] 15%|█▌        | 7672/50005 [3:25:26<17:23:27,  1.48s/it] 15%|█▌        | 7673/50005 [3:25:27<17:15:16,  1.47s/it] 15%|█▌        | 7674/50005 [3:25:29<17:10:48,  1.46s/it] 15%|█▌        | 7675/50005 [3:25:30<17:07:39,  1.46s/it] 15%|█▌        | 7676/50005 [3:25:32<17:03:29,  1.45s/it] 15%|█▌        | 7677/50005 [3:25:33<17:06:53,  1.46s/it] 15%|█▌        | 7678/50005 [3:25:35<17:04:30,  1.45s/it] 15%|█▌        | 7679/50005 [3:25:37<21:46:04,  1.85s/it] 15%|█▌        | 7680/50005 [3:25:45<42:47:27,  3.64s/it] 15%|█▌        | 7681/50005 [3:25:47<35:07:17,  2.99s/it] 15%|█▌        | 7682/50005 [3:25:48<29:38:09,  2.52s/it] 15%|█▌        | 7683/50005 [3:25:49<25:49:34,  2.20s/it] 15%|█▌        | 7684/50005 [3:25:51<23:08:03,  1.97s/it] 15%|█▌        | 7685/50005 [3:25:52<21:16:38,  1.81s/it] 15%|█▌        | 7686/50005 [3:25:54<19:56:22,  1.70s/it] 15%|█▌        | 7687/50005 [3:25:55<19:02:43,  1.62s/it] 15%|█▌        | 7688/50005 [3:25:57<18:24:44,  1.57s/it] 15%|█▌        | 7689/50005 [3:25:58<17:58:08,  1.53s/it] 15%|█▌        | 7690/50005 [3:26:00<17:38:35,  1.50s/it] 15%|█▌        | 7691/50005 [3:26:01<17:26:45,  1.48s/it] 15%|█▌        | 7692/50005 [3:26:02<17:16:48,  1.47s/it] 15%|█▌        | 7693/50005 [3:26:04<17:11:17,  1.46s/it] 15%|█▌        | 7694/50005 [3:26:05<17:06:28,  1.46s/it] 15%|█▌        | 7695/50005 [3:26:07<17:02:14,  1.45s/it] 15%|█▌        | 7696/50005 [3:26:08<17:01:06,  1.45s/it] 15%|█▌        | 7697/50005 [3:26:10<17:00:29,  1.45s/it] 15%|█▌        | 7698/50005 [3:26:11<16:59:53,  1.45s/it] 15%|█▌        | 7699/50005 [3:26:13<16:57:55,  1.44s/it] 15%|█▌        | 7700/50005 [3:26:14<16:57:59,  1.44s/it] 15%|█▌        | 7701/50005 [3:26:15<17:01:34,  1.45s/it] 15%|█▌        | 7702/50005 [3:26:17<16:58:47,  1.44s/it] 15%|█▌        | 7703/50005 [3:26:18<16:58:48,  1.45s/it] 15%|█▌        | 7704/50005 [3:26:20<16:56:00,  1.44s/it] 15%|█▌        | 7705/50005 [3:26:21<16:56:40,  1.44s/it] 15%|█▌        | 7706/50005 [3:26:23<16:56:42,  1.44s/it] 15%|█▌        | 7707/50005 [3:26:24<16:55:09,  1.44s/it] 15%|█▌        | 7708/50005 [3:26:25<16:53:54,  1.44s/it] 15%|█▌        | 7709/50005 [3:26:27<16:54:44,  1.44s/it] 15%|█▌        | 7710/50005 [3:26:28<16:55:51,  1.44s/it] 15%|█▌        | 7711/50005 [3:26:30<16:56:21,  1.44s/it] 15%|█▌        | 7712/50005 [3:26:31<16:55:17,  1.44s/it] 15%|█▌        | 7713/50005 [3:26:33<16:54:13,  1.44s/it] 15%|█▌        | 7714/50005 [3:26:34<16:53:34,  1.44s/it] 15%|█▌        | 7715/50005 [3:26:36<16:52:48,  1.44s/it] 15%|█▌        | 7716/50005 [3:26:37<16:52:13,  1.44s/it] 15%|█▌        | 7717/50005 [3:26:38<16:54:44,  1.44s/it] 15%|█▌        | 7718/50005 [3:26:40<16:53:59,  1.44s/it] 15%|█▌        | 7719/50005 [3:26:41<16:55:00,  1.44s/it] 15%|█▌        | 7720/50005 [3:26:43<16:54:56,  1.44s/it] 15%|█▌        | 7721/50005 [3:26:44<16:55:24,  1.44s/it] 15%|█▌        | 7722/50005 [3:26:46<16:56:17,  1.44s/it] 15%|█▌        | 7723/50005 [3:26:47<16:57:20,  1.44s/it] 15%|█▌        | 7724/50005 [3:26:49<16:55:20,  1.44s/it] 15%|█▌        | 7725/50005 [3:26:50<16:53:42,  1.44s/it] 15%|█▌        | 7726/50005 [3:26:51<16:52:56,  1.44s/it] 15%|█▌        | 7727/50005 [3:26:53<16:52:22,  1.44s/it] 15%|█▌        | 7728/50005 [3:26:54<16:53:17,  1.44s/it] 15%|█▌        | 7729/50005 [3:26:56<16:54:39,  1.44s/it] 15%|█▌        | 7730/50005 [3:26:57<16:54:51,  1.44s/it] 15%|█▌        | 7731/50005 [3:26:59<16:55:11,  1.44s/it] 15%|█▌        | 7732/50005 [3:27:00<16:55:36,  1.44s/it] 15%|█▌        | 7733/50005 [3:27:01<16:56:09,  1.44s/it] 15%|█▌        | 7734/50005 [3:27:03<16:54:37,  1.44s/it] 15%|█▌        | 7735/50005 [3:27:04<16:52:48,  1.44s/it] 15%|█▌        | 7736/50005 [3:27:06<16:54:15,  1.44s/it] 15%|█▌        | 7737/50005 [3:27:07<16:55:09,  1.44s/it] 15%|█▌        | 7738/50005 [3:27:09<16:55:37,  1.44s/it] 15%|█▌        | 7739/50005 [3:27:10<16:56:27,  1.44s/it] 15%|█▌        | 7740/50005 [3:27:12<16:56:34,  1.44s/it] 15%|█▌        | 7741/50005 [3:27:13<16:57:23,  1.44s/it] 15%|█▌        | 7742/50005 [3:27:14<16:55:16,  1.44s/it] 15%|█▌        | 7743/50005 [3:27:16<16:56:14,  1.44s/it] 15%|█▌        | 7744/50005 [3:27:17<16:56:39,  1.44s/it] 15%|█▌        | 7745/50005 [3:27:19<16:57:12,  1.44s/it] 15%|█▌        | 7746/50005 [3:27:20<16:57:07,  1.44s/it] 15%|█▌        | 7747/50005 [3:27:22<16:57:15,  1.44s/it] 15%|█▌        | 7748/50005 [3:27:23<16:56:36,  1.44s/it] 15%|█▌        | 7749/50005 [3:27:25<16:55:16,  1.44s/it] 15%|█▌        | 7750/50005 [3:27:26<16:55:28,  1.44s/it] 16%|█▌        | 7751/50005 [3:27:27<16:54:57,  1.44s/it] 16%|█▌        | 7752/50005 [3:27:29<16:53:22,  1.44s/it] 16%|█▌        | 7753/50005 [3:27:30<16:54:28,  1.44s/it] 16%|█▌        | 7754/50005 [3:27:32<16:54:58,  1.44s/it] 16%|█▌        | 7755/50005 [3:27:33<16:55:58,  1.44s/it] 16%|█▌        | 7756/50005 [3:27:35<16:56:15,  1.44s/it] 16%|█▌        | 7757/50005 [3:27:36<16:56:36,  1.44s/it] 16%|█▌        | 7758/50005 [3:27:38<16:56:50,  1.44s/it] 16%|█▌        | 7759/50005 [3:27:39<16:56:51,  1.44s/it] 16%|█▌        | 7760/50005 [3:27:40<16:54:53,  1.44s/it] 16%|█▌        | 7761/50005 [3:27:42<16:53:54,  1.44s/it] 16%|█▌        | 7762/50005 [3:27:43<16:54:15,  1.44s/it] 16%|█▌        | 7763/50005 [3:27:45<16:53:04,  1.44s/it] 16%|█▌        | 7764/50005 [3:27:46<16:54:45,  1.44s/it] 16%|█▌        | 7765/50005 [3:27:48<16:53:44,  1.44s/it] 16%|█▌        | 7766/50005 [3:27:49<16:54:51,  1.44s/it] 16%|█▌        | 7767/50005 [3:27:51<16:55:40,  1.44s/it] 16%|█▌        | 7768/50005 [3:27:52<16:54:13,  1.44s/it] 16%|█▌        | 7769/50005 [3:27:53<16:55:28,  1.44s/it] 16%|█▌        | 7770/50005 [3:27:55<16:55:51,  1.44s/it] 16%|█▌        | 7771/50005 [3:27:56<16:54:24,  1.44s/it] 16%|█▌        | 7772/50005 [3:27:58<16:54:12,  1.44s/it] 16%|█▌        | 7773/50005 [3:27:59<16:55:32,  1.44s/it] 16%|█▌        | 7774/50005 [3:28:01<16:56:06,  1.44s/it] 16%|█▌        | 7775/50005 [3:28:02<16:56:04,  1.44s/it] 16%|█▌        | 7776/50005 [3:28:03<16:54:35,  1.44s/it] 16%|█▌        | 7777/50005 [3:28:05<16:53:23,  1.44s/it] 16%|█▌        | 7778/50005 [3:28:06<16:54:32,  1.44s/it] 16%|█▌        | 7779/50005 [3:28:08<16:55:10,  1.44s/it] 16%|█▌        | 7780/50005 [3:28:09<16:56:09,  1.44s/it] 16%|█▌        | 7781/50005 [3:28:11<16:54:02,  1.44s/it] 16%|█▌        | 7782/50005 [3:28:12<16:53:10,  1.44s/it] 16%|█▌        | 7783/50005 [3:28:14<16:51:44,  1.44s/it] 16%|█▌        | 7784/50005 [3:28:15<16:53:06,  1.44s/it] 16%|█▌        | 7785/50005 [3:28:16<16:52:07,  1.44s/it] 16%|█▌        | 7786/50005 [3:28:18<16:53:44,  1.44s/it] 16%|█▌        | 7787/50005 [3:28:19<16:54:12,  1.44s/it] 16%|█▌        | 7788/50005 [3:28:21<16:55:15,  1.44s/it] 16%|█▌        | 7789/50005 [3:28:22<16:56:05,  1.44s/it] 16%|█▌        | 7790/50005 [3:28:24<16:55:12,  1.44s/it] 16%|█▌        | 7791/50005 [3:28:25<16:53:07,  1.44s/it] 16%|█▌        | 7792/50005 [3:28:27<16:51:54,  1.44s/it] 16%|█▌        | 7793/50005 [3:28:28<16:53:00,  1.44s/it] 16%|█▌        | 7794/50005 [3:28:29<16:54:02,  1.44s/it] 16%|█▌        | 7795/50005 [3:28:31<16:54:21,  1.44s/it] 16%|█▌        | 7796/50005 [3:28:32<16:52:30,  1.44s/it] 16%|█▌        | 7797/50005 [3:28:34<16:53:17,  1.44s/it] 16%|█▌        | 7798/50005 [3:28:35<16:54:35,  1.44s/it] 16%|█▌        | 7799/50005 [3:28:37<16:55:25,  1.44s/it] 16%|█▌        | 7800/50005 [3:28:38<16:53:30,  1.44s/it] 16%|█▌        | 7801/50005 [3:28:40<16:52:30,  1.44s/it] 16%|█▌        | 7802/50005 [3:28:41<16:51:16,  1.44s/it] 16%|█▌        | 7803/50005 [3:28:42<16:51:51,  1.44s/it] 16%|█▌        | 7804/50005 [3:28:44<16:52:48,  1.44s/it] 16%|█▌        | 7805/50005 [3:28:45<16:51:28,  1.44s/it] 16%|█▌        | 7806/50005 [3:28:47<16:52:55,  1.44s/it] 16%|█▌        | 7807/50005 [3:28:48<16:54:00,  1.44s/it] 16%|█▌        | 7808/50005 [3:28:50<16:52:03,  1.44s/it] 16%|█▌        | 7809/50005 [3:28:51<16:53:36,  1.44s/it] 16%|█▌        | 7810/50005 [3:28:52<16:53:11,  1.44s/it] 16%|█▌        | 7811/50005 [3:28:54<16:54:26,  1.44s/it] 16%|█▌        | 7812/50005 [3:28:55<16:52:59,  1.44s/it] 16%|█▌        | 7813/50005 [3:28:57<16:53:01,  1.44s/it] 16%|█▌        | 7814/50005 [3:28:58<16:51:34,  1.44s/it] 16%|█▌        | 7815/50005 [3:29:00<16:51:36,  1.44s/it] 16%|█▌        | 7816/50005 [3:29:01<16:50:28,  1.44s/it] 16%|█▌        | 7817/50005 [3:29:03<16:49:59,  1.44s/it] 16%|█▌        | 7818/50005 [3:29:04<16:51:37,  1.44s/it] 16%|█▌        | 7819/50005 [3:29:05<16:52:14,  1.44s/it] 16%|█▌        | 7820/50005 [3:29:07<16:53:08,  1.44s/it] 16%|█▌        | 7821/50005 [3:29:08<16:52:07,  1.44s/it] 16%|█▌        | 7822/50005 [3:29:10<16:50:49,  1.44s/it] 16%|█▌        | 7823/50005 [3:29:11<16:50:47,  1.44s/it] 16%|█▌        | 7824/50005 [3:29:13<16:49:59,  1.44s/it] 16%|█▌        | 7825/50005 [3:29:14<16:51:22,  1.44s/it] 16%|█▌        | 7826/50005 [3:29:15<16:51:07,  1.44s/it] 16%|█▌        | 7827/50005 [3:29:17<16:52:28,  1.44s/it] 16%|█▌        | 7828/50005 [3:29:18<16:53:30,  1.44s/it] 16%|█▌        | 7829/50005 [3:29:20<16:52:54,  1.44s/it] 16%|█▌        | 7830/50005 [3:29:21<16:52:09,  1.44s/it] 16%|█▌        | 7831/50005 [3:29:23<16:53:09,  1.44s/it] 16%|█▌        | 7832/50005 [3:29:24<16:53:28,  1.44s/it] 16%|█▌        | 7833/50005 [3:29:26<16:54:15,  1.44s/it] 16%|█▌        | 7834/50005 [3:29:27<16:54:02,  1.44s/it] 16%|█▌        | 7835/50005 [3:29:28<16:54:18,  1.44s/it] 16%|█▌        | 7836/50005 [3:29:30<16:52:05,  1.44s/it] 16%|█▌        | 7837/50005 [3:29:31<16:53:28,  1.44s/it] 16%|█▌        | 7838/50005 [3:29:33<16:52:39,  1.44s/it] 16%|█▌        | 7839/50005 [3:29:34<16:53:17,  1.44s/it] 16%|█▌        | 7840/50005 [3:29:36<16:51:11,  1.44s/it] 16%|█▌        | 7841/50005 [3:29:37<16:51:09,  1.44s/it] 16%|█▌        | 7842/50005 [3:29:39<16:51:58,  1.44s/it] 16%|█▌        | 7843/50005 [3:29:40<16:51:25,  1.44s/it] 16%|█▌        | 7844/50005 [3:29:41<16:52:10,  1.44s/it] 16%|█▌        | 7845/50005 [3:29:43<16:53:25,  1.44s/it] 16%|█▌        | 7846/50005 [3:29:44<16:53:44,  1.44s/it] 16%|█▌        | 7847/50005 [3:29:46<16:52:06,  1.44s/it] 16%|█▌        | 7848/50005 [3:29:47<16:52:45,  1.44s/it] 16%|█▌        | 7849/50005 [3:29:49<16:53:20,  1.44s/it] 16%|█▌        | 7850/50005 [3:29:50<16:54:06,  1.44s/it] 16%|█▌        | 7851/50005 [3:29:52<16:54:44,  1.44s/it] 16%|█▌        | 7852/50005 [3:29:53<16:53:00,  1.44s/it] 16%|█▌        | 7853/50005 [3:29:54<16:51:05,  1.44s/it] 16%|█▌        | 7854/50005 [3:29:56<16:52:14,  1.44s/it] 16%|█▌        | 7855/50005 [3:29:57<16:51:55,  1.44s/it] 16%|█▌        | 7856/50005 [3:29:59<16:51:06,  1.44s/it] 16%|█▌        | 7857/50005 [3:30:00<16:50:32,  1.44s/it] 16%|█▌        | 7858/50005 [3:30:02<16:51:27,  1.44s/it] 16%|█▌        | 7859/50005 [3:30:03<16:51:57,  1.44s/it] 16%|█▌        | 7860/50005 [3:30:04<16:52:36,  1.44s/it] 16%|█▌        | 7861/50005 [3:30:06<16:53:30,  1.44s/it] 16%|█▌        | 7862/50005 [3:30:07<16:51:10,  1.44s/it] 16%|█▌        | 7863/50005 [3:30:09<16:50:07,  1.44s/it] 16%|█▌        | 7864/50005 [3:30:10<16:49:23,  1.44s/it] 16%|█▌        | 7865/50005 [3:30:12<16:49:06,  1.44s/it] 16%|█▌        | 7866/50005 [3:30:13<16:50:51,  1.44s/it] 16%|█▌        | 7867/50005 [3:30:15<16:52:22,  1.44s/it] 16%|█▌        | 7868/50005 [3:30:16<16:50:22,  1.44s/it] 16%|█▌        | 7869/50005 [3:30:17<16:51:30,  1.44s/it] 16%|█▌        | 7870/50005 [3:30:19<16:49:32,  1.44s/it] 16%|█▌        | 7871/50005 [3:30:20<16:49:02,  1.44s/it] 16%|█▌        | 7872/50005 [3:30:22<16:47:50,  1.44s/it] 16%|█▌        | 7873/50005 [3:30:23<16:48:44,  1.44s/it] 16%|█▌        | 7874/50005 [3:30:25<16:49:44,  1.44s/it] 16%|█▌        | 7875/50005 [3:30:26<16:49:57,  1.44s/it] 16%|█▌        | 7876/50005 [3:30:28<16:50:38,  1.44s/it] 16%|█▌        | 7877/50005 [3:30:29<16:51:37,  1.44s/it] 16%|█▌        | 7878/50005 [3:30:30<16:52:08,  1.44s/it] 16%|█▌        | 7879/50005 [3:30:32<16:52:37,  1.44s/it] 16%|█▌        | 7880/50005 [3:30:33<16:52:27,  1.44s/it] 16%|█▌        | 7881/50005 [3:30:35<16:53:38,  1.44s/it] 16%|█▌        | 7882/50005 [3:30:36<16:51:27,  1.44s/it] 16%|█▌        | 7883/50005 [3:30:38<16:50:35,  1.44s/it] 16%|█▌        | 7884/50005 [3:30:39<16:51:27,  1.44s/it] 16%|█▌        | 7885/50005 [3:30:40<16:52:03,  1.44s/it] 16%|█▌        | 7886/50005 [3:30:42<16:52:46,  1.44s/it] 16%|█▌        | 7887/50005 [3:30:43<16:50:30,  1.44s/it] 16%|█▌        | 7888/50005 [3:30:45<16:52:16,  1.44s/it] 16%|█▌        | 7889/50005 [3:30:46<16:50:50,  1.44s/it] 16%|█▌        | 7890/50005 [3:30:48<16:50:30,  1.44s/it] 16%|█▌        | 7891/50005 [3:30:49<16:51:33,  1.44s/it] 16%|█▌        | 7892/50005 [3:30:51<16:51:52,  1.44s/it] 16%|█▌        | 7893/50005 [3:30:52<16:52:26,  1.44s/it] 16%|█▌        | 7894/50005 [3:30:53<16:53:09,  1.44s/it] 16%|█▌        | 7895/50005 [3:30:55<16:50:55,  1.44s/it] 16%|█▌        | 7896/50005 [3:30:56<16:49:37,  1.44s/it] 16%|█▌        | 7897/50005 [3:30:58<16:49:14,  1.44s/it] 16%|█▌        | 7898/50005 [3:30:59<16:49:21,  1.44s/it] 16%|█▌        | 7899/50005 [3:31:01<16:48:50,  1.44s/it] 16%|█▌        | 7900/50005 [3:31:02<16:48:17,  1.44s/it] 16%|█▌        | 7901/50005 [3:31:04<16:48:02,  1.44s/it] 16%|█▌        | 7902/50005 [3:31:05<16:50:26,  1.44s/it] 16%|█▌        | 7903/50005 [3:31:06<16:50:53,  1.44s/it] 16%|█▌        | 7904/50005 [3:31:08<16:49:56,  1.44s/it] 16%|█▌        | 7905/50005 [3:31:09<16:50:50,  1.44s/it] 16%|█▌        | 7906/50005 [3:31:11<16:50:14,  1.44s/it] 16%|█▌        | 7907/50005 [3:31:12<16:48:46,  1.44s/it] 16%|█▌        | 7908/50005 [3:31:14<16:48:10,  1.44s/it] 16%|█▌        | 7909/50005 [3:31:15<16:47:26,  1.44s/it] 16%|█▌        | 7910/50005 [3:31:16<16:49:25,  1.44s/it] 16%|█▌        | 7911/50005 [3:31:18<16:50:58,  1.44s/it] 16%|█▌        | 7912/50005 [3:31:19<16:50:10,  1.44s/it] 16%|█▌        | 7913/50005 [3:31:21<16:51:02,  1.44s/it] 16%|█▌        | 7914/50005 [3:31:22<16:49:28,  1.44s/it] 16%|█▌        | 7915/50005 [3:31:24<16:49:04,  1.44s/it] 16%|█▌        | 7916/50005 [3:31:25<16:50:07,  1.44s/it] 16%|█▌        | 7917/50005 [3:31:27<16:48:18,  1.44s/it] 16%|█▌        | 7918/50005 [3:31:28<16:47:20,  1.44s/it] 16%|█▌        | 7919/50005 [3:31:29<16:46:42,  1.44s/it] 16%|█▌        | 7920/50005 [3:31:31<16:48:57,  1.44s/it] 16%|█▌        | 7921/50005 [3:31:32<16:48:02,  1.44s/it] 16%|█▌        | 7922/50005 [3:31:34<16:49:50,  1.44s/it] 16%|█▌        | 7923/50005 [3:31:35<16:49:01,  1.44s/it] 16%|█▌        | 7924/50005 [3:31:37<16:48:03,  1.44s/it] 16%|█▌        | 7925/50005 [3:31:38<16:47:17,  1.44s/it] 16%|█▌        | 7926/50005 [3:31:39<16:47:29,  1.44s/it] 16%|█▌        | 7927/50005 [3:31:41<16:49:11,  1.44s/it] 16%|█▌        | 7928/50005 [3:31:42<16:48:46,  1.44s/it] 16%|█▌        | 7929/50005 [3:31:44<16:48:32,  1.44s/it] 16%|█▌        | 7930/50005 [3:31:45<16:47:30,  1.44s/it] 16%|█▌        | 7931/50005 [3:31:47<16:49:00,  1.44s/it] 16%|█▌        | 7932/50005 [3:31:48<16:49:51,  1.44s/it] 16%|█▌        | 7933/50005 [3:31:50<16:50:44,  1.44s/it] 16%|█▌        | 7934/50005 [3:31:51<16:51:48,  1.44s/it] 16%|█▌        | 7935/50005 [3:31:52<16:51:56,  1.44s/it] 16%|█▌        | 7936/50005 [3:31:54<16:52:31,  1.44s/it] 16%|█▌        | 7937/50005 [3:31:55<16:52:18,  1.44s/it] 16%|█▌        | 7938/50005 [3:31:57<16:50:37,  1.44s/it] 16%|█▌        | 7939/50005 [3:31:58<16:50:48,  1.44s/it] 16%|█▌        | 7940/50005 [3:32:00<16:51:30,  1.44s/it] 16%|█▌        | 7941/50005 [3:32:01<16:51:34,  1.44s/it] 16%|█▌        | 7942/50005 [3:32:03<16:52:25,  1.44s/it] 16%|█▌        | 7943/50005 [3:32:04<16:52:07,  1.44s/it] 16%|█▌        | 7944/50005 [3:32:05<16:52:11,  1.44s/it] 16%|█▌        | 7945/50005 [3:32:07<16:51:27,  1.44s/it] 16%|█▌        | 7946/50005 [3:32:08<16:50:18,  1.44s/it] 16%|█▌        | 7947/50005 [3:32:10<16:50:18,  1.44s/it] 16%|█▌        | 7948/50005 [3:32:11<16:49:09,  1.44s/it] 16%|█▌        | 7949/50005 [3:32:13<16:49:33,  1.44s/it] 16%|█▌        | 7950/50005 [3:32:14<16:50:28,  1.44s/it] 16%|█▌        | 7951/50005 [3:32:16<16:48:57,  1.44s/it] 16%|█▌        | 7952/50005 [3:32:17<16:50:21,  1.44s/it] 16%|█▌        | 7953/50005 [3:32:18<16:48:33,  1.44s/it] 16%|█▌        | 7954/50005 [3:32:20<16:49:40,  1.44s/it] 16%|█▌        | 7955/50005 [3:32:21<16:49:46,  1.44s/it] 16%|█▌        | 7956/50005 [3:32:23<16:50:36,  1.44s/it] 16%|█▌        | 7957/50005 [3:32:24<16:50:51,  1.44s/it] 16%|█▌        | 7958/50005 [3:32:26<16:48:28,  1.44s/it] 16%|█▌        | 7959/50005 [3:32:27<16:47:40,  1.44s/it] 16%|█▌        | 7960/50005 [3:32:28<16:49:11,  1.44s/it] 16%|█▌        | 7961/50005 [3:32:30<16:48:05,  1.44s/it] 16%|█▌        | 7962/50005 [3:32:31<16:48:41,  1.44s/it] 16%|█▌        | 7963/50005 [3:32:33<16:49:28,  1.44s/it] 16%|█▌        | 7964/50005 [3:32:34<16:47:45,  1.44s/it] 16%|█▌        | 7965/50005 [3:32:36<16:48:48,  1.44s/it] 16%|█▌        | 7966/50005 [3:32:37<16:50:13,  1.44s/it] 16%|█▌        | 7967/50005 [3:32:39<16:50:54,  1.44s/it] 16%|█▌        | 7968/50005 [3:32:40<16:48:54,  1.44s/it] 16%|█▌        | 7969/50005 [3:32:41<16:49:49,  1.44s/it] 16%|█▌        | 7970/50005 [3:32:43<16:49:00,  1.44s/it] 16%|█▌        | 7971/50005 [3:32:44<16:48:08,  1.44s/it] 16%|█▌        | 7972/50005 [3:32:46<16:47:48,  1.44s/it] 16%|█▌        | 7973/50005 [3:32:47<16:47:12,  1.44s/it] 16%|█▌        | 7974/50005 [3:32:49<16:46:30,  1.44s/it] 16%|█▌        | 7975/50005 [3:32:50<16:45:32,  1.44s/it] 16%|█▌        | 7976/50005 [3:32:52<16:47:49,  1.44s/it] 16%|█▌        | 7977/50005 [3:32:53<16:48:22,  1.44s/it] 16%|█▌        | 7978/50005 [3:32:54<16:48:41,  1.44s/it] 16%|█▌        | 7979/50005 [3:32:56<16:49:25,  1.44s/it] 16%|█▌        | 7980/50005 [3:32:57<16:49:33,  1.44s/it] 16%|█▌        | 7981/50005 [3:32:59<16:48:16,  1.44s/it] 16%|█▌        | 7982/50005 [3:33:00<16:49:19,  1.44s/it] 16%|█▌        | 7983/50005 [3:33:02<16:49:21,  1.44s/it] 16%|█▌        | 7984/50005 [3:33:03<16:50:18,  1.44s/it] 16%|█▌        | 7985/50005 [3:33:04<16:50:49,  1.44s/it] 16%|█▌        | 7986/50005 [3:33:06<16:51:13,  1.44s/it] 16%|█▌        | 7987/50005 [3:33:07<16:49:23,  1.44s/it] 16%|█▌        | 7988/50005 [3:33:09<16:47:28,  1.44s/it] 16%|█▌        | 7989/50005 [3:33:10<16:46:56,  1.44s/it] 16%|█▌        | 7990/50005 [3:33:12<16:48:19,  1.44s/it] 16%|█▌        | 7991/50005 [3:33:13<16:49:16,  1.44s/it] 16%|█▌        | 7992/50005 [3:33:15<16:50:07,  1.44s/it] 16%|█▌        | 7993/50005 [3:33:16<16:48:37,  1.44s/it] 16%|█▌        | 7994/50005 [3:33:17<16:47:12,  1.44s/it] 16%|█▌        | 7995/50005 [3:33:19<16:48:23,  1.44s/it] 16%|█▌        | 7996/50005 [3:33:20<16:47:19,  1.44s/it] 16%|█▌        | 7997/50005 [3:33:22<16:46:52,  1.44s/it] 16%|█▌        | 7998/50005 [3:33:23<16:46:55,  1.44s/it] 16%|█▌        | 7999/50005 [3:33:25<16:46:38,  1.44s/it] 16%|█▌        | 8000/50005 [3:33:26<16:46:56,  1.44s/it] 16%|█▌        | 8001/50005 [3:33:28<16:48:10,  1.44s/it]
Validation:   0%|          | 0/100 [00:00<?, ?it/s][A
Validation:   1%|          | 1/100 [00:01<01:44,  1.06s/it][A
Validation:   2%|▏         | 2/100 [00:01<01:18,  1.26it/s][A
Validation:   3%|▎         | 3/100 [00:02<01:09,  1.40it/s][A
Validation:   4%|▍         | 4/100 [00:02<01:04,  1.49it/s][A
Validation:   5%|▌         | 5/100 [00:03<01:01,  1.53it/s][A
Validation:   6%|▌         | 6/100 [00:04<00:59,  1.57it/s][A
Validation:   7%|▋         | 7/100 [00:04<00:58,  1.59it/s][A
Validation:   8%|▊         | 8/100 [00:05<00:57,  1.60it/s][A
Validation:   9%|▉         | 9/100 [00:05<00:56,  1.60it/s][A
Validation:  10%|█         | 10/100 [00:06<00:55,  1.61it/s][A
Validation:  11%|█         | 11/100 [00:07<00:55,  1.62it/s][A
Validation:  12%|█▏        | 12/100 [00:07<00:54,  1.62it/s][A
Validation:  13%|█▎        | 13/100 [00:08<00:53,  1.62it/s][A
Validation:  14%|█▍        | 14/100 [00:09<00:53,  1.62it/s][A
Validation:  15%|█▌        | 15/100 [00:09<00:52,  1.62it/s][A
Validation:  16%|█▌        | 16/100 [00:10<00:51,  1.62it/s][A
Validation:  17%|█▋        | 17/100 [00:10<00:51,  1.62it/s][A
Validation:  18%|█▊        | 18/100 [00:11<00:50,  1.63it/s][A
Validation:  19%|█▉        | 19/100 [00:12<00:49,  1.63it/s][A
Validation:  20%|██        | 20/100 [00:12<00:49,  1.63it/s][A
Validation:  21%|██        | 21/100 [00:13<00:48,  1.63it/s][A
Validation:  22%|██▏       | 22/100 [00:13<00:47,  1.63it/s][A
Validation:  23%|██▎       | 23/100 [00:14<00:47,  1.63it/s][A
Validation:  24%|██▍       | 24/100 [00:15<00:46,  1.63it/s][A
Validation:  25%|██▌       | 25/100 [00:15<00:46,  1.63it/s][A
Validation:  26%|██▌       | 26/100 [00:16<00:45,  1.63it/s][A
Validation:  27%|██▋       | 27/100 [00:17<00:44,  1.63it/s][A
Validation:  28%|██▊       | 28/100 [00:17<00:44,  1.63it/s][A
Validation:  29%|██▉       | 29/100 [00:18<00:43,  1.63it/s][A
Validation:  30%|███       | 30/100 [00:18<00:42,  1.63it/s][A
Validation:  31%|███       | 31/100 [00:19<00:42,  1.63it/s][A
Validation:  32%|███▏      | 32/100 [00:20<00:41,  1.63it/s][A
Validation:  33%|███▎      | 33/100 [00:20<00:41,  1.63it/s][A
Validation:  34%|███▍      | 34/100 [00:21<00:40,  1.63it/s][A
Validation:  35%|███▌      | 35/100 [00:21<00:39,  1.63it/s][A
Validation:  36%|███▌      | 36/100 [00:22<00:39,  1.63it/s][A
Validation:  37%|███▋      | 37/100 [00:23<00:38,  1.62it/s][A
Validation:  38%|███▊      | 38/100 [00:23<00:38,  1.63it/s][A
Validation:  39%|███▉      | 39/100 [00:24<00:37,  1.63it/s][A
Validation:  40%|████      | 40/100 [00:25<00:36,  1.63it/s][A
Validation:  41%|████      | 41/100 [00:25<00:36,  1.62it/s][A
Validation:  42%|████▏     | 42/100 [00:26<00:35,  1.62it/s][A
Validation:  43%|████▎     | 43/100 [00:26<00:35,  1.62it/s][A
Validation:  44%|████▍     | 44/100 [00:27<00:34,  1.62it/s][A
Validation:  45%|████▌     | 45/100 [00:28<00:33,  1.63it/s][A
Validation:  46%|████▌     | 46/100 [00:28<00:33,  1.62it/s][A
Validation:  47%|████▋     | 47/100 [00:29<00:32,  1.62it/s][A
Validation:  48%|████▊     | 48/100 [00:29<00:31,  1.63it/s][A
Validation:  49%|████▉     | 49/100 [00:30<00:31,  1.63it/s][A
Validation:  50%|█████     | 50/100 [00:31<00:30,  1.63it/s][A
Validation:  51%|█████     | 51/100 [00:31<00:30,  1.62it/s][A
Validation:  52%|█████▏    | 52/100 [00:32<00:29,  1.63it/s][A
Validation:  53%|█████▎    | 53/100 [00:33<00:28,  1.62it/s][A
Validation:  54%|█████▍    | 54/100 [00:33<00:28,  1.62it/s][A
Validation:  55%|█████▌    | 55/100 [00:34<00:27,  1.63it/s][A
Validation:  56%|█████▌    | 56/100 [00:34<00:27,  1.63it/s][A
Validation:  57%|█████▋    | 57/100 [00:35<00:26,  1.63it/s][A
Validation:  58%|█████▊    | 58/100 [00:36<00:25,  1.63it/s][A
Validation:  59%|█████▉    | 59/100 [00:36<00:25,  1.63it/s][A
Validation:  60%|██████    | 60/100 [00:37<00:24,  1.63it/s][A
Validation:  61%|██████    | 61/100 [00:37<00:23,  1.63it/s][A
Validation:  62%|██████▏   | 62/100 [00:38<00:23,  1.62it/s][A
Validation:  63%|██████▎   | 63/100 [00:39<00:22,  1.63it/s][A
Validation:  64%|██████▍   | 64/100 [00:39<00:22,  1.63it/s][A
Validation:  65%|██████▌   | 65/100 [00:40<00:21,  1.63it/s][A
Validation:  66%|██████▌   | 66/100 [00:41<00:20,  1.63it/s][A
Validation:  67%|██████▋   | 67/100 [00:41<00:20,  1.63it/s][A
Validation:  68%|██████▊   | 68/100 [00:42<00:19,  1.62it/s][A
Validation:  69%|██████▉   | 69/100 [00:42<00:19,  1.62it/s][A
Validation:  70%|███████   | 70/100 [00:43<00:18,  1.62it/s][A
Validation:  71%|███████   | 71/100 [00:44<00:17,  1.63it/s][A
Validation:  72%|███████▏  | 72/100 [00:44<00:17,  1.63it/s][A
Validation:  73%|███████▎  | 73/100 [00:45<00:16,  1.63it/s][A
Validation:  74%|███████▍  | 74/100 [00:45<00:15,  1.63it/s][A
Validation:  75%|███████▌  | 75/100 [00:46<00:15,  1.63it/s][A
Validation:  76%|███████▌  | 76/100 [00:47<00:14,  1.63it/s][A
Validation:  77%|███████▋  | 77/100 [00:47<00:14,  1.63it/s][A
Validation:  78%|███████▊  | 78/100 [00:48<00:13,  1.63it/s][A
Validation:  79%|███████▉  | 79/100 [00:48<00:12,  1.63it/s][A
Validation:  80%|████████  | 80/100 [00:49<00:12,  1.62it/s][A
Validation:  81%|████████  | 81/100 [00:50<00:11,  1.62it/s][A
Validation:  82%|████████▏ | 82/100 [00:50<00:11,  1.62it/s][A
Validation:  83%|████████▎ | 83/100 [00:51<00:10,  1.62it/s][A
Validation:  84%|████████▍ | 84/100 [00:52<00:09,  1.63it/s][A
Validation:  85%|████████▌ | 85/100 [00:52<00:09,  1.62it/s][A
Validation:  86%|████████▌ | 86/100 [00:53<00:08,  1.62it/s][A
Validation:  87%|████████▋ | 87/100 [00:53<00:07,  1.63it/s][A
Validation:  88%|████████▊ | 88/100 [00:54<00:07,  1.62it/s][A
Validation:  89%|████████▉ | 89/100 [00:55<00:06,  1.63it/s][A
Validation:  90%|█████████ | 90/100 [00:55<00:06,  1.63it/s][A
Validation:  91%|█████████ | 91/100 [00:56<00:05,  1.63it/s][A
Validation:  92%|█████████▏| 92/100 [00:56<00:04,  1.63it/s][A
Validation:  93%|█████████▎| 93/100 [00:57<00:04,  1.63it/s][A
Validation:  94%|█████████▍| 94/100 [00:58<00:03,  1.63it/s][A
Validation:  95%|█████████▌| 95/100 [00:58<00:03,  1.63it/s][A
Validation:  96%|█████████▌| 96/100 [00:59<00:02,  1.63it/s][A
Validation:  97%|█████████▋| 97/100 [01:00<00:01,  1.63it/s][A
Validation:  98%|█████████▊| 98/100 [01:00<00:01,  1.63it/s][A
Validation:  99%|█████████▉| 99/100 [01:01<00:00,  1.63it/s][A
Validation: 100%|██████████| 100/100 [01:01<00:00,  1.63it/s][A
                                                             [A 16%|█▌        | 8002/50005 [3:34:31<233:52:43, 20.05s/it] 16%|█▌        | 8003/50005 [3:34:32<168:45:41, 14.46s/it] 16%|█▌        | 8004/50005 [3:34:34<123:09:21, 10.56s/it] 16%|█▌        | 8005/50005 [3:34:35<91:15:37,  7.82s/it]  16%|█▌        | 8006/50005 [3:34:37<68:55:48,  5.91s/it] 16%|█▌        | 8007/50005 [3:34:38<53:16:03,  4.57s/it] 16%|█▌        | 8008/50005 [3:34:40<42:19:00,  3.63s/it] 16%|█▌        | 8009/50005 [3:34:41<34:41:14,  2.97s/it] 16%|█▌        | 8010/50005 [3:34:43<29:21:06,  2.52s/it] 16%|█▌        | 8011/50005 [3:34:44<25:33:41,  2.19s/it] 16%|█▌        | 8012/50005 [3:34:45<22:57:31,  1.97s/it] 16%|█▌        | 8013/50005 [3:34:47<21:07:03,  1.81s/it] 16%|█▌        | 8014/50005 [3:34:48<19:50:44,  1.70s/it] 16%|█▌        | 8015/50005 [3:34:50<18:55:23,  1.62s/it] 16%|█▌        | 8016/50005 [3:34:51<18:18:17,  1.57s/it] 16%|█▌        | 8017/50005 [3:34:53<17:52:01,  1.53s/it] 16%|█▌        | 8018/50005 [3:34:54<17:33:34,  1.51s/it] 16%|█▌        | 8019/50005 [3:34:55<17:20:37,  1.49s/it] 16%|█▌        | 8020/50005 [3:34:57<17:11:47,  1.47s/it] 16%|█▌        | 8021/50005 [3:34:58<17:10:26,  1.47s/it] 16%|█▌        | 8022/50005 [3:35:00<17:06:55,  1.47s/it] 16%|█▌        | 8023/50005 [3:35:01<17:01:53,  1.46s/it] 16%|█▌        | 8024/50005 [3:35:03<16:58:04,  1.46s/it] 16%|█▌        | 8025/50005 [3:35:04<16:53:36,  1.45s/it] 16%|█▌        | 8026/50005 [3:35:06<16:52:43,  1.45s/it] 16%|█▌        | 8027/50005 [3:35:07<16:51:58,  1.45s/it] 16%|█▌        | 8028/50005 [3:35:09<16:49:42,  1.44s/it] 16%|█▌        | 8029/50005 [3:35:10<16:49:30,  1.44s/it] 16%|█▌        | 8030/50005 [3:35:11<16:49:21,  1.44s/it] 16%|█▌        | 8031/50005 [3:35:13<16:50:37,  1.44s/it] 16%|█▌        | 8032/50005 [3:35:14<16:50:20,  1.44s/it] 16%|█▌        | 8033/50005 [3:35:16<16:50:38,  1.44s/it] 16%|█▌        | 8034/50005 [3:35:17<16:50:36,  1.44s/it] 16%|█▌        | 8035/50005 [3:35:19<16:50:16,  1.44s/it] 16%|█▌        | 8036/50005 [3:35:20<16:48:07,  1.44s/it] 16%|█▌        | 8037/50005 [3:35:21<16:48:12,  1.44s/it] 16%|█▌        | 8038/50005 [3:35:23<16:48:03,  1.44s/it] 16%|█▌        | 8039/50005 [3:35:24<16:47:49,  1.44s/it] 16%|█▌        | 8040/50005 [3:35:26<16:47:49,  1.44s/it] 16%|█▌        | 8041/50005 [3:35:27<16:48:47,  1.44s/it] 16%|█▌        | 8042/50005 [3:35:29<16:48:43,  1.44s/it] 16%|█▌        | 8043/50005 [3:35:30<16:49:49,  1.44s/it] 16%|█▌        | 8044/50005 [3:35:32<16:48:49,  1.44s/it] 16%|█▌        | 8045/50005 [3:35:33<16:47:28,  1.44s/it] 16%|█▌        | 8046/50005 [3:35:34<16:48:02,  1.44s/it] 16%|█▌        | 8047/50005 [3:35:36<16:48:23,  1.44s/it] 16%|█▌        | 8048/50005 [3:35:37<16:49:34,  1.44s/it] 16%|█▌        | 8049/50005 [3:35:39<16:50:20,  1.44s/it] 16%|█▌        | 8050/50005 [3:35:40<16:49:11,  1.44s/it] 16%|█▌        | 8051/50005 [3:35:42<16:47:33,  1.44s/it] 16%|█▌        | 8052/50005 [3:35:43<16:46:54,  1.44s/it] 16%|█▌        | 8053/50005 [3:35:45<16:45:42,  1.44s/it] 16%|█▌        | 8054/50005 [3:35:46<16:47:13,  1.44s/it] 16%|█▌        | 8055/50005 [3:35:47<16:47:46,  1.44s/it] 16%|█▌        | 8056/50005 [3:35:49<16:48:31,  1.44s/it] 16%|█▌        | 8057/50005 [3:35:50<16:46:44,  1.44s/it] 16%|█▌        | 8058/50005 [3:35:52<16:46:57,  1.44s/it] 16%|█▌        | 8059/50005 [3:35:53<16:47:53,  1.44s/it] 16%|█▌        | 8060/50005 [3:35:55<16:47:11,  1.44s/it] 16%|█▌        | 8061/50005 [3:35:56<16:45:57,  1.44s/it] 16%|█▌        | 8062/50005 [3:35:58<16:47:03,  1.44s/it] 16%|█▌        | 8063/50005 [3:35:59<16:47:31,  1.44s/it] 16%|█▌        | 8064/50005 [3:36:00<16:48:20,  1.44s/it] 16%|█▌        | 8065/50005 [3:36:02<16:48:03,  1.44s/it] 16%|█▌        | 8066/50005 [3:36:03<16:46:53,  1.44s/it] 16%|█▌        | 8067/50005 [3:36:05<16:45:41,  1.44s/it] 16%|█▌        | 8068/50005 [3:36:06<16:43:24,  1.44s/it] 16%|█▌        | 8069/50005 [3:36:08<16:43:18,  1.44s/it] 16%|█▌        | 8070/50005 [3:36:09<16:43:18,  1.44s/it] 16%|█▌        | 8071/50005 [3:36:10<16:42:38,  1.43s/it] 16%|█▌        | 8072/50005 [3:36:12<16:44:39,  1.44s/it] 16%|█▌        | 8073/50005 [3:36:13<16:44:04,  1.44s/it] 16%|█▌        | 8074/50005 [3:36:15<16:45:37,  1.44s/it] 16%|█▌        | 8075/50005 [3:36:16<16:44:40,  1.44s/it] 16%|█▌        | 8076/50005 [3:36:18<16:45:36,  1.44s/it] 16%|█▌        | 8077/50005 [3:36:19<16:46:07,  1.44s/it] 16%|█▌        | 8078/50005 [3:36:21<16:46:46,  1.44s/it] 16%|█▌        | 8079/50005 [3:36:22<16:45:24,  1.44s/it] 16%|█▌        | 8080/50005 [3:36:23<16:46:30,  1.44s/it] 16%|█▌        | 8081/50005 [3:36:25<16:46:55,  1.44s/it] 16%|█▌        | 8082/50005 [3:36:26<16:47:15,  1.44s/it] 16%|█▌        | 8083/50005 [3:36:28<16:47:36,  1.44s/it] 16%|█▌        | 8084/50005 [3:36:29<16:47:16,  1.44s/it] 16%|█▌        | 8085/50005 [3:36:31<16:47:10,  1.44s/it] 16%|█▌        | 8086/50005 [3:36:32<16:45:57,  1.44s/it] 16%|█▌        | 8087/50005 [3:36:34<16:46:43,  1.44s/it] 16%|█▌        | 8088/50005 [3:36:35<16:45:10,  1.44s/it] 16%|█▌        | 8089/50005 [3:36:36<16:45:44,  1.44s/it] 16%|█▌        | 8090/50005 [3:36:38<16:47:13,  1.44s/it] 16%|█▌        | 8091/50005 [3:36:39<16:47:31,  1.44s/it] 16%|█▌        | 8092/50005 [3:36:41<16:48:09,  1.44s/it] 16%|█▌        | 8093/50005 [3:36:42<16:47:46,  1.44s/it] 16%|█▌        | 8094/50005 [3:36:44<16:48:15,  1.44s/it] 16%|█▌        | 8095/50005 [3:36:45<16:45:35,  1.44s/it] 16%|█▌        | 8096/50005 [3:36:46<16:45:52,  1.44s/it] 16%|█▌        | 8097/50005 [3:36:48<16:45:59,  1.44s/it] 16%|█▌        | 8098/50005 [3:36:49<16:45:58,  1.44s/it] 16%|█▌        | 8099/50005 [3:36:51<16:46:39,  1.44s/it] 16%|█▌        | 8100/50005 [3:36:52<16:44:49,  1.44s/it] 16%|█▌        | 8101/50005 [3:36:54<16:45:39,  1.44s/it] 16%|█▌        | 8102/50005 [3:36:55<16:47:00,  1.44s/it] 16%|█▌        | 8103/50005 [3:36:57<16:46:23,  1.44s/it] 16%|█▌        | 8104/50005 [3:36:58<16:46:39,  1.44s/it] 16%|█▌        | 8105/50005 [3:36:59<16:46:40,  1.44s/it] 16%|█▌        | 8106/50005 [3:37:01<16:47:18,  1.44s/it] 16%|█▌        | 8107/50005 [3:37:02<16:45:28,  1.44s/it] 16%|█▌        | 8108/50005 [3:37:04<16:45:45,  1.44s/it] 16%|█▌        | 8109/50005 [3:37:05<16:45:57,  1.44s/it] 16%|█▌        | 8110/50005 [3:37:07<16:46:42,  1.44s/it] 16%|█▌        | 8111/50005 [3:37:08<16:46:53,  1.44s/it] 16%|█▌        | 8112/50005 [3:37:10<16:48:08,  1.44s/it] 16%|█▌        | 8113/50005 [3:37:11<16:47:37,  1.44s/it] 16%|█▌        | 8114/50005 [3:37:12<16:45:43,  1.44s/it] 16%|█▌        | 8115/50005 [3:37:14<16:46:15,  1.44s/it] 16%|█▌        | 8116/50005 [3:37:15<16:46:38,  1.44s/it] 16%|█▌        | 8117/50005 [3:37:17<16:47:17,  1.44s/it] 16%|█▌        | 8118/50005 [3:37:18<16:47:24,  1.44s/it] 16%|█▌        | 8119/50005 [3:37:20<16:47:02,  1.44s/it] 16%|█▌        | 8120/50005 [3:37:21<16:47:17,  1.44s/it] 16%|█▌        | 8121/50005 [3:37:23<16:47:37,  1.44s/it] 16%|█▌        | 8122/50005 [3:37:24<16:46:08,  1.44s/it] 16%|█▌        | 8123/50005 [3:37:25<16:45:57,  1.44s/it] 16%|█▌        | 8124/50005 [3:37:27<16:46:00,  1.44s/it] 16%|█▌        | 8125/50005 [3:37:28<16:46:39,  1.44s/it] 16%|█▋        | 8126/50005 [3:37:30<16:45:29,  1.44s/it] 16%|█▋        | 8127/50005 [3:37:31<16:44:36,  1.44s/it] 16%|█▋        | 8128/50005 [3:37:33<16:44:00,  1.44s/it] 16%|█▋        | 8129/50005 [3:37:34<16:43:21,  1.44s/it] 16%|█▋        | 8130/50005 [3:37:35<16:42:21,  1.44s/it] 16%|█▋        | 8131/50005 [3:37:37<16:43:58,  1.44s/it] 16%|█▋        | 8132/50005 [3:37:38<16:44:36,  1.44s/it] 16%|█▋        | 8133/50005 [3:37:40<16:45:51,  1.44s/it] 16%|█▋        | 8134/50005 [3:37:41<16:46:16,  1.44s/it] 16%|█▋        | 8135/50005 [3:37:43<16:46:45,  1.44s/it] 16%|█▋        | 8136/50005 [3:37:44<16:46:51,  1.44s/it] 16%|█▋        | 8137/50005 [3:37:46<16:45:29,  1.44s/it] 16%|█▋        | 8138/50005 [3:37:47<16:43:42,  1.44s/it] 16%|█▋        | 8139/50005 [3:37:48<16:44:26,  1.44s/it] 16%|█▋        | 8140/50005 [3:37:50<16:43:30,  1.44s/it] 16%|█▋        | 8141/50005 [3:37:51<16:44:17,  1.44s/it] 16%|█▋        | 8142/50005 [3:37:53<16:42:39,  1.44s/it] 16%|█▋        | 8143/50005 [3:37:54<16:43:53,  1.44s/it] 16%|█▋        | 8144/50005 [3:37:56<16:44:33,  1.44s/it] 16%|█▋        | 8145/50005 [3:37:57<16:43:41,  1.44s/it] 16%|█▋        | 8146/50005 [3:37:59<16:44:32,  1.44s/it] 16%|█▋        | 8147/50005 [3:38:00<16:45:30,  1.44s/it] 16%|█▋        | 8148/50005 [3:38:01<16:45:21,  1.44s/it] 16%|█▋        | 8149/50005 [3:38:03<16:45:46,  1.44s/it] 16%|█▋        | 8150/50005 [3:38:04<16:43:37,  1.44s/it] 16%|█▋        | 8151/50005 [3:38:06<16:44:33,  1.44s/it] 16%|█▋        | 8152/50005 [3:38:07<16:45:03,  1.44s/it] 16%|█▋        | 8153/50005 [3:38:09<16:45:00,  1.44s/it] 16%|█▋        | 8154/50005 [3:38:10<16:43:37,  1.44s/it] 16%|█▋        | 8155/50005 [3:38:11<16:43:07,  1.44s/it] 16%|█▋        | 8156/50005 [3:38:13<16:43:59,  1.44s/it] 16%|█▋        | 8157/50005 [3:38:14<16:42:55,  1.44s/it] 16%|█▋        | 8158/50005 [3:38:16<16:43:38,  1.44s/it] 16%|█▋        | 8159/50005 [3:38:17<16:44:06,  1.44s/it] 16%|█▋        | 8160/50005 [3:38:19<16:42:28,  1.44s/it] 16%|█▋        | 8161/50005 [3:38:20<16:41:24,  1.44s/it] 16%|█▋        | 8162/50005 [3:38:22<16:42:35,  1.44s/it] 16%|█▋        | 8163/50005 [3:38:23<16:43:44,  1.44s/it] 16%|█▋        | 8164/50005 [3:38:24<16:42:33,  1.44s/it] 16%|█▋        | 8165/50005 [3:38:26<16:41:41,  1.44s/it] 16%|█▋        | 8166/50005 [3:38:27<16:41:18,  1.44s/it] 16%|█▋        | 8167/50005 [3:38:29<16:42:13,  1.44s/it] 16%|█▋        | 8168/50005 [3:38:30<16:42:58,  1.44s/it] 16%|█▋        | 8169/50005 [3:38:32<16:41:39,  1.44s/it] 16%|█▋        | 8170/50005 [3:38:33<16:42:47,  1.44s/it] 16%|█▋        | 8171/50005 [3:38:34<16:43:50,  1.44s/it] 16%|█▋        | 8172/50005 [3:38:36<16:42:42,  1.44s/it] 16%|█▋        | 8173/50005 [3:38:37<16:43:47,  1.44s/it] 16%|█▋        | 8174/50005 [3:38:39<16:42:47,  1.44s/it] 16%|█▋        | 8175/50005 [3:38:40<16:43:45,  1.44s/it] 16%|█▋        | 8176/50005 [3:38:42<16:44:17,  1.44s/it] 16%|█▋        | 8177/50005 [3:38:43<16:44:31,  1.44s/it] 16%|█▋        | 8178/50005 [3:38:45<16:44:31,  1.44s/it] 16%|█▋        | 8179/50005 [3:38:46<16:44:17,  1.44s/it] 16%|█▋        | 8180/50005 [3:38:47<16:42:40,  1.44s/it] 16%|█▋        | 8181/50005 [3:38:49<16:43:05,  1.44s/it] 16%|█▋        | 8182/50005 [3:38:50<16:43:30,  1.44s/it] 16%|█▋        | 8183/50005 [3:38:52<16:44:30,  1.44s/it] 16%|█▋        | 8184/50005 [3:38:53<16:44:33,  1.44s/it] 16%|█▋        | 8185/50005 [3:38:55<16:44:22,  1.44s/it] 16%|█▋        | 8186/50005 [3:38:56<16:44:29,  1.44s/it] 16%|█▋        | 8187/50005 [3:38:58<16:45:04,  1.44s/it] 16%|█▋        | 8188/50005 [3:38:59<16:43:31,  1.44s/it] 16%|█▋        | 8189/50005 [3:39:00<16:42:50,  1.44s/it] 16%|█▋        | 8190/50005 [3:39:02<16:42:59,  1.44s/it] 16%|█▋        | 8191/50005 [3:39:03<16:42:08,  1.44s/it] 16%|█▋        | 8192/50005 [3:39:05<16:41:26,  1.44s/it] 16%|█▋        | 8193/50005 [3:39:06<16:42:09,  1.44s/it] 16%|█▋        | 8194/50005 [3:39:08<16:41:00,  1.44s/it] 16%|█▋        | 8195/50005 [3:39:09<16:41:52,  1.44s/it] 16%|█▋        | 8196/50005 [3:39:10<16:42:45,  1.44s/it] 16%|█▋        | 8197/50005 [3:39:12<16:43:17,  1.44s/it] 16%|█▋        | 8198/50005 [3:39:13<16:41:44,  1.44s/it] 16%|█▋        | 8199/50005 [3:39:15<16:41:11,  1.44s/it] 16%|█▋        | 8200/50005 [3:39:16<16:40:47,  1.44s/it] 16%|█▋        | 8201/50005 [3:39:18<16:42:28,  1.44s/it] 16%|█▋        | 8202/50005 [3:39:19<16:40:52,  1.44s/it] 16%|█▋        | 8203/50005 [3:39:21<16:40:54,  1.44s/it] 16%|█▋        | 8204/50005 [3:39:22<16:41:10,  1.44s/it] 16%|█▋        | 8205/50005 [3:39:23<16:40:12,  1.44s/it] 16%|█▋        | 8206/50005 [3:39:25<16:41:35,  1.44s/it] 16%|█▋        | 8207/50005 [3:39:26<16:40:56,  1.44s/it] 16%|█▋        | 8208/50005 [3:39:28<16:42:05,  1.44s/it] 16%|█▋        | 8209/50005 [3:39:29<16:43:11,  1.44s/it] 16%|█▋        | 8210/50005 [3:39:31<16:43:33,  1.44s/it] 16%|█▋        | 8211/50005 [3:39:32<16:44:08,  1.44s/it] 16%|█▋        | 8212/50005 [3:39:33<16:42:24,  1.44s/it] 16%|█▋        | 8213/50005 [3:39:35<16:43:09,  1.44s/it] 16%|█▋        | 8214/50005 [3:39:36<16:41:21,  1.44s/it] 16%|█▋        | 8215/50005 [3:39:38<16:42:49,  1.44s/it] 16%|█▋        | 8216/50005 [3:39:39<16:42:00,  1.44s/it] 16%|█▋        | 8217/50005 [3:39:41<16:43:43,  1.44s/it] 16%|█▋        | 8218/50005 [3:39:42<16:42:16,  1.44s/it] 16%|█▋        | 8219/50005 [3:39:44<16:41:35,  1.44s/it] 16%|█▋        | 8220/50005 [3:39:45<16:42:52,  1.44s/it] 16%|█▋        | 8221/50005 [3:39:46<16:43:40,  1.44s/it] 16%|█▋        | 8222/50005 [3:39:48<16:43:36,  1.44s/it] 16%|█▋        | 8223/50005 [3:39:49<16:42:26,  1.44s/it] 16%|█▋        | 8224/50005 [3:39:51<16:40:54,  1.44s/it] 16%|█▋        | 8225/50005 [3:39:52<16:41:36,  1.44s/it] 16%|█▋        | 8226/50005 [3:39:54<16:40:23,  1.44s/it] 16%|█▋        | 8227/50005 [3:39:55<16:41:03,  1.44s/it] 16%|█▋        | 8228/50005 [3:39:57<16:42:00,  1.44s/it] 16%|█▋        | 8229/50005 [3:39:58<16:43:24,  1.44s/it] 16%|█▋        | 8230/50005 [3:39:59<16:43:23,  1.44s/it] 16%|█▋        | 8231/50005 [3:40:01<16:41:53,  1.44s/it] 16%|█▋        | 8232/50005 [3:40:02<16:42:07,  1.44s/it] 16%|█▋        | 8233/50005 [3:40:04<16:43:34,  1.44s/it] 16%|█▋        | 8234/50005 [3:40:05<16:42:26,  1.44s/it] 16%|█▋        | 8235/50005 [3:40:07<16:40:15,  1.44s/it] 16%|█▋        | 8236/50005 [3:40:08<16:41:11,  1.44s/it] 16%|█▋        | 8237/50005 [3:40:09<16:42:05,  1.44s/it] 16%|█▋        | 8238/50005 [3:40:11<16:41:53,  1.44s/it] 16%|█▋        | 8239/50005 [3:40:12<16:43:12,  1.44s/it] 16%|█▋        | 8240/50005 [3:40:14<16:41:36,  1.44s/it] 16%|█▋        | 8241/50005 [3:40:15<16:42:25,  1.44s/it] 16%|█▋        | 8242/50005 [3:40:17<16:42:50,  1.44s/it] 16%|█▋        | 8243/50005 [3:40:18<16:41:31,  1.44s/it] 16%|█▋        | 8244/50005 [3:40:20<16:42:04,  1.44s/it] 16%|█▋        | 8245/50005 [3:40:21<16:40:32,  1.44s/it] 16%|█▋        | 8246/50005 [3:40:22<16:39:32,  1.44s/it] 16%|█▋        | 8247/50005 [3:40:24<16:41:13,  1.44s/it] 16%|█▋        | 8248/50005 [3:40:25<16:39:20,  1.44s/it] 16%|█▋        | 8249/50005 [3:40:27<16:38:59,  1.44s/it] 16%|█▋        | 8250/50005 [3:40:28<16:40:43,  1.44s/it] 17%|█▋        | 8251/50005 [3:40:30<16:39:39,  1.44s/it] 17%|█▋        | 8252/50005 [3:40:31<16:40:42,  1.44s/it] 17%|█▋        | 8253/50005 [3:40:32<16:41:41,  1.44s/it] 17%|█▋        | 8254/50005 [3:40:34<16:42:11,  1.44s/it] 17%|█▋        | 8255/50005 [3:40:35<16:42:32,  1.44s/it] 17%|█▋        | 8256/50005 [3:40:37<16:41:40,  1.44s/it] 17%|█▋        | 8257/50005 [3:40:38<16:40:16,  1.44s/it] 17%|█▋        | 8258/50005 [3:40:40<16:41:11,  1.44s/it] 17%|█▋        | 8259/50005 [3:40:41<16:42:01,  1.44s/it] 17%|█▋        | 8260/50005 [3:40:43<16:41:34,  1.44s/it] 17%|█▋        | 8261/50005 [3:40:44<16:40:07,  1.44s/it] 17%|█▋        | 8262/50005 [3:40:45<16:41:33,  1.44s/it] 17%|█▋        | 8263/50005 [3:40:47<16:42:40,  1.44s/it] 17%|█▋        | 8264/50005 [3:40:48<16:41:23,  1.44s/it] 17%|█▋        | 8265/50005 [3:40:50<16:42:04,  1.44s/it] 17%|█▋        | 8266/50005 [3:40:51<16:42:28,  1.44s/it] 17%|█▋        | 8267/50005 [3:40:53<16:42:38,  1.44s/it] 17%|█▋        | 8268/50005 [3:40:54<16:40:19,  1.44s/it] 17%|█▋        | 8269/50005 [3:40:56<16:41:36,  1.44s/it] 17%|█▋        | 8270/50005 [3:40:57<16:40:07,  1.44s/it] 17%|█▋        | 8271/50005 [3:40:58<16:39:12,  1.44s/it] 17%|█▋        | 8272/50005 [3:41:00<16:39:03,  1.44s/it] 17%|█▋        | 8273/50005 [3:41:01<16:40:53,  1.44s/it] 17%|█▋        | 8274/50005 [3:41:03<16:41:40,  1.44s/it] 17%|█▋        | 8275/50005 [3:41:04<16:42:51,  1.44s/it] 17%|█▋        | 8276/50005 [3:41:06<16:42:50,  1.44s/it] 17%|█▋        | 8277/50005 [3:41:07<16:42:48,  1.44s/it] 17%|█▋        | 8278/50005 [3:41:08<16:42:57,  1.44s/it] 17%|█▋        | 8279/50005 [3:41:10<16:40:50,  1.44s/it] 17%|█▋        | 8280/50005 [3:41:11<16:42:23,  1.44s/it] 17%|█▋        | 8281/50005 [3:41:13<16:42:51,  1.44s/it] 17%|█▋        | 8282/50005 [3:41:14<16:42:00,  1.44s/it] 17%|█▋        | 8283/50005 [3:41:16<16:40:40,  1.44s/it] 17%|█▋        | 8284/50005 [3:41:17<16:41:44,  1.44s/it] 17%|█▋        | 8285/50005 [3:41:19<16:41:56,  1.44s/it] 17%|█▋        | 8286/50005 [3:41:20<16:42:51,  1.44s/it] 17%|█▋        | 8287/50005 [3:41:21<16:41:29,  1.44s/it] 17%|█▋        | 8288/50005 [3:41:23<16:42:09,  1.44s/it] 17%|█▋        | 8289/50005 [3:41:24<16:42:42,  1.44s/it] 17%|█▋        | 8290/50005 [3:41:26<16:43:34,  1.44s/it] 17%|█▋        | 8291/50005 [3:41:27<16:43:44,  1.44s/it] 17%|█▋        | 8292/50005 [3:41:29<16:42:36,  1.44s/it] 17%|█▋        | 8293/50005 [3:41:30<16:41:07,  1.44s/it] 17%|█▋        | 8294/50005 [3:41:32<16:41:38,  1.44s/it] 17%|█▋        | 8295/50005 [3:41:33<16:42:24,  1.44s/it] 17%|█▋        | 8296/50005 [3:41:34<16:40:42,  1.44s/it] 17%|█▋        | 8297/50005 [3:41:36<16:41:39,  1.44s/it] 17%|█▋        | 8298/50005 [3:41:37<16:40:23,  1.44s/it] 17%|█▋        | 8299/50005 [3:41:39<16:41:12,  1.44s/it] 17%|█▋        | 8300/50005 [3:41:40<16:40:09,  1.44s/it] 17%|█▋        | 8301/50005 [3:41:42<16:39:06,  1.44s/it] 17%|█▋        | 8302/50005 [3:41:43<16:40:34,  1.44s/it] 17%|█▋        | 8303/50005 [3:41:44<16:40:32,  1.44s/it] 17%|█▋        | 8304/50005 [3:41:46<16:41:26,  1.44s/it] 17%|█▋        | 8305/50005 [3:41:47<16:42:03,  1.44s/it] 17%|█▋        | 8306/50005 [3:41:49<16:42:39,  1.44s/it] 17%|█▋        | 8307/50005 [3:41:50<16:42:38,  1.44s/it] 17%|█▋        | 8308/50005 [3:41:52<16:42:58,  1.44s/it] 17%|█▋        | 8309/50005 [3:41:53<16:41:35,  1.44s/it] 17%|█▋        | 8310/50005 [3:41:55<16:39:57,  1.44s/it] 17%|█▋        | 8311/50005 [3:41:56<16:40:33,  1.44s/it] 17%|█▋        | 8312/50005 [3:41:57<16:40:10,  1.44s/it] 17%|█▋        | 8313/50005 [3:41:59<16:41:08,  1.44s/it] 17%|█▋        | 8314/50005 [3:42:00<16:39:27,  1.44s/it] 17%|█▋        | 8315/50005 [3:42:02<16:40:12,  1.44s/it] 17%|█▋        | 8316/50005 [3:42:03<16:41:16,  1.44s/it] 17%|█▋        | 8317/50005 [3:42:05<16:39:44,  1.44s/it] 17%|█▋        | 8318/50005 [3:42:06<16:41:21,  1.44s/it] 17%|█▋        | 8319/50005 [3:42:08<16:39:54,  1.44s/it] 17%|█▋        | 8320/50005 [3:42:09<16:39:35,  1.44s/it] 17%|█▋        | 8321/50005 [3:42:10<16:40:30,  1.44s/it] 17%|█▋        | 8322/50005 [3:42:12<16:40:23,  1.44s/it] 17%|█▋        | 8323/50005 [3:42:13<16:40:24,  1.44s/it] 17%|█▋        | 8324/50005 [3:42:15<16:38:54,  1.44s/it] 17%|█▋        | 8325/50005 [3:42:16<16:38:12,  1.44s/it] 17%|█▋        | 8326/50005 [3:42:18<16:39:44,  1.44s/it] 17%|█▋        | 8327/50005 [3:42:19<16:40:23,  1.44s/it] 17%|█▋        | 8328/50005 [3:42:20<16:40:31,  1.44s/it] 17%|█▋        | 8329/50005 [3:42:22<16:39:11,  1.44s/it] 17%|█▋        | 8330/50005 [3:42:23<16:40:42,  1.44s/it] 17%|█▋        | 8331/50005 [3:42:25<16:41:17,  1.44s/it] 17%|█▋        | 8332/50005 [3:42:26<16:40:07,  1.44s/it] 17%|█▋        | 8333/50005 [3:42:28<16:38:46,  1.44s/it] 17%|█▋        | 8334/50005 [3:42:29<16:39:54,  1.44s/it] 17%|█▋        | 8335/50005 [3:42:31<16:40:29,  1.44s/it] 17%|█▋        | 8336/50005 [3:42:32<16:41:38,  1.44s/it] 17%|█▋        | 8337/50005 [3:42:33<16:39:53,  1.44s/it] 17%|█▋        | 8338/50005 [3:42:35<16:40:51,  1.44s/it] 17%|█▋        | 8339/50005 [3:42:36<16:39:28,  1.44s/it] 17%|█▋        | 8340/50005 [3:42:38<16:40:45,  1.44s/it] 17%|█▋        | 8341/50005 [3:42:39<16:40:36,  1.44s/it] 17%|█▋        | 8342/50005 [3:42:41<16:40:31,  1.44s/it] 17%|█▋        | 8343/50005 [3:42:42<16:39:55,  1.44s/it] 17%|█▋        | 8344/50005 [3:42:44<16:38:36,  1.44s/it] 17%|█▋        | 8345/50005 [3:42:45<16:39:59,  1.44s/it] 17%|█▋        | 8346/50005 [3:42:46<16:40:33,  1.44s/it] 17%|█▋        | 8347/50005 [3:42:48<16:39:13,  1.44s/it] 17%|█▋        | 8348/50005 [3:42:49<16:39:29,  1.44s/it] 17%|█▋        | 8349/50005 [3:42:51<16:39:28,  1.44s/it] 17%|█▋        | 8350/50005 [3:42:52<16:38:15,  1.44s/it] 17%|█▋        | 8351/50005 [3:42:54<16:37:20,  1.44s/it] 17%|█▋        | 8352/50005 [3:42:55<16:38:49,  1.44s/it] 17%|█▋        | 8353/50005 [3:42:56<16:38:11,  1.44s/it] 17%|█▋        | 8354/50005 [3:42:58<16:39:00,  1.44s/it] 17%|█▋        | 8355/50005 [3:42:59<16:39:53,  1.44s/it] 17%|█▋        | 8356/50005 [3:43:01<16:38:08,  1.44s/it] 17%|█▋        | 8357/50005 [3:43:02<16:40:04,  1.44s/it] 17%|█▋        | 8358/50005 [3:43:04<16:40:26,  1.44s/it] 17%|█▋        | 8359/50005 [3:43:05<16:41:02,  1.44s/it] 17%|█▋        | 8360/50005 [3:43:07<16:41:26,  1.44s/it] 17%|█▋        | 8361/50005 [3:43:08<16:41:26,  1.44s/it] 17%|█▋        | 8362/50005 [3:43:09<16:40:27,  1.44s/it] 17%|█▋        | 8363/50005 [3:43:11<16:38:18,  1.44s/it] 17%|█▋        | 8364/50005 [3:43:12<16:38:01,  1.44s/it] 17%|█▋        | 8365/50005 [3:43:14<16:37:55,  1.44s/it] 17%|█▋        | 8366/50005 [3:43:15<16:37:24,  1.44s/it] 17%|█▋        | 8367/50005 [3:43:17<16:37:42,  1.44s/it] 17%|█▋        | 8368/50005 [3:43:18<16:38:33,  1.44s/it] 17%|█▋        | 8369/50005 [3:43:20<16:39:36,  1.44s/it] 17%|█▋        | 8370/50005 [3:43:21<16:40:34,  1.44s/it] 17%|█▋        | 8371/50005 [3:43:22<16:39:13,  1.44s/it] 17%|█▋        | 8372/50005 [3:43:24<16:40:07,  1.44s/it] 17%|█▋        | 8373/50005 [3:43:25<16:38:52,  1.44s/it] 17%|█▋        | 8374/50005 [3:43:27<16:37:52,  1.44s/it] 17%|█▋        | 8375/50005 [3:43:28<16:38:52,  1.44s/it] 17%|█▋        | 8376/50005 [3:43:30<16:38:04,  1.44s/it] 17%|█▋        | 8377/50005 [3:43:31<16:39:32,  1.44s/it] 17%|█▋        | 8378/50005 [3:43:32<16:38:31,  1.44s/it] 17%|█▋        | 8379/50005 [3:43:34<16:39:38,  1.44s/it] 17%|█▋        | 8380/50005 [3:43:35<16:40:01,  1.44s/it] 17%|█▋        | 8381/50005 [3:43:37<16:40:18,  1.44s/it] 17%|█▋        | 8382/50005 [3:43:38<16:40:33,  1.44s/it] 17%|█▋        | 8383/50005 [3:43:40<16:39:45,  1.44s/it] 17%|█▋        | 8384/50005 [3:43:41<16:39:42,  1.44s/it] 17%|█▋        | 8385/50005 [3:43:43<16:40:12,  1.44s/it] 17%|█▋        | 8386/50005 [3:43:44<16:40:31,  1.44s/it] 17%|█▋        | 8387/50005 [3:43:45<16:38:27,  1.44s/it] 17%|█▋        | 8388/50005 [3:43:47<16:38:22,  1.44s/it] 17%|█▋        | 8389/50005 [3:43:48<16:39:13,  1.44s/it] 17%|█▋        | 8390/50005 [3:43:50<16:39:46,  1.44s/it] 17%|█▋        | 8391/50005 [3:43:51<16:37:13,  1.44s/it] 17%|█▋        | 8392/50005 [3:43:53<16:37:57,  1.44s/it] 17%|█▋        | 8393/50005 [3:43:54<16:38:47,  1.44s/it] 17%|█▋        | 8394/50005 [3:43:56<16:39:25,  1.44s/it] 17%|█▋        | 8395/50005 [3:43:57<16:36:59,  1.44s/it] 17%|█▋        | 8396/50005 [3:43:58<16:37:52,  1.44s/it] 17%|█▋        | 8397/50005 [3:44:00<16:39:07,  1.44s/it] 17%|█▋        | 8398/50005 [3:44:01<16:37:20,  1.44s/it] 17%|█▋        | 8399/50005 [3:44:03<16:36:39,  1.44s/it] 17%|█▋        | 8400/50005 [3:44:04<16:35:56,  1.44s/it] 17%|█▋        | 8401/50005 [3:44:06<16:37:29,  1.44s/it]
Validation:   0%|          | 0/100 [00:00<?, ?it/s][A
Validation:   1%|          | 1/100 [00:01<01:40,  1.01s/it][A
Validation:   2%|▏         | 2/100 [00:01<01:16,  1.28it/s][A
Validation:   3%|▎         | 3/100 [00:02<01:08,  1.42it/s][A
Validation:   4%|▍         | 4/100 [00:02<01:04,  1.49it/s][A
Validation:   5%|▌         | 5/100 [00:03<01:01,  1.54it/s][A
Validation:   6%|▌         | 6/100 [00:04<00:59,  1.57it/s][A
Validation:   7%|▋         | 7/100 [00:04<00:58,  1.59it/s][A
Validation:   8%|▊         | 8/100 [00:05<00:57,  1.60it/s][A
Validation:   9%|▉         | 9/100 [00:05<00:56,  1.61it/s][A
Validation:  10%|█         | 10/100 [00:06<00:55,  1.61it/s][A
Validation:  11%|█         | 11/100 [00:07<00:54,  1.62it/s][A
Validation:  12%|█▏        | 12/100 [00:07<00:54,  1.62it/s][A
Validation:  13%|█▎        | 13/100 [00:08<00:53,  1.62it/s][A
Validation:  14%|█▍        | 14/100 [00:09<00:53,  1.62it/s][A
Validation:  15%|█▌        | 15/100 [00:09<00:52,  1.62it/s][A
Validation:  16%|█▌        | 16/100 [00:10<00:51,  1.62it/s][A
Validation:  17%|█▋        | 17/100 [00:10<00:51,  1.62it/s][A
Validation:  18%|█▊        | 18/100 [00:11<00:50,  1.62it/s][A
Validation:  19%|█▉        | 19/100 [00:12<00:49,  1.63it/s][A
Validation:  20%|██        | 20/100 [00:12<00:49,  1.63it/s][A
Validation:  21%|██        | 21/100 [00:13<00:48,  1.62it/s][A
Validation:  22%|██▏       | 22/100 [00:13<00:48,  1.62it/s][A
Validation:  23%|██▎       | 23/100 [00:14<00:47,  1.63it/s][A
Validation:  24%|██▍       | 24/100 [00:15<00:46,  1.63it/s][A
Validation:  25%|██▌       | 25/100 [00:15<00:46,  1.63it/s][A
Validation:  26%|██▌       | 26/100 [00:16<00:45,  1.63it/s][A
Validation:  27%|██▋       | 27/100 [00:16<00:44,  1.63it/s][A
Validation:  28%|██▊       | 28/100 [00:17<00:44,  1.63it/s][A
Validation:  29%|██▉       | 29/100 [00:18<00:43,  1.63it/s][A
Validation:  30%|███       | 30/100 [00:18<00:43,  1.63it/s][A
Validation:  31%|███       | 31/100 [00:19<00:42,  1.63it/s][A
Validation:  32%|███▏      | 32/100 [00:20<00:41,  1.63it/s][A
Validation:  33%|███▎      | 33/100 [00:20<00:41,  1.62it/s][A
Validation:  34%|███▍      | 34/100 [00:21<00:40,  1.63it/s][A
Validation:  35%|███▌      | 35/100 [00:21<00:39,  1.63it/s][A
Validation:  36%|███▌      | 36/100 [00:22<00:39,  1.63it/s][A
Validation:  37%|███▋      | 37/100 [00:23<00:38,  1.63it/s][A
Validation:  38%|███▊      | 38/100 [00:23<00:38,  1.63it/s][A
Validation:  39%|███▉      | 39/100 [00:24<00:37,  1.62it/s][A
Validation:  40%|████      | 40/100 [00:24<00:36,  1.63it/s][A
Validation:  41%|████      | 41/100 [00:25<00:36,  1.63it/s][A
Validation:  42%|████▏     | 42/100 [00:26<00:35,  1.63it/s][A
Validation:  43%|████▎     | 43/100 [00:26<00:35,  1.63it/s][A
Validation:  44%|████▍     | 44/100 [00:27<00:34,  1.63it/s][A
Validation:  45%|████▌     | 45/100 [00:28<00:33,  1.62it/s][A
Validation:  46%|████▌     | 46/100 [00:28<00:33,  1.63it/s][A
Validation:  47%|████▋     | 47/100 [00:29<00:32,  1.62it/s][A
Validation:  48%|████▊     | 48/100 [00:29<00:31,  1.63it/s][A
Validation:  49%|████▉     | 49/100 [00:30<00:31,  1.63it/s][A
Validation:  50%|█████     | 50/100 [00:31<00:30,  1.63it/s][A
Validation:  51%|█████     | 51/100 [00:31<00:30,  1.62it/s][A
Validation:  52%|█████▏    | 52/100 [00:32<00:29,  1.63it/s][A
Validation:  53%|█████▎    | 53/100 [00:32<00:28,  1.63it/s][A
Validation:  54%|█████▍    | 54/100 [00:33<00:28,  1.63it/s][A
Validation:  55%|█████▌    | 55/100 [00:34<00:27,  1.62it/s][A
Validation:  56%|█████▌    | 56/100 [00:34<00:27,  1.63it/s][A
Validation:  57%|█████▋    | 57/100 [00:35<00:26,  1.62it/s][A
Validation:  58%|█████▊    | 58/100 [00:36<00:25,  1.63it/s][A
Validation:  59%|█████▉    | 59/100 [00:36<00:25,  1.63it/s][A
Validation:  60%|██████    | 60/100 [00:37<00:24,  1.63it/s][A
Validation:  61%|██████    | 61/100 [00:37<00:23,  1.63it/s][A
Validation:  62%|██████▏   | 62/100 [00:38<00:23,  1.63it/s][A
Validation:  63%|██████▎   | 63/100 [00:39<00:22,  1.63it/s][A
Validation:  64%|██████▍   | 64/100 [00:39<00:22,  1.63it/s][A
Validation:  65%|██████▌   | 65/100 [00:40<00:21,  1.63it/s][A
Validation:  66%|██████▌   | 66/100 [00:40<00:20,  1.63it/s][A
Validation:  67%|██████▋   | 67/100 [00:41<00:20,  1.63it/s][A
Validation:  68%|██████▊   | 68/100 [00:42<00:19,  1.63it/s][A
Validation:  69%|██████▉   | 69/100 [00:42<00:19,  1.62it/s][A
Validation:  70%|███████   | 70/100 [00:43<00:18,  1.62it/s][A
Validation:  71%|███████   | 71/100 [00:44<00:17,  1.62it/s][A
Validation:  72%|███████▏  | 72/100 [00:44<00:17,  1.63it/s][A
Validation:  73%|███████▎  | 73/100 [00:45<00:16,  1.63it/s][A
Validation:  74%|███████▍  | 74/100 [00:45<00:15,  1.63it/s][A
Validation:  75%|███████▌  | 75/100 [00:46<00:15,  1.63it/s][A
Validation:  76%|███████▌  | 76/100 [00:47<00:14,  1.63it/s][A
Validation:  77%|███████▋  | 77/100 [00:47<00:14,  1.63it/s][A
Validation:  78%|███████▊  | 78/100 [00:48<00:13,  1.63it/s][A
Validation:  79%|███████▉  | 79/100 [00:48<00:12,  1.63it/s][A
Validation:  80%|████████  | 80/100 [00:49<00:12,  1.63it/s][A
Validation:  81%|████████  | 81/100 [00:50<00:11,  1.63it/s][A
Validation:  82%|████████▏ | 82/100 [00:50<00:11,  1.63it/s][A
Validation:  83%|████████▎ | 83/100 [00:51<00:10,  1.62it/s][A
Validation:  84%|████████▍ | 84/100 [00:52<00:09,  1.62it/s][A
Validation:  85%|████████▌ | 85/100 [00:52<00:09,  1.63it/s][A
Validation:  86%|████████▌ | 86/100 [00:53<00:08,  1.63it/s][A
Validation:  87%|████████▋ | 87/100 [00:53<00:07,  1.63it/s][A
Validation:  88%|████████▊ | 88/100 [00:54<00:07,  1.63it/s][A
Validation:  89%|████████▉ | 89/100 [00:55<00:06,  1.63it/s][A
Validation:  90%|█████████ | 90/100 [00:55<00:06,  1.63it/s][A
Validation:  91%|█████████ | 91/100 [00:56<00:05,  1.63it/s][A
Validation:  92%|█████████▏| 92/100 [00:56<00:04,  1.63it/s][A
Validation:  93%|█████████▎| 93/100 [00:57<00:04,  1.63it/s][A
Validation:  94%|█████████▍| 94/100 [00:58<00:03,  1.63it/s][A
Validation:  95%|█████████▌| 95/100 [00:58<00:03,  1.63it/s][A
Validation:  96%|█████████▌| 96/100 [00:59<00:02,  1.63it/s][A
Validation:  97%|█████████▋| 97/100 [01:00<00:01,  1.63it/s][A
Validation:  98%|█████████▊| 98/100 [01:00<00:01,  1.63it/s][A
Validation:  99%|█████████▉| 99/100 [01:01<00:00,  1.63it/s][A
Validation: 100%|██████████| 100/100 [01:01<00:00,  1.63it/s][A
                                                             [A 17%|█▋        | 8402/50005 [3:45:09<231:26:52, 20.03s/it] 17%|█▋        | 8403/50005 [3:45:10<166:57:33, 14.45s/it] 17%|█▋        | 8404/50005 [3:45:12<121:50:51, 10.54s/it] 17%|█▋        | 8405/50005 [3:45:13<90:17:11,  7.81s/it]  17%|█▋        | 8406/50005 [3:45:15<68:12:45,  5.90s/it] 17%|█▋        | 8407/50005 [3:45:16<52:45:34,  4.57s/it] 17%|█▋        | 8408/50005 [3:45:18<41:56:06,  3.63s/it] 17%|█▋        | 8409/50005 [3:45:19<34:19:49,  2.97s/it] 17%|█▋        | 8410/50005 [3:45:21<29:02:01,  2.51s/it] 17%|█▋        | 8411/50005 [3:45:22<25:18:14,  2.19s/it] 17%|█▋        | 8412/50005 [3:45:23<22:42:24,  1.97s/it] 17%|█▋        | 8413/50005 [3:45:25<20:53:59,  1.81s/it] 17%|█▋        | 8414/50005 [3:45:26<19:37:48,  1.70s/it] 17%|█▋        | 8415/50005 [3:45:28<18:44:16,  1.62s/it] 17%|█▋        | 8416/50005 [3:45:29<18:06:54,  1.57s/it] 17%|█▋        | 8417/50005 [3:45:31<17:41:24,  1.53s/it] 17%|█▋        | 8418/50005 [3:45:32<17:23:48,  1.51s/it] 17%|█▋        | 8419/50005 [3:45:34<17:11:16,  1.49s/it] 17%|█▋        | 8420/50005 [3:45:35<17:01:47,  1.47s/it] 17%|█▋        | 8421/50005 [3:45:36<16:55:39,  1.47s/it] 17%|█▋        | 8422/50005 [3:45:38<16:48:36,  1.46s/it] 17%|█▋        | 8423/50005 [3:45:39<16:46:27,  1.45s/it] 17%|█▋        | 8424/50005 [3:45:41<16:44:44,  1.45s/it] 17%|█▋        | 8425/50005 [3:45:42<16:42:50,  1.45s/it] 17%|█▋        | 8426/50005 [3:45:44<16:40:27,  1.44s/it] 17%|█▋        | 8427/50005 [3:45:45<16:41:03,  1.44s/it] 17%|█▋        | 8428/50005 [3:45:46<16:38:38,  1.44s/it] 17%|█▋        | 8429/50005 [3:45:48<16:39:45,  1.44s/it] 17%|█▋        | 8430/50005 [3:45:49<16:39:46,  1.44s/it] 17%|█▋        | 8431/50005 [3:45:51<16:40:25,  1.44s/it] 17%|█▋        | 8432/50005 [3:45:52<16:40:36,  1.44s/it] 17%|█▋        | 8433/50005 [3:45:54<16:38:49,  1.44s/it] 17%|█▋        | 8434/50005 [3:45:55<16:38:45,  1.44s/it] 17%|█▋        | 8435/50005 [3:45:57<16:39:19,  1.44s/it] 17%|█▋        | 8436/50005 [3:45:58<16:39:36,  1.44s/it] 17%|█▋        | 8437/50005 [3:45:59<16:38:11,  1.44s/it] 17%|█▋        | 8438/50005 [3:46:01<16:38:13,  1.44s/it] 17%|█▋        | 8439/50005 [3:46:02<16:38:29,  1.44s/it] 17%|█▋        | 8440/50005 [3:46:04<16:39:31,  1.44s/it] 17%|█▋        | 8441/50005 [3:46:05<16:39:11,  1.44s/it] 17%|█▋        | 8442/50005 [3:46:07<16:37:37,  1.44s/it] 17%|█▋        | 8443/50005 [3:46:08<16:38:42,  1.44s/it] 17%|█▋        | 8444/50005 [3:46:10<16:39:48,  1.44s/it] 17%|█▋        | 8445/50005 [3:46:11<16:40:15,  1.44s/it] 17%|█▋        | 8446/50005 [3:46:12<16:37:47,  1.44s/it] 17%|█▋        | 8447/50005 [3:46:14<16:36:51,  1.44s/it] 17%|█▋        | 8448/50005 [3:46:15<16:37:55,  1.44s/it] 17%|█▋        | 8449/50005 [3:46:17<16:39:11,  1.44s/it] 17%|█▋        | 8450/50005 [3:46:18<16:37:28,  1.44s/it] 17%|█▋        | 8451/50005 [3:46:20<16:37:58,  1.44s/it] 17%|█▋        | 8452/50005 [3:46:21<16:38:25,  1.44s/it] 17%|█▋        | 8453/50005 [3:46:23<16:38:35,  1.44s/it] 17%|█▋        | 8454/50005 [3:46:24<16:36:34,  1.44s/it] 17%|█▋        | 8455/50005 [3:46:25<16:36:16,  1.44s/it] 17%|█▋        | 8456/50005 [3:46:27<16:36:59,  1.44s/it] 17%|█▋        | 8457/50005 [3:46:28<16:37:48,  1.44s/it] 17%|█▋        | 8458/50005 [3:46:30<16:37:52,  1.44s/it] 17%|█▋        | 8459/50005 [3:46:31<16:38:27,  1.44s/it] 17%|█▋        | 8460/50005 [3:46:33<16:37:23,  1.44s/it] 17%|█▋        | 8461/50005 [3:46:34<16:36:29,  1.44s/it] 17%|█▋        | 8462/50005 [3:46:35<16:37:18,  1.44s/it] 17%|█▋        | 8463/50005 [3:46:37<16:38:20,  1.44s/it] 17%|█▋        | 8464/50005 [3:46:38<16:38:21,  1.44s/it] 17%|█▋        | 8465/50005 [3:46:40<16:38:52,  1.44s/it] 17%|█▋        | 8466/50005 [3:46:41<16:38:56,  1.44s/it] 17%|█▋        | 8467/50005 [3:46:43<16:36:45,  1.44s/it] 17%|█▋        | 8468/50005 [3:46:44<16:35:18,  1.44s/it] 17%|█▋        | 8469/50005 [3:46:46<16:35:27,  1.44s/it] 17%|█▋        | 8470/50005 [3:46:47<16:36:27,  1.44s/it] 17%|█▋        | 8471/50005 [3:46:48<16:38:01,  1.44s/it] 17%|█▋        | 8472/50005 [3:46:50<16:38:46,  1.44s/it] 17%|█▋        | 8473/50005 [3:46:51<16:39:48,  1.44s/it] 17%|█▋        | 8474/50005 [3:46:53<16:39:12,  1.44s/it] 17%|█▋        | 8475/50005 [3:46:54<16:39:02,  1.44s/it] 17%|█▋        | 8476/50005 [3:46:56<16:38:46,  1.44s/it] 17%|█▋        | 8477/50005 [3:46:57<16:39:23,  1.44s/it] 17%|█▋        | 8478/50005 [3:46:59<16:37:26,  1.44s/it] 17%|█▋        | 8479/50005 [3:47:00<16:34:36,  1.44s/it] 17%|█▋        | 8480/50005 [3:47:01<16:34:15,  1.44s/it] 17%|█▋        | 8481/50005 [3:47:03<16:36:11,  1.44s/it] 17%|█▋        | 8482/50005 [3:47:04<16:37:15,  1.44s/it] 17%|█▋        | 8483/50005 [3:47:06<16:37:53,  1.44s/it] 17%|█▋        | 8484/50005 [3:47:07<16:37:13,  1.44s/it] 17%|█▋        | 8485/50005 [3:47:09<16:35:36,  1.44s/it] 17%|█▋        | 8486/50005 [3:47:10<16:34:24,  1.44s/it] 17%|█▋        | 8487/50005 [3:47:11<16:33:45,  1.44s/it] 17%|█▋        | 8488/50005 [3:47:13<16:35:02,  1.44s/it] 17%|█▋        | 8489/50005 [3:47:14<16:34:46,  1.44s/it] 17%|█▋        | 8490/50005 [3:47:16<16:35:57,  1.44s/it] 17%|█▋        | 8491/50005 [3:47:17<16:37:19,  1.44s/it] 17%|█▋        | 8492/50005 [3:47:19<16:35:41,  1.44s/it] 17%|█▋        | 8493/50005 [3:47:20<16:34:30,  1.44s/it] 17%|█▋        | 8494/50005 [3:47:22<16:35:51,  1.44s/it] 17%|█▋        | 8495/50005 [3:47:23<16:35:06,  1.44s/it] 17%|█▋        | 8496/50005 [3:47:24<16:34:23,  1.44s/it] 17%|█▋        | 8497/50005 [3:47:26<16:35:33,  1.44s/it] 17%|█▋        | 8498/50005 [3:47:27<16:34:48,  1.44s/it] 17%|█▋        | 8499/50005 [3:47:29<16:34:17,  1.44s/it] 17%|█▋        | 8500/50005 [3:47:30<16:33:44,  1.44s/it] 17%|█▋        | 8501/50005 [3:47:32<16:35:35,  1.44s/it] 17%|█▋        | 8502/50005 [3:47:33<16:36:46,  1.44s/it] 17%|█▋        | 8503/50005 [3:47:35<16:35:44,  1.44s/it] 17%|█▋        | 8504/50005 [3:47:36<16:36:11,  1.44s/it] 17%|█▋        | 8505/50005 [3:47:37<16:36:55,  1.44s/it] 17%|█▋        | 8506/50005 [3:47:39<16:37:33,  1.44s/it] 17%|█▋        | 8507/50005 [3:47:40<16:37:48,  1.44s/it] 17%|█▋        | 8508/50005 [3:47:42<16:38:38,  1.44s/it] 17%|█▋        | 8509/50005 [3:47:43<16:35:27,  1.44s/it] 17%|█▋        | 8510/50005 [3:47:45<16:36:12,  1.44s/it] 17%|█▋        | 8511/50005 [3:47:46<16:37:16,  1.44s/it] 17%|█▋        | 8512/50005 [3:47:47<16:36:30,  1.44s/it] 17%|█▋        | 8513/50005 [3:47:49<16:37:40,  1.44s/it] 17%|█▋        | 8514/50005 [3:47:50<16:38:00,  1.44s/it] 17%|█▋        | 8515/50005 [3:47:52<16:38:40,  1.44s/it] 17%|█▋        | 8516/50005 [3:47:53<16:38:17,  1.44s/it] 17%|█▋        | 8517/50005 [3:47:55<16:37:45,  1.44s/it] 17%|█▋        | 8518/50005 [3:47:56<16:38:23,  1.44s/it] 17%|█▋        | 8519/50005 [3:47:58<16:39:12,  1.45s/it] 17%|█▋        | 8520/50005 [3:47:59<16:39:08,  1.45s/it] 17%|█▋        | 8521/50005 [3:48:01<16:39:54,  1.45s/it] 17%|█▋        | 8522/50005 [3:48:02<16:37:41,  1.44s/it] 17%|█▋        | 8523/50005 [3:48:03<16:37:45,  1.44s/it] 17%|█▋        | 8524/50005 [3:48:05<16:38:26,  1.44s/it] 17%|█▋        | 8525/50005 [3:48:06<16:39:07,  1.45s/it] 17%|█▋        | 8526/50005 [3:48:08<16:39:06,  1.45s/it] 17%|█▋        | 8527/50005 [3:48:09<16:37:38,  1.44s/it] 17%|█▋        | 8528/50005 [3:48:11<16:35:23,  1.44s/it] 17%|█▋        | 8529/50005 [3:48:12<16:34:40,  1.44s/it] 17%|█▋        | 8530/50005 [3:48:13<16:33:44,  1.44s/it] 17%|█▋        | 8531/50005 [3:48:15<16:32:58,  1.44s/it] 17%|█▋        | 8532/50005 [3:48:16<16:32:05,  1.44s/it] 17%|█▋        | 8533/50005 [3:48:18<16:33:50,  1.44s/it] 17%|█▋        | 8534/50005 [3:48:19<16:33:56,  1.44s/it] 17%|█▋        | 8535/50005 [3:48:21<16:32:59,  1.44s/it] 17%|█▋        | 8536/50005 [3:48:22<16:34:26,  1.44s/it] 17%|█▋        | 8537/50005 [3:48:24<16:35:45,  1.44s/it] 17%|█▋        | 8538/50005 [3:48:25<16:36:23,  1.44s/it] 17%|█▋        | 8539/50005 [3:48:26<16:36:28,  1.44s/it] 17%|█▋        | 8540/50005 [3:48:28<16:36:34,  1.44s/it] 17%|█▋        | 8541/50005 [3:48:29<16:35:03,  1.44s/it] 17%|█▋        | 8542/50005 [3:48:31<16:35:47,  1.44s/it] 17%|█▋        | 8543/50005 [3:48:32<16:35:08,  1.44s/it] 17%|█▋        | 8544/50005 [3:48:34<16:34:08,  1.44s/it] 17%|█▋        | 8545/50005 [3:48:35<16:33:01,  1.44s/it] 17%|█▋        | 8546/50005 [3:48:36<16:34:18,  1.44s/it] 17%|█▋        | 8547/50005 [3:48:38<16:32:53,  1.44s/it] 17%|█▋        | 8548/50005 [3:48:39<16:34:23,  1.44s/it] 17%|█▋        | 8549/50005 [3:48:41<16:33:41,  1.44s/it] 17%|█▋        | 8550/50005 [3:48:42<16:32:58,  1.44s/it] 17%|█▋        | 8551/50005 [3:48:44<16:33:24,  1.44s/it] 17%|█▋        | 8552/50005 [3:48:45<16:34:26,  1.44s/it] 17%|█▋        | 8553/50005 [3:48:47<16:35:22,  1.44s/it] 17%|█▋        | 8554/50005 [3:48:48<16:35:56,  1.44s/it] 17%|█▋        | 8555/50005 [3:48:49<16:36:19,  1.44s/it] 17%|█▋        | 8556/50005 [3:48:51<16:37:23,  1.44s/it] 17%|█▋        | 8557/50005 [3:48:52<16:36:17,  1.44s/it] 17%|█▋        | 8558/50005 [3:48:54<16:36:38,  1.44s/it] 17%|█▋        | 8559/50005 [3:48:55<16:36:14,  1.44s/it] 17%|█▋        | 8560/50005 [3:48:57<16:34:45,  1.44s/it] 17%|█▋        | 8561/50005 [3:48:58<16:33:35,  1.44s/it] 17%|█▋        | 8562/50005 [3:49:00<16:34:48,  1.44s/it] 17%|█▋        | 8563/50005 [3:49:01<16:36:06,  1.44s/it] 17%|█▋        | 8564/50005 [3:49:02<16:34:11,  1.44s/it] 17%|█▋        | 8565/50005 [3:49:04<16:33:38,  1.44s/it] 17%|█▋        | 8566/50005 [3:49:05<16:32:10,  1.44s/it] 17%|█▋        | 8567/50005 [3:49:07<16:31:54,  1.44s/it] 17%|█▋        | 8568/50005 [3:49:08<16:31:19,  1.44s/it] 17%|█▋        | 8569/50005 [3:49:10<16:30:51,  1.43s/it] 17%|█▋        | 8570/50005 [3:49:11<16:30:32,  1.43s/it] 17%|█▋        | 8571/50005 [3:49:12<16:32:35,  1.44s/it] 17%|█▋        | 8572/50005 [3:49:14<16:33:32,  1.44s/it] 17%|█▋        | 8573/50005 [3:49:15<16:34:49,  1.44s/it] 17%|█▋        | 8574/50005 [3:49:17<16:33:47,  1.44s/it] 17%|█▋        | 8575/50005 [3:49:18<16:32:19,  1.44s/it] 17%|█▋        | 8576/50005 [3:49:20<16:32:22,  1.44s/it] 17%|█▋        | 8577/50005 [3:49:21<16:32:15,  1.44s/it] 17%|█▋        | 8578/50005 [3:49:23<16:31:49,  1.44s/it] 17%|█▋        | 8579/50005 [3:49:24<16:33:21,  1.44s/it] 17%|█▋        | 8580/50005 [3:49:25<16:34:24,  1.44s/it] 17%|█▋        | 8581/50005 [3:49:27<16:35:35,  1.44s/it] 17%|█▋        | 8582/50005 [3:49:28<16:35:22,  1.44s/it] 17%|█▋        | 8583/50005 [3:49:30<16:34:32,  1.44s/it] 17%|█▋        | 8584/50005 [3:49:31<16:33:40,  1.44s/it] 17%|█▋        | 8585/50005 [3:49:33<16:35:07,  1.44s/it] 17%|█▋        | 8586/50005 [3:49:34<16:36:12,  1.44s/it] 17%|█▋        | 8587/50005 [3:49:36<16:36:14,  1.44s/it] 17%|█▋        | 8588/50005 [3:49:37<16:34:00,  1.44s/it] 17%|█▋        | 8589/50005 [3:49:38<16:34:29,  1.44s/it] 17%|█▋        | 8590/50005 [3:49:40<16:33:02,  1.44s/it] 17%|█▋        | 8591/50005 [3:49:41<16:33:10,  1.44s/it] 17%|█▋        | 8592/50005 [3:49:43<16:34:38,  1.44s/it] 17%|█▋        | 8593/50005 [3:49:44<16:34:19,  1.44s/it] 17%|█▋        | 8594/50005 [3:49:46<16:35:02,  1.44s/it] 17%|█▋        | 8595/50005 [3:49:47<16:33:39,  1.44s/it] 17%|█▋        | 8596/50005 [3:49:48<16:32:55,  1.44s/it] 17%|█▋        | 8597/50005 [3:49:50<16:34:38,  1.44s/it] 17%|█▋        | 8598/50005 [3:49:51<16:33:34,  1.44s/it] 17%|█▋        | 8599/50005 [3:49:53<16:34:41,  1.44s/it] 17%|█▋        | 8600/50005 [3:49:54<16:35:00,  1.44s/it] 17%|█▋        | 8601/50005 [3:49:56<16:35:43,  1.44s/it] 17%|█▋        | 8602/50005 [3:49:57<16:34:27,  1.44s/it] 17%|█▋        | 8603/50005 [3:49:59<16:35:50,  1.44s/it] 17%|█▋        | 8604/50005 [3:50:00<16:34:25,  1.44s/it] 17%|█▋        | 8605/50005 [3:50:01<16:34:51,  1.44s/it] 17%|█▋        | 8606/50005 [3:50:03<16:34:50,  1.44s/it] 17%|█▋        | 8607/50005 [3:50:04<16:33:50,  1.44s/it] 17%|█▋        | 8608/50005 [3:50:06<16:34:38,  1.44s/it] 17%|█▋        | 8609/50005 [3:50:07<16:35:02,  1.44s/it] 17%|█▋        | 8610/50005 [3:50:09<16:33:12,  1.44s/it] 17%|█▋        | 8611/50005 [3:50:10<16:33:59,  1.44s/it] 17%|█▋        | 8612/50005 [3:50:12<16:35:24,  1.44s/it] 17%|█▋        | 8613/50005 [3:50:13<16:35:35,  1.44s/it] 17%|█▋        | 8614/50005 [3:50:14<16:35:24,  1.44s/it] 17%|█▋        | 8615/50005 [3:50:16<16:34:06,  1.44s/it] 17%|█▋        | 8616/50005 [3:50:17<16:34:45,  1.44s/it] 17%|█▋        | 8617/50005 [3:50:19<16:32:51,  1.44s/it] 17%|█▋        | 8618/50005 [3:50:20<16:33:45,  1.44s/it] 17%|█▋        | 8619/50005 [3:50:22<16:32:46,  1.44s/it] 17%|█▋        | 8620/50005 [3:50:23<16:33:29,  1.44s/it] 17%|█▋        | 8621/50005 [3:50:25<16:32:36,  1.44s/it] 17%|█▋        | 8622/50005 [3:50:26<16:32:19,  1.44s/it] 17%|█▋        | 8623/50005 [3:50:27<16:33:40,  1.44s/it] 17%|█▋        | 8624/50005 [3:50:29<16:32:46,  1.44s/it] 17%|█▋        | 8625/50005 [3:50:30<16:34:03,  1.44s/it] 17%|█▋        | 8626/50005 [3:50:32<16:32:22,  1.44s/it] 17%|█▋        | 8627/50005 [3:50:33<16:33:49,  1.44s/it] 17%|█▋        | 8628/50005 [3:50:35<16:33:59,  1.44s/it] 17%|█▋        | 8629/50005 [3:50:36<16:34:39,  1.44s/it] 17%|█▋        | 8630/50005 [3:50:37<16:35:03,  1.44s/it] 17%|█▋        | 8631/50005 [3:50:39<16:35:12,  1.44s/it] 17%|█▋        | 8632/50005 [3:50:40<16:35:09,  1.44s/it] 17%|█▋        | 8633/50005 [3:50:42<16:32:53,  1.44s/it] 17%|█▋        | 8634/50005 [3:50:43<16:30:29,  1.44s/it] 17%|█▋        | 8635/50005 [3:50:45<16:31:29,  1.44s/it] 17%|█▋        | 8636/50005 [3:50:46<16:32:50,  1.44s/it] 17%|█▋        | 8637/50005 [3:50:48<16:31:47,  1.44s/it] 17%|█▋        | 8638/50005 [3:50:49<16:30:45,  1.44s/it] 17%|█▋        | 8639/50005 [3:50:50<16:32:02,  1.44s/it] 17%|█▋        | 8640/50005 [3:50:52<16:32:48,  1.44s/it] 17%|█▋        | 8641/50005 [3:50:53<16:33:20,  1.44s/it] 17%|█▋        | 8642/50005 [3:50:55<16:32:03,  1.44s/it] 17%|█▋        | 8643/50005 [3:50:56<16:32:20,  1.44s/it] 17%|█▋        | 8644/50005 [3:50:58<16:31:26,  1.44s/it] 17%|█▋        | 8645/50005 [3:50:59<16:30:29,  1.44s/it] 17%|█▋        | 8646/50005 [3:51:01<19:15:42,  1.68s/it] 17%|█▋        | 8647/50005 [3:51:03<18:27:13,  1.61s/it] 17%|█▋        | 8648/50005 [3:51:04<17:51:33,  1.55s/it] 17%|█▋        | 8649/50005 [3:51:06<17:27:24,  1.52s/it] 17%|█▋        | 8650/50005 [3:51:07<17:11:38,  1.50s/it] 17%|█▋        | 8651/50005 [3:51:08<16:58:28,  1.48s/it] 17%|█▋        | 8652/50005 [3:51:10<16:49:39,  1.46s/it] 17%|█▋        | 8653/50005 [3:51:11<16:45:53,  1.46s/it] 17%|█▋        | 8654/50005 [3:51:13<16:43:16,  1.46s/it] 17%|█▋        | 8655/50005 [3:51:14<16:40:29,  1.45s/it] 17%|█▋        | 8656/50005 [3:51:16<16:37:03,  1.45s/it] 17%|█▋        | 8657/50005 [3:51:17<16:36:55,  1.45s/it] 17%|█▋        | 8658/50005 [3:51:19<16:36:03,  1.45s/it] 17%|█▋        | 8659/50005 [3:51:20<16:35:17,  1.44s/it] 17%|█▋        | 8660/50005 [3:51:21<16:35:19,  1.44s/it] 17%|█▋        | 8661/50005 [3:51:23<16:34:04,  1.44s/it] 17%|█▋        | 8662/50005 [3:51:24<16:34:04,  1.44s/it] 17%|█▋        | 8663/50005 [3:51:26<16:34:46,  1.44s/it] 17%|█▋        | 8664/50005 [3:51:27<16:34:39,  1.44s/it] 17%|█▋        | 8665/50005 [3:51:29<16:33:06,  1.44s/it] 17%|█▋        | 8666/50005 [3:51:30<16:33:51,  1.44s/it] 17%|█▋        | 8667/50005 [3:51:32<16:33:09,  1.44s/it] 17%|█▋        | 8668/50005 [3:51:33<16:34:39,  1.44s/it] 17%|█▋        | 8669/50005 [3:51:34<16:34:52,  1.44s/it] 17%|█▋        | 8670/50005 [3:51:36<16:35:27,  1.44s/it] 17%|█▋        | 8671/50005 [3:51:37<16:35:08,  1.44s/it] 17%|█▋        | 8672/50005 [3:51:39<16:34:47,  1.44s/it] 17%|█▋        | 8673/50005 [3:51:40<16:33:36,  1.44s/it] 17%|█▋        | 8674/50005 [3:51:42<16:34:51,  1.44s/it] 17%|█▋        | 8675/50005 [3:51:43<16:33:39,  1.44s/it] 17%|█▋        | 8676/50005 [3:51:45<16:33:30,  1.44s/it] 17%|█▋        | 8677/50005 [3:51:46<16:31:33,  1.44s/it] 17%|█▋        | 8678/50005 [3:51:47<16:31:58,  1.44s/it] 17%|█▋        | 8679/50005 [3:51:49<16:30:56,  1.44s/it] 17%|█▋        | 8680/50005 [3:51:50<16:29:59,  1.44s/it] 17%|█▋        | 8681/50005 [3:51:52<16:31:07,  1.44s/it] 17%|█▋        | 8682/50005 [3:51:53<16:31:45,  1.44s/it] 17%|█▋        | 8683/50005 [3:51:55<16:32:02,  1.44s/it] 17%|█▋        | 8684/50005 [3:51:56<16:30:52,  1.44s/it] 17%|█▋        | 8685/50005 [3:51:57<16:31:42,  1.44s/it] 17%|█▋        | 8686/50005 [3:51:59<16:32:13,  1.44s/it] 17%|█▋        | 8687/50005 [3:52:00<16:32:16,  1.44s/it] 17%|█▋        | 8688/50005 [3:52:02<16:32:45,  1.44s/it] 17%|█▋        | 8689/50005 [3:52:03<16:31:22,  1.44s/it] 17%|█▋        | 8690/50005 [3:52:05<16:32:29,  1.44s/it] 17%|█▋        | 8691/50005 [3:52:06<16:31:13,  1.44s/it] 17%|█▋        | 8692/50005 [3:52:08<16:32:13,  1.44s/it] 17%|█▋        | 8693/50005 [3:52:09<16:32:56,  1.44s/it] 17%|█▋        | 8694/50005 [3:52:10<16:32:52,  1.44s/it] 17%|█▋        | 8695/50005 [3:52:12<16:31:16,  1.44s/it] 17%|█▋        | 8696/50005 [3:52:13<16:32:11,  1.44s/it] 17%|█▋        | 8697/50005 [3:52:15<16:30:55,  1.44s/it] 17%|█▋        | 8698/50005 [3:52:16<16:32:10,  1.44s/it] 17%|█▋        | 8699/50005 [3:52:18<16:31:05,  1.44s/it] 17%|█▋        | 8700/50005 [3:52:19<16:32:42,  1.44s/it] 17%|█▋        | 8701/50005 [3:52:21<16:33:12,  1.44s/it] 17%|█▋        | 8702/50005 [3:52:22<16:31:34,  1.44s/it] 17%|█▋        | 8703/50005 [3:52:23<16:32:55,  1.44s/it] 17%|█▋        | 8704/50005 [3:52:25<16:31:18,  1.44s/it] 17%|█▋        | 8705/50005 [3:52:26<16:31:49,  1.44s/it] 17%|█▋        | 8706/50005 [3:52:28<16:33:01,  1.44s/it] 17%|█▋        | 8707/50005 [3:52:29<16:31:12,  1.44s/it] 17%|█▋        | 8708/50005 [3:52:31<16:32:12,  1.44s/it] 17%|█▋        | 8709/50005 [3:52:32<16:33:41,  1.44s/it] 17%|█▋        | 8710/50005 [3:52:34<16:33:11,  1.44s/it] 17%|█▋        | 8711/50005 [3:52:35<16:33:05,  1.44s/it] 17%|█▋        | 8712/50005 [3:52:36<16:33:16,  1.44s/it] 17%|█▋        | 8713/50005 [3:52:38<16:30:59,  1.44s/it] 17%|█▋        | 8714/50005 [3:52:39<16:32:02,  1.44s/it] 17%|█▋        | 8715/50005 [3:52:41<16:31:00,  1.44s/it] 17%|█▋        | 8716/50005 [3:52:42<16:32:20,  1.44s/it] 17%|█▋        | 8717/50005 [3:52:44<16:33:17,  1.44s/it] 17%|█▋        | 8718/50005 [3:52:45<16:32:45,  1.44s/it] 17%|█▋        | 8719/50005 [3:52:47<16:31:25,  1.44s/it] 17%|█▋        | 8720/50005 [3:52:48<16:32:35,  1.44s/it] 17%|█▋        | 8721/50005 [3:52:49<16:32:36,  1.44s/it] 17%|█▋        | 8722/50005 [3:52:51<16:33:07,  1.44s/it] 17%|█▋        | 8723/50005 [3:52:52<16:33:26,  1.44s/it] 17%|█▋        | 8724/50005 [3:52:54<16:33:38,  1.44s/it] 17%|█▋        | 8725/50005 [3:52:55<16:32:22,  1.44s/it] 17%|█▋        | 8726/50005 [3:52:57<16:31:01,  1.44s/it] 17%|█▋        | 8727/50005 [3:52:58<16:31:59,  1.44s/it] 17%|█▋        | 8728/50005 [3:52:59<16:32:41,  1.44s/it] 17%|█▋        | 8729/50005 [3:53:01<16:31:28,  1.44s/it] 17%|█▋        | 8730/50005 [3:53:02<16:32:21,  1.44s/it] 17%|█▋        | 8731/50005 [3:53:04<16:32:30,  1.44s/it] 17%|█▋        | 8732/50005 [3:53:05<16:33:25,  1.44s/it] 17%|█▋        | 8733/50005 [3:53:07<16:31:04,  1.44s/it] 17%|█▋        | 8734/50005 [3:53:08<16:29:39,  1.44s/it] 17%|█▋        | 8735/50005 [3:53:10<16:30:33,  1.44s/it] 17%|█▋        | 8736/50005 [3:53:11<16:29:27,  1.44s/it] 17%|█▋        | 8737/50005 [3:53:12<16:28:36,  1.44s/it] 17%|█▋        | 8738/50005 [3:53:14<16:30:18,  1.44s/it] 17%|█▋        | 8739/50005 [3:53:15<16:31:15,  1.44s/it] 17%|█▋        | 8740/50005 [3:53:17<16:30:42,  1.44s/it] 17%|█▋        | 8741/50005 [3:53:18<16:30:04,  1.44s/it] 17%|█▋        | 8742/50005 [3:53:20<16:31:01,  1.44s/it] 17%|█▋        | 8743/50005 [3:53:21<16:29:53,  1.44s/it] 17%|█▋        | 8744/50005 [3:53:23<16:31:33,  1.44s/it] 17%|█▋        | 8745/50005 [3:53:24<16:32:35,  1.44s/it] 17%|█▋        | 8746/50005 [3:53:25<16:31:26,  1.44s/it] 17%|█▋        | 8747/50005 [3:53:27<16:31:42,  1.44s/it] 17%|█▋        | 8748/50005 [3:53:28<16:32:18,  1.44s/it] 17%|█▋        | 8749/50005 [3:53:30<16:31:18,  1.44s/it] 17%|█▋        | 8750/50005 [3:53:31<16:30:10,  1.44s/it] 18%|█▊        | 8751/50005 [3:53:33<16:29:17,  1.44s/it] 18%|█▊        | 8752/50005 [3:53:34<16:30:41,  1.44s/it] 18%|█▊        | 8753/50005 [3:53:36<16:31:07,  1.44s/it] 18%|█▊        | 8754/50005 [3:53:37<16:30:52,  1.44s/it] 18%|█▊        | 8755/50005 [3:53:38<16:29:27,  1.44s/it] 18%|█▊        | 8756/50005 [3:53:40<16:28:02,  1.44s/it] 18%|█▊        | 8757/50005 [3:53:41<16:29:33,  1.44s/it] 18%|█▊        | 8758/50005 [3:53:43<16:29:49,  1.44s/it] 18%|█▊        | 8759/50005 [3:53:44<16:28:29,  1.44s/it] 18%|█▊        | 8760/50005 [3:53:46<16:29:34,  1.44s/it] 18%|█▊        | 8761/50005 [3:53:47<16:30:28,  1.44s/it] 18%|█▊        | 8762/50005 [3:53:48<16:29:00,  1.44s/it] 18%|█▊        | 8763/50005 [3:53:50<16:29:45,  1.44s/it] 18%|█▊        | 8764/50005 [3:53:51<16:29:09,  1.44s/it] 18%|█▊        | 8765/50005 [3:53:53<16:27:50,  1.44s/it] 18%|█▊        | 8766/50005 [3:53:54<16:29:04,  1.44s/it] 18%|█▊        | 8767/50005 [3:53:56<16:28:20,  1.44s/it] 18%|█▊        | 8768/50005 [3:53:57<16:29:26,  1.44s/it] 18%|█▊        | 8769/50005 [3:53:59<16:30:18,  1.44s/it] 18%|█▊        | 8770/50005 [3:54:00<16:31:09,  1.44s/it] 18%|█▊        | 8771/50005 [3:54:01<16:31:42,  1.44s/it] 18%|█▊        | 8772/50005 [3:54:03<16:31:25,  1.44s/it] 18%|█▊        | 8773/50005 [3:54:04<16:32:00,  1.44s/it] 18%|█▊        | 8774/50005 [3:54:06<16:32:03,  1.44s/it] 18%|█▊        | 8775/50005 [3:54:07<16:32:07,  1.44s/it] 18%|█▊        | 8776/50005 [3:54:09<16:31:47,  1.44s/it] 18%|█▊        | 8777/50005 [3:54:10<16:30:28,  1.44s/it] 18%|█▊        | 8778/50005 [3:54:12<16:30:57,  1.44s/it] 18%|█▊        | 8779/50005 [3:54:13<16:31:45,  1.44s/it] 18%|█▊        | 8780/50005 [3:54:14<16:31:59,  1.44s/it] 18%|█▊        | 8781/50005 [3:54:16<16:31:18,  1.44s/it] 18%|█▊        | 8782/50005 [3:54:17<16:29:36,  1.44s/it] 18%|█▊        | 8783/50005 [3:54:19<16:30:51,  1.44s/it] 18%|█▊        | 8784/50005 [3:54:20<16:31:40,  1.44s/it] 18%|█▊        | 8785/50005 [3:54:22<16:30:18,  1.44s/it] 18%|█▊        | 8786/50005 [3:54:23<16:31:26,  1.44s/it] 18%|█▊        | 8787/50005 [3:54:25<16:30:31,  1.44s/it] 18%|█▊        | 8788/50005 [3:54:26<16:31:35,  1.44s/it] 18%|█▊        | 8789/50005 [3:54:27<16:30:50,  1.44s/it] 18%|█▊        | 8790/50005 [3:54:29<16:29:44,  1.44s/it] 18%|█▊        | 8791/50005 [3:54:30<16:28:59,  1.44s/it] 18%|█▊        | 8792/50005 [3:54:32<16:28:31,  1.44s/it] 18%|█▊        | 8793/50005 [3:54:33<16:28:34,  1.44s/it] 18%|█▊        | 8794/50005 [3:54:35<16:27:36,  1.44s/it] 18%|█▊        | 8795/50005 [3:54:36<16:26:57,  1.44s/it] 18%|█▊        | 8796/50005 [3:54:37<16:28:22,  1.44s/it] 18%|█▊        | 8797/50005 [3:54:39<16:29:32,  1.44s/it] 18%|█▊        | 8798/50005 [3:54:40<16:29:58,  1.44s/it] 18%|█▊        | 8799/50005 [3:54:42<16:30:00,  1.44s/it] 18%|█▊        | 8800/50005 [3:54:43<16:27:21,  1.44s/it] 18%|█▊        | 8801/50005 [3:54:45<16:26:39,  1.44s/it]
Validation:   0%|          | 0/100 [00:00<?, ?it/s][A
Validation:   1%|          | 1/100 [00:00<01:38,  1.00it/s][A
Validation:   2%|▏         | 2/100 [00:01<01:15,  1.30it/s][A
Validation:   3%|▎         | 3/100 [00:02<01:07,  1.43it/s][A
Validation:   4%|▍         | 4/100 [00:02<01:03,  1.50it/s][A
Validation:   5%|▌         | 5/100 [00:03<01:01,  1.54it/s][A
Validation:   6%|▌         | 6/100 [00:04<00:59,  1.57it/s][A
Validation:   7%|▋         | 7/100 [00:04<00:58,  1.59it/s][A
Validation:   8%|▊         | 8/100 [00:05<00:57,  1.60it/s][A
Validation:   9%|▉         | 9/100 [00:05<00:56,  1.61it/s][A
Validation:  10%|█         | 10/100 [00:06<00:55,  1.62it/s][A
Validation:  11%|█         | 11/100 [00:07<00:54,  1.62it/s][A
Validation:  12%|█▏        | 12/100 [00:07<00:54,  1.62it/s][A
Validation:  13%|█▎        | 13/100 [00:08<00:53,  1.62it/s][A
Validation:  14%|█▍        | 14/100 [00:08<00:52,  1.63it/s][A
Validation:  15%|█▌        | 15/100 [00:09<00:52,  1.63it/s][A
Validation:  16%|█▌        | 16/100 [00:10<00:51,  1.63it/s][A
Validation:  17%|█▋        | 17/100 [00:10<00:50,  1.63it/s][A
Validation:  18%|█▊        | 18/100 [00:11<00:50,  1.63it/s][A
Validation:  19%|█▉        | 19/100 [00:12<00:49,  1.63it/s][A
Validation:  20%|██        | 20/100 [00:12<00:48,  1.63it/s][A
Validation:  21%|██        | 21/100 [00:13<00:48,  1.63it/s][A
Validation:  22%|██▏       | 22/100 [00:13<00:47,  1.63it/s][A
Validation:  23%|██▎       | 23/100 [00:14<00:47,  1.63it/s][A
Validation:  24%|██▍       | 24/100 [00:15<00:46,  1.63it/s][A
Validation:  25%|██▌       | 25/100 [00:15<00:46,  1.63it/s][A
Validation:  26%|██▌       | 26/100 [00:16<00:45,  1.63it/s][A
Validation:  27%|██▋       | 27/100 [00:16<00:44,  1.63it/s][A
Validation:  28%|██▊       | 28/100 [00:17<00:44,  1.63it/s][A
Validation:  29%|██▉       | 29/100 [00:18<00:43,  1.63it/s][A
Validation:  30%|███       | 30/100 [00:18<00:42,  1.63it/s][A
Validation:  31%|███       | 31/100 [00:19<00:42,  1.63it/s][A
Validation:  32%|███▏      | 32/100 [00:20<00:41,  1.63it/s][A
Validation:  33%|███▎      | 33/100 [00:20<00:41,  1.63it/s][A
Validation:  34%|███▍      | 34/100 [00:21<00:40,  1.63it/s][A
Validation:  35%|███▌      | 35/100 [00:21<00:39,  1.63it/s][A
Validation:  36%|███▌      | 36/100 [00:22<00:39,  1.63it/s][A
Validation:  37%|███▋      | 37/100 [00:23<00:38,  1.63it/s][A
Validation:  38%|███▊      | 38/100 [00:23<00:38,  1.63it/s][A
Validation:  39%|███▉      | 39/100 [00:24<00:37,  1.63it/s][A
Validation:  40%|████      | 40/100 [00:24<00:36,  1.63it/s][A
Validation:  41%|████      | 41/100 [00:25<00:36,  1.63it/s][A
Validation:  42%|████▏     | 42/100 [00:26<00:35,  1.63it/s][A
Validation:  43%|████▎     | 43/100 [00:26<00:34,  1.63it/s][A
Validation:  44%|████▍     | 44/100 [00:27<00:34,  1.63it/s][A
Validation:  45%|████▌     | 45/100 [00:27<00:33,  1.63it/s][A
Validation:  46%|████▌     | 46/100 [00:28<00:33,  1.63it/s][A
Validation:  47%|████▋     | 47/100 [00:29<00:32,  1.63it/s][A
Validation:  48%|████▊     | 48/100 [00:29<00:31,  1.63it/s][A
Validation:  49%|████▉     | 49/100 [00:30<00:31,  1.63it/s][A
Validation:  50%|█████     | 50/100 [00:31<00:30,  1.63it/s][A
Validation:  51%|█████     | 51/100 [00:31<00:29,  1.63it/s][A
Validation:  52%|█████▏    | 52/100 [00:32<00:29,  1.64it/s][A
Validation:  53%|█████▎    | 53/100 [00:32<00:28,  1.63it/s][A
Validation:  54%|█████▍    | 54/100 [00:33<00:28,  1.63it/s][A
Validation:  55%|█████▌    | 55/100 [00:34<00:27,  1.63it/s][A
Validation:  56%|█████▌    | 56/100 [00:34<00:27,  1.63it/s][A
Validation:  57%|█████▋    | 57/100 [00:35<00:26,  1.63it/s][A
Validation:  58%|█████▊    | 58/100 [00:35<00:25,  1.63it/s][A
Validation:  59%|█████▉    | 59/100 [00:36<00:25,  1.63it/s][A
Validation:  60%|██████    | 60/100 [00:37<00:24,  1.63it/s][A
Validation:  61%|██████    | 61/100 [00:37<00:23,  1.63it/s][A
Validation:  62%|██████▏   | 62/100 [00:38<00:23,  1.63it/s][A
Validation:  63%|██████▎   | 63/100 [00:39<00:22,  1.63it/s][A
Validation:  64%|██████▍   | 64/100 [00:39<00:22,  1.64it/s][A
Validation:  65%|██████▌   | 65/100 [00:40<00:21,  1.63it/s][A
Validation:  66%|██████▌   | 66/100 [00:40<00:20,  1.63it/s][A
Validation:  67%|██████▋   | 67/100 [00:41<00:20,  1.63it/s][A
Validation:  68%|██████▊   | 68/100 [00:42<00:19,  1.63it/s][A
Validation:  69%|██████▉   | 69/100 [00:42<00:19,  1.63it/s][A
Validation:  70%|███████   | 70/100 [00:43<00:18,  1.63it/s][A
Validation:  71%|███████   | 71/100 [00:43<00:17,  1.63it/s][A
Validation:  72%|███████▏  | 72/100 [00:44<00:17,  1.63it/s][A
Validation:  73%|███████▎  | 73/100 [00:45<00:16,  1.63it/s][A
Validation:  74%|███████▍  | 74/100 [00:45<00:15,  1.63it/s][A
Validation:  75%|███████▌  | 75/100 [00:46<00:15,  1.63it/s][A
Validation:  76%|███████▌  | 76/100 [00:46<00:14,  1.63it/s][A
Validation:  77%|███████▋  | 77/100 [00:47<00:14,  1.63it/s][A
Validation:  78%|███████▊  | 78/100 [00:48<00:13,  1.63it/s][A
Validation:  79%|███████▉  | 79/100 [00:48<00:12,  1.63it/s][A
Validation:  80%|████████  | 80/100 [00:49<00:12,  1.63it/s][A
Validation:  81%|████████  | 81/100 [00:50<00:11,  1.63it/s][A
Validation:  82%|████████▏ | 82/100 [00:50<00:11,  1.63it/s][A
Validation:  83%|████████▎ | 83/100 [00:51<00:10,  1.63it/s][A
Validation:  84%|████████▍ | 84/100 [00:51<00:09,  1.63it/s][A
Validation:  85%|████████▌ | 85/100 [00:52<00:09,  1.63it/s][A
Validation:  86%|████████▌ | 86/100 [00:53<00:08,  1.63it/s][A
Validation:  87%|████████▋ | 87/100 [00:53<00:07,  1.63it/s][A
Validation:  88%|████████▊ | 88/100 [00:54<00:07,  1.63it/s][A
Validation:  89%|████████▉ | 89/100 [00:54<00:06,  1.63it/s][A
Validation:  90%|█████████ | 90/100 [00:55<00:06,  1.63it/s][A
Validation:  91%|█████████ | 91/100 [00:56<00:05,  1.63it/s][A
Validation:  92%|█████████▏| 92/100 [00:56<00:04,  1.63it/s][A
Validation:  93%|█████████▎| 93/100 [00:57<00:04,  1.63it/s][A
Validation:  94%|█████████▍| 94/100 [00:58<00:03,  1.63it/s][A
Validation:  95%|█████████▌| 95/100 [00:58<00:03,  1.63it/s][A
Validation:  96%|█████████▌| 96/100 [00:59<00:02,  1.63it/s][A
Validation:  97%|█████████▋| 97/100 [00:59<00:01,  1.63it/s][A
Validation:  98%|█████████▊| 98/100 [01:00<00:01,  1.63it/s][A
Validation:  99%|█████████▉| 99/100 [01:01<00:00,  1.63it/s][A
Validation: 100%|██████████| 100/100 [01:01<00:00,  1.63it/s][A
                                                             [A 18%|█▊        | 8802/50005 [3:55:48<228:45:24, 19.99s/it] 18%|█▊        | 8803/50005 [3:55:49<165:03:40, 14.42s/it] 18%|█▊        | 8804/50005 [3:55:51<120:29:51, 10.53s/it] 18%|█▊        | 8805/50005 [3:55:52<89:18:26,  7.80s/it]  18%|█▊        | 8806/50005 [3:55:54<67:27:48,  5.90s/it] 18%|█▊        | 8807/50005 [3:55:55<52:10:16,  4.56s/it] 18%|█▊        | 8808/50005 [3:55:57<41:28:01,  3.62s/it] 18%|█▊        | 8809/50005 [3:55:58<33:58:57,  2.97s/it] 18%|█▊        | 8810/50005 [3:55:59<28:44:27,  2.51s/it] 18%|█▊        | 8811/50005 [3:56:01<25:04:35,  2.19s/it] 18%|█▊        | 8812/50005 [3:56:02<22:28:47,  1.96s/it] 18%|█▊        | 8813/50005 [3:56:04<20:41:41,  1.81s/it] 18%|█▊        | 8814/50005 [3:56:05<19:26:22,  1.70s/it] 18%|█▊        | 8815/50005 [3:56:07<18:33:44,  1.62s/it] 18%|█▊        | 8816/50005 [3:56:08<17:57:05,  1.57s/it] 18%|█▊        | 8817/50005 [3:56:10<17:31:48,  1.53s/it] 18%|█▊        | 8818/50005 [3:56:11<17:13:14,  1.51s/it] 18%|█▊        | 8819/50005 [3:56:12<17:01:11,  1.49s/it] 18%|█▊        | 8820/50005 [3:56:14<16:51:56,  1.47s/it] 18%|█▊        | 8821/50005 [3:56:15<16:44:07,  1.46s/it] 18%|█▊        | 8822/50005 [3:56:17<16:40:28,  1.46s/it] 18%|█▊        | 8823/50005 [3:56:18<16:35:56,  1.45s/it] 18%|█▊        | 8824/50005 [3:56:20<16:34:30,  1.45s/it] 18%|█▊        | 8825/50005 [3:56:21<16:33:46,  1.45s/it] 18%|█▊        | 8826/50005 [3:56:23<16:31:27,  1.44s/it] 18%|█▊        | 8827/50005 [3:56:24<16:32:02,  1.45s/it] 18%|█▊        | 8828/50005 [3:56:25<16:30:27,  1.44s/it] 18%|█▊        | 8829/50005 [3:56:27<16:30:23,  1.44s/it] 18%|█▊        | 8830/50005 [3:56:28<16:30:10,  1.44s/it] 18%|█▊        | 8831/50005 [3:56:30<16:28:23,  1.44s/it] 18%|█▊        | 8832/50005 [3:56:31<16:27:17,  1.44s/it] 18%|█▊        | 8833/50005 [3:56:33<16:28:44,  1.44s/it] 18%|█▊        | 8834/50005 [3:56:34<16:28:58,  1.44s/it] 18%|█▊        | 8835/50005 [3:56:36<16:29:00,  1.44s/it] 18%|█▊        | 8836/50005 [3:56:37<16:29:10,  1.44s/it] 18%|█▊        | 8837/50005 [3:56:38<16:29:34,  1.44s/it] 18%|█▊        | 8838/50005 [3:56:40<16:29:19,  1.44s/it] 18%|█▊        | 8839/50005 [3:56:41<16:29:51,  1.44s/it] 18%|█▊        | 8840/50005 [3:56:43<16:29:03,  1.44s/it] 18%|█▊        | 8841/50005 [3:56:44<16:27:51,  1.44s/it] 18%|█▊        | 8842/50005 [3:56:46<16:28:21,  1.44s/it] 18%|█▊        | 8843/50005 [3:56:47<16:28:38,  1.44s/it] 18%|█▊        | 8844/50005 [3:56:48<16:27:25,  1.44s/it] 18%|█▊        | 8845/50005 [3:56:50<16:28:39,  1.44s/it] 18%|█▊        | 8846/50005 [3:56:51<16:26:47,  1.44s/it] 18%|█▊        | 8847/50005 [3:56:53<16:27:59,  1.44s/it] 18%|█▊        | 8848/50005 [3:56:54<16:26:12,  1.44s/it] 18%|█▊        | 8849/50005 [3:56:56<16:27:52,  1.44s/it] 18%|█▊        | 8850/50005 [3:56:57<16:28:44,  1.44s/it] 18%|█▊        | 8851/50005 [3:56:59<16:30:01,  1.44s/it] 18%|█▊        | 8852/50005 [3:57:00<16:28:06,  1.44s/it] 18%|█▊        | 8853/50005 [3:57:01<16:29:04,  1.44s/it] 18%|█▊        | 8854/50005 [3:57:03<16:29:32,  1.44s/it] 18%|█▊        | 8855/50005 [3:57:04<16:30:22,  1.44s/it] 18%|█▊        | 8856/50005 [3:57:06<16:28:35,  1.44s/it] 18%|█▊        | 8857/50005 [3:57:07<16:29:01,  1.44s/it] 18%|█▊        | 8858/50005 [3:57:09<16:29:44,  1.44s/it] 18%|█▊        | 8859/50005 [3:57:10<16:29:45,  1.44s/it] 18%|█▊        | 8860/50005 [3:57:12<16:29:57,  1.44s/it] 18%|█▊        | 8861/50005 [3:57:13<16:30:40,  1.44s/it] 18%|█▊        | 8862/50005 [3:57:14<16:30:20,  1.44s/it] 18%|█▊        | 8863/50005 [3:57:16<16:27:53,  1.44s/it] 18%|█▊        | 8864/50005 [3:57:17<16:28:23,  1.44s/it] 18%|█▊        | 8865/50005 [3:57:19<16:26:55,  1.44s/it] 18%|█▊        | 8866/50005 [3:57:20<16:25:49,  1.44s/it] 18%|█▊        | 8867/50005 [3:57:22<16:24:15,  1.44s/it] 18%|█▊        | 8868/50005 [3:57:23<16:25:32,  1.44s/it] 18%|█▊        | 8869/50005 [3:57:25<16:27:04,  1.44s/it] 18%|█▊        | 8870/50005 [3:57:26<16:25:36,  1.44s/it] 18%|█▊        | 8871/50005 [3:57:27<16:24:23,  1.44s/it] 18%|█▊        | 8872/50005 [3:57:29<16:26:10,  1.44s/it] 18%|█▊        | 8873/50005 [3:57:30<16:27:22,  1.44s/it] 18%|█▊        | 8874/50005 [3:57:32<16:26:53,  1.44s/it] 18%|█▊        | 8875/50005 [3:57:34<18:21:24,  1.61s/it] 18%|█▊        | 8876/50005 [3:57:35<18:12:32,  1.59s/it] 18%|█▊        | 8877/50005 [3:57:37<17:42:35,  1.55s/it] 18%|█▊        | 8878/50005 [3:57:38<17:22:23,  1.52s/it] 18%|█▊        | 8879/50005 [3:57:40<17:06:32,  1.50s/it] 18%|█▊        | 8880/50005 [3:57:41<16:55:33,  1.48s/it] 18%|█▊        | 8881/50005 [3:57:42<16:47:25,  1.47s/it] 18%|█▊        | 8882/50005 [3:57:44<16:39:57,  1.46s/it] 18%|█▊        | 8883/50005 [3:57:45<16:34:43,  1.45s/it] 18%|█▊        | 8884/50005 [3:57:47<16:31:18,  1.45s/it] 18%|█▊        | 8885/50005 [3:57:48<16:30:39,  1.45s/it] 18%|█▊        | 8886/50005 [3:57:50<16:28:12,  1.44s/it] 18%|█▊        | 8887/50005 [3:57:51<16:28:33,  1.44s/it] 18%|█▊        | 8888/50005 [3:57:53<16:28:38,  1.44s/it] 18%|█▊        | 8889/50005 [3:57:54<16:29:38,  1.44s/it] 18%|█▊        | 8890/50005 [3:57:55<16:29:40,  1.44s/it] 18%|█▊        | 8891/50005 [3:57:57<16:30:31,  1.45s/it] 18%|█▊        | 8892/50005 [3:57:58<16:30:46,  1.45s/it] 18%|█▊        | 8893/50005 [3:58:00<16:30:19,  1.45s/it] 18%|█▊        | 8894/50005 [3:58:01<16:29:44,  1.44s/it] 18%|█▊        | 8895/50005 [3:58:03<16:29:31,  1.44s/it] 18%|█▊        | 8896/50005 [3:58:04<16:27:50,  1.44s/it] 18%|█▊        | 8897/50005 [3:58:06<16:27:43,  1.44s/it] 18%|█▊        | 8898/50005 [3:58:07<16:25:56,  1.44s/it] 18%|█▊        | 8899/50005 [3:58:08<16:27:28,  1.44s/it] 18%|█▊        | 8900/50005 [3:58:10<16:28:07,  1.44s/it] 18%|█▊        | 8901/50005 [3:58:11<16:28:35,  1.44s/it] 18%|█▊        | 8902/50005 [3:58:13<16:29:01,  1.44s/it] 18%|█▊        | 8903/50005 [3:58:14<16:28:47,  1.44s/it] 18%|█▊        | 8904/50005 [3:58:16<16:29:05,  1.44s/it] 18%|█▊        | 8905/50005 [3:58:17<16:28:48,  1.44s/it] 18%|█▊        | 8906/50005 [3:58:19<16:28:52,  1.44s/it] 18%|█▊        | 8907/50005 [3:58:20<16:29:48,  1.45s/it] 18%|█▊        | 8908/50005 [3:58:21<16:29:20,  1.44s/it] 18%|█▊        | 8909/50005 [3:58:23<16:28:38,  1.44s/it] 18%|█▊        | 8910/50005 [3:58:24<16:28:31,  1.44s/it] 18%|█▊        | 8911/50005 [3:58:26<16:26:59,  1.44s/it] 18%|█▊        | 8912/50005 [3:58:27<16:27:33,  1.44s/it] 18%|█▊        | 8913/50005 [3:58:29<16:28:28,  1.44s/it] 18%|█▊        | 8914/50005 [3:58:30<16:26:56,  1.44s/it] 18%|█▊        | 8915/50005 [3:58:32<16:27:30,  1.44s/it] 18%|█▊        | 8916/50005 [3:58:33<16:27:16,  1.44s/it] 18%|█▊        | 8917/50005 [3:58:34<16:26:31,  1.44s/it] 18%|█▊        | 8918/50005 [3:58:36<16:24:51,  1.44s/it] 18%|█▊        | 8919/50005 [3:58:37<16:24:44,  1.44s/it] 18%|█▊        | 8920/50005 [3:58:39<16:23:29,  1.44s/it] 18%|█▊        | 8921/50005 [3:58:40<16:24:54,  1.44s/it] 18%|█▊        | 8922/50005 [3:58:42<16:25:35,  1.44s/it] 18%|█▊        | 8923/50005 [3:58:43<16:26:03,  1.44s/it] 18%|█▊        | 8924/50005 [3:58:44<16:26:48,  1.44s/it] 18%|█▊        | 8925/50005 [3:58:46<16:27:44,  1.44s/it] 18%|█▊        | 8926/50005 [3:58:47<16:28:24,  1.44s/it] 18%|█▊        | 8927/50005 [3:58:49<16:26:43,  1.44s/it] 18%|█▊        | 8928/50005 [3:58:50<16:25:46,  1.44s/it] 18%|█▊        | 8929/50005 [3:58:52<16:24:55,  1.44s/it] 18%|█▊        | 8930/50005 [3:58:53<16:26:03,  1.44s/it] 18%|█▊        | 8931/50005 [3:58:55<16:27:22,  1.44s/it] 18%|█▊        | 8932/50005 [3:58:56<16:25:23,  1.44s/it] 18%|█▊        | 8933/50005 [3:58:57<16:25:50,  1.44s/it] 18%|█▊        | 8934/50005 [3:58:59<16:26:14,  1.44s/it] 18%|█▊        | 8935/50005 [3:59:00<16:26:48,  1.44s/it] 18%|█▊        | 8936/50005 [3:59:02<16:25:02,  1.44s/it] 18%|█▊        | 8937/50005 [3:59:03<16:26:14,  1.44s/it] 18%|█▊        | 8938/50005 [3:59:05<16:24:11,  1.44s/it] 18%|█▊        | 8939/50005 [3:59:06<16:25:12,  1.44s/it] 18%|█▊        | 8940/50005 [3:59:08<16:24:05,  1.44s/it] 18%|█▊        | 8941/50005 [3:59:09<16:24:25,  1.44s/it] 18%|█▊        | 8942/50005 [3:59:10<16:24:56,  1.44s/it] 18%|█▊        | 8943/50005 [3:59:12<16:24:58,  1.44s/it] 18%|█▊        | 8944/50005 [3:59:13<16:22:43,  1.44s/it] 18%|█▊        | 8945/50005 [3:59:15<16:22:25,  1.44s/it] 18%|█▊        | 8946/50005 [3:59:16<16:21:45,  1.43s/it] 18%|█▊        | 8947/50005 [3:59:18<16:23:51,  1.44s/it] 18%|█▊        | 8948/50005 [3:59:19<16:23:17,  1.44s/it] 18%|█▊        | 8949/50005 [3:59:20<16:24:29,  1.44s/it] 18%|█▊        | 8950/50005 [3:59:22<16:25:02,  1.44s/it] 18%|█▊        | 8951/50005 [3:59:23<16:24:48,  1.44s/it] 18%|█▊        | 8952/50005 [3:59:25<16:25:29,  1.44s/it] 18%|█▊        | 8953/50005 [3:59:26<16:26:25,  1.44s/it] 18%|█▊        | 8954/50005 [3:59:28<16:26:24,  1.44s/it] 18%|█▊        | 8955/50005 [3:59:29<16:24:02,  1.44s/it] 18%|█▊        | 8956/50005 [3:59:31<16:25:21,  1.44s/it] 18%|█▊        | 8957/50005 [3:59:32<16:25:37,  1.44s/it] 18%|█▊        | 8958/50005 [3:59:33<16:24:19,  1.44s/it] 18%|█▊        | 8959/50005 [3:59:35<16:23:36,  1.44s/it] 18%|█▊        | 8960/50005 [3:59:36<16:24:15,  1.44s/it] 18%|█▊        | 8961/50005 [3:59:38<16:25:23,  1.44s/it] 18%|█▊        | 8962/50005 [3:59:39<16:26:25,  1.44s/it] 18%|█▊        | 8963/50005 [3:59:41<16:25:01,  1.44s/it] 18%|█▊        | 8964/50005 [3:59:42<16:24:01,  1.44s/it] 18%|█▊        | 8965/50005 [3:59:43<16:24:46,  1.44s/it] 18%|█▊        | 8966/50005 [3:59:45<16:25:17,  1.44s/it] 18%|█▊        | 8967/50005 [3:59:46<16:25:38,  1.44s/it] 18%|█▊        | 8968/50005 [3:59:48<16:24:51,  1.44s/it] 18%|█▊        | 8969/50005 [3:59:49<16:25:53,  1.44s/it] 18%|█▊        | 8970/50005 [3:59:51<16:24:51,  1.44s/it] 18%|█▊        | 8971/50005 [3:59:52<16:23:47,  1.44s/it] 18%|█▊        | 8972/50005 [3:59:54<16:23:00,  1.44s/it] 18%|█▊        | 8973/50005 [3:59:55<16:24:17,  1.44s/it] 18%|█▊        | 8974/50005 [3:59:56<16:24:47,  1.44s/it] 18%|█▊        | 8975/50005 [3:59:58<16:25:29,  1.44s/it] 18%|█▊        | 8976/50005 [3:59:59<16:26:15,  1.44s/it] 18%|█▊        | 8977/50005 [4:00:01<16:26:16,  1.44s/it] 18%|█▊        | 8978/50005 [4:00:02<16:26:38,  1.44s/it] 18%|█▊        | 8979/50005 [4:00:04<16:26:19,  1.44s/it] 18%|█▊        | 8980/50005 [4:00:05<16:25:35,  1.44s/it] 18%|█▊        | 8981/50005 [4:00:07<16:26:39,  1.44s/it] 18%|█▊        | 8982/50005 [4:00:08<16:26:34,  1.44s/it] 18%|█▊        | 8983/50005 [4:00:09<16:26:53,  1.44s/it] 18%|█▊        | 8984/50005 [4:00:11<16:26:49,  1.44s/it] 18%|█▊        | 8985/50005 [4:00:12<16:27:08,  1.44s/it] 18%|█▊        | 8986/50005 [4:00:14<16:25:21,  1.44s/it] 18%|█▊        | 8987/50005 [4:00:15<16:24:33,  1.44s/it] 18%|█▊        | 8988/50005 [4:00:17<16:23:18,  1.44s/it] 18%|█▊        | 8989/50005 [4:00:18<16:23:23,  1.44s/it] 18%|█▊        | 8990/50005 [4:00:20<16:22:02,  1.44s/it] 18%|█▊        | 8991/50005 [4:00:21<16:22:22,  1.44s/it] 18%|█▊        | 8992/50005 [4:00:22<16:21:38,  1.44s/it] 18%|█▊        | 8993/50005 [4:00:24<16:23:04,  1.44s/it] 18%|█▊        | 8994/50005 [4:00:25<16:23:48,  1.44s/it] 18%|█▊        | 8995/50005 [4:00:27<16:24:17,  1.44s/it] 18%|█▊        | 8996/50005 [4:00:28<16:24:49,  1.44s/it] 18%|█▊        | 8997/50005 [4:00:30<16:23:37,  1.44s/it] 18%|█▊        | 8998/50005 [4:00:31<16:22:20,  1.44s/it] 18%|█▊        | 8999/50005 [4:00:32<16:23:13,  1.44s/it] 18%|█▊        | 9000/50005 [4:00:34<16:24:29,  1.44s/it] 18%|█▊        | 9001/50005 [4:00:35<16:29:00,  1.45s/it] 18%|█▊        | 9002/50005 [4:00:37<16:28:19,  1.45s/it] 18%|█▊        | 9003/50005 [4:00:38<16:27:28,  1.45s/it] 18%|█▊        | 9004/50005 [4:00:40<16:27:27,  1.45s/it] 18%|█▊        | 9005/50005 [4:00:41<16:25:00,  1.44s/it] 18%|█▊        | 9006/50005 [4:00:43<16:25:13,  1.44s/it] 18%|█▊        | 9007/50005 [4:00:44<16:25:57,  1.44s/it] 18%|█▊        | 9008/50005 [4:00:45<16:26:41,  1.44s/it] 18%|█▊        | 9009/50005 [4:00:47<16:27:03,  1.44s/it] 18%|█▊        | 9010/50005 [4:00:48<16:26:48,  1.44s/it] 18%|█▊        | 9011/50005 [4:00:50<16:25:50,  1.44s/it] 18%|█▊        | 9012/50005 [4:00:51<16:26:23,  1.44s/it] 18%|█▊        | 9013/50005 [4:00:53<16:26:59,  1.44s/it] 18%|█▊        | 9014/50005 [4:00:54<16:26:46,  1.44s/it] 18%|█▊        | 9015/50005 [4:00:56<16:25:33,  1.44s/it] 18%|█▊        | 9016/50005 [4:00:57<16:25:42,  1.44s/it] 18%|█▊        | 9017/50005 [4:00:58<16:24:28,  1.44s/it] 18%|█▊        | 9018/50005 [4:01:00<16:25:00,  1.44s/it] 18%|█▊        | 9019/50005 [4:01:01<16:25:52,  1.44s/it] 18%|█▊        | 9020/50005 [4:01:03<16:24:24,  1.44s/it] 18%|█▊        | 9021/50005 [4:01:04<16:25:10,  1.44s/it] 18%|█▊        | 9022/50005 [4:01:06<16:25:18,  1.44s/it] 18%|█▊        | 9023/50005 [4:01:07<16:23:38,  1.44s/it] 18%|█▊        | 9024/50005 [4:01:09<16:24:35,  1.44s/it] 18%|█▊        | 9025/50005 [4:01:10<16:23:52,  1.44s/it] 18%|█▊        | 9026/50005 [4:01:11<16:22:51,  1.44s/it] 18%|█▊        | 9027/50005 [4:01:13<16:24:19,  1.44s/it] 18%|█▊        | 9028/50005 [4:01:14<16:23:26,  1.44s/it] 18%|█▊        | 9029/50005 [4:01:16<16:24:01,  1.44s/it] 18%|█▊        | 9030/50005 [4:01:17<16:24:58,  1.44s/it] 18%|█▊        | 9031/50005 [4:01:19<16:25:16,  1.44s/it] 18%|█▊        | 9032/50005 [4:01:20<16:23:43,  1.44s/it] 18%|█▊        | 9033/50005 [4:01:22<16:24:22,  1.44s/it] 18%|█▊        | 9034/50005 [4:01:23<16:24:46,  1.44s/it] 18%|█▊        | 9035/50005 [4:01:24<16:23:38,  1.44s/it] 18%|█▊        | 9036/50005 [4:01:26<16:24:11,  1.44s/it] 18%|█▊        | 9037/50005 [4:01:27<16:23:11,  1.44s/it] 18%|█▊        | 9038/50005 [4:01:29<16:21:42,  1.44s/it] 18%|█▊        | 9039/50005 [4:01:30<16:23:15,  1.44s/it] 18%|█▊        | 9040/50005 [4:01:32<16:21:52,  1.44s/it] 18%|█▊        | 9041/50005 [4:01:33<16:23:27,  1.44s/it] 18%|█▊        | 9042/50005 [4:01:34<16:24:15,  1.44s/it] 18%|█▊        | 9043/50005 [4:01:36<16:23:36,  1.44s/it] 18%|█▊        | 9044/50005 [4:01:37<16:24:21,  1.44s/it] 18%|█▊        | 9045/50005 [4:01:39<16:24:51,  1.44s/it] 18%|█▊        | 9046/50005 [4:01:40<16:25:26,  1.44s/it] 18%|█▊        | 9047/50005 [4:01:42<16:25:37,  1.44s/it] 18%|█▊        | 9048/50005 [4:01:43<16:26:26,  1.45s/it] 18%|█▊        | 9049/50005 [4:01:45<16:24:36,  1.44s/it] 18%|█▊        | 9050/50005 [4:01:46<16:24:48,  1.44s/it] 18%|█▊        | 9051/50005 [4:01:47<16:25:10,  1.44s/it] 18%|█▊        | 9052/50005 [4:01:49<16:24:02,  1.44s/it] 18%|█▊        | 9053/50005 [4:01:50<16:22:32,  1.44s/it] 18%|█▊        | 9054/50005 [4:01:52<16:23:31,  1.44s/it] 18%|█▊        | 9055/50005 [4:01:53<16:22:17,  1.44s/it] 18%|█▊        | 9056/50005 [4:01:55<16:23:43,  1.44s/it] 18%|█▊        | 9057/50005 [4:01:56<16:24:09,  1.44s/it] 18%|█▊        | 9058/50005 [4:01:58<16:24:39,  1.44s/it] 18%|█▊        | 9059/50005 [4:01:59<16:22:59,  1.44s/it] 18%|█▊        | 9060/50005 [4:02:00<16:24:03,  1.44s/it] 18%|█▊        | 9061/50005 [4:02:02<16:24:38,  1.44s/it] 18%|█▊        | 9062/50005 [4:02:03<16:23:56,  1.44s/it] 18%|█▊        | 9063/50005 [4:02:05<16:23:17,  1.44s/it] 18%|█▊        | 9064/50005 [4:02:06<16:22:16,  1.44s/it] 18%|█▊        | 9065/50005 [4:02:08<16:21:58,  1.44s/it] 18%|█▊        | 9066/50005 [4:02:09<16:22:56,  1.44s/it] 18%|█▊        | 9067/50005 [4:02:11<16:21:54,  1.44s/it] 18%|█▊        | 9068/50005 [4:02:12<16:22:48,  1.44s/it] 18%|█▊        | 9069/50005 [4:02:13<16:22:12,  1.44s/it] 18%|█▊        | 9070/50005 [4:02:15<16:22:59,  1.44s/it] 18%|█▊        | 9071/50005 [4:02:16<16:23:07,  1.44s/it] 18%|█▊        | 9072/50005 [4:02:18<16:21:43,  1.44s/it] 18%|█▊        | 9073/50005 [4:02:19<16:23:07,  1.44s/it] 18%|█▊        | 9074/50005 [4:02:21<16:23:53,  1.44s/it] 18%|█▊        | 9075/50005 [4:02:22<16:24:35,  1.44s/it] 18%|█▊        | 9076/50005 [4:02:23<16:22:20,  1.44s/it] 18%|█▊        | 9077/50005 [4:02:25<16:23:04,  1.44s/it] 18%|█▊        | 9078/50005 [4:02:26<16:23:38,  1.44s/it] 18%|█▊        | 9079/50005 [4:02:28<16:24:08,  1.44s/it] 18%|█▊        | 9080/50005 [4:02:29<16:22:17,  1.44s/it] 18%|█▊        | 9081/50005 [4:02:31<16:23:35,  1.44s/it] 18%|█▊        | 9082/50005 [4:02:32<16:24:01,  1.44s/it] 18%|█▊        | 9083/50005 [4:02:34<16:24:22,  1.44s/it] 18%|█▊        | 9084/50005 [4:02:35<16:23:20,  1.44s/it] 18%|█▊        | 9085/50005 [4:02:36<16:23:54,  1.44s/it] 18%|█▊        | 9086/50005 [4:02:38<16:22:09,  1.44s/it] 18%|█▊        | 9087/50005 [4:02:39<16:23:43,  1.44s/it] 18%|█▊        | 9088/50005 [4:02:41<16:22:01,  1.44s/it] 18%|█▊        | 9089/50005 [4:02:42<16:22:56,  1.44s/it] 18%|█▊        | 9090/50005 [4:02:44<16:20:59,  1.44s/it] 18%|█▊        | 9091/50005 [4:02:45<16:21:51,  1.44s/it] 18%|█▊        | 9092/50005 [4:02:47<16:22:30,  1.44s/it] 18%|█▊        | 9093/50005 [4:02:48<16:21:25,  1.44s/it] 18%|█▊        | 9094/50005 [4:02:49<16:22:05,  1.44s/it] 18%|█▊        | 9095/50005 [4:02:51<16:22:37,  1.44s/it] 18%|█▊        | 9096/50005 [4:02:52<16:22:59,  1.44s/it] 18%|█▊        | 9097/50005 [4:02:54<16:21:59,  1.44s/it] 18%|█▊        | 9098/50005 [4:02:55<16:20:16,  1.44s/it] 18%|█▊        | 9099/50005 [4:02:57<16:22:05,  1.44s/it] 18%|█▊        | 9100/50005 [4:02:58<16:23:17,  1.44s/it] 18%|█▊        | 9101/50005 [4:03:00<16:23:29,  1.44s/it] 18%|█▊        | 9102/50005 [4:03:01<16:23:39,  1.44s/it] 18%|█▊        | 9103/50005 [4:03:02<16:21:45,  1.44s/it] 18%|█▊        | 9104/50005 [4:03:04<16:22:37,  1.44s/it] 18%|█▊        | 9105/50005 [4:03:05<16:23:15,  1.44s/it] 18%|█▊        | 9106/50005 [4:03:07<16:22:02,  1.44s/it] 18%|█▊        | 9107/50005 [4:03:08<16:22:54,  1.44s/it] 18%|█▊        | 9108/50005 [4:03:10<16:21:59,  1.44s/it] 18%|█▊        | 9109/50005 [4:03:11<16:22:56,  1.44s/it] 18%|█▊        | 9110/50005 [4:03:12<16:23:09,  1.44s/it] 18%|█▊        | 9111/50005 [4:03:14<16:21:42,  1.44s/it] 18%|█▊        | 9112/50005 [4:03:15<16:21:59,  1.44s/it] 18%|█▊        | 9113/50005 [4:03:17<16:22:25,  1.44s/it] 18%|█▊        | 9114/50005 [4:03:18<16:20:32,  1.44s/it] 18%|█▊        | 9115/50005 [4:03:20<16:22:10,  1.44s/it] 18%|█▊        | 9116/50005 [4:03:21<16:22:42,  1.44s/it] 18%|█▊        | 9117/50005 [4:03:23<16:23:15,  1.44s/it] 18%|█▊        | 9118/50005 [4:03:24<16:23:28,  1.44s/it] 18%|█▊        | 9119/50005 [4:03:25<16:21:58,  1.44s/it] 18%|█▊        | 9120/50005 [4:03:27<16:22:25,  1.44s/it] 18%|█▊        | 9121/50005 [4:03:28<16:22:15,  1.44s/it] 18%|█▊        | 9122/50005 [4:03:30<16:22:41,  1.44s/it] 18%|█▊        | 9123/50005 [4:03:31<16:23:49,  1.44s/it] 18%|█▊        | 9124/50005 [4:03:33<16:23:28,  1.44s/it] 18%|█▊        | 9125/50005 [4:03:34<16:23:17,  1.44s/it] 18%|█▊        | 9126/50005 [4:03:36<16:21:11,  1.44s/it] 18%|█▊        | 9127/50005 [4:03:37<16:21:42,  1.44s/it] 18%|█▊        | 9128/50005 [4:03:38<16:22:32,  1.44s/it] 18%|█▊        | 9129/50005 [4:03:40<16:21:58,  1.44s/it] 18%|█▊        | 9130/50005 [4:03:41<16:20:02,  1.44s/it] 18%|█▊        | 9131/50005 [4:03:43<16:21:21,  1.44s/it] 18%|█▊        | 9132/50005 [4:03:44<16:20:08,  1.44s/it] 18%|█▊        | 9133/50005 [4:03:46<16:21:36,  1.44s/it] 18%|█▊        | 9134/50005 [4:03:47<16:19:46,  1.44s/it] 18%|█▊        | 9135/50005 [4:03:49<16:21:27,  1.44s/it] 18%|█▊        | 9136/50005 [4:03:50<16:22:19,  1.44s/it] 18%|█▊        | 9137/50005 [4:03:51<16:22:54,  1.44s/it] 18%|█▊        | 9138/50005 [4:03:53<16:22:53,  1.44s/it] 18%|█▊        | 9139/50005 [4:03:54<16:23:18,  1.44s/it] 18%|█▊        | 9140/50005 [4:03:56<16:21:33,  1.44s/it] 18%|█▊        | 9141/50005 [4:03:57<16:21:59,  1.44s/it] 18%|█▊        | 9142/50005 [4:03:59<16:20:41,  1.44s/it] 18%|█▊        | 9143/50005 [4:04:00<16:19:20,  1.44s/it] 18%|█▊        | 9144/50005 [4:04:01<16:18:36,  1.44s/it] 18%|█▊        | 9145/50005 [4:04:03<16:17:57,  1.44s/it] 18%|█▊        | 9146/50005 [4:04:04<16:20:03,  1.44s/it] 18%|█▊        | 9147/50005 [4:04:06<16:21:30,  1.44s/it] 18%|█▊        | 9148/50005 [4:04:07<16:22:06,  1.44s/it] 18%|█▊        | 9149/50005 [4:04:09<16:22:34,  1.44s/it] 18%|█▊        | 9150/50005 [4:04:10<16:22:01,  1.44s/it] 18%|█▊        | 9151/50005 [4:04:12<16:21:33,  1.44s/it] 18%|█▊        | 9152/50005 [4:04:13<16:22:33,  1.44s/it] 18%|█▊        | 9153/50005 [4:04:14<16:22:53,  1.44s/it] 18%|█▊        | 9154/50005 [4:04:16<16:23:15,  1.44s/it] 18%|█▊        | 9155/50005 [4:04:17<16:22:51,  1.44s/it] 18%|█▊        | 9156/50005 [4:04:19<16:21:18,  1.44s/it] 18%|█▊        | 9157/50005 [4:04:20<16:22:10,  1.44s/it] 18%|█▊        | 9158/50005 [4:04:22<16:20:09,  1.44s/it] 18%|█▊        | 9159/50005 [4:04:23<16:19:00,  1.44s/it] 18%|█▊        | 9160/50005 [4:04:25<16:19:50,  1.44s/it] 18%|█▊        | 9161/50005 [4:04:26<16:20:18,  1.44s/it] 18%|█▊        | 9162/50005 [4:04:27<16:20:21,  1.44s/it] 18%|█▊        | 9163/50005 [4:04:29<16:19:03,  1.44s/it] 18%|█▊        | 9164/50005 [4:04:30<16:20:09,  1.44s/it] 18%|█▊        | 9165/50005 [4:04:32<16:18:47,  1.44s/it] 18%|█▊        | 9166/50005 [4:04:33<16:17:46,  1.44s/it] 18%|█▊        | 9167/50005 [4:04:35<16:19:43,  1.44s/it] 18%|█▊        | 9168/50005 [4:04:36<16:20:28,  1.44s/it] 18%|█▊        | 9169/50005 [4:04:37<16:18:51,  1.44s/it] 18%|█▊        | 9170/50005 [4:04:39<16:19:38,  1.44s/it] 18%|█▊        | 9171/50005 [4:04:40<16:18:12,  1.44s/it] 18%|█▊        | 9172/50005 [4:04:42<16:18:38,  1.44s/it] 18%|█▊        | 9173/50005 [4:04:43<16:17:47,  1.44s/it] 18%|█▊        | 9174/50005 [4:04:45<16:18:40,  1.44s/it] 18%|█▊        | 9175/50005 [4:04:46<16:18:07,  1.44s/it] 18%|█▊        | 9176/50005 [4:04:48<16:18:17,  1.44s/it] 18%|█▊        | 9177/50005 [4:04:49<16:17:22,  1.44s/it] 18%|█▊        | 9178/50005 [4:04:50<16:17:16,  1.44s/it] 18%|█▊        | 9179/50005 [4:04:52<16:18:32,  1.44s/it] 18%|█▊        | 9180/50005 [4:04:53<16:19:56,  1.44s/it] 18%|█▊        | 9181/50005 [4:04:55<16:20:14,  1.44s/it] 18%|█▊        | 9182/50005 [4:04:56<16:19:32,  1.44s/it] 18%|█▊        | 9183/50005 [4:04:58<16:20:05,  1.44s/it] 18%|█▊        | 9184/50005 [4:04:59<16:20:38,  1.44s/it] 18%|█▊        | 9185/50005 [4:05:01<16:18:36,  1.44s/it] 18%|█▊        | 9186/50005 [4:05:02<16:19:42,  1.44s/it] 18%|█▊        | 9187/50005 [4:05:03<16:18:15,  1.44s/it] 18%|█▊        | 9188/50005 [4:05:05<16:19:45,  1.44s/it] 18%|█▊        | 9189/50005 [4:05:06<16:19:06,  1.44s/it] 18%|█▊        | 9190/50005 [4:05:08<16:19:46,  1.44s/it] 18%|█▊        | 9191/50005 [4:05:09<16:20:43,  1.44s/it] 18%|█▊        | 9192/50005 [4:05:11<16:20:43,  1.44s/it] 18%|█▊        | 9193/50005 [4:05:12<16:21:00,  1.44s/it] 18%|█▊        | 9194/50005 [4:05:13<16:19:15,  1.44s/it] 18%|█▊        | 9195/50005 [4:05:15<16:18:12,  1.44s/it] 18%|█▊        | 9196/50005 [4:05:16<16:19:01,  1.44s/it] 18%|█▊        | 9197/50005 [4:05:18<16:17:55,  1.44s/it] 18%|█▊        | 9198/50005 [4:05:19<16:17:33,  1.44s/it] 18%|█▊        | 9199/50005 [4:05:21<16:19:07,  1.44s/it] 18%|█▊        | 9200/50005 [4:05:22<16:18:27,  1.44s/it] 18%|█▊        | 9201/50005 [4:05:24<16:19:25,  1.44s/it]
Validation:   0%|          | 0/100 [00:00<?, ?it/s][A
Validation:   1%|          | 1/100 [00:02<03:22,  2.04s/it][A
Validation:   2%|▏         | 2/100 [00:02<01:58,  1.20s/it][A
Validation:   3%|▎         | 3/100 [00:03<01:30,  1.07it/s][A
Validation:   4%|▍         | 4/100 [00:03<01:17,  1.24it/s][A
Validation:   5%|▌         | 5/100 [00:04<01:10,  1.35it/s][A
Validation:   6%|▌         | 6/100 [00:05<01:05,  1.43it/s][A
Validation:   7%|▋         | 7/100 [00:05<01:02,  1.49it/s][A
Validation:   8%|▊         | 8/100 [00:06<01:00,  1.53it/s][A
Validation:   9%|▉         | 9/100 [00:06<00:58,  1.56it/s][A
Validation:  10%|█         | 10/100 [00:07<00:57,  1.58it/s][A
Validation:  11%|█         | 11/100 [00:08<00:55,  1.59it/s][A
Validation:  12%|█▏        | 12/100 [00:08<00:54,  1.60it/s][A
Validation:  13%|█▎        | 13/100 [00:09<00:53,  1.61it/s][A
Validation:  14%|█▍        | 14/100 [00:10<00:53,  1.62it/s][A
Validation:  15%|█▌        | 15/100 [00:10<00:52,  1.62it/s][A
Validation:  16%|█▌        | 16/100 [00:11<00:51,  1.62it/s][A
Validation:  17%|█▋        | 17/100 [00:11<00:51,  1.62it/s][A
Validation:  18%|█▊        | 18/100 [00:12<00:50,  1.62it/s][A
Validation:  19%|█▉        | 19/100 [00:13<00:49,  1.62it/s][A
Validation:  20%|██        | 20/100 [00:13<00:49,  1.62it/s][A
Validation:  21%|██        | 21/100 [00:14<00:48,  1.62it/s][A
Validation:  22%|██▏       | 22/100 [00:14<00:48,  1.62it/s][A
Validation:  23%|██▎       | 23/100 [00:15<00:47,  1.62it/s][A
Validation:  24%|██▍       | 24/100 [00:16<00:46,  1.62it/s][A
Validation:  25%|██▌       | 25/100 [00:16<00:46,  1.62it/s][A
Validation:  26%|██▌       | 26/100 [00:17<00:45,  1.62it/s][A
Validation:  27%|██▋       | 27/100 [00:18<00:45,  1.62it/s][A
Validation:  28%|██▊       | 28/100 [00:18<00:44,  1.62it/s][A
Validation:  29%|██▉       | 29/100 [00:19<00:43,  1.63it/s][A
Validation:  30%|███       | 30/100 [00:19<00:43,  1.63it/s][A
Validation:  31%|███       | 31/100 [00:20<00:42,  1.63it/s][A
Validation:  32%|███▏      | 32/100 [00:21<00:41,  1.63it/s][A
Validation:  33%|███▎      | 33/100 [00:21<00:41,  1.63it/s][A
Validation:  34%|███▍      | 34/100 [00:22<00:40,  1.63it/s][A
Validation:  35%|███▌      | 35/100 [00:22<00:39,  1.63it/s][A
Validation:  36%|███▌      | 36/100 [00:23<00:39,  1.63it/s][A
Validation:  37%|███▋      | 37/100 [00:24<00:38,  1.63it/s][A
Validation:  38%|███▊      | 38/100 [00:24<00:38,  1.63it/s][A
Validation:  39%|███▉      | 39/100 [00:25<00:37,  1.62it/s][A
Validation:  40%|████      | 40/100 [00:26<00:36,  1.62it/s][A
Validation:  41%|████      | 41/100 [00:26<00:36,  1.62it/s][A
Validation:  42%|████▏     | 42/100 [00:27<00:35,  1.62it/s][A
Validation:  43%|████▎     | 43/100 [00:27<00:35,  1.62it/s][A
Validation:  44%|████▍     | 44/100 [00:28<00:34,  1.62it/s][A
Validation:  45%|████▌     | 45/100 [00:29<00:33,  1.63it/s][A
Validation:  46%|████▌     | 46/100 [00:29<00:33,  1.62it/s][A
Validation:  47%|████▋     | 47/100 [00:30<00:32,  1.62it/s][A
Validation:  48%|████▊     | 48/100 [00:30<00:31,  1.63it/s][A
Validation:  49%|████▉     | 49/100 [00:31<00:31,  1.63it/s][A
Validation:  50%|█████     | 50/100 [00:32<00:30,  1.63it/s][A
Validation:  51%|█████     | 51/100 [00:32<00:30,  1.63it/s][A
Validation:  52%|█████▏    | 52/100 [00:33<00:29,  1.63it/s][A
Validation:  53%|█████▎    | 53/100 [00:34<00:28,  1.63it/s][A
Validation:  54%|█████▍    | 54/100 [00:34<00:28,  1.63it/s][A
Validation:  55%|█████▌    | 55/100 [00:35<00:27,  1.63it/s][A
Validation:  56%|█████▌    | 56/100 [00:35<00:27,  1.63it/s][A
Validation:  57%|█████▋    | 57/100 [00:36<00:26,  1.63it/s][A
Validation:  58%|█████▊    | 58/100 [00:37<00:25,  1.63it/s][A
Validation:  59%|█████▉    | 59/100 [00:37<00:25,  1.63it/s][A
Validation:  60%|██████    | 60/100 [00:38<00:24,  1.62it/s][A
Validation:  61%|██████    | 61/100 [00:38<00:24,  1.62it/s][A
Validation:  62%|██████▏   | 62/100 [00:39<00:23,  1.62it/s][A
Validation:  63%|██████▎   | 63/100 [00:40<00:22,  1.63it/s][A
Validation:  64%|██████▍   | 64/100 [00:40<00:22,  1.62it/s][A
Validation:  65%|██████▌   | 65/100 [00:41<00:21,  1.62it/s][A
Validation:  66%|██████▌   | 66/100 [00:42<00:20,  1.63it/s][A
Validation:  67%|██████▋   | 67/100 [00:42<00:20,  1.63it/s][A
Validation:  68%|██████▊   | 68/100 [00:43<00:19,  1.63it/s][A
Validation:  69%|██████▉   | 69/100 [00:43<00:19,  1.62it/s][A
Validation:  70%|███████   | 70/100 [00:44<00:18,  1.63it/s][A
Validation:  71%|███████   | 71/100 [00:45<00:17,  1.63it/s][A
Validation:  72%|███████▏  | 72/100 [00:45<00:17,  1.63it/s][A
Validation:  73%|███████▎  | 73/100 [00:46<00:16,  1.63it/s][A
Validation:  74%|███████▍  | 74/100 [00:46<00:15,  1.63it/s][A
Validation:  75%|███████▌  | 75/100 [00:47<00:15,  1.63it/s][A
Validation:  76%|███████▌  | 76/100 [00:48<00:14,  1.63it/s][A
Validation:  77%|███████▋  | 77/100 [00:48<00:14,  1.63it/s][A
Validation:  78%|███████▊  | 78/100 [00:49<00:13,  1.63it/s][A
Validation:  79%|███████▉  | 79/100 [00:50<00:12,  1.63it/s][A
Validation:  80%|████████  | 80/100 [00:50<00:12,  1.63it/s][A
Validation:  81%|████████  | 81/100 [00:51<00:11,  1.63it/s][A
Validation:  82%|████████▏ | 82/100 [00:51<00:11,  1.63it/s][A
Validation:  83%|████████▎ | 83/100 [00:52<00:10,  1.63it/s][A
Validation:  84%|████████▍ | 84/100 [00:53<00:09,  1.63it/s][A
Validation:  85%|████████▌ | 85/100 [00:53<00:09,  1.63it/s][A
Validation:  86%|████████▌ | 86/100 [00:54<00:08,  1.63it/s][A
Validation:  87%|████████▋ | 87/100 [00:54<00:07,  1.63it/s][A
Validation:  88%|████████▊ | 88/100 [00:55<00:07,  1.63it/s][A
Validation:  89%|████████▉ | 89/100 [00:56<00:06,  1.63it/s][A
Validation:  90%|█████████ | 90/100 [00:56<00:06,  1.63it/s][A
Validation:  91%|█████████ | 91/100 [00:57<00:05,  1.63it/s][A
Validation:  92%|█████████▏| 92/100 [00:58<00:04,  1.63it/s][A
Validation:  93%|█████████▎| 93/100 [00:58<00:04,  1.63it/s][A
Validation:  94%|█████████▍| 94/100 [00:59<00:03,  1.63it/s][A
Validation:  95%|█████████▌| 95/100 [00:59<00:03,  1.62it/s][A
Validation:  96%|█████████▌| 96/100 [01:00<00:02,  1.62it/s][A
Validation:  97%|█████████▋| 97/100 [01:01<00:01,  1.62it/s][A
Validation:  98%|█████████▊| 98/100 [01:01<00:01,  1.63it/s][A
Validation:  99%|█████████▉| 99/100 [01:02<00:00,  1.63it/s][A
Validation: 100%|██████████| 100/100 [01:02<00:00,  1.63it/s][A
                                                             [A 18%|█▊        | 9202/50005 [4:06:28<230:38:17, 20.35s/it] 18%|█▊        | 9203/50005 [4:06:29<166:21:15, 14.68s/it] 18%|█▊        | 9204/50005 [4:06:31<121:21:37, 10.71s/it] 18%|█▊        | 9205/50005 [4:06:32<89:49:50,  7.93s/it]  18%|█▊        | 9206/50005 [4:06:34<67:47:40,  5.98s/it] 18%|█▊        | 9207/50005 [4:06:35<52:22:04,  4.62s/it] 18%|█▊        | 9208/50005 [4:06:37<41:34:47,  3.67s/it] 18%|█▊        | 9209/50005 [4:06:38<33:59:07,  3.00s/it] 18%|█▊        | 9210/50005 [4:06:40<28:42:20,  2.53s/it] 18%|█▊        | 9211/50005 [4:06:41<24:59:54,  2.21s/it] 18%|█▊        | 9212/50005 [4:06:42<22:24:00,  1.98s/it] 18%|█▊        | 9213/50005 [4:06:44<20:35:06,  1.82s/it] 18%|█▊        | 9214/50005 [4:06:45<19:18:57,  1.70s/it] 18%|█▊        | 9215/50005 [4:06:47<18:24:17,  1.62s/it] 18%|█▊        | 9216/50005 [4:06:48<17:47:46,  1.57s/it] 18%|█▊        | 9217/50005 [4:06:50<17:21:19,  1.53s/it] 18%|█▊        | 9218/50005 [4:06:51<17:01:07,  1.50s/it] 18%|█▊        | 9219/50005 [4:06:53<16:47:47,  1.48s/it] 18%|█▊        | 9220/50005 [4:06:54<16:38:05,  1.47s/it] 18%|█▊        | 9221/50005 [4:06:55<16:33:28,  1.46s/it] 18%|█▊        | 9222/50005 [4:06:57<16:29:49,  1.46s/it] 18%|█▊        | 9223/50005 [4:06:58<16:25:07,  1.45s/it] 18%|█▊        | 9224/50005 [4:07:00<16:22:14,  1.45s/it] 18%|█▊        | 9225/50005 [4:07:01<16:20:41,  1.44s/it] 18%|█▊        | 9226/50005 [4:07:03<16:20:40,  1.44s/it] 18%|█▊        | 9227/50005 [4:07:04<16:21:29,  1.44s/it] 18%|█▊        | 9228/50005 [4:07:05<16:21:23,  1.44s/it] 18%|█▊        | 9229/50005 [4:07:07<16:19:38,  1.44s/it] 18%|█▊        | 9230/50005 [4:07:08<16:21:03,  1.44s/it] 18%|█▊        | 9231/50005 [4:07:10<16:21:16,  1.44s/it] 18%|█▊        | 9232/50005 [4:07:11<16:21:25,  1.44s/it] 18%|█▊        | 9233/50005 [4:07:13<16:21:44,  1.44s/it] 18%|█▊        | 9234/50005 [4:07:14<16:21:54,  1.44s/it] 18%|█▊        | 9235/50005 [4:07:16<16:21:17,  1.44s/it] 18%|█▊        | 9236/50005 [4:07:17<16:19:30,  1.44s/it] 18%|█▊        | 9237/50005 [4:07:18<16:18:10,  1.44s/it] 18%|█▊        | 9238/50005 [4:07:20<16:19:11,  1.44s/it] 18%|█▊        | 9239/50005 [4:07:21<16:19:30,  1.44s/it] 18%|█▊        | 9240/50005 [4:07:23<16:20:32,  1.44s/it] 18%|█▊        | 9241/50005 [4:07:24<16:20:57,  1.44s/it] 18%|█▊        | 9242/50005 [4:07:26<16:20:45,  1.44s/it] 18%|█▊        | 9243/50005 [4:07:27<16:19:07,  1.44s/it] 18%|█▊        | 9244/50005 [4:07:29<16:18:19,  1.44s/it] 18%|█▊        | 9245/50005 [4:07:30<16:17:15,  1.44s/it] 18%|█▊        | 9246/50005 [4:07:31<16:18:20,  1.44s/it] 18%|█▊        | 9247/50005 [4:07:33<16:19:04,  1.44s/it] 18%|█▊        | 9248/50005 [4:07:34<16:20:12,  1.44s/it] 18%|█▊        | 9249/50005 [4:07:36<16:18:49,  1.44s/it] 18%|█▊        | 9250/50005 [4:07:37<16:18:47,  1.44s/it] 19%|█▊        | 9251/50005 [4:07:39<16:19:14,  1.44s/it] 19%|█▊        | 9252/50005 [4:07:40<16:17:35,  1.44s/it] 19%|█▊        | 9253/50005 [4:07:42<16:16:32,  1.44s/it] 19%|█▊        | 9254/50005 [4:07:43<16:18:37,  1.44s/it] 19%|█▊        | 9255/50005 [4:07:44<16:18:43,  1.44s/it] 19%|█▊        | 9256/50005 [4:07:46<16:19:32,  1.44s/it] 19%|█▊        | 9257/50005 [4:07:47<16:19:50,  1.44s/it] 19%|█▊        | 9258/50005 [4:07:49<16:20:24,  1.44s/it] 19%|█▊        | 9259/50005 [4:07:50<16:19:04,  1.44s/it] 19%|█▊        | 9260/50005 [4:07:52<16:18:30,  1.44s/it] 19%|█▊        | 9261/50005 [4:07:53<16:19:48,  1.44s/it] 19%|█▊        | 9262/50005 [4:07:55<16:19:42,  1.44s/it] 19%|█▊        | 9263/50005 [4:07:56<16:20:05,  1.44s/it] 19%|█▊        | 9264/50005 [4:07:57<16:20:35,  1.44s/it] 19%|█▊        | 9265/50005 [4:07:59<16:18:29,  1.44s/it] 19%|█▊        | 9266/50005 [4:08:00<16:16:59,  1.44s/it] 19%|█▊        | 9267/50005 [4:08:02<16:18:28,  1.44s/it] 19%|█▊        | 9268/50005 [4:08:03<16:16:43,  1.44s/it] 19%|█▊        | 9269/50005 [4:08:05<16:17:46,  1.44s/it] 19%|█▊        | 9270/50005 [4:08:06<16:16:22,  1.44s/it] 19%|█▊        | 9271/50005 [4:08:07<16:17:20,  1.44s/it] 19%|█▊        | 9272/50005 [4:08:09<16:16:12,  1.44s/it] 19%|█▊        | 9273/50005 [4:08:10<16:17:50,  1.44s/it] 19%|█▊        | 9274/50005 [4:08:12<16:17:43,  1.44s/it] 19%|█▊        | 9275/50005 [4:08:13<16:17:18,  1.44s/it] 19%|█▊        | 9276/50005 [4:08:15<16:17:55,  1.44s/it] 19%|█▊        | 9277/50005 [4:08:16<16:18:23,  1.44s/it] 19%|█▊        | 9278/50005 [4:08:18<16:16:53,  1.44s/it] 19%|█▊        | 9279/50005 [4:08:19<16:17:58,  1.44s/it] 19%|█▊        | 9280/50005 [4:08:20<16:17:24,  1.44s/it] 19%|█▊        | 9281/50005 [4:08:22<16:16:45,  1.44s/it] 19%|█▊        | 9282/50005 [4:08:23<16:17:58,  1.44s/it] 19%|█▊        | 9283/50005 [4:08:25<16:18:39,  1.44s/it] 19%|█▊        | 9284/50005 [4:08:26<16:18:31,  1.44s/it] 19%|█▊        | 9285/50005 [4:08:28<16:19:19,  1.44s/it] 19%|█▊        | 9286/50005 [4:08:29<16:17:15,  1.44s/it] 19%|█▊        | 9287/50005 [4:08:31<16:17:46,  1.44s/it] 19%|█▊        | 9288/50005 [4:08:32<16:19:29,  1.44s/it] 19%|█▊        | 9289/50005 [4:08:33<16:19:32,  1.44s/it] 19%|█▊        | 9290/50005 [4:08:35<16:20:27,  1.44s/it] 19%|█▊        | 9291/50005 [4:08:36<16:22:28,  1.45s/it] 19%|█▊        | 9292/50005 [4:08:38<16:23:44,  1.45s/it] 19%|█▊        | 9293/50005 [4:08:39<16:24:46,  1.45s/it] 19%|█▊        | 9294/50005 [4:08:41<16:25:11,  1.45s/it] 19%|█▊        | 9295/50005 [4:08:42<16:24:55,  1.45s/it] 19%|█▊        | 9296/50005 [4:08:44<16:22:59,  1.45s/it] 19%|█▊        | 9297/50005 [4:08:45<16:22:08,  1.45s/it] 19%|█▊        | 9298/50005 [4:08:46<16:22:01,  1.45s/it] 19%|█▊        | 9299/50005 [4:08:48<16:23:12,  1.45s/it] 19%|█▊        | 9300/50005 [4:08:49<16:22:25,  1.45s/it] 19%|█▊        | 9301/50005 [4:08:51<16:21:17,  1.45s/it] 19%|█▊        | 9302/50005 [4:08:52<16:20:42,  1.45s/it] 19%|█▊        | 9303/50005 [4:08:54<16:22:31,  1.45s/it] 19%|█▊        | 9304/50005 [4:08:55<16:22:16,  1.45s/it] 19%|█▊        | 9305/50005 [4:08:57<16:23:32,  1.45s/it] 19%|█▊        | 9306/50005 [4:08:58<16:24:30,  1.45s/it] 19%|█▊        | 9307/50005 [4:09:00<16:26:09,  1.45s/it] 19%|█▊        | 9308/50005 [4:09:01<16:26:17,  1.45s/it] 19%|█▊        | 9309/50005 [4:09:02<16:26:28,  1.45s/it] 19%|█▊        | 9310/50005 [4:09:04<16:26:36,  1.45s/it] 19%|█▊        | 9311/50005 [4:09:05<16:26:16,  1.45s/it] 19%|█▊        | 9312/50005 [4:09:07<16:25:32,  1.45s/it] 19%|█▊        | 9313/50005 [4:09:08<16:24:00,  1.45s/it] 19%|█▊        | 9314/50005 [4:09:10<16:24:47,  1.45s/it] 19%|█▊        | 9315/50005 [4:09:11<16:22:56,  1.45s/it] 19%|█▊        | 9316/50005 [4:09:13<16:24:52,  1.45s/it] 19%|█▊        | 9317/50005 [4:09:14<16:24:53,  1.45s/it] 19%|█▊        | 9318/50005 [4:09:16<16:24:34,  1.45s/it] 19%|█▊        | 9319/50005 [4:09:17<16:24:24,  1.45s/it] 19%|█▊        | 9320/50005 [4:09:18<16:25:18,  1.45s/it] 19%|█▊        | 9321/50005 [4:09:20<16:25:20,  1.45s/it] 19%|█▊        | 9322/50005 [4:09:21<16:23:28,  1.45s/it] 19%|█▊        | 9323/50005 [4:09:23<16:22:04,  1.45s/it] 19%|█▊        | 9324/50005 [4:09:24<16:23:17,  1.45s/it] 19%|█▊        | 9325/50005 [4:09:26<16:24:30,  1.45s/it] 19%|█▊        | 9326/50005 [4:09:27<16:23:33,  1.45s/it] 19%|█▊        | 9327/50005 [4:09:29<16:22:32,  1.45s/it] 19%|█▊        | 9328/50005 [4:09:30<16:23:25,  1.45s/it] 19%|█▊        | 9329/50005 [4:09:31<16:21:42,  1.45s/it] 19%|█▊        | 9330/50005 [4:09:33<16:20:45,  1.45s/it] 19%|█▊        | 9331/50005 [4:09:34<16:22:20,  1.45s/it] 19%|█▊        | 9332/50005 [4:09:36<16:24:00,  1.45s/it] 19%|█▊        | 9333/50005 [4:09:37<16:24:53,  1.45s/it] 19%|█▊        | 9334/50005 [4:09:39<16:25:39,  1.45s/it] 19%|█▊        | 9335/50005 [4:09:40<16:25:30,  1.45s/it] 19%|█▊        | 9336/50005 [4:09:42<16:25:29,  1.45s/it] 19%|█▊        | 9337/50005 [4:09:43<16:23:44,  1.45s/it] 19%|█▊        | 9338/50005 [4:09:45<16:24:22,  1.45s/it] 19%|█▊        | 9339/50005 [4:09:46<16:21:26,  1.45s/it] 19%|█▊        | 9340/50005 [4:09:47<16:21:13,  1.45s/it] 19%|█▊        | 9341/50005 [4:09:49<16:21:56,  1.45s/it] 19%|█▊        | 9342/50005 [4:09:50<16:21:18,  1.45s/it] 19%|█▊        | 9343/50005 [4:09:52<16:22:34,  1.45s/it] 19%|█▊        | 9344/50005 [4:09:53<16:23:06,  1.45s/it] 19%|█▊        | 9345/50005 [4:09:55<16:23:15,  1.45s/it] 19%|█▊        | 9346/50005 [4:09:56<16:22:04,  1.45s/it] 19%|█▊        | 9347/50005 [4:09:58<16:22:59,  1.45s/it] 19%|█▊        | 9348/50005 [4:09:59<16:23:44,  1.45s/it] 19%|█▊        | 9349/50005 [4:10:00<16:22:15,  1.45s/it] 19%|█▊        | 9350/50005 [4:10:02<16:21:50,  1.45s/it] 19%|█▊        | 9351/50005 [4:10:03<16:22:07,  1.45s/it] 19%|█▊        | 9352/50005 [4:10:05<16:22:27,  1.45s/it] 19%|█▊        | 9353/50005 [4:10:06<16:22:59,  1.45s/it] 19%|█▊        | 9354/50005 [4:10:08<16:21:17,  1.45s/it] 19%|█▊        | 9355/50005 [4:10:09<16:20:20,  1.45s/it] 19%|█▊        | 9356/50005 [4:10:11<16:21:11,  1.45s/it] 19%|█▊        | 9357/50005 [4:10:12<16:20:07,  1.45s/it] 19%|█▊        | 9358/50005 [4:10:14<16:21:47,  1.45s/it] 19%|█▊        | 9359/50005 [4:10:15<16:22:46,  1.45s/it] 19%|█▊        | 9360/50005 [4:10:16<16:23:24,  1.45s/it] 19%|█▊        | 9361/50005 [4:10:18<16:23:27,  1.45s/it] 19%|█▊        | 9362/50005 [4:10:19<16:21:53,  1.45s/it] 19%|█▊        | 9363/50005 [4:10:21<16:22:58,  1.45s/it] 19%|█▊        | 9364/50005 [4:10:22<16:21:15,  1.45s/it] 19%|█▊        | 9365/50005 [4:10:24<16:22:07,  1.45s/it] 19%|█▊        | 9366/50005 [4:10:25<16:22:14,  1.45s/it] 19%|█▊        | 9367/50005 [4:10:27<16:21:11,  1.45s/it] 19%|█▊        | 9368/50005 [4:10:28<16:22:03,  1.45s/it] 19%|█▊        | 9369/50005 [4:10:29<16:21:35,  1.45s/it] 19%|█▊        | 9370/50005 [4:10:31<16:22:57,  1.45s/it] 19%|█▊        | 9371/50005 [4:10:32<16:23:40,  1.45s/it] 19%|█▊        | 9372/50005 [4:10:34<16:24:02,  1.45s/it] 19%|█▊        | 9373/50005 [4:10:35<16:22:10,  1.45s/it] 19%|█▊        | 9374/50005 [4:10:37<16:21:20,  1.45s/it] 19%|█▊        | 9375/50005 [4:10:38<16:22:05,  1.45s/it] 19%|█▉        | 9376/50005 [4:10:40<16:23:14,  1.45s/it] 19%|█▉        | 9377/50005 [4:10:41<16:21:15,  1.45s/it] 19%|█▉        | 9378/50005 [4:10:43<16:22:36,  1.45s/it] 19%|█▉        | 9379/50005 [4:10:44<16:21:29,  1.45s/it] 19%|█▉        | 9380/50005 [4:10:45<16:22:22,  1.45s/it] 19%|█▉        | 9381/50005 [4:10:47<16:21:01,  1.45s/it] 19%|█▉        | 9382/50005 [4:10:48<16:20:15,  1.45s/it] 19%|█▉        | 9383/50005 [4:10:50<16:20:54,  1.45s/it] 19%|█▉        | 9384/50005 [4:10:51<16:21:45,  1.45s/it] 19%|█▉        | 9385/50005 [4:10:53<16:21:43,  1.45s/it] 19%|█▉        | 9386/50005 [4:10:54<16:22:46,  1.45s/it] 19%|█▉        | 9387/50005 [4:10:56<16:21:16,  1.45s/it] 19%|█▉        | 9388/50005 [4:10:57<16:22:27,  1.45s/it] 19%|█▉        | 9389/50005 [4:10:58<16:22:08,  1.45s/it] 19%|█▉        | 9390/50005 [4:11:00<16:20:48,  1.45s/it] 19%|█▉        | 9391/50005 [4:11:01<16:21:30,  1.45s/it] 19%|█▉        | 9392/50005 [4:11:03<16:18:46,  1.45s/it] 19%|█▉        | 9393/50005 [4:11:04<16:18:26,  1.45s/it] 19%|█▉        | 9394/50005 [4:11:06<16:20:07,  1.45s/it] 19%|█▉        | 9395/50005 [4:11:07<16:19:39,  1.45s/it] 19%|█▉        | 9396/50005 [4:11:09<16:18:43,  1.45s/it] 19%|█▉        | 9397/50005 [4:11:10<16:20:12,  1.45s/it] 19%|█▉        | 9398/50005 [4:11:12<16:22:10,  1.45s/it] 19%|█▉        | 9399/50005 [4:11:13<16:23:05,  1.45s/it] 19%|█▉        | 9400/50005 [4:11:14<16:22:48,  1.45s/it] 19%|█▉        | 9401/50005 [4:11:16<16:22:35,  1.45s/it] 19%|█▉        | 9402/50005 [4:11:17<16:22:50,  1.45s/it] 19%|█▉        | 9403/50005 [4:11:19<16:21:10,  1.45s/it] 19%|█▉        | 9404/50005 [4:11:20<16:21:23,  1.45s/it] 19%|█▉        | 9405/50005 [4:11:22<16:22:20,  1.45s/it] 19%|█▉        | 9406/50005 [4:11:23<16:21:37,  1.45s/it] 19%|█▉        | 9407/50005 [4:11:25<16:28:41,  1.46s/it] 19%|█▉        | 9408/50005 [4:11:26<16:26:38,  1.46s/it] 19%|█▉        | 9409/50005 [4:11:28<16:25:50,  1.46s/it] 19%|█▉        | 9410/50005 [4:11:29<16:25:08,  1.46s/it] 19%|█▉        | 9411/50005 [4:11:30<16:24:46,  1.46s/it] 19%|█▉        | 9412/50005 [4:11:32<16:22:41,  1.45s/it] 19%|█▉        | 9413/50005 [4:11:33<16:23:20,  1.45s/it] 19%|█▉        | 9414/50005 [4:11:35<16:26:29,  1.46s/it] 19%|█▉        | 9415/50005 [4:11:36<16:25:30,  1.46s/it] 19%|█▉        | 9416/50005 [4:11:38<16:24:25,  1.46s/it] 19%|█▉        | 9417/50005 [4:11:39<16:24:09,  1.45s/it] 19%|█▉        | 9418/50005 [4:11:41<16:22:50,  1.45s/it] 19%|█▉        | 9419/50005 [4:11:42<16:23:08,  1.45s/it] 19%|█▉        | 9420/50005 [4:11:43<16:21:45,  1.45s/it] 19%|█▉        | 9421/50005 [4:11:45<16:20:46,  1.45s/it] 19%|█▉        | 9422/50005 [4:11:46<16:21:49,  1.45s/it] 19%|█▉        | 9423/50005 [4:11:48<16:20:07,  1.45s/it] 19%|█▉        | 9424/50005 [4:11:49<16:21:25,  1.45s/it] 19%|█▉        | 9425/50005 [4:11:51<16:19:51,  1.45s/it] 19%|█▉        | 9426/50005 [4:11:52<16:19:43,  1.45s/it] 19%|█▉        | 9427/50005 [4:11:54<16:20:41,  1.45s/it] 19%|█▉        | 9428/50005 [4:11:55<16:20:15,  1.45s/it] 19%|█▉        | 9429/50005 [4:11:57<16:21:15,  1.45s/it] 19%|█▉        | 9430/50005 [4:11:58<16:20:46,  1.45s/it] 19%|█▉        | 9431/50005 [4:11:59<16:21:45,  1.45s/it] 19%|█▉        | 9432/50005 [4:12:01<16:22:42,  1.45s/it] 19%|█▉        | 9433/50005 [4:12:02<16:23:29,  1.45s/it] 19%|█▉        | 9434/50005 [4:12:04<16:21:59,  1.45s/it] 19%|█▉        | 9435/50005 [4:12:05<16:20:11,  1.45s/it] 19%|█▉        | 9436/50005 [4:12:07<16:18:42,  1.45s/it] 19%|█▉        | 9437/50005 [4:12:08<16:19:49,  1.45s/it] 19%|█▉        | 9438/50005 [4:12:10<16:20:52,  1.45s/it] 19%|█▉        | 9439/50005 [4:12:11<16:21:44,  1.45s/it] 19%|█▉        | 9440/50005 [4:12:13<16:22:19,  1.45s/it] 19%|█▉        | 9441/50005 [4:12:14<16:22:34,  1.45s/it] 19%|█▉        | 9442/50005 [4:12:15<16:22:17,  1.45s/it] 19%|█▉        | 9443/50005 [4:12:17<16:22:51,  1.45s/it] 19%|█▉        | 9444/50005 [4:12:18<16:23:08,  1.45s/it] 19%|█▉        | 9445/50005 [4:12:20<16:22:58,  1.45s/it] 19%|█▉        | 9446/50005 [4:12:21<16:21:02,  1.45s/it] 19%|█▉        | 9447/50005 [4:12:23<16:21:18,  1.45s/it] 19%|█▉        | 9448/50005 [4:12:24<16:21:41,  1.45s/it] 19%|█▉        | 9449/50005 [4:12:26<16:22:16,  1.45s/it] 19%|█▉        | 9450/50005 [4:12:27<16:22:50,  1.45s/it] 19%|█▉        | 9451/50005 [4:12:28<16:20:21,  1.45s/it] 19%|█▉        | 9452/50005 [4:12:30<16:18:59,  1.45s/it] 19%|█▉        | 9453/50005 [4:12:31<16:18:34,  1.45s/it] 19%|█▉        | 9454/50005 [4:12:33<16:19:00,  1.45s/it] 19%|█▉        | 9455/50005 [4:12:34<16:19:04,  1.45s/it] 19%|█▉        | 9456/50005 [4:12:36<16:19:07,  1.45s/it] 19%|█▉        | 9457/50005 [4:12:37<16:20:06,  1.45s/it] 19%|█▉        | 9458/50005 [4:12:39<16:18:21,  1.45s/it] 19%|█▉        | 9459/50005 [4:12:40<16:19:43,  1.45s/it] 19%|█▉        | 9460/50005 [4:12:42<16:19:49,  1.45s/it] 19%|█▉        | 9461/50005 [4:12:43<16:20:12,  1.45s/it] 19%|█▉        | 9462/50005 [4:12:44<16:18:43,  1.45s/it] 19%|█▉        | 9463/50005 [4:12:46<16:19:49,  1.45s/it] 19%|█▉        | 9464/50005 [4:12:47<16:20:48,  1.45s/it] 19%|█▉        | 9465/50005 [4:12:49<16:21:35,  1.45s/it] 19%|█▉        | 9466/50005 [4:12:50<16:21:39,  1.45s/it] 19%|█▉        | 9467/50005 [4:12:52<16:21:12,  1.45s/it] 19%|█▉        | 9468/50005 [4:12:53<16:21:06,  1.45s/it] 19%|█▉        | 9469/50005 [4:12:55<16:20:15,  1.45s/it] 19%|█▉        | 9470/50005 [4:12:56<16:20:53,  1.45s/it] 19%|█▉        | 9471/50005 [4:12:57<16:19:38,  1.45s/it] 19%|█▉        | 9472/50005 [4:12:59<16:20:15,  1.45s/it] 19%|█▉        | 9473/50005 [4:13:00<16:19:06,  1.45s/it] 19%|█▉        | 9474/50005 [4:13:02<16:19:25,  1.45s/it] 19%|█▉        | 9475/50005 [4:13:03<16:19:51,  1.45s/it] 19%|█▉        | 9476/50005 [4:13:05<16:18:51,  1.45s/it] 19%|█▉        | 9477/50005 [4:13:06<16:20:06,  1.45s/it] 19%|█▉        | 9478/50005 [4:13:08<16:20:14,  1.45s/it] 19%|█▉        | 9479/50005 [4:13:09<16:19:41,  1.45s/it] 19%|█▉        | 9480/50005 [4:13:11<16:19:31,  1.45s/it] 19%|█▉        | 9481/50005 [4:13:12<16:18:44,  1.45s/it] 19%|█▉        | 9482/50005 [4:13:13<16:19:28,  1.45s/it] 19%|█▉        | 9483/50005 [4:13:15<16:18:33,  1.45s/it] 19%|█▉        | 9484/50005 [4:13:16<16:17:45,  1.45s/it] 19%|█▉        | 9485/50005 [4:13:18<16:19:21,  1.45s/it] 19%|█▉        | 9486/50005 [4:13:19<16:18:13,  1.45s/it] 19%|█▉        | 9487/50005 [4:13:21<16:20:07,  1.45s/it] 19%|█▉        | 9488/50005 [4:13:22<16:20:36,  1.45s/it] 19%|█▉        | 9489/50005 [4:13:24<16:21:46,  1.45s/it] 19%|█▉        | 9490/50005 [4:13:25<16:21:52,  1.45s/it] 19%|█▉        | 9491/50005 [4:13:27<16:21:34,  1.45s/it] 19%|█▉        | 9492/50005 [4:13:28<16:21:34,  1.45s/it] 19%|█▉        | 9493/50005 [4:13:29<16:22:23,  1.45s/it] 19%|█▉        | 9494/50005 [4:13:31<16:22:35,  1.46s/it] 19%|█▉        | 9495/50005 [4:13:32<16:19:54,  1.45s/it] 19%|█▉        | 9496/50005 [4:13:34<16:20:20,  1.45s/it] 19%|█▉        | 9497/50005 [4:13:35<16:19:11,  1.45s/it] 19%|█▉        | 9498/50005 [4:13:37<16:19:38,  1.45s/it] 19%|█▉        | 9499/50005 [4:13:38<16:18:28,  1.45s/it] 19%|█▉        | 9500/50005 [4:13:40<16:19:54,  1.45s/it] 19%|█▉        | 9501/50005 [4:13:41<16:20:14,  1.45s/it] 19%|█▉        | 9502/50005 [4:13:42<16:19:08,  1.45s/it] 19%|█▉        | 9503/50005 [4:13:44<16:17:34,  1.45s/it] 19%|█▉        | 9504/50005 [4:13:45<16:17:16,  1.45s/it] 19%|█▉        | 9505/50005 [4:13:47<16:16:31,  1.45s/it] 19%|█▉        | 9506/50005 [4:13:48<16:17:35,  1.45s/it] 19%|█▉        | 9507/50005 [4:13:50<16:18:15,  1.45s/it] 19%|█▉        | 9508/50005 [4:13:51<16:19:06,  1.45s/it] 19%|█▉        | 9509/50005 [4:13:53<16:18:03,  1.45s/it] 19%|█▉        | 9510/50005 [4:13:54<16:18:15,  1.45s/it] 19%|█▉        | 9511/50005 [4:13:56<16:18:39,  1.45s/it] 19%|█▉        | 9512/50005 [4:13:57<16:17:03,  1.45s/it] 19%|█▉        | 9513/50005 [4:13:58<16:17:53,  1.45s/it] 19%|█▉        | 9514/50005 [4:14:00<16:18:30,  1.45s/it] 19%|█▉        | 9515/50005 [4:14:01<16:19:18,  1.45s/it] 19%|█▉        | 9516/50005 [4:14:03<16:18:50,  1.45s/it] 19%|█▉        | 9517/50005 [4:14:04<16:17:17,  1.45s/it] 19%|█▉        | 9518/50005 [4:14:06<16:15:45,  1.45s/it] 19%|█▉        | 9519/50005 [4:14:07<16:15:06,  1.45s/it] 19%|█▉        | 9520/50005 [4:14:09<16:14:58,  1.44s/it] 19%|█▉        | 9521/50005 [4:14:10<16:16:02,  1.45s/it] 19%|█▉        | 9522/50005 [4:14:11<16:15:38,  1.45s/it] 19%|█▉        | 9523/50005 [4:14:13<16:15:33,  1.45s/it] 19%|█▉        | 9524/50005 [4:14:14<16:15:46,  1.45s/it] 19%|█▉        | 9525/50005 [4:14:16<16:16:44,  1.45s/it] 19%|█▉        | 9526/50005 [4:14:17<16:17:42,  1.45s/it] 19%|█▉        | 9527/50005 [4:14:19<16:18:42,  1.45s/it] 19%|█▉        | 9528/50005 [4:14:20<16:19:46,  1.45s/it] 19%|█▉        | 9529/50005 [4:14:22<16:18:10,  1.45s/it] 19%|█▉        | 9530/50005 [4:14:23<16:17:00,  1.45s/it] 19%|█▉        | 9531/50005 [4:14:24<16:17:50,  1.45s/it] 19%|█▉        | 9532/50005 [4:14:26<16:16:35,  1.45s/it] 19%|█▉        | 9533/50005 [4:14:27<16:17:19,  1.45s/it] 19%|█▉        | 9534/50005 [4:14:29<16:16:12,  1.45s/it] 19%|█▉        | 9535/50005 [4:14:30<16:15:57,  1.45s/it] 19%|█▉        | 9536/50005 [4:14:32<16:16:54,  1.45s/it] 19%|█▉        | 9537/50005 [4:14:33<16:17:59,  1.45s/it] 19%|█▉        | 9538/50005 [4:14:35<16:18:52,  1.45s/it] 19%|█▉        | 9539/50005 [4:14:36<16:19:44,  1.45s/it] 19%|█▉        | 9540/50005 [4:14:38<16:17:50,  1.45s/it] 19%|█▉        | 9541/50005 [4:14:39<16:19:00,  1.45s/it] 19%|█▉        | 9542/50005 [4:14:40<16:19:38,  1.45s/it] 19%|█▉        | 9543/50005 [4:14:42<16:19:24,  1.45s/it] 19%|█▉        | 9544/50005 [4:14:43<16:19:36,  1.45s/it] 19%|█▉        | 9545/50005 [4:14:45<16:17:38,  1.45s/it] 19%|█▉        | 9546/50005 [4:14:46<16:16:47,  1.45s/it] 19%|█▉        | 9547/50005 [4:14:48<16:17:30,  1.45s/it] 19%|█▉        | 9548/50005 [4:14:49<16:15:51,  1.45s/it] 19%|█▉        | 9549/50005 [4:14:51<16:16:38,  1.45s/it] 19%|█▉        | 9550/50005 [4:14:52<16:18:04,  1.45s/it] 19%|█▉        | 9551/50005 [4:14:53<16:18:13,  1.45s/it] 19%|█▉        | 9552/50005 [4:14:55<16:16:51,  1.45s/it] 19%|█▉        | 9553/50005 [4:14:56<16:17:24,  1.45s/it] 19%|█▉        | 9554/50005 [4:14:58<16:16:33,  1.45s/it] 19%|█▉        | 9555/50005 [4:14:59<16:17:34,  1.45s/it] 19%|█▉        | 9556/50005 [4:15:01<16:16:21,  1.45s/it] 19%|█▉        | 9557/50005 [4:15:02<16:17:39,  1.45s/it] 19%|█▉        | 9558/50005 [4:15:04<16:15:50,  1.45s/it] 19%|█▉        | 9559/50005 [4:15:05<16:14:45,  1.45s/it] 19%|█▉        | 9560/50005 [4:15:07<16:14:44,  1.45s/it] 19%|█▉        | 9561/50005 [4:15:08<16:14:32,  1.45s/it] 19%|█▉        | 9562/50005 [4:15:09<16:14:16,  1.45s/it] 19%|█▉        | 9563/50005 [4:15:11<16:13:46,  1.44s/it] 19%|█▉        | 9564/50005 [4:15:12<16:16:02,  1.45s/it] 19%|█▉        | 9565/50005 [4:15:14<16:14:53,  1.45s/it] 19%|█▉        | 9566/50005 [4:15:15<16:14:52,  1.45s/it] 19%|█▉        | 9567/50005 [4:15:17<16:14:25,  1.45s/it] 19%|█▉        | 9568/50005 [4:15:18<16:16:20,  1.45s/it] 19%|█▉        | 9569/50005 [4:15:20<16:17:56,  1.45s/it] 19%|█▉        | 9570/50005 [4:15:21<16:18:30,  1.45s/it] 19%|█▉        | 9571/50005 [4:15:22<16:17:17,  1.45s/it] 19%|█▉        | 9572/50005 [4:15:24<16:17:57,  1.45s/it] 19%|█▉        | 9573/50005 [4:15:25<16:18:25,  1.45s/it] 19%|█▉        | 9574/50005 [4:15:27<16:19:03,  1.45s/it] 19%|█▉        | 9575/50005 [4:15:28<16:16:14,  1.45s/it] 19%|█▉        | 9576/50005 [4:15:30<16:15:45,  1.45s/it] 19%|█▉        | 9577/50005 [4:15:31<16:16:17,  1.45s/it] 19%|█▉        | 9578/50005 [4:15:33<16:16:00,  1.45s/it] 19%|█▉        | 9579/50005 [4:15:34<16:17:07,  1.45s/it] 19%|█▉        | 9580/50005 [4:15:35<16:17:48,  1.45s/it] 19%|█▉        | 9581/50005 [4:15:37<16:16:34,  1.45s/it] 19%|█▉        | 9582/50005 [4:15:38<16:16:10,  1.45s/it] 19%|█▉        | 9583/50005 [4:15:40<16:15:12,  1.45s/it] 19%|█▉        | 9584/50005 [4:15:41<16:14:12,  1.45s/it] 19%|█▉        | 9585/50005 [4:15:43<16:15:35,  1.45s/it] 19%|█▉        | 9586/50005 [4:15:44<16:14:26,  1.45s/it] 19%|█▉        | 9587/50005 [4:15:46<16:15:28,  1.45s/it] 19%|█▉        | 9588/50005 [4:15:47<16:14:18,  1.45s/it] 19%|█▉        | 9589/50005 [4:15:49<16:15:34,  1.45s/it] 19%|█▉        | 9590/50005 [4:15:50<16:16:14,  1.45s/it] 19%|█▉        | 9591/50005 [4:15:51<16:16:50,  1.45s/it] 19%|█▉        | 9592/50005 [4:15:53<16:17:46,  1.45s/it] 19%|█▉        | 9593/50005 [4:15:54<16:16:03,  1.45s/it] 19%|█▉        | 9594/50005 [4:15:56<16:47:10,  1.50s/it] 19%|█▉        | 9595/50005 [4:15:58<17:17:47,  1.54s/it] 19%|█▉        | 9596/50005 [4:15:59<17:02:57,  1.52s/it] 19%|█▉        | 9597/50005 [4:16:00<16:47:47,  1.50s/it] 19%|█▉        | 9598/50005 [4:16:02<16:38:42,  1.48s/it] 19%|█▉        | 9599/50005 [4:16:03<16:33:15,  1.47s/it] 19%|█▉        | 9600/50005 [4:16:05<16:29:02,  1.47s/it] 19%|█▉        | 9601/50005 [4:16:06<16:36:21,  1.48s/it]
Validation:   0%|          | 0/100 [00:00<?, ?it/s][A
Validation:   1%|          | 1/100 [00:01<01:38,  1.00it/s][A
Validation:   2%|▏         | 2/100 [00:01<01:15,  1.29it/s][A
Validation:   3%|▎         | 3/100 [00:02<01:08,  1.42it/s][A
Validation:   4%|▍         | 4/100 [00:02<01:04,  1.50it/s][A
Validation:   5%|▌         | 5/100 [00:03<01:01,  1.54it/s][A
Validation:   6%|▌         | 6/100 [00:04<00:59,  1.57it/s][A
Validation:   7%|▋         | 7/100 [00:04<00:58,  1.59it/s][A
Validation:   8%|▊         | 8/100 [00:05<01:00,  1.52it/s][A
Validation:   9%|▉         | 9/100 [00:06<00:58,  1.56it/s][A
Validation:  10%|█         | 10/100 [00:06<00:56,  1.58it/s][A
Validation:  11%|█         | 11/100 [00:07<00:55,  1.59it/s][A
Validation:  12%|█▏        | 12/100 [00:07<00:58,  1.51it/s][A
Validation:  13%|█▎        | 13/100 [00:08<00:57,  1.53it/s][A
Validation:  14%|█▍        | 14/100 [00:09<00:55,  1.56it/s][A
Validation:  15%|█▌        | 15/100 [00:09<00:53,  1.58it/s][A
Validation:  16%|█▌        | 16/100 [00:10<00:52,  1.60it/s][A
Validation:  17%|█▋        | 17/100 [00:11<00:51,  1.60it/s][A
Validation:  18%|█▊        | 18/100 [00:11<00:50,  1.61it/s][A
Validation:  19%|█▉        | 19/100 [00:12<00:50,  1.61it/s][A
Validation:  20%|██        | 20/100 [00:12<00:49,  1.62it/s][A
Validation:  21%|██        | 21/100 [00:13<00:48,  1.62it/s][A
Validation:  22%|██▏       | 22/100 [00:14<00:48,  1.62it/s][A
Validation:  23%|██▎       | 23/100 [00:14<00:47,  1.62it/s][A
Validation:  24%|██▍       | 24/100 [00:15<00:46,  1.63it/s][A
Validation:  25%|██▌       | 25/100 [00:15<00:46,  1.63it/s][A
Validation:  26%|██▌       | 26/100 [00:16<00:45,  1.63it/s][A
Validation:  27%|██▋       | 27/100 [00:17<00:44,  1.63it/s][A
Validation:  28%|██▊       | 28/100 [00:17<00:44,  1.63it/s][A
Validation:  29%|██▉       | 29/100 [00:18<00:43,  1.62it/s][A
Validation:  30%|███       | 30/100 [00:19<00:43,  1.62it/s][A
Validation:  31%|███       | 31/100 [00:19<00:42,  1.62it/s][A
Validation:  32%|███▏      | 32/100 [00:20<00:41,  1.62it/s][A
Validation:  33%|███▎      | 33/100 [00:20<00:41,  1.62it/s][A
Validation:  34%|███▍      | 34/100 [00:21<00:40,  1.63it/s][A
Validation:  35%|███▌      | 35/100 [00:22<00:39,  1.63it/s][A
Validation:  36%|███▌      | 36/100 [00:22<00:39,  1.63it/s][A
Validation:  37%|███▋      | 37/100 [00:23<00:38,  1.63it/s][A
Validation:  38%|███▊      | 38/100 [00:23<00:38,  1.63it/s][A
Validation:  39%|███▉      | 39/100 [00:24<00:37,  1.63it/s][A
Validation:  40%|████      | 40/100 [00:25<00:36,  1.63it/s][A
Validation:  41%|████      | 41/100 [00:25<00:36,  1.63it/s][A
Validation:  42%|████▏     | 42/100 [00:26<00:35,  1.63it/s][A
Validation:  43%|████▎     | 43/100 [00:27<00:35,  1.62it/s][A
Validation:  44%|████▍     | 44/100 [00:27<00:34,  1.63it/s][A
Validation:  45%|████▌     | 45/100 [00:28<00:33,  1.63it/s][A
Validation:  46%|████▌     | 46/100 [00:28<00:33,  1.63it/s][A
Validation:  47%|████▋     | 47/100 [00:29<00:32,  1.63it/s][A
Validation:  48%|████▊     | 48/100 [00:30<00:31,  1.63it/s][A
Validation:  49%|████▉     | 49/100 [00:30<00:31,  1.62it/s][A
Validation:  50%|█████     | 50/100 [00:31<00:30,  1.62it/s][A
Validation:  51%|█████     | 51/100 [00:31<00:30,  1.62it/s][A
Validation:  52%|█████▏    | 52/100 [00:32<00:29,  1.62it/s][A
Validation:  53%|█████▎    | 53/100 [00:33<00:28,  1.62it/s][A
Validation:  54%|█████▍    | 54/100 [00:33<00:28,  1.63it/s][A
Validation:  55%|█████▌    | 55/100 [00:34<00:27,  1.63it/s][A
Validation:  56%|█████▌    | 56/100 [00:35<00:26,  1.63it/s][A
Validation:  57%|█████▋    | 57/100 [00:35<00:26,  1.63it/s][A
Validation:  58%|█████▊    | 58/100 [00:36<00:25,  1.63it/s][A
Validation:  59%|█████▉    | 59/100 [00:36<00:25,  1.63it/s][A
Validation:  60%|██████    | 60/100 [00:37<00:24,  1.63it/s][A
Validation:  61%|██████    | 61/100 [00:38<00:23,  1.63it/s][A
Validation:  62%|██████▏   | 62/100 [00:38<00:23,  1.63it/s][A
Validation:  63%|██████▎   | 63/100 [00:39<00:22,  1.63it/s][A
Validation:  64%|██████▍   | 64/100 [00:39<00:22,  1.63it/s][A
Validation:  65%|██████▌   | 65/100 [00:40<00:21,  1.63it/s][A
Validation:  66%|██████▌   | 66/100 [00:41<00:20,  1.63it/s][A
Validation:  67%|██████▋   | 67/100 [00:41<00:20,  1.63it/s][A
Validation:  68%|██████▊   | 68/100 [00:42<00:19,  1.63it/s][A
Validation:  69%|██████▉   | 69/100 [00:43<00:19,  1.63it/s][A
Validation:  70%|███████   | 70/100 [00:43<00:18,  1.63it/s][A
Validation:  71%|███████   | 71/100 [00:44<00:17,  1.63it/s][A
Validation:  72%|███████▏  | 72/100 [00:44<00:17,  1.63it/s][A
Validation:  73%|███████▎  | 73/100 [00:45<00:16,  1.63it/s][A
Validation:  74%|███████▍  | 74/100 [00:46<00:15,  1.63it/s][A
Validation:  75%|███████▌  | 75/100 [00:46<00:15,  1.63it/s][A
Validation:  76%|███████▌  | 76/100 [00:47<00:14,  1.63it/s][A
Validation:  77%|███████▋  | 77/100 [00:47<00:14,  1.63it/s][A
Validation:  78%|███████▊  | 78/100 [00:48<00:13,  1.58it/s][A
Validation:  79%|███████▉  | 79/100 [00:49<00:13,  1.59it/s][A
Validation:  80%|████████  | 80/100 [00:49<00:12,  1.60it/s][A
Validation:  81%|████████  | 81/100 [00:50<00:11,  1.61it/s][A
Validation:  82%|████████▏ | 82/100 [00:51<00:11,  1.62it/s][A
Validation:  83%|████████▎ | 83/100 [00:51<00:10,  1.62it/s][A
Validation:  84%|████████▍ | 84/100 [00:52<00:09,  1.62it/s][A
Validation:  85%|████████▌ | 85/100 [00:52<00:09,  1.63it/s][A
Validation:  86%|████████▌ | 86/100 [00:53<00:08,  1.63it/s][A
Validation:  87%|████████▋ | 87/100 [00:54<00:08,  1.62it/s][A
Validation:  88%|████████▊ | 88/100 [00:54<00:07,  1.62it/s][A
Validation:  89%|████████▉ | 89/100 [00:55<00:06,  1.63it/s][A
Validation:  90%|█████████ | 90/100 [00:55<00:06,  1.63it/s][A
Validation:  91%|█████████ | 91/100 [00:56<00:05,  1.63it/s][A
Validation:  92%|█████████▏| 92/100 [00:57<00:04,  1.63it/s][A
Validation:  93%|█████████▎| 93/100 [00:57<00:04,  1.63it/s][A
Validation:  94%|█████████▍| 94/100 [00:58<00:03,  1.63it/s][A
Validation:  95%|█████████▌| 95/100 [00:59<00:03,  1.62it/s][A
Validation:  96%|█████████▌| 96/100 [00:59<00:02,  1.63it/s][A
Validation:  97%|█████████▋| 97/100 [01:00<00:01,  1.62it/s][A
Validation:  98%|█████████▊| 98/100 [01:00<00:01,  1.63it/s][A
Validation:  99%|█████████▉| 99/100 [01:01<00:00,  1.62it/s][A
Validation: 100%|██████████| 100/100 [01:02<00:00,  1.63it/s][A
                                                             [A 19%|█▉        | 9602/50005 [4:17:10<226:17:15, 20.16s/it] 19%|█▉        | 9603/50005 [4:17:12<163:20:25, 14.55s/it] 19%|█▉        | 9604/50005 [4:17:13<119:12:32, 10.62s/it] 19%|█▉        | 9605/50005 [4:17:14<88:20:15,  7.87s/it]  19%|█▉        | 9606/50005 [4:17:16<66:43:34,  5.95s/it] 19%|█▉        | 9607/50005 [4:17:17<51:33:58,  4.60s/it] 19%|█▉        | 9608/50005 [4:17:19<40:59:19,  3.65s/it] 19%|█▉        | 9609/50005 [4:17:20<33:34:58,  2.99s/it] 19%|█▉        | 9610/50005 [4:17:22<28:22:00,  2.53s/it] 19%|█▉        | 9611/50005 [4:17:23<24:44:12,  2.20s/it] 19%|█▉        | 9612/50005 [4:17:25<22:10:20,  1.98s/it] 19%|█▉        | 9613/50005 [4:17:26<20:24:59,  1.82s/it] 19%|█▉        | 9614/50005 [4:17:28<19:09:06,  1.71s/it] 19%|█▉        | 9615/50005 [4:17:29<18:16:18,  1.63s/it] 19%|█▉        | 9616/50005 [4:17:30<17:40:43,  1.58s/it] 19%|█▉        | 9617/50005 [4:17:32<17:15:19,  1.54s/it] 19%|█▉        | 9618/50005 [4:17:33<16:57:56,  1.51s/it] 19%|█▉        | 9619/50005 [4:17:35<16:43:39,  1.49s/it] 19%|█▉        | 9620/50005 [4:17:36<16:36:12,  1.48s/it] 19%|█▉        | 9621/50005 [4:17:38<16:28:33,  1.47s/it] 19%|█▉        | 9622/50005 [4:17:39<16:26:21,  1.47s/it] 19%|█▉        | 9623/50005 [4:17:41<16:23:13,  1.46s/it] 19%|█▉        | 9624/50005 [4:17:42<16:20:05,  1.46s/it] 19%|█▉        | 9625/50005 [4:17:43<16:17:57,  1.45s/it] 19%|█▉        | 9626/50005 [4:17:45<16:16:04,  1.45s/it] 19%|█▉        | 9627/50005 [4:17:46<16:16:21,  1.45s/it] 19%|█▉        | 9628/50005 [4:17:48<16:17:05,  1.45s/it] 19%|█▉        | 9629/50005 [4:17:49<16:13:56,  1.45s/it] 19%|█▉        | 9630/50005 [4:17:51<16:14:53,  1.45s/it] 19%|█▉        | 9631/50005 [4:17:52<16:16:00,  1.45s/it] 19%|█▉        | 9632/50005 [4:17:54<16:16:25,  1.45s/it] 19%|█▉        | 9633/50005 [4:17:55<16:17:12,  1.45s/it] 19%|█▉        | 9634/50005 [4:17:56<16:17:09,  1.45s/it] 19%|█▉        | 9635/50005 [4:17:58<16:16:54,  1.45s/it] 19%|█▉        | 9636/50005 [4:17:59<16:17:07,  1.45s/it] 19%|█▉        | 9637/50005 [4:18:01<16:16:44,  1.45s/it] 19%|█▉        | 9638/50005 [4:18:02<16:15:16,  1.45s/it] 19%|█▉        | 9639/50005 [4:18:04<16:16:21,  1.45s/it] 19%|█▉        | 9640/50005 [4:18:05<16:16:57,  1.45s/it] 19%|█▉        | 9641/50005 [4:18:07<16:15:56,  1.45s/it] 19%|█▉        | 9642/50005 [4:18:08<16:15:11,  1.45s/it] 19%|█▉        | 9643/50005 [4:18:10<16:15:52,  1.45s/it] 19%|█▉        | 9644/50005 [4:18:11<16:16:02,  1.45s/it] 19%|█▉        | 9645/50005 [4:18:12<16:14:33,  1.45s/it] 19%|█▉        | 9646/50005 [4:18:14<16:15:25,  1.45s/it] 19%|█▉        | 9647/50005 [4:18:15<16:16:27,  1.45s/it] 19%|█▉        | 9648/50005 [4:18:17<16:15:19,  1.45s/it] 19%|█▉        | 9649/50005 [4:18:18<16:15:41,  1.45s/it] 19%|█▉        | 9650/50005 [4:18:20<16:13:55,  1.45s/it] 19%|█▉        | 9651/50005 [4:18:21<16:15:23,  1.45s/it] 19%|█▉        | 9652/50005 [4:18:23<16:13:59,  1.45s/it] 19%|█▉        | 9653/50005 [4:18:24<16:15:01,  1.45s/it] 19%|█▉        | 9654/50005 [4:18:25<16:13:39,  1.45s/it] 19%|█▉        | 9655/50005 [4:18:27<16:14:31,  1.45s/it] 19%|█▉        | 9656/50005 [4:18:28<16:15:55,  1.45s/it] 19%|█▉        | 9657/50005 [4:18:30<16:16:34,  1.45s/it] 19%|█▉        | 9658/50005 [4:18:31<16:16:53,  1.45s/it] 19%|█▉        | 9659/50005 [4:18:33<16:14:59,  1.45s/it] 19%|█▉        | 9660/50005 [4:18:34<16:15:49,  1.45s/it] 19%|█▉        | 9661/50005 [4:18:36<16:16:16,  1.45s/it] 19%|█▉        | 9662/50005 [4:18:37<16:13:41,  1.45s/it] 19%|█▉        | 9663/50005 [4:18:39<16:12:40,  1.45s/it] 19%|█▉        | 9664/50005 [4:18:40<16:14:10,  1.45s/it] 19%|█▉        | 9665/50005 [4:18:41<16:14:55,  1.45s/it] 19%|█▉        | 9666/50005 [4:18:43<16:13:51,  1.45s/it] 19%|█▉        | 9667/50005 [4:18:44<16:13:12,  1.45s/it] 19%|█▉        | 9668/50005 [4:18:46<16:12:52,  1.45s/it] 19%|█▉        | 9669/50005 [4:18:47<16:13:30,  1.45s/it] 19%|█▉        | 9670/50005 [4:18:49<16:12:42,  1.45s/it] 19%|█▉        | 9671/50005 [4:18:50<16:11:32,  1.45s/it] 19%|█▉        | 9672/50005 [4:18:52<16:13:34,  1.45s/it] 19%|█▉        | 9673/50005 [4:18:53<16:14:08,  1.45s/it] 19%|█▉        | 9674/50005 [4:18:54<16:14:14,  1.45s/it] 19%|█▉        | 9675/50005 [4:18:56<16:14:57,  1.45s/it] 19%|█▉        | 9676/50005 [4:18:57<16:15:51,  1.45s/it] 19%|█▉        | 9677/50005 [4:18:59<16:13:25,  1.45s/it] 19%|█▉        | 9678/50005 [4:19:00<16:13:15,  1.45s/it] 19%|█▉        | 9679/50005 [4:19:02<16:12:29,  1.45s/it] 19%|█▉        | 9680/50005 [4:19:03<16:11:48,  1.45s/it] 19%|█▉        | 9681/50005 [4:19:05<16:13:14,  1.45s/it] 19%|█▉        | 9682/50005 [4:19:06<16:11:49,  1.45s/it] 19%|█▉        | 9683/50005 [4:19:07<16:10:25,  1.44s/it] 19%|█▉        | 9684/50005 [4:19:09<16:11:54,  1.45s/it] 19%|█▉        | 9685/50005 [4:19:10<16:12:51,  1.45s/it] 19%|█▉        | 9686/50005 [4:19:12<16:12:45,  1.45s/it] 19%|█▉        | 9687/50005 [4:19:13<16:13:16,  1.45s/it] 19%|█▉        | 9688/50005 [4:19:15<16:14:01,  1.45s/it] 19%|█▉        | 9689/50005 [4:19:16<16:13:05,  1.45s/it] 19%|█▉        | 9690/50005 [4:19:18<16:11:59,  1.45s/it] 19%|█▉        | 9691/50005 [4:19:19<16:13:33,  1.45s/it] 19%|█▉        | 9692/50005 [4:19:21<16:13:37,  1.45s/it] 19%|█▉        | 9693/50005 [4:19:22<16:14:11,  1.45s/it] 19%|█▉        | 9694/50005 [4:19:23<16:12:01,  1.45s/it] 19%|█▉        | 9695/50005 [4:19:25<16:10:46,  1.44s/it] 19%|█▉        | 9696/50005 [4:19:26<16:12:28,  1.45s/it] 19%|█▉        | 9697/50005 [4:19:28<16:11:46,  1.45s/it] 19%|█▉        | 9698/50005 [4:19:29<16:13:11,  1.45s/it] 19%|█▉        | 9699/50005 [4:19:31<16:11:17,  1.45s/it] 19%|█▉        | 9700/50005 [4:19:32<16:12:44,  1.45s/it] 19%|█▉        | 9701/50005 [4:19:34<16:16:05,  1.45s/it] 19%|█▉        | 9702/50005 [4:19:35<16:14:21,  1.45s/it] 19%|█▉        | 9703/50005 [4:19:36<16:14:29,  1.45s/it] 19%|█▉        | 9704/50005 [4:19:38<16:14:51,  1.45s/it] 19%|█▉        | 9705/50005 [4:19:39<16:13:36,  1.45s/it] 19%|█▉        | 9706/50005 [4:19:41<16:14:23,  1.45s/it] 19%|█▉        | 9707/50005 [4:19:42<16:14:20,  1.45s/it] 19%|█▉        | 9708/50005 [4:19:44<16:12:56,  1.45s/it] 19%|█▉        | 9709/50005 [4:19:45<16:14:11,  1.45s/it] 19%|█▉        | 9710/50005 [4:19:47<16:14:22,  1.45s/it] 19%|█▉        | 9711/50005 [4:19:48<16:15:04,  1.45s/it] 19%|█▉        | 9712/50005 [4:19:50<16:13:55,  1.45s/it] 19%|█▉        | 9713/50005 [4:19:51<16:12:46,  1.45s/it] 19%|█▉        | 9714/50005 [4:19:52<16:13:48,  1.45s/it] 19%|█▉        | 9715/50005 [4:19:54<16:12:20,  1.45s/it] 19%|█▉        | 9716/50005 [4:19:55<16:13:34,  1.45s/it] 19%|█▉        | 9717/50005 [4:19:57<16:11:54,  1.45s/it] 19%|█▉        | 9718/50005 [4:19:58<16:12:58,  1.45s/it] 19%|█▉        | 9719/50005 [4:20:00<16:13:29,  1.45s/it] 19%|█▉        | 9720/50005 [4:20:01<16:12:52,  1.45s/it] 19%|█▉        | 9721/50005 [4:20:03<16:13:31,  1.45s/it] 19%|█▉        | 9722/50005 [4:20:04<16:14:29,  1.45s/it] 19%|█▉        | 9723/50005 [4:20:05<16:14:23,  1.45s/it] 19%|█▉        | 9724/50005 [4:20:07<16:13:44,  1.45s/it] 19%|█▉        | 9725/50005 [4:20:08<16:12:22,  1.45s/it] 19%|█▉        | 9726/50005 [4:20:10<16:11:01,  1.45s/it] 19%|█▉        | 9727/50005 [4:20:11<16:09:29,  1.44s/it] 19%|█▉        | 9728/50005 [4:20:13<16:09:08,  1.44s/it] 19%|█▉        | 9729/50005 [4:20:14<16:10:13,  1.45s/it] 19%|█▉        | 9730/50005 [4:20:16<16:11:55,  1.45s/it] 19%|█▉        | 9731/50005 [4:20:17<16:12:57,  1.45s/it] 19%|█▉        | 9732/50005 [4:20:19<16:13:36,  1.45s/it] 19%|█▉        | 9733/50005 [4:20:20<16:12:18,  1.45s/it] 19%|█▉        | 9734/50005 [4:20:22<19:24:01,  1.73s/it] 19%|█▉        | 9735/50005 [4:20:24<18:36:30,  1.66s/it] 19%|█▉        | 9736/50005 [4:20:25<17:54:37,  1.60s/it] 19%|█▉        | 9737/50005 [4:20:27<17:23:57,  1.56s/it] 19%|█▉        | 9738/50005 [4:20:28<17:02:36,  1.52s/it] 19%|█▉        | 9739/50005 [4:20:30<17:05:01,  1.53s/it] 19%|█▉        | 9740/50005 [4:20:31<17:37:48,  1.58s/it] 19%|█▉        | 9741/50005 [4:20:33<17:10:23,  1.54s/it] 19%|█▉        | 9742/50005 [4:20:34<16:51:27,  1.51s/it] 19%|█▉        | 9743/50005 [4:20:36<16:41:00,  1.49s/it] 19%|█▉        | 9744/50005 [4:20:37<16:31:30,  1.48s/it] 19%|█▉        | 9745/50005 [4:20:39<16:26:15,  1.47s/it] 19%|█▉        | 9746/50005 [4:20:40<16:22:28,  1.46s/it] 19%|█▉        | 9747/50005 [4:20:42<16:20:35,  1.46s/it] 19%|█▉        | 9748/50005 [4:20:43<16:19:20,  1.46s/it] 19%|█▉        | 9749/50005 [4:20:44<16:15:58,  1.45s/it] 19%|█▉        | 9750/50005 [4:20:46<16:15:40,  1.45s/it] 20%|█▉        | 9751/50005 [4:20:47<16:14:56,  1.45s/it] 20%|█▉        | 9752/50005 [4:20:49<16:13:58,  1.45s/it] 20%|█▉        | 9753/50005 [4:20:50<16:14:38,  1.45s/it] 20%|█▉        | 9754/50005 [4:20:52<16:14:57,  1.45s/it] 20%|█▉        | 9755/50005 [4:20:53<16:12:58,  1.45s/it] 20%|█▉        | 9756/50005 [4:20:55<16:12:27,  1.45s/it] 20%|█▉        | 9757/50005 [4:20:56<16:13:20,  1.45s/it] 20%|█▉        | 9758/50005 [4:20:58<16:13:18,  1.45s/it] 20%|█▉        | 9759/50005 [4:20:59<16:11:54,  1.45s/it] 20%|█▉        | 9760/50005 [4:21:00<16:12:21,  1.45s/it] 20%|█▉        | 9761/50005 [4:21:02<16:11:05,  1.45s/it] 20%|█▉        | 9762/50005 [4:21:03<16:10:04,  1.45s/it] 20%|█▉        | 9763/50005 [4:21:05<16:09:19,  1.45s/it] 20%|█▉        | 9764/50005 [4:21:06<16:10:19,  1.45s/it] 20%|█▉        | 9765/50005 [4:21:08<16:12:06,  1.45s/it] 20%|█▉        | 9766/50005 [4:21:09<16:12:08,  1.45s/it] 20%|█▉        | 9767/50005 [4:21:11<16:13:27,  1.45s/it] 20%|█▉        | 9768/50005 [4:21:12<16:13:33,  1.45s/it] 20%|█▉        | 9769/50005 [4:21:13<16:13:11,  1.45s/it] 20%|█▉        | 9770/50005 [4:21:15<16:10:56,  1.45s/it] 20%|█▉        | 9771/50005 [4:21:16<16:11:37,  1.45s/it] 20%|█▉        | 9772/50005 [4:21:18<16:10:14,  1.45s/it] 20%|█▉        | 9773/50005 [4:21:19<16:11:18,  1.45s/it] 20%|█▉        | 9774/50005 [4:21:21<16:09:18,  1.45s/it] 20%|█▉        | 9775/50005 [4:21:22<16:08:17,  1.44s/it] 20%|█▉        | 9776/50005 [4:21:24<16:10:03,  1.45s/it] 20%|█▉        | 9777/50005 [4:21:25<16:09:46,  1.45s/it] 20%|█▉        | 9778/50005 [4:21:26<16:10:33,  1.45s/it] 20%|█▉        | 9779/50005 [4:21:28<16:11:25,  1.45s/it] 20%|█▉        | 9780/50005 [4:21:29<16:12:02,  1.45s/it] 20%|█▉        | 9781/50005 [4:21:31<16:12:22,  1.45s/it] 20%|█▉        | 9782/50005 [4:21:32<16:12:49,  1.45s/it] 20%|█▉        | 9783/50005 [4:21:34<16:12:25,  1.45s/it] 20%|█▉        | 9784/50005 [4:21:35<16:12:44,  1.45s/it] 20%|█▉        | 9785/50005 [4:21:37<16:12:47,  1.45s/it] 20%|█▉        | 9786/50005 [4:21:38<16:12:51,  1.45s/it] 20%|█▉        | 9787/50005 [4:21:40<16:13:33,  1.45s/it] 20%|█▉        | 9788/50005 [4:21:41<16:11:19,  1.45s/it] 20%|█▉        | 9789/50005 [4:21:42<16:12:22,  1.45s/it] 20%|█▉        | 9790/50005 [4:21:44<16:12:29,  1.45s/it] 20%|█▉        | 9791/50005 [4:21:45<16:12:39,  1.45s/it] 20%|█▉        | 9792/50005 [4:21:47<16:11:10,  1.45s/it] 20%|█▉        | 9793/50005 [4:21:48<16:10:03,  1.45s/it] 20%|█▉        | 9794/50005 [4:21:50<16:08:33,  1.45s/it] 20%|█▉        | 9795/50005 [4:21:51<16:10:12,  1.45s/it] 20%|█▉        | 9796/50005 [4:21:53<16:09:07,  1.45s/it] 20%|█▉        | 9797/50005 [4:21:54<16:10:36,  1.45s/it] 20%|█▉        | 9798/50005 [4:21:55<16:11:10,  1.45s/it] 20%|█▉        | 9799/50005 [4:21:57<16:10:48,  1.45s/it] 20%|█▉        | 9800/50005 [4:21:58<16:09:31,  1.45s/it] 20%|█▉        | 9801/50005 [4:22:00<16:15:48,  1.46s/it] 20%|█▉        | 9802/50005 [4:22:01<16:13:21,  1.45s/it] 20%|█▉        | 9803/50005 [4:22:03<16:10:44,  1.45s/it] 20%|█▉        | 9804/50005 [4:22:04<16:10:08,  1.45s/it] 20%|█▉        | 9805/50005 [4:22:06<16:09:53,  1.45s/it] 20%|█▉        | 9806/50005 [4:22:07<16:08:57,  1.45s/it] 20%|█▉        | 9807/50005 [4:22:09<16:10:10,  1.45s/it] 20%|█▉        | 9808/50005 [4:22:10<16:11:19,  1.45s/it] 20%|█▉        | 9809/50005 [4:22:11<16:11:35,  1.45s/it] 20%|█▉        | 9810/50005 [4:22:13<16:12:19,  1.45s/it] 20%|█▉        | 9811/50005 [4:22:14<16:13:02,  1.45s/it] 20%|█▉        | 9812/50005 [4:22:16<16:11:14,  1.45s/it] 20%|█▉        | 9813/50005 [4:22:17<16:12:16,  1.45s/it] 20%|█▉        | 9814/50005 [4:22:19<16:11:56,  1.45s/it] 20%|█▉        | 9815/50005 [4:22:20<16:11:01,  1.45s/it] 20%|█▉        | 9816/50005 [4:22:22<16:11:29,  1.45s/it] 20%|█▉        | 9817/50005 [4:22:23<16:12:16,  1.45s/it] 20%|█▉        | 9818/50005 [4:22:24<16:12:19,  1.45s/it] 20%|█▉        | 9819/50005 [4:22:26<16:10:28,  1.45s/it] 20%|█▉        | 9820/50005 [4:22:27<16:09:11,  1.45s/it] 20%|█▉        | 9821/50005 [4:22:29<16:10:20,  1.45s/it] 20%|█▉        | 9822/50005 [4:22:30<16:09:34,  1.45s/it] 20%|█▉        | 9823/50005 [4:22:32<16:09:21,  1.45s/it] 20%|█▉        | 9824/50005 [4:22:33<16:10:12,  1.45s/it] 20%|█▉        | 9825/50005 [4:22:35<16:11:07,  1.45s/it] 20%|█▉        | 9826/50005 [4:22:36<16:09:45,  1.45s/it] 20%|█▉        | 9827/50005 [4:22:38<16:10:23,  1.45s/it] 20%|█▉        | 9828/50005 [4:22:39<16:10:40,  1.45s/it] 20%|█▉        | 9829/50005 [4:22:40<16:09:30,  1.45s/it] 20%|█▉        | 9830/50005 [4:22:42<16:08:37,  1.45s/it] 20%|█▉        | 9831/50005 [4:22:43<16:07:45,  1.45s/it] 20%|█▉        | 9832/50005 [4:22:45<16:09:20,  1.45s/it] 20%|█▉        | 9833/50005 [4:22:46<16:08:18,  1.45s/it] 20%|█▉        | 9834/50005 [4:22:48<16:08:12,  1.45s/it] 20%|█▉        | 9835/50005 [4:22:49<16:09:32,  1.45s/it] 20%|█▉        | 9836/50005 [4:22:51<16:10:15,  1.45s/it] 20%|█▉        | 9837/50005 [4:22:52<16:09:30,  1.45s/it] 20%|█▉        | 9838/50005 [4:22:53<16:09:02,  1.45s/it] 20%|█▉        | 9839/50005 [4:22:55<16:08:13,  1.45s/it] 20%|█▉        | 9840/50005 [4:22:56<16:07:14,  1.44s/it] 20%|█▉        | 9841/50005 [4:22:58<16:07:34,  1.45s/it] 20%|█▉        | 9842/50005 [4:22:59<16:09:57,  1.45s/it] 20%|█▉        | 9843/50005 [4:23:01<16:08:42,  1.45s/it] 20%|█▉        | 9844/50005 [4:23:02<16:09:38,  1.45s/it] 20%|█▉        | 9845/50005 [4:23:04<16:10:54,  1.45s/it] 20%|█▉        | 9846/50005 [4:23:05<16:11:34,  1.45s/it] 20%|█▉        | 9847/50005 [4:23:06<16:12:05,  1.45s/it] 20%|█▉        | 9848/50005 [4:23:08<16:11:49,  1.45s/it] 20%|█▉        | 9849/50005 [4:23:09<16:10:10,  1.45s/it] 20%|█▉        | 9850/50005 [4:23:11<16:09:11,  1.45s/it] 20%|█▉        | 9851/50005 [4:23:12<16:10:27,  1.45s/it] 20%|█▉        | 9852/50005 [4:23:14<16:09:16,  1.45s/it] 20%|█▉        | 9853/50005 [4:23:15<16:08:01,  1.45s/it] 20%|█▉        | 9854/50005 [4:23:17<16:07:47,  1.45s/it] 20%|█▉        | 9855/50005 [4:23:18<16:07:38,  1.45s/it] 20%|█▉        | 9856/50005 [4:23:19<16:07:32,  1.45s/it] 20%|█▉        | 9857/50005 [4:23:21<16:08:49,  1.45s/it] 20%|█▉        | 9858/50005 [4:23:22<16:09:47,  1.45s/it] 20%|█▉        | 9859/50005 [4:23:24<16:08:12,  1.45s/it] 20%|█▉        | 9860/50005 [4:23:25<16:08:34,  1.45s/it] 20%|█▉        | 9861/50005 [4:23:27<16:08:15,  1.45s/it] 20%|█▉        | 9862/50005 [4:23:28<16:09:36,  1.45s/it] 20%|█▉        | 9863/50005 [4:23:30<16:08:33,  1.45s/it] 20%|█▉        | 9864/50005 [4:23:31<16:09:20,  1.45s/it] 20%|█▉        | 9865/50005 [4:23:33<16:29:37,  1.48s/it] 20%|█▉        | 9866/50005 [4:23:34<16:24:10,  1.47s/it] 20%|█▉        | 9867/50005 [4:23:36<16:20:49,  1.47s/it] 20%|█▉        | 9868/50005 [4:23:37<16:15:25,  1.46s/it] 20%|█▉        | 9869/50005 [4:23:38<16:13:14,  1.45s/it] 20%|█▉        | 9870/50005 [4:23:40<16:11:03,  1.45s/it] 20%|█▉        | 9871/50005 [4:23:41<16:11:28,  1.45s/it] 20%|█▉        | 9872/50005 [4:23:43<16:11:30,  1.45s/it] 20%|█▉        | 9873/50005 [4:23:44<16:10:21,  1.45s/it] 20%|█▉        | 9874/50005 [4:23:46<16:10:37,  1.45s/it] 20%|█▉        | 9875/50005 [4:23:47<16:09:32,  1.45s/it] 20%|█▉        | 9876/50005 [4:23:49<16:07:46,  1.45s/it] 20%|█▉        | 9877/50005 [4:23:50<16:09:49,  1.45s/it] 20%|█▉        | 9878/50005 [4:23:51<16:10:15,  1.45s/it] 20%|█▉        | 9879/50005 [4:23:53<16:11:14,  1.45s/it] 20%|█▉        | 9880/50005 [4:23:54<16:09:04,  1.45s/it] 20%|█▉        | 9881/50005 [4:23:56<16:09:24,  1.45s/it] 20%|█▉        | 9882/50005 [4:23:57<16:09:53,  1.45s/it] 20%|█▉        | 9883/50005 [4:23:59<16:10:34,  1.45s/it] 20%|█▉        | 9884/50005 [4:24:00<16:10:58,  1.45s/it] 20%|█▉        | 9885/50005 [4:24:02<16:08:53,  1.45s/it] 20%|█▉        | 9886/50005 [4:24:03<16:09:40,  1.45s/it] 20%|█▉        | 9887/50005 [4:24:05<16:08:37,  1.45s/it] 20%|█▉        | 9888/50005 [4:24:06<16:09:01,  1.45s/it] 20%|█▉        | 9889/50005 [4:24:07<16:06:54,  1.45s/it] 20%|█▉        | 9890/50005 [4:24:09<16:07:44,  1.45s/it] 20%|█▉        | 9891/50005 [4:24:10<16:07:40,  1.45s/it] 20%|█▉        | 9892/50005 [4:24:12<16:07:19,  1.45s/it] 20%|█▉        | 9893/50005 [4:24:13<16:05:15,  1.44s/it] 20%|█▉        | 9894/50005 [4:24:15<16:06:57,  1.45s/it] 20%|█▉        | 9895/50005 [4:24:16<16:07:09,  1.45s/it] 20%|█▉        | 9896/50005 [4:24:18<16:05:58,  1.45s/it] 20%|█▉        | 9897/50005 [4:24:19<16:07:09,  1.45s/it] 20%|█▉        | 9898/50005 [4:24:20<16:08:30,  1.45s/it] 20%|█▉        | 9899/50005 [4:24:22<16:09:30,  1.45s/it] 20%|█▉        | 9900/50005 [4:24:23<16:09:24,  1.45s/it] 20%|█▉        | 9901/50005 [4:24:25<16:08:39,  1.45s/it] 20%|█▉        | 9902/50005 [4:24:26<16:07:42,  1.45s/it] 20%|█▉        | 9903/50005 [4:24:28<16:08:45,  1.45s/it] 20%|█▉        | 9904/50005 [4:24:29<16:09:07,  1.45s/it] 20%|█▉        | 9905/50005 [4:24:31<16:08:21,  1.45s/it] 20%|█▉        | 9906/50005 [4:24:32<16:08:22,  1.45s/it] 20%|█▉        | 9907/50005 [4:24:33<16:07:56,  1.45s/it] 20%|█▉        | 9908/50005 [4:24:35<16:08:17,  1.45s/it] 20%|█▉        | 9909/50005 [4:24:36<16:08:57,  1.45s/it] 20%|█▉        | 9910/50005 [4:24:38<16:07:24,  1.45s/it] 20%|█▉        | 9911/50005 [4:24:39<16:07:07,  1.45s/it] 20%|█▉        | 9912/50005 [4:24:41<16:07:46,  1.45s/it] 20%|█▉        | 9913/50005 [4:24:42<16:07:28,  1.45s/it] 20%|█▉        | 9914/50005 [4:24:44<16:08:11,  1.45s/it] 20%|█▉        | 9915/50005 [4:24:45<16:08:48,  1.45s/it] 20%|█▉        | 9916/50005 [4:24:47<16:07:45,  1.45s/it] 20%|█▉        | 9917/50005 [4:24:48<16:09:11,  1.45s/it] 20%|█▉        | 9918/50005 [4:24:49<16:07:47,  1.45s/it] 20%|█▉        | 9919/50005 [4:24:51<16:08:36,  1.45s/it] 20%|█▉        | 9920/50005 [4:24:52<16:06:59,  1.45s/it] 20%|█▉        | 9921/50005 [4:24:54<16:08:17,  1.45s/it] 20%|█▉        | 9922/50005 [4:24:55<16:08:57,  1.45s/it] 20%|█▉        | 9923/50005 [4:24:57<16:09:53,  1.45s/it] 20%|█▉        | 9924/50005 [4:24:58<16:07:39,  1.45s/it] 20%|█▉        | 9925/50005 [4:25:00<16:06:58,  1.45s/it] 20%|█▉        | 9926/50005 [4:25:01<16:06:14,  1.45s/it] 20%|█▉        | 9927/50005 [4:25:02<16:05:57,  1.45s/it] 20%|█▉        | 9928/50005 [4:25:04<16:07:04,  1.45s/it] 20%|█▉        | 9929/50005 [4:25:05<16:05:42,  1.45s/it] 20%|█▉        | 9930/50005 [4:25:07<16:07:03,  1.45s/it] 20%|█▉        | 9931/50005 [4:25:08<16:06:10,  1.45s/it] 20%|█▉        | 9932/50005 [4:25:10<16:07:19,  1.45s/it] 20%|█▉        | 9933/50005 [4:25:11<16:07:38,  1.45s/it] 20%|█▉        | 9934/50005 [4:25:13<16:07:33,  1.45s/it] 20%|█▉        | 9935/50005 [4:25:14<16:08:28,  1.45s/it] 20%|█▉        | 9936/50005 [4:25:15<16:07:58,  1.45s/it] 20%|█▉        | 9937/50005 [4:25:17<16:08:23,  1.45s/it] 20%|█▉        | 9938/50005 [4:25:18<16:08:31,  1.45s/it] 20%|█▉        | 9939/50005 [4:25:20<16:08:33,  1.45s/it] 20%|█▉        | 9940/50005 [4:25:21<16:09:07,  1.45s/it] 20%|█▉        | 9941/50005 [4:25:23<16:09:24,  1.45s/it] 20%|█▉        | 9942/50005 [4:25:24<16:08:49,  1.45s/it] 20%|█▉        | 9943/50005 [4:25:26<16:08:40,  1.45s/it] 20%|█▉        | 9944/50005 [4:25:27<16:09:02,  1.45s/it] 20%|█▉        | 9945/50005 [4:25:29<16:08:57,  1.45s/it] 20%|█▉        | 9946/50005 [4:25:30<16:08:31,  1.45s/it] 20%|█▉        | 9947/50005 [4:25:31<16:08:54,  1.45s/it] 20%|█▉        | 9948/50005 [4:25:33<16:08:39,  1.45s/it] 20%|█▉        | 9949/50005 [4:25:34<16:08:36,  1.45s/it] 20%|█▉        | 9950/50005 [4:25:36<16:07:02,  1.45s/it] 20%|█▉        | 9951/50005 [4:25:37<16:05:22,  1.45s/it] 20%|█▉        | 9952/50005 [4:25:39<16:07:00,  1.45s/it] 20%|█▉        | 9953/50005 [4:25:40<16:05:46,  1.45s/it] 20%|█▉        | 9954/50005 [4:25:42<16:04:08,  1.44s/it] 20%|█▉        | 9955/50005 [4:25:43<16:05:44,  1.45s/it] 20%|█▉        | 9956/50005 [4:25:44<16:07:01,  1.45s/it] 20%|█▉        | 9957/50005 [4:25:46<16:05:36,  1.45s/it] 20%|█▉        | 9958/50005 [4:25:47<16:06:21,  1.45s/it] 20%|█▉        | 9959/50005 [4:25:49<16:07:27,  1.45s/it] 20%|█▉        | 9960/50005 [4:25:50<16:08:16,  1.45s/it] 20%|█▉        | 9961/50005 [4:25:52<16:08:32,  1.45s/it] 20%|█▉        | 9962/50005 [4:25:53<16:07:10,  1.45s/it] 20%|█▉        | 9963/50005 [4:25:55<16:06:40,  1.45s/it] 20%|█▉        | 9964/50005 [4:25:56<16:04:26,  1.45s/it] 20%|█▉        | 9965/50005 [4:25:58<16:05:39,  1.45s/it] 20%|█▉        | 9966/50005 [4:25:59<16:06:04,  1.45s/it] 20%|█▉        | 9967/50005 [4:26:00<16:07:09,  1.45s/it] 20%|█▉        | 9968/50005 [4:26:02<16:08:32,  1.45s/it] 20%|█▉        | 9969/50005 [4:26:03<16:08:52,  1.45s/it] 20%|█▉        | 9970/50005 [4:26:05<16:09:34,  1.45s/it] 20%|█▉        | 9971/50005 [4:26:06<16:09:17,  1.45s/it] 20%|█▉        | 9972/50005 [4:26:08<16:07:30,  1.45s/it] 20%|█▉        | 9973/50005 [4:26:09<16:07:44,  1.45s/it] 20%|█▉        | 9974/50005 [4:26:11<16:06:29,  1.45s/it] 20%|█▉        | 9975/50005 [4:26:12<16:06:56,  1.45s/it] 20%|█▉        | 9976/50005 [4:26:13<16:06:46,  1.45s/it] 20%|█▉        | 9977/50005 [4:26:15<16:07:29,  1.45s/it] 20%|█▉        | 9978/50005 [4:26:16<16:07:34,  1.45s/it] 20%|█▉        | 9979/50005 [4:26:18<16:07:27,  1.45s/it] 20%|█▉        | 9980/50005 [4:26:19<16:06:03,  1.45s/it] 20%|█▉        | 9981/50005 [4:26:21<16:04:19,  1.45s/it] 20%|█▉        | 9982/50005 [4:26:22<16:04:11,  1.45s/it] 20%|█▉        | 9983/50005 [4:26:24<16:05:07,  1.45s/it] 20%|█▉        | 9984/50005 [4:26:25<16:04:28,  1.45s/it] 20%|█▉        | 9985/50005 [4:26:27<16:05:22,  1.45s/it] 20%|█▉        | 9986/50005 [4:26:28<16:06:21,  1.45s/it] 20%|█▉        | 9987/50005 [4:26:29<16:07:13,  1.45s/it] 20%|█▉        | 9988/50005 [4:26:31<16:07:49,  1.45s/it] 20%|█▉        | 9989/50005 [4:26:32<16:07:48,  1.45s/it] 20%|█▉        | 9990/50005 [4:26:34<16:08:44,  1.45s/it] 20%|█▉        | 9991/50005 [4:26:35<16:06:58,  1.45s/it] 20%|█▉        | 9992/50005 [4:26:37<16:08:07,  1.45s/it] 20%|█▉        | 9993/50005 [4:26:38<16:08:28,  1.45s/it] 20%|█▉        | 9994/50005 [4:26:40<16:08:34,  1.45s/it] 20%|█▉        | 9995/50005 [4:26:41<16:06:02,  1.45s/it] 20%|█▉        | 9996/50005 [4:26:42<16:07:18,  1.45s/it] 20%|█▉        | 9997/50005 [4:26:44<16:05:48,  1.45s/it] 20%|█▉        | 9998/50005 [4:26:45<16:06:40,  1.45s/it] 20%|█▉        | 9999/50005 [4:26:47<16:07:26,  1.45s/it] 20%|█▉        | 10000/50005 [4:26:48<16:07:29,  1.45s/it] 20%|██        | 10001/50005 [4:26:50<16:11:22,  1.46s/it]Saving Model Checkpoint for Step 10000
/rds/user/lz307/hpc-work/openvla/.venv/lib64/python3.9/site-packages/peft/utils/save_and_load.py:180: UserWarning: Setting `save_embedding_layers` to `True` as embedding layers found in `target_modules`.
  warnings.warn("Setting `save_embedding_layers` to `True` as embedding layers found in `target_modules`.")

Loading checkpoint shards:   0%|          | 0/3 [00:00<?, ?it/s][A
Loading checkpoint shards:  33%|███▎      | 1/3 [00:01<00:02,  1.17s/it][A
Loading checkpoint shards:  67%|██████▋   | 2/3 [00:01<00:00,  1.13it/s][A
Loading checkpoint shards: 100%|██████████| 3/3 [00:02<00:00,  1.28it/s][ALoading checkpoint shards: 100%|██████████| 3/3 [00:02<00:00,  1.19it/s]
Saved Model Checkpoint for Step 10000 at: logs/openvla-7b+mikasa_mix+b16+lr-0.0005+lora-r32+dropout-0.05--mikasa_mix--image_aug--25-06-23_10-08-47

Validation:   0%|          | 0/100 [00:00<?, ?it/s][A
Validation:   1%|          | 1/100 [00:01<02:47,  1.70s/it][A
Validation:   2%|▏         | 2/100 [00:02<01:44,  1.06s/it][A
Validation:   3%|▎         | 3/100 [00:02<01:23,  1.16it/s][A
Validation:   4%|▍         | 4/100 [00:03<01:13,  1.31it/s][A
Validation:   5%|▌         | 5/100 [00:04<01:07,  1.41it/s][A
Validation:   6%|▌         | 6/100 [00:04<01:03,  1.47it/s][A
Validation:   7%|▋         | 7/100 [00:05<01:01,  1.52it/s][A
Validation:   8%|▊         | 8/100 [00:06<00:59,  1.55it/s][A
Validation:   9%|▉         | 9/100 [00:06<00:57,  1.57it/s][A
Validation:  10%|█         | 10/100 [00:07<00:56,  1.59it/s][A
Validation:  11%|█         | 11/100 [00:07<00:55,  1.60it/s][A
Validation:  12%|█▏        | 12/100 [00:08<00:54,  1.61it/s][A
Validation:  13%|█▎        | 13/100 [00:09<00:54,  1.61it/s][A
Validation:  14%|█▍        | 14/100 [00:09<00:53,  1.61it/s][A
Validation:  15%|█▌        | 15/100 [00:10<00:52,  1.61it/s][A
Validation:  16%|█▌        | 16/100 [00:10<00:52,  1.62it/s][A
Validation:  17%|█▋        | 17/100 [00:11<00:51,  1.62it/s][A
Validation:  18%|█▊        | 18/100 [00:12<00:50,  1.62it/s][A
Validation:  19%|█▉        | 19/100 [00:12<00:49,  1.62it/s][A
Validation:  20%|██        | 20/100 [00:13<00:49,  1.62it/s][A
Validation:  21%|██        | 21/100 [00:14<00:48,  1.63it/s][A
Validation:  22%|██▏       | 22/100 [00:14<00:47,  1.63it/s][A
Validation:  23%|██▎       | 23/100 [00:15<00:47,  1.62it/s][A
Validation:  24%|██▍       | 24/100 [00:15<00:46,  1.63it/s][A
Validation:  25%|██▌       | 25/100 [00:16<00:46,  1.63it/s][A
Validation:  26%|██▌       | 26/100 [00:17<00:45,  1.62it/s][A
Validation:  27%|██▋       | 27/100 [00:17<00:44,  1.63it/s][A
Validation:  28%|██▊       | 28/100 [00:18<00:44,  1.63it/s][A
Validation:  29%|██▉       | 29/100 [00:18<00:43,  1.62it/s][A
Validation:  30%|███       | 30/100 [00:19<00:43,  1.62it/s][A
Validation:  31%|███       | 31/100 [00:20<00:42,  1.62it/s][A
Validation:  32%|███▏      | 32/100 [00:20<00:41,  1.62it/s][A
Validation:  33%|███▎      | 33/100 [00:21<00:41,  1.63it/s][A
Validation:  34%|███▍      | 34/100 [00:22<00:40,  1.62it/s][A
Validation:  35%|███▌      | 35/100 [00:22<00:40,  1.62it/s][A
Validation:  36%|███▌      | 36/100 [00:23<00:39,  1.62it/s][A
Validation:  37%|███▋      | 37/100 [00:23<00:38,  1.62it/s][A
Validation:  38%|███▊      | 38/100 [00:24<00:38,  1.62it/s][A
Validation:  39%|███▉      | 39/100 [00:25<00:37,  1.62it/s][A
Validation:  40%|████      | 40/100 [00:25<00:36,  1.62it/s][A
Validation:  41%|████      | 41/100 [00:26<00:36,  1.63it/s][A
Validation:  42%|████▏     | 42/100 [00:26<00:35,  1.62it/s][A
Validation:  43%|████▎     | 43/100 [00:27<00:35,  1.62it/s][A
Validation:  44%|████▍     | 44/100 [00:28<00:34,  1.62it/s][A
Validation:  45%|████▌     | 45/100 [00:28<00:33,  1.63it/s][A
Validation:  46%|████▌     | 46/100 [00:29<00:33,  1.63it/s][A
Validation:  47%|████▋     | 47/100 [00:30<00:32,  1.62it/s][A
Validation:  48%|████▊     | 48/100 [00:30<00:31,  1.63it/s][A
Validation:  49%|████▉     | 49/100 [00:31<00:31,  1.62it/s][A
Validation:  50%|█████     | 50/100 [00:31<00:30,  1.62it/s][A
Validation:  51%|█████     | 51/100 [00:32<00:30,  1.62it/s][A
Validation:  52%|█████▏    | 52/100 [00:33<00:29,  1.62it/s][A
Validation:  53%|█████▎    | 53/100 [00:33<00:28,  1.62it/s][A
Validation:  54%|█████▍    | 54/100 [00:34<00:28,  1.62it/s][A
Validation:  55%|█████▌    | 55/100 [00:34<00:27,  1.62it/s][A
Validation:  56%|█████▌    | 56/100 [00:35<00:27,  1.62it/s][A
Validation:  57%|█████▋    | 57/100 [00:36<00:26,  1.62it/s][A
Validation:  58%|█████▊    | 58/100 [00:36<00:25,  1.62it/s][A
Validation:  59%|█████▉    | 59/100 [00:37<00:25,  1.63it/s][A
Validation:  60%|██████    | 60/100 [00:38<00:24,  1.62it/s][A
Validation:  61%|██████    | 61/100 [00:38<00:24,  1.62it/s][A
Validation:  62%|██████▏   | 62/100 [00:39<00:23,  1.62it/s][A
Validation:  63%|██████▎   | 63/100 [00:39<00:22,  1.62it/s][A
Validation:  64%|██████▍   | 64/100 [00:40<00:22,  1.62it/s][A
Validation:  65%|██████▌   | 65/100 [00:41<00:21,  1.62it/s][A
Validation:  66%|██████▌   | 66/100 [00:41<00:21,  1.62it/s][A
Validation:  67%|██████▋   | 67/100 [00:42<00:20,  1.62it/s][A
Validation:  68%|██████▊   | 68/100 [00:42<00:19,  1.62it/s][A
Validation:  69%|██████▉   | 69/100 [00:43<00:19,  1.62it/s][A
Validation:  70%|███████   | 70/100 [00:44<00:18,  1.62it/s][A
Validation:  71%|███████   | 71/100 [00:44<00:17,  1.62it/s][A
Validation:  72%|███████▏  | 72/100 [00:45<00:17,  1.62it/s][A
Validation:  73%|███████▎  | 73/100 [00:46<00:16,  1.62it/s][A
Validation:  74%|███████▍  | 74/100 [00:46<00:16,  1.62it/s][A
Validation:  75%|███████▌  | 75/100 [00:47<00:15,  1.62it/s][A
Validation:  76%|███████▌  | 76/100 [00:47<00:14,  1.62it/s][A
Validation:  77%|███████▋  | 77/100 [00:48<00:14,  1.63it/s][A
Validation:  78%|███████▊  | 78/100 [00:49<00:13,  1.63it/s][A
Validation:  79%|███████▉  | 79/100 [00:49<00:12,  1.63it/s][A
Validation:  80%|████████  | 80/100 [00:50<00:12,  1.62it/s][A
Validation:  81%|████████  | 81/100 [00:50<00:11,  1.62it/s][A
Validation:  82%|████████▏ | 82/100 [00:51<00:11,  1.62it/s][A
Validation:  83%|████████▎ | 83/100 [00:52<00:10,  1.62it/s][A
Validation:  84%|████████▍ | 84/100 [00:52<00:09,  1.62it/s][A
Validation:  85%|████████▌ | 85/100 [00:53<00:09,  1.62it/s][A
Validation:  86%|████████▌ | 86/100 [00:54<00:08,  1.62it/s][A
Validation:  87%|████████▋ | 87/100 [00:54<00:08,  1.62it/s][A
Validation:  88%|████████▊ | 88/100 [00:55<00:07,  1.62it/s][A
Validation:  89%|████████▉ | 89/100 [00:55<00:06,  1.62it/s][A
Validation:  90%|█████████ | 90/100 [00:56<00:06,  1.62it/s][A
Validation:  91%|█████████ | 91/100 [00:57<00:05,  1.62it/s][A
Validation:  92%|█████████▏| 92/100 [00:57<00:04,  1.62it/s][A
Validation:  93%|█████████▎| 93/100 [00:58<00:04,  1.63it/s][A
Validation:  94%|█████████▍| 94/100 [00:59<00:03,  1.62it/s][A
Validation:  95%|█████████▌| 95/100 [00:59<00:03,  1.62it/s][A
Validation:  96%|█████████▌| 96/100 [01:00<00:02,  1.63it/s][A
Validation:  97%|█████████▋| 97/100 [01:00<00:01,  1.62it/s][A
Validation:  98%|█████████▊| 98/100 [01:01<00:01,  1.62it/s][A
Validation:  99%|█████████▉| 99/100 [01:02<00:00,  1.62it/s][A
Validation: 100%|██████████| 100/100 [01:02<00:00,  1.62it/s][A
                                                             [A 20%|██        | 10002/50005 [4:39:01<2447:31:44, 220.26s/it] 20%|██        | 10003/50005 [4:39:02<1718:04:59, 154.62s/it] 20%|██        | 10004/50005 [4:39:03<1207:27:09, 108.67s/it] 20%|██        | 10005/50005 [4:39:05<850:00:48, 76.50s/it]   20%|██        | 10006/50005 [4:39:06<599:51:56, 53.99s/it] 20%|██        | 10007/50005 [4:39:08<424:45:20, 38.23s/it] 20%|██        | 10008/50005 [4:39:09<302:10:23, 27.20s/it] 20%|██        | 10009/50005 [4:39:11<216:21:48, 19.47s/it] 20%|██        | 10010/50005 [4:39:12<156:17:01, 14.07s/it] 20%|██        | 10011/50005 [4:39:14<114:15:08, 10.28s/it] 20%|██        | 10012/50005 [4:39:15<84:50:12,  7.64s/it]  20%|██        | 10013/50005 [4:39:17<64:12:15,  5.78s/it] 20%|██        | 10014/50005 [4:39:18<49:45:49,  4.48s/it] 20%|██        | 10015/50005 [4:39:19<39:41:18,  3.57s/it] 20%|██        | 10016/50005 [4:39:21<32:35:56,  2.93s/it] 20%|██        | 10017/50005 [4:39:22<27:38:07,  2.49s/it] 20%|██        | 10018/50005 [4:39:24<24:09:37,  2.18s/it] 20%|██        | 10019/50005 [4:39:25<21:43:58,  1.96s/it] 20%|██        | 10020/50005 [4:39:27<20:03:42,  1.81s/it] 20%|██        | 10021/50005 [4:39:28<18:51:58,  1.70s/it] 20%|██        | 10022/50005 [4:39:30<18:03:21,  1.63s/it] 20%|██        | 10023/50005 [4:39:31<17:29:42,  1.58s/it] 20%|██        | 10024/50005 [4:39:32<17:04:25,  1.54s/it] 20%|██        | 10025/50005 [4:39:34<16:46:53,  1.51s/it] 20%|██        | 10026/50005 [4:39:35<16:35:47,  1.49s/it] 20%|██        | 10027/50005 [4:39:37<16:26:51,  1.48s/it] 20%|██        | 10028/50005 [4:39:38<16:22:03,  1.47s/it] 20%|██        | 10029/50005 [4:39:40<16:16:55,  1.47s/it] 20%|██        | 10030/50005 [4:39:41<16:14:22,  1.46s/it] 20%|██        | 10031/50005 [4:39:43<16:13:31,  1.46s/it] 20%|██        | 10032/50005 [4:39:44<16:11:12,  1.46s/it] 20%|██        | 10033/50005 [4:39:46<16:09:01,  1.45s/it] 20%|██        | 10034/50005 [4:39:47<16:09:58,  1.46s/it] 20%|██        | 10035/50005 [4:39:48<16:06:58,  1.45s/it] 20%|██        | 10036/50005 [4:39:50<16:07:29,  1.45s/it] 20%|██        | 10037/50005 [4:39:51<16:08:30,  1.45s/it] 20%|██        | 10038/50005 [4:39:53<16:09:13,  1.46s/it] 20%|██        | 10039/50005 [4:39:54<16:07:17,  1.45s/it] 20%|██        | 10040/50005 [4:39:56<16:05:45,  1.45s/it] 20%|██        | 10041/50005 [4:39:57<16:06:40,  1.45s/it] 20%|██        | 10042/50005 [4:39:59<16:07:58,  1.45s/it] 20%|██        | 10043/50005 [4:40:00<16:08:24,  1.45s/it] 20%|██        | 10044/50005 [4:40:02<16:09:01,  1.45s/it] 20%|██        | 10045/50005 [4:40:03<16:07:23,  1.45s/it] 20%|██        | 10046/50005 [4:40:04<16:07:16,  1.45s/it] 20%|██        | 10047/50005 [4:40:06<16:08:38,  1.45s/it] 20%|██        | 10048/50005 [4:40:07<16:09:12,  1.46s/it] 20%|██        | 10049/50005 [4:40:09<16:09:53,  1.46s/it] 20%|██        | 10050/50005 [4:40:10<16:10:15,  1.46s/it] 20%|██        | 10051/50005 [4:40:12<16:10:31,  1.46s/it] 20%|██        | 10052/50005 [4:40:13<16:09:09,  1.46s/it] 20%|██        | 10053/50005 [4:40:15<16:08:25,  1.45s/it] 20%|██        | 10054/50005 [4:40:16<16:09:15,  1.46s/it] 20%|██        | 10055/50005 [4:40:18<16:10:03,  1.46s/it] 20%|██        | 10056/50005 [4:40:19<16:07:52,  1.45s/it] 20%|██        | 10057/50005 [4:40:20<16:06:59,  1.45s/it] 20%|██        | 10058/50005 [4:40:22<16:06:04,  1.45s/it] 20%|██        | 10059/50005 [4:40:23<16:07:05,  1.45s/it] 20%|██        | 10060/50005 [4:40:25<16:08:20,  1.45s/it] 20%|██        | 10061/50005 [4:40:26<16:08:41,  1.46s/it] 20%|██        | 10062/50005 [4:40:28<16:07:30,  1.45s/it] 20%|██        | 10063/50005 [4:40:29<16:06:48,  1.45s/it] 20%|██        | 10064/50005 [4:40:31<16:07:41,  1.45s/it] 20%|██        | 10065/50005 [4:40:32<16:08:36,  1.46s/it] 20%|██        | 10066/50005 [4:40:34<16:06:59,  1.45s/it] 20%|██        | 10067/50005 [4:40:35<16:05:33,  1.45s/it] 20%|██        | 10068/50005 [4:40:36<16:04:44,  1.45s/it] 20%|██        | 10069/50005 [4:40:38<16:06:23,  1.45s/it] 20%|██        | 10070/50005 [4:40:39<16:07:33,  1.45s/it] 20%|██        | 10071/50005 [4:40:41<16:08:14,  1.45s/it] 20%|██        | 10072/50005 [4:40:42<16:08:35,  1.46s/it] 20%|██        | 10073/50005 [4:40:44<16:08:43,  1.46s/it] 20%|██        | 10074/50005 [4:40:45<16:09:12,  1.46s/it] 20%|██        | 10075/50005 [4:40:47<16:09:19,  1.46s/it] 20%|██        | 10076/50005 [4:40:48<16:07:15,  1.45s/it] 20%|██        | 10077/50005 [4:40:50<16:03:50,  1.45s/it] 20%|██        | 10078/50005 [4:40:51<16:05:18,  1.45s/it] 20%|██        | 10079/50005 [4:40:52<16:06:38,  1.45s/it] 20%|██        | 10080/50005 [4:40:54<16:05:47,  1.45s/it] 20%|██        | 10081/50005 [4:40:55<16:06:54,  1.45s/it] 20%|██        | 10082/50005 [4:40:57<16:06:20,  1.45s/it] 20%|██        | 10083/50005 [4:40:58<16:07:17,  1.45s/it] 20%|██        | 10084/50005 [4:41:00<16:07:59,  1.45s/it] 20%|██        | 10085/50005 [4:41:01<16:07:18,  1.45s/it] 20%|██        | 10086/50005 [4:41:03<16:05:48,  1.45s/it] 20%|██        | 10087/50005 [4:41:04<16:05:15,  1.45s/it] 20%|██        | 10088/50005 [4:41:05<16:04:41,  1.45s/it] 20%|██        | 10089/50005 [4:41:07<16:04:15,  1.45s/it] 20%|██        | 10090/50005 [4:41:08<16:06:03,  1.45s/it] 20%|██        | 10091/50005 [4:41:10<16:05:19,  1.45s/it] 20%|██        | 10092/50005 [4:41:11<16:06:04,  1.45s/it] 20%|██        | 10093/50005 [4:41:13<16:06:40,  1.45s/it] 20%|██        | 10094/50005 [4:41:14<16:05:53,  1.45s/it] 20%|██        | 10095/50005 [4:41:16<16:06:39,  1.45s/it] 20%|██        | 10096/50005 [4:41:17<16:07:26,  1.45s/it] 20%|██        | 10097/50005 [4:41:19<16:07:46,  1.46s/it] 20%|██        | 10098/50005 [4:41:20<16:05:52,  1.45s/it] 20%|██        | 10099/50005 [4:41:21<16:04:46,  1.45s/it] 20%|██        | 10100/50005 [4:41:23<16:06:21,  1.45s/it] 20%|██        | 10101/50005 [4:41:24<16:05:39,  1.45s/it] 20%|██        | 10102/50005 [4:41:26<16:06:33,  1.45s/it] 20%|██        | 10103/50005 [4:41:27<16:05:00,  1.45s/it] 20%|██        | 10104/50005 [4:41:29<16:06:03,  1.45s/it] 20%|██        | 10105/50005 [4:41:30<16:06:17,  1.45s/it] 20%|██        | 10106/50005 [4:41:32<16:07:11,  1.45s/it] 20%|██        | 10107/50005 [4:41:33<16:07:33,  1.46s/it] 20%|██        | 10108/50005 [4:41:35<16:07:21,  1.45s/it] 20%|██        | 10109/50005 [4:41:36<16:05:27,  1.45s/it] 20%|██        | 10110/50005 [4:41:37<16:03:30,  1.45s/it] 20%|██        | 10111/50005 [4:41:39<16:02:38,  1.45s/it] 20%|██        | 10112/50005 [4:41:40<16:04:03,  1.45s/it] 20%|██        | 10113/50005 [4:41:42<16:04:45,  1.45s/it] 20%|██        | 10114/50005 [4:41:43<16:03:30,  1.45s/it] 20%|██        | 10115/50005 [4:41:45<16:04:53,  1.45s/it] 20%|██        | 10116/50005 [4:41:46<16:04:31,  1.45s/it] 20%|██        | 10117/50005 [4:41:48<16:03:26,  1.45s/it] 20%|██        | 10118/50005 [4:41:49<16:04:31,  1.45s/it] 20%|██        | 10119/50005 [4:41:51<16:05:58,  1.45s/it] 20%|██        | 10120/50005 [4:41:52<16:05:50,  1.45s/it] 20%|██        | 10121/50005 [4:41:53<16:04:50,  1.45s/it] 20%|██        | 10122/50005 [4:41:55<16:03:59,  1.45s/it] 20%|██        | 10123/50005 [4:41:56<16:05:16,  1.45s/it] 20%|██        | 10124/50005 [4:41:58<16:05:50,  1.45s/it] 20%|██        | 10125/50005 [4:41:59<16:06:31,  1.45s/it] 20%|██        | 10126/50005 [4:42:01<16:07:27,  1.46s/it] 20%|██        | 10127/50005 [4:42:02<16:07:21,  1.46s/it] 20%|██        | 10128/50005 [4:42:04<16:05:38,  1.45s/it] 20%|██        | 10129/50005 [4:42:05<16:05:34,  1.45s/it] 20%|██        | 10130/50005 [4:42:06<16:06:34,  1.45s/it] 20%|██        | 10131/50005 [4:42:08<16:07:21,  1.46s/it] 20%|██        | 10132/50005 [4:42:09<16:07:43,  1.46s/it] 20%|██        | 10133/50005 [4:42:11<16:07:36,  1.46s/it] 20%|██        | 10134/50005 [4:42:12<16:06:26,  1.45s/it] 20%|██        | 10135/50005 [4:42:14<16:06:57,  1.46s/it] 20%|██        | 10136/50005 [4:42:15<16:07:15,  1.46s/it] 20%|██        | 10137/50005 [4:42:17<16:07:41,  1.46s/it] 20%|██        | 10138/50005 [4:42:18<16:07:36,  1.46s/it] 20%|██        | 10139/50005 [4:42:20<16:07:49,  1.46s/it] 20%|██        | 10140/50005 [4:42:21<16:06:48,  1.46s/it] 20%|██        | 10141/50005 [4:42:23<16:05:18,  1.45s/it] 20%|██        | 10142/50005 [4:42:24<16:04:15,  1.45s/it] 20%|██        | 10143/50005 [4:42:25<16:03:33,  1.45s/it] 20%|██        | 10144/50005 [4:42:27<16:05:00,  1.45s/it] 20%|██        | 10145/50005 [4:42:28<16:06:04,  1.45s/it] 20%|██        | 10146/50005 [4:42:30<16:04:45,  1.45s/it] 20%|██        | 10147/50005 [4:42:31<16:06:08,  1.45s/it] 20%|██        | 10148/50005 [4:42:33<16:06:46,  1.46s/it] 20%|██        | 10149/50005 [4:42:34<16:06:44,  1.46s/it] 20%|██        | 10150/50005 [4:42:36<16:06:36,  1.46s/it] 20%|██        | 10151/50005 [4:42:37<16:04:19,  1.45s/it] 20%|██        | 10152/50005 [4:42:38<16:02:31,  1.45s/it] 20%|██        | 10153/50005 [4:42:40<16:00:06,  1.45s/it] 20%|██        | 10154/50005 [4:42:41<15:59:46,  1.45s/it] 20%|██        | 10155/50005 [4:42:43<16:01:41,  1.45s/it] 20%|██        | 10156/50005 [4:42:44<16:00:00,  1.45s/it] 20%|██        | 10157/50005 [4:42:46<16:00:38,  1.45s/it] 20%|██        | 10158/50005 [4:42:47<16:02:04,  1.45s/it] 20%|██        | 10159/50005 [4:42:49<16:02:28,  1.45s/it] 20%|██        | 10160/50005 [4:42:50<16:01:40,  1.45s/it] 20%|██        | 10161/50005 [4:42:51<16:01:36,  1.45s/it] 20%|██        | 10162/50005 [4:42:53<16:03:20,  1.45s/it] 20%|██        | 10163/50005 [4:42:54<16:03:24,  1.45s/it] 20%|██        | 10164/50005 [4:42:56<16:04:15,  1.45s/it] 20%|██        | 10165/50005 [4:42:57<16:03:51,  1.45s/it] 20%|██        | 10166/50005 [4:42:59<16:04:43,  1.45s/it] 20%|██        | 10167/50005 [4:43:00<16:03:55,  1.45s/it] 20%|██        | 10168/50005 [4:43:02<16:04:54,  1.45s/it] 20%|██        | 10169/50005 [4:43:03<16:05:37,  1.45s/it] 20%|██        | 10170/50005 [4:43:05<16:04:04,  1.45s/it] 20%|██        | 10171/50005 [4:43:06<16:03:09,  1.45s/it] 20%|██        | 10172/50005 [4:43:07<16:02:39,  1.45s/it] 20%|██        | 10173/50005 [4:43:09<16:04:16,  1.45s/it] 20%|██        | 10174/50005 [4:43:10<16:05:54,  1.45s/it] 20%|██        | 10175/50005 [4:43:12<16:05:17,  1.45s/it] 20%|██        | 10176/50005 [4:43:13<16:03:28,  1.45s/it] 20%|██        | 10177/50005 [4:43:15<16:04:40,  1.45s/it] 20%|██        | 10178/50005 [4:43:16<16:05:38,  1.45s/it] 20%|██        | 10179/50005 [4:43:18<16:05:44,  1.45s/it] 20%|██        | 10180/50005 [4:43:19<16:06:05,  1.46s/it] 20%|██        | 10181/50005 [4:43:21<16:02:22,  1.45s/it] 20%|██        | 10182/50005 [4:43:22<16:00:57,  1.45s/it] 20%|██        | 10183/50005 [4:43:23<16:02:01,  1.45s/it] 20%|██        | 10184/50005 [4:43:25<16:02:34,  1.45s/it] 20%|██        | 10185/50005 [4:43:26<16:03:51,  1.45s/it] 20%|██        | 10186/50005 [4:43:28<16:04:47,  1.45s/it] 20%|██        | 10187/50005 [4:43:29<16:04:53,  1.45s/it] 20%|██        | 10188/50005 [4:43:31<16:05:39,  1.46s/it] 20%|██        | 10189/50005 [4:43:32<16:06:29,  1.46s/it] 20%|██        | 10190/50005 [4:43:34<16:05:46,  1.46s/it] 20%|██        | 10191/50005 [4:43:35<16:06:07,  1.46s/it] 20%|██        | 10192/50005 [4:43:37<16:04:09,  1.45s/it] 20%|██        | 10193/50005 [4:43:38<16:04:41,  1.45s/it] 20%|██        | 10194/50005 [4:43:39<16:05:23,  1.45s/it] 20%|██        | 10195/50005 [4:43:41<16:04:53,  1.45s/it] 20%|██        | 10196/50005 [4:43:42<16:03:53,  1.45s/it] 20%|██        | 10197/50005 [4:43:44<16:02:03,  1.45s/it] 20%|██        | 10198/50005 [4:43:45<16:02:29,  1.45s/it] 20%|██        | 10199/50005 [4:43:47<16:00:55,  1.45s/it] 20%|██        | 10200/50005 [4:43:48<16:02:03,  1.45s/it] 20%|██        | 10201/50005 [4:43:50<16:03:24,  1.45s/it] 20%|██        | 10202/50005 [4:43:51<16:04:40,  1.45s/it] 20%|██        | 10203/50005 [4:43:53<16:04:29,  1.45s/it] 20%|██        | 10204/50005 [4:43:54<16:02:12,  1.45s/it] 20%|██        | 10205/50005 [4:43:55<16:00:38,  1.45s/it] 20%|██        | 10206/50005 [4:43:57<16:02:12,  1.45s/it] 20%|██        | 10207/50005 [4:43:58<16:03:21,  1.45s/it] 20%|██        | 10208/50005 [4:44:00<16:02:27,  1.45s/it] 20%|██        | 10209/50005 [4:44:01<16:01:32,  1.45s/it] 20%|██        | 10210/50005 [4:44:03<16:03:05,  1.45s/it] 20%|██        | 10211/50005 [4:44:04<16:04:09,  1.45s/it] 20%|██        | 10212/50005 [4:44:06<16:02:10,  1.45s/it] 20%|██        | 10213/50005 [4:44:07<16:01:29,  1.45s/it] 20%|██        | 10214/50005 [4:44:08<16:02:43,  1.45s/it] 20%|██        | 10215/50005 [4:44:10<16:04:15,  1.45s/it] 20%|██        | 10216/50005 [4:44:11<16:05:16,  1.46s/it] 20%|██        | 10217/50005 [4:44:13<16:05:20,  1.46s/it] 20%|██        | 10218/50005 [4:44:14<16:05:36,  1.46s/it] 20%|██        | 10219/50005 [4:44:16<16:05:10,  1.46s/it] 20%|██        | 10220/50005 [4:44:17<16:05:01,  1.46s/it] 20%|██        | 10221/50005 [4:44:19<16:02:55,  1.45s/it] 20%|██        | 10222/50005 [4:44:20<16:03:37,  1.45s/it] 20%|██        | 10223/50005 [4:44:22<16:01:38,  1.45s/it] 20%|██        | 10224/50005 [4:44:23<16:00:49,  1.45s/it] 20%|██        | 10225/50005 [4:44:24<16:02:29,  1.45s/it] 20%|██        | 10226/50005 [4:44:26<16:03:15,  1.45s/it] 20%|██        | 10227/50005 [4:44:27<16:02:32,  1.45s/it] 20%|██        | 10228/50005 [4:44:29<16:03:20,  1.45s/it] 20%|██        | 10229/50005 [4:44:30<16:03:01,  1.45s/it] 20%|██        | 10230/50005 [4:44:32<16:03:50,  1.45s/it] 20%|██        | 10231/50005 [4:44:33<16:02:58,  1.45s/it] 20%|██        | 10232/50005 [4:44:35<16:01:13,  1.45s/it] 20%|██        | 10233/50005 [4:44:36<16:02:40,  1.45s/it] 20%|██        | 10234/50005 [4:44:38<16:01:42,  1.45s/it] 20%|██        | 10235/50005 [4:44:39<16:03:03,  1.45s/it] 20%|██        | 10236/50005 [4:44:40<16:03:55,  1.45s/it] 20%|██        | 10237/50005 [4:44:42<16:03:01,  1.45s/it] 20%|██        | 10238/50005 [4:44:43<16:03:57,  1.45s/it] 20%|██        | 10239/50005 [4:44:45<16:04:08,  1.45s/it] 20%|██        | 10240/50005 [4:44:46<16:04:47,  1.46s/it] 20%|██        | 10241/50005 [4:44:48<16:05:05,  1.46s/it] 20%|██        | 10242/50005 [4:44:49<16:05:16,  1.46s/it] 20%|██        | 10243/50005 [4:44:51<16:05:26,  1.46s/it] 20%|██        | 10244/50005 [4:44:52<16:03:53,  1.45s/it] 20%|██        | 10245/50005 [4:44:54<16:04:18,  1.46s/it] 20%|██        | 10246/50005 [4:44:55<16:02:21,  1.45s/it] 20%|██        | 10247/50005 [4:44:56<16:03:22,  1.45s/it] 20%|██        | 10248/50005 [4:44:58<16:04:33,  1.46s/it] 20%|██        | 10249/50005 [4:44:59<16:03:36,  1.45s/it] 20%|██        | 10250/50005 [4:45:01<16:04:11,  1.46s/it] 20%|██        | 10251/50005 [4:45:02<16:04:36,  1.46s/it] 21%|██        | 10252/50005 [4:45:04<16:02:42,  1.45s/it] 21%|██        | 10253/50005 [4:45:05<16:01:07,  1.45s/it] 21%|██        | 10254/50005 [4:45:07<16:00:46,  1.45s/it] 21%|██        | 10255/50005 [4:45:08<16:00:34,  1.45s/it] 21%|██        | 10256/50005 [4:45:10<16:00:25,  1.45s/it] 21%|██        | 10257/50005 [4:45:11<16:02:56,  1.45s/it] 21%|██        | 10258/50005 [4:45:12<16:08:05,  1.46s/it] 21%|██        | 10259/50005 [4:45:14<16:07:09,  1.46s/it] 21%|██        | 10260/50005 [4:45:15<16:05:29,  1.46s/it] 21%|██        | 10261/50005 [4:45:17<16:05:04,  1.46s/it] 21%|██        | 10262/50005 [4:45:18<16:03:47,  1.46s/it] 21%|██        | 10263/50005 [4:45:20<16:03:48,  1.46s/it] 21%|██        | 10264/50005 [4:45:21<16:02:32,  1.45s/it] 21%|██        | 10265/50005 [4:45:23<16:01:11,  1.45s/it] 21%|██        | 10266/50005 [4:45:24<16:02:18,  1.45s/it] 21%|██        | 10267/50005 [4:45:26<16:01:50,  1.45s/it] 21%|██        | 10268/50005 [4:45:27<16:01:45,  1.45s/it] 21%|██        | 10269/50005 [4:45:28<16:02:54,  1.45s/it] 21%|██        | 10270/50005 [4:45:30<16:03:20,  1.45s/it] 21%|██        | 10271/50005 [4:45:31<16:03:36,  1.46s/it] 21%|██        | 10272/50005 [4:45:33<16:02:13,  1.45s/it] 21%|██        | 10273/50005 [4:45:34<16:01:29,  1.45s/it] 21%|██        | 10274/50005 [4:45:36<16:02:10,  1.45s/it] 21%|██        | 10275/50005 [4:45:37<16:01:20,  1.45s/it] 21%|██        | 10276/50005 [4:45:39<16:00:15,  1.45s/it] 21%|██        | 10277/50005 [4:45:40<16:01:42,  1.45s/it] 21%|██        | 10278/50005 [4:45:42<16:02:38,  1.45s/it] 21%|██        | 10279/50005 [4:45:43<16:03:21,  1.45s/it] 21%|██        | 10280/50005 [4:45:44<16:01:52,  1.45s/it] 21%|██        | 10281/50005 [4:45:46<16:02:35,  1.45s/it] 21%|██        | 10282/50005 [4:45:47<16:03:10,  1.45s/it] 21%|██        | 10283/50005 [4:45:49<16:03:45,  1.46s/it] 21%|██        | 10284/50005 [4:45:50<16:02:25,  1.45s/it] 21%|██        | 10285/50005 [4:45:52<16:01:55,  1.45s/it] 21%|██        | 10286/50005 [4:45:53<15:59:03,  1.45s/it] 21%|██        | 10287/50005 [4:45:55<15:58:12,  1.45s/it] 21%|██        | 10288/50005 [4:45:56<16:00:03,  1.45s/it] 21%|██        | 10289/50005 [4:45:57<16:01:21,  1.45s/it] 21%|██        | 10290/50005 [4:45:59<16:02:39,  1.45s/it] 21%|██        | 10291/50005 [4:46:00<16:03:08,  1.46s/it] 21%|██        | 10292/50005 [4:46:02<16:03:45,  1.46s/it] 21%|██        | 10293/50005 [4:46:03<16:04:02,  1.46s/it] 21%|██        | 10294/50005 [4:46:05<16:03:51,  1.46s/it] 21%|██        | 10295/50005 [4:46:06<16:04:11,  1.46s/it] 21%|██        | 10296/50005 [4:46:08<16:02:17,  1.45s/it] 21%|██        | 10297/50005 [4:46:09<16:02:32,  1.45s/it] 21%|██        | 10298/50005 [4:46:11<16:00:44,  1.45s/it] 21%|██        | 10299/50005 [4:46:12<16:00:51,  1.45s/it] 21%|██        | 10300/50005 [4:46:13<16:01:27,  1.45s/it] 21%|██        | 10301/50005 [4:46:15<16:00:41,  1.45s/it] 21%|██        | 10302/50005 [4:46:16<16:01:46,  1.45s/it] 21%|██        | 10303/50005 [4:46:18<16:00:48,  1.45s/it] 21%|██        | 10304/50005 [4:46:19<16:01:05,  1.45s/it] 21%|██        | 10305/50005 [4:46:21<16:00:05,  1.45s/it] 21%|██        | 10306/50005 [4:46:22<16:01:16,  1.45s/it] 21%|██        | 10307/50005 [4:46:24<16:02:25,  1.45s/it] 21%|██        | 10308/50005 [4:46:25<16:01:16,  1.45s/it] 21%|██        | 10309/50005 [4:46:27<16:00:15,  1.45s/it] 21%|██        | 10310/50005 [4:46:28<15:59:59,  1.45s/it] 21%|██        | 10311/50005 [4:46:29<16:01:27,  1.45s/it] 21%|██        | 10312/50005 [4:46:31<16:00:25,  1.45s/it] 21%|██        | 10313/50005 [4:46:32<15:59:18,  1.45s/it] 21%|██        | 10314/50005 [4:46:34<16:01:00,  1.45s/it] 21%|██        | 10315/50005 [4:46:35<15:59:27,  1.45s/it] 21%|██        | 10316/50005 [4:46:37<16:01:06,  1.45s/it] 21%|██        | 10317/50005 [4:46:38<16:00:53,  1.45s/it] 21%|██        | 10318/50005 [4:46:40<16:00:13,  1.45s/it] 21%|██        | 10319/50005 [4:46:41<16:01:09,  1.45s/it] 21%|██        | 10320/50005 [4:46:43<16:01:24,  1.45s/it] 21%|██        | 10321/50005 [4:46:44<16:02:33,  1.46s/it] 21%|██        | 10322/50005 [4:46:45<16:02:36,  1.46s/it] 21%|██        | 10323/50005 [4:46:47<16:03:06,  1.46s/it] 21%|██        | 10324/50005 [4:46:48<16:02:13,  1.45s/it] 21%|██        | 10325/50005 [4:46:50<16:00:54,  1.45s/it] 21%|██        | 10326/50005 [4:46:51<16:01:25,  1.45s/it] 21%|██        | 10327/50005 [4:46:53<16:02:28,  1.46s/it] 21%|██        | 10328/50005 [4:46:54<16:02:37,  1.46s/it] 21%|██        | 10329/50005 [4:46:56<16:00:44,  1.45s/it] 21%|██        | 10330/50005 [4:46:57<16:00:43,  1.45s/it] 21%|██        | 10331/50005 [4:46:59<16:01:35,  1.45s/it] 21%|██        | 10332/50005 [4:47:00<15:59:30,  1.45s/it] 21%|██        | 10333/50005 [4:47:01<16:00:47,  1.45s/it] 21%|██        | 10334/50005 [4:47:03<15:59:43,  1.45s/it] 21%|██        | 10335/50005 [4:47:04<16:01:03,  1.45s/it] 21%|██        | 10336/50005 [4:47:06<16:01:29,  1.45s/it] 21%|██        | 10337/50005 [4:47:07<16:01:56,  1.46s/it] 21%|██        | 10338/50005 [4:47:09<16:02:17,  1.46s/it] 21%|██        | 10339/50005 [4:47:10<16:02:30,  1.46s/it] 21%|██        | 10340/50005 [4:47:12<15:59:38,  1.45s/it] 21%|██        | 10341/50005 [4:47:13<15:59:55,  1.45s/it] 21%|██        | 10342/50005 [4:47:15<16:00:43,  1.45s/it] 21%|██        | 10343/50005 [4:47:16<16:00:58,  1.45s/it] 21%|██        | 10344/50005 [4:47:17<16:01:12,  1.45s/it] 21%|██        | 10345/50005 [4:47:19<16:01:38,  1.45s/it] 21%|██        | 10346/50005 [4:47:20<16:02:10,  1.46s/it] 21%|██        | 10347/50005 [4:47:22<16:02:01,  1.46s/it] 21%|██        | 10348/50005 [4:47:23<16:02:15,  1.46s/it] 21%|██        | 10349/50005 [4:47:25<16:02:05,  1.46s/it] 21%|██        | 10350/50005 [4:47:26<16:02:30,  1.46s/it] 21%|██        | 10351/50005 [4:47:28<16:02:40,  1.46s/it] 21%|██        | 10352/50005 [4:47:29<16:00:59,  1.45s/it] 21%|██        | 10353/50005 [4:47:31<16:00:49,  1.45s/it] 21%|██        | 10354/50005 [4:47:32<15:59:53,  1.45s/it] 21%|██        | 10355/50005 [4:47:33<15:57:43,  1.45s/it] 21%|██        | 10356/50005 [4:47:35<15:58:34,  1.45s/it] 21%|██        | 10357/50005 [4:47:36<15:57:52,  1.45s/it] 21%|██        | 10358/50005 [4:47:38<15:59:11,  1.45s/it] 21%|██        | 10359/50005 [4:47:39<16:00:21,  1.45s/it] 21%|██        | 10360/50005 [4:47:41<15:59:04,  1.45s/it] 21%|██        | 10361/50005 [4:47:42<16:00:17,  1.45s/it] 21%|██        | 10362/50005 [4:47:44<16:01:09,  1.45s/it] 21%|██        | 10363/50005 [4:47:45<15:59:30,  1.45s/it] 21%|██        | 10364/50005 [4:47:47<16:00:21,  1.45s/it] 21%|██        | 10365/50005 [4:47:48<16:01:15,  1.45s/it] 21%|██        | 10366/50005 [4:47:49<16:01:48,  1.46s/it] 21%|██        | 10367/50005 [4:47:51<16:01:29,  1.46s/it] 21%|██        | 10368/50005 [4:47:52<15:59:46,  1.45s/it] 21%|██        | 10369/50005 [4:47:54<16:00:31,  1.45s/it] 21%|██        | 10370/50005 [4:47:55<16:00:33,  1.45s/it] 21%|██        | 10371/50005 [4:47:57<16:00:12,  1.45s/it] 21%|██        | 10372/50005 [4:47:58<16:00:43,  1.45s/it] 21%|██        | 10373/50005 [4:48:00<15:59:44,  1.45s/it] 21%|██        | 10374/50005 [4:48:01<16:00:33,  1.45s/it] 21%|██        | 10375/50005 [4:48:02<15:58:16,  1.45s/it] 21%|██        | 10376/50005 [4:48:04<15:57:19,  1.45s/it] 21%|██        | 10377/50005 [4:48:05<15:58:18,  1.45s/it] 21%|██        | 10378/50005 [4:48:07<15:59:58,  1.45s/it] 21%|██        | 10379/50005 [4:48:08<16:00:43,  1.45s/it] 21%|██        | 10380/50005 [4:48:10<15:59:45,  1.45s/it] 21%|██        | 10381/50005 [4:48:11<16:00:31,  1.45s/it] 21%|██        | 10382/50005 [4:48:13<16:00:56,  1.46s/it] 21%|██        | 10383/50005 [4:48:14<16:01:43,  1.46s/it] 21%|██        | 10384/50005 [4:48:16<16:01:25,  1.46s/it] 21%|██        | 10385/50005 [4:48:17<16:00:30,  1.45s/it] 21%|██        | 10386/50005 [4:48:18<16:00:58,  1.46s/it] 21%|██        | 10387/50005 [4:48:20<16:01:32,  1.46s/it] 21%|██        | 10388/50005 [4:48:21<16:01:40,  1.46s/it] 21%|██        | 10389/50005 [4:48:23<15:59:47,  1.45s/it] 21%|██        | 10390/50005 [4:48:24<15:58:50,  1.45s/it] 21%|██        | 10391/50005 [4:48:26<15:59:51,  1.45s/it] 21%|██        | 10392/50005 [4:48:27<15:59:56,  1.45s/it] 21%|██        | 10393/50005 [4:48:29<15:58:25,  1.45s/it] 21%|██        | 10394/50005 [4:48:30<15:57:53,  1.45s/it] 21%|██        | 10395/50005 [4:48:32<15:58:56,  1.45s/it] 21%|██        | 10396/50005 [4:48:33<15:57:32,  1.45s/it] 21%|██        | 10397/50005 [4:48:34<15:57:08,  1.45s/it] 21%|██        | 10398/50005 [4:48:36<15:58:54,  1.45s/it] 21%|██        | 10399/50005 [4:48:37<15:59:37,  1.45s/it] 21%|██        | 10400/50005 [4:48:39<15:59:15,  1.45s/it] 21%|██        | 10401/50005 [4:48:40<15:59:19,  1.45s/it]
Validation:   0%|          | 0/100 [00:00<?, ?it/s][A
Validation:   1%|          | 1/100 [00:01<01:40,  1.02s/it][A
Validation:   2%|▏         | 2/100 [00:01<01:16,  1.28it/s][A
Validation:   3%|▎         | 3/100 [00:02<01:08,  1.41it/s][A
Validation:   4%|▍         | 4/100 [00:02<01:04,  1.49it/s][A
Validation:   5%|▌         | 5/100 [00:03<01:01,  1.53it/s][A
Validation:   6%|▌         | 6/100 [00:04<01:00,  1.56it/s][A
Validation:   7%|▋         | 7/100 [00:04<00:58,  1.58it/s][A
Validation:   8%|▊         | 8/100 [00:05<00:57,  1.60it/s][A
Validation:   9%|▉         | 9/100 [00:05<00:56,  1.61it/s][A
Validation:  10%|█         | 10/100 [00:06<00:55,  1.62it/s][A
Validation:  11%|█         | 11/100 [00:07<00:54,  1.62it/s][A
Validation:  12%|█▏        | 12/100 [00:07<00:54,  1.62it/s][A
Validation:  13%|█▎        | 13/100 [00:08<00:53,  1.62it/s][A
Validation:  14%|█▍        | 14/100 [00:09<00:52,  1.62it/s][A
Validation:  15%|█▌        | 15/100 [00:09<00:52,  1.63it/s][A
Validation:  16%|█▌        | 16/100 [00:10<00:51,  1.63it/s][A
Validation:  17%|█▋        | 17/100 [00:10<00:51,  1.63it/s][A
Validation:  18%|█▊        | 18/100 [00:11<00:50,  1.63it/s][A
Validation:  19%|█▉        | 19/100 [00:12<00:49,  1.63it/s][A
Validation:  20%|██        | 20/100 [00:12<00:49,  1.63it/s][A
Validation:  21%|██        | 21/100 [00:13<00:48,  1.63it/s][A
Validation:  22%|██▏       | 22/100 [00:13<00:48,  1.62it/s][A
Validation:  23%|██▎       | 23/100 [00:14<00:47,  1.63it/s][A
Validation:  24%|██▍       | 24/100 [00:15<00:46,  1.63it/s][A
Validation:  25%|██▌       | 25/100 [00:15<00:46,  1.63it/s][A
Validation:  26%|██▌       | 26/100 [00:16<00:45,  1.63it/s][A
Validation:  27%|██▋       | 27/100 [00:17<00:44,  1.63it/s][A
Validation:  28%|██▊       | 28/100 [00:17<00:44,  1.63it/s][A
Validation:  29%|██▉       | 29/100 [00:18<00:43,  1.63it/s][A
Validation:  30%|███       | 30/100 [00:18<00:42,  1.63it/s][A
Validation:  31%|███       | 31/100 [00:19<00:42,  1.63it/s][A
Validation:  32%|███▏      | 32/100 [00:20<00:41,  1.63it/s][A
Validation:  33%|███▎      | 33/100 [00:20<00:41,  1.63it/s][A
Validation:  34%|███▍      | 34/100 [00:21<00:40,  1.63it/s][A
Validation:  35%|███▌      | 35/100 [00:21<00:39,  1.63it/s][A
Validation:  36%|███▌      | 36/100 [00:22<00:39,  1.63it/s][A
Validation:  37%|███▋      | 37/100 [00:23<00:38,  1.63it/s][A
Validation:  38%|███▊      | 38/100 [00:23<00:38,  1.63it/s][A
Validation:  39%|███▉      | 39/100 [00:24<00:37,  1.63it/s][A
Validation:  40%|████      | 40/100 [00:24<00:36,  1.63it/s][A
Validation:  41%|████      | 41/100 [00:25<00:36,  1.63it/s][A
Validation:  42%|████▏     | 42/100 [00:26<00:35,  1.63it/s][A
Validation:  43%|████▎     | 43/100 [00:26<00:34,  1.63it/s][A
Validation:  44%|████▍     | 44/100 [00:27<00:34,  1.63it/s][A
Validation:  45%|████▌     | 45/100 [00:28<00:33,  1.63it/s][A
Validation:  46%|████▌     | 46/100 [00:28<00:33,  1.63it/s][A
Validation:  47%|████▋     | 47/100 [00:29<00:32,  1.63it/s][A
Validation:  48%|████▊     | 48/100 [00:29<00:31,  1.63it/s][A
Validation:  49%|████▉     | 49/100 [00:30<00:31,  1.63it/s][A
Validation:  50%|█████     | 50/100 [00:31<00:30,  1.63it/s][A
Validation:  51%|█████     | 51/100 [00:31<00:30,  1.63it/s][A
Validation:  52%|█████▏    | 52/100 [00:32<00:29,  1.63it/s][A
Validation:  53%|█████▎    | 53/100 [00:32<00:28,  1.63it/s][A
Validation:  54%|█████▍    | 54/100 [00:33<00:28,  1.63it/s][A
Validation:  55%|█████▌    | 55/100 [00:34<00:27,  1.63it/s][A
Validation:  56%|█████▌    | 56/100 [00:34<00:27,  1.63it/s][A
Validation:  57%|█████▋    | 57/100 [00:35<00:26,  1.63it/s][A
Validation:  58%|█████▊    | 58/100 [00:36<00:25,  1.63it/s][A
Validation:  59%|█████▉    | 59/100 [00:36<00:25,  1.63it/s][A
Validation:  60%|██████    | 60/100 [00:37<00:24,  1.63it/s][A
Validation:  61%|██████    | 61/100 [00:37<00:23,  1.63it/s][A
Validation:  62%|██████▏   | 62/100 [00:38<00:23,  1.63it/s][A
Validation:  63%|██████▎   | 63/100 [00:39<00:22,  1.63it/s][A
Validation:  64%|██████▍   | 64/100 [00:39<00:22,  1.63it/s][A
Validation:  65%|██████▌   | 65/100 [00:40<00:21,  1.63it/s][A
Validation:  66%|██████▌   | 66/100 [00:40<00:20,  1.63it/s][A
Validation:  67%|██████▋   | 67/100 [00:41<00:20,  1.63it/s][A
Validation:  68%|██████▊   | 68/100 [00:42<00:19,  1.63it/s][A
Validation:  69%|██████▉   | 69/100 [00:42<00:19,  1.63it/s][A
Validation:  70%|███████   | 70/100 [00:43<00:18,  1.63it/s][A
Validation:  71%|███████   | 71/100 [00:44<00:17,  1.63it/s][A
Validation:  72%|███████▏  | 72/100 [00:44<00:17,  1.63it/s][A
Validation:  73%|███████▎  | 73/100 [00:45<00:16,  1.63it/s][A
Validation:  74%|███████▍  | 74/100 [00:45<00:15,  1.63it/s][A
Validation:  75%|███████▌  | 75/100 [00:46<00:15,  1.63it/s][A
Validation:  76%|███████▌  | 76/100 [00:47<00:14,  1.63it/s][A
Validation:  77%|███████▋  | 77/100 [00:47<00:14,  1.63it/s][A
Validation:  78%|███████▊  | 78/100 [00:48<00:13,  1.63it/s][A
Validation:  79%|███████▉  | 79/100 [00:48<00:12,  1.63it/s][A
Validation:  80%|████████  | 80/100 [00:49<00:12,  1.63it/s][A
Validation:  81%|████████  | 81/100 [00:50<00:11,  1.63it/s][A
Validation:  82%|████████▏ | 82/100 [00:50<00:11,  1.63it/s][A
Validation:  83%|████████▎ | 83/100 [00:51<00:10,  1.63it/s][A
Validation:  84%|████████▍ | 84/100 [00:51<00:09,  1.63it/s][A
Validation:  85%|████████▌ | 85/100 [00:52<00:09,  1.63it/s][A
Validation:  86%|████████▌ | 86/100 [00:53<00:08,  1.63it/s][A
Validation:  87%|████████▋ | 87/100 [00:53<00:07,  1.63it/s][A
Validation:  88%|████████▊ | 88/100 [00:54<00:07,  1.63it/s][A
Validation:  89%|████████▉ | 89/100 [00:55<00:06,  1.63it/s][A
Validation:  90%|█████████ | 90/100 [00:55<00:06,  1.63it/s][A
Validation:  91%|█████████ | 91/100 [00:56<00:05,  1.63it/s][A
Validation:  92%|█████████▏| 92/100 [00:56<00:04,  1.63it/s][A
Validation:  93%|█████████▎| 93/100 [00:57<00:04,  1.63it/s][A
Validation:  94%|█████████▍| 94/100 [00:58<00:03,  1.63it/s][A
Validation:  95%|█████████▌| 95/100 [00:58<00:03,  1.63it/s][A
Validation:  96%|█████████▌| 96/100 [00:59<00:02,  1.63it/s][A
Validation:  97%|█████████▋| 97/100 [00:59<00:01,  1.63it/s][A
Validation:  98%|█████████▊| 98/100 [01:00<00:01,  1.63it/s][A
Validation:  99%|█████████▉| 99/100 [01:01<00:00,  1.63it/s][A
Validation: 100%|██████████| 100/100 [01:01<00:00,  1.63it/s][A
                                                             [A 21%|██        | 10402/50005 [4:49:44<220:14:55, 20.02s/it] 21%|██        | 10403/50005 [4:49:45<158:56:35, 14.45s/it] 21%|██        | 10404/50005 [4:49:47<116:03:41, 10.55s/it] 21%|██        | 10405/50005 [4:49:48<86:01:04,  7.82s/it]  21%|██        | 10406/50005 [4:49:49<65:00:34,  5.91s/it] 21%|██        | 10407/50005 [4:49:51<50:19:01,  4.57s/it] 21%|██        | 10408/50005 [4:49:52<40:00:31,  3.64s/it] 21%|██        | 10409/50005 [4:49:54<32:46:26,  2.98s/it] 21%|██        | 10410/50005 [4:49:55<27:44:05,  2.52s/it] 21%|██        | 10411/50005 [4:49:57<24:12:56,  2.20s/it] 21%|██        | 10412/50005 [4:49:58<21:45:16,  1.98s/it] 21%|██        | 10413/50005 [4:50:00<19:59:51,  1.82s/it] 21%|██        | 10414/50005 [4:50:01<18:48:03,  1.71s/it] 21%|██        | 10415/50005 [4:50:03<17:57:35,  1.63s/it] 21%|██        | 10416/50005 [4:50:04<17:23:22,  1.58s/it] 21%|██        | 10417/50005 [4:50:05<16:58:48,  1.54s/it] 21%|██        | 10418/50005 [4:50:07<16:40:06,  1.52s/it] 21%|██        | 10419/50005 [4:50:08<16:28:25,  1.50s/it] 21%|██        | 10420/50005 [4:50:10<16:18:01,  1.48s/it] 21%|██        | 10421/50005 [4:50:11<16:13:07,  1.48s/it] 21%|██        | 10422/50005 [4:50:13<16:08:41,  1.47s/it] 21%|██        | 10423/50005 [4:50:14<16:05:13,  1.46s/it] 21%|██        | 10424/50005 [4:50:16<16:01:41,  1.46s/it] 21%|██        | 10425/50005 [4:50:17<16:01:20,  1.46s/it] 21%|██        | 10426/50005 [4:50:19<16:00:57,  1.46s/it] 21%|██        | 10427/50005 [4:50:20<15:58:50,  1.45s/it] 21%|██        | 10428/50005 [4:50:21<15:59:07,  1.45s/it] 21%|██        | 10429/50005 [4:50:23<15:59:55,  1.46s/it] 21%|██        | 10430/50005 [4:50:24<15:59:43,  1.46s/it] 21%|██        | 10431/50005 [4:50:26<16:00:04,  1.46s/it] 21%|██        | 10432/50005 [4:50:27<16:00:02,  1.46s/it] 21%|██        | 10433/50005 [4:50:29<16:00:02,  1.46s/it] 21%|██        | 10434/50005 [4:50:30<16:00:01,  1.46s/it] 21%|██        | 10435/50005 [4:50:32<16:00:05,  1.46s/it] 21%|██        | 10436/50005 [4:50:33<15:57:46,  1.45s/it] 21%|██        | 10437/50005 [4:50:34<15:58:04,  1.45s/it] 21%|██        | 10438/50005 [4:50:36<15:59:13,  1.45s/it] 21%|██        | 10439/50005 [4:50:37<15:59:26,  1.45s/it] 21%|██        | 10440/50005 [4:50:39<15:58:06,  1.45s/it] 21%|██        | 10441/50005 [4:50:40<15:58:12,  1.45s/it] 21%|██        | 10442/50005 [4:50:42<15:54:22,  1.45s/it] 21%|██        | 10443/50005 [4:50:43<15:53:45,  1.45s/it] 21%|██        | 10444/50005 [4:50:45<15:54:16,  1.45s/it] 21%|██        | 10445/50005 [4:50:46<15:54:09,  1.45s/it] 21%|██        | 10446/50005 [4:50:48<15:54:11,  1.45s/it] 21%|██        | 10447/50005 [4:50:49<15:55:54,  1.45s/it] 21%|██        | 10448/50005 [4:50:50<15:57:08,  1.45s/it] 21%|██        | 10449/50005 [4:50:52<15:56:19,  1.45s/it] 21%|██        | 10450/50005 [4:50:53<15:57:03,  1.45s/it] 21%|██        | 10451/50005 [4:50:55<15:57:40,  1.45s/it] 21%|██        | 10452/50005 [4:50:56<15:57:47,  1.45s/it] 21%|██        | 10453/50005 [4:50:58<15:57:02,  1.45s/it] 21%|██        | 10454/50005 [4:50:59<15:57:37,  1.45s/it] 21%|██        | 10455/50005 [4:51:01<15:57:05,  1.45s/it] 21%|██        | 10456/50005 [4:51:02<15:57:47,  1.45s/it] 21%|██        | 10457/50005 [4:51:04<15:58:51,  1.45s/it] 21%|██        | 10458/50005 [4:51:05<15:59:16,  1.46s/it] 21%|██        | 10459/50005 [4:51:06<15:59:11,  1.46s/it] 21%|██        | 10460/50005 [4:51:08<15:58:17,  1.45s/it] 21%|██        | 10461/50005 [4:51:09<15:56:36,  1.45s/it] 21%|██        | 10462/50005 [4:51:11<15:55:18,  1.45s/it] 21%|██        | 10463/50005 [4:51:12<15:54:59,  1.45s/it] 21%|██        | 10464/50005 [4:51:14<15:54:32,  1.45s/it] 21%|██        | 10465/50005 [4:51:15<15:54:19,  1.45s/it] 21%|██        | 10466/50005 [4:51:17<15:54:26,  1.45s/it] 21%|██        | 10467/50005 [4:51:18<15:56:35,  1.45s/it] 21%|██        | 10468/50005 [4:51:19<15:57:43,  1.45s/it] 21%|██        | 10469/50005 [4:51:21<15:55:33,  1.45s/it] 21%|██        | 10470/50005 [4:51:22<15:56:52,  1.45s/it] 21%|██        | 10471/50005 [4:51:24<15:57:39,  1.45s/it] 21%|██        | 10472/50005 [4:51:25<15:57:39,  1.45s/it] 21%|██        | 10473/50005 [4:51:27<15:58:11,  1.45s/it] 21%|██        | 10474/50005 [4:51:28<15:58:27,  1.45s/it] 21%|██        | 10475/50005 [4:51:30<15:57:30,  1.45s/it] 21%|██        | 10476/50005 [4:51:31<15:57:34,  1.45s/it] 21%|██        | 10477/50005 [4:51:33<15:58:08,  1.45s/it] 21%|██        | 10478/50005 [4:51:34<15:58:07,  1.45s/it] 21%|██        | 10479/50005 [4:51:35<15:56:49,  1.45s/it] 21%|██        | 10480/50005 [4:51:37<15:57:49,  1.45s/it] 21%|██        | 10481/50005 [4:51:38<15:58:29,  1.46s/it] 21%|██        | 10482/50005 [4:51:40<15:58:43,  1.46s/it] 21%|██        | 10483/50005 [4:51:41<15:57:09,  1.45s/it] 21%|██        | 10484/50005 [4:51:43<15:58:01,  1.45s/it] 21%|██        | 10485/50005 [4:51:44<15:56:38,  1.45s/it] 21%|██        | 10486/50005 [4:51:46<15:57:17,  1.45s/it] 21%|██        | 10487/50005 [4:51:47<15:55:50,  1.45s/it] 21%|██        | 10488/50005 [4:51:49<15:56:58,  1.45s/it] 21%|██        | 10489/50005 [4:51:50<15:56:07,  1.45s/it] 21%|██        | 10490/50005 [4:51:51<15:56:15,  1.45s/it] 21%|██        | 10491/50005 [4:51:53<15:56:54,  1.45s/it] 21%|██        | 10492/50005 [4:51:54<15:57:42,  1.45s/it] 21%|██        | 10493/50005 [4:51:56<15:56:15,  1.45s/it] 21%|██        | 10494/50005 [4:51:57<15:54:58,  1.45s/it] 21%|██        | 10495/50005 [4:51:59<15:56:05,  1.45s/it] 21%|██        | 10496/50005 [4:52:00<15:56:59,  1.45s/it] 21%|██        | 10497/50005 [4:52:02<15:53:45,  1.45s/it] 21%|██        | 10498/50005 [4:52:03<15:53:38,  1.45s/it] 21%|██        | 10499/50005 [4:52:05<15:54:21,  1.45s/it] 21%|██        | 10500/50005 [4:52:06<15:55:44,  1.45s/it] 21%|██        | 10501/50005 [4:52:07<15:54:53,  1.45s/it] 21%|██        | 10502/50005 [4:52:09<15:55:43,  1.45s/it] 21%|██        | 10503/50005 [4:52:10<15:56:55,  1.45s/it] 21%|██        | 10504/50005 [4:52:13<19:30:12,  1.78s/it] 21%|██        | 10505/50005 [4:52:14<18:31:40,  1.69s/it] 21%|██        | 10506/50005 [4:52:16<17:44:43,  1.62s/it] 21%|██        | 10507/50005 [4:52:17<17:12:49,  1.57s/it] 21%|██        | 10508/50005 [4:52:19<16:50:08,  1.53s/it] 21%|██        | 10509/50005 [4:52:20<16:34:46,  1.51s/it] 21%|██        | 10510/50005 [4:52:22<16:24:25,  1.50s/it] 21%|██        | 10511/50005 [4:52:23<16:14:51,  1.48s/it] 21%|██        | 10512/50005 [4:52:25<16:10:32,  1.47s/it] 21%|██        | 10513/50005 [4:52:26<16:05:52,  1.47s/it] 21%|██        | 10514/50005 [4:52:27<16:02:20,  1.46s/it] 21%|██        | 10515/50005 [4:52:29<16:00:57,  1.46s/it] 21%|██        | 10516/50005 [4:52:30<16:00:17,  1.46s/it] 21%|██        | 10517/50005 [4:52:32<16:00:08,  1.46s/it] 21%|██        | 10518/50005 [4:52:33<15:58:08,  1.46s/it] 21%|██        | 10519/50005 [4:52:35<15:58:40,  1.46s/it] 21%|██        | 10520/50005 [4:52:36<15:58:46,  1.46s/it] 21%|██        | 10521/50005 [4:52:38<15:57:18,  1.45s/it] 21%|██        | 10522/50005 [4:52:39<15:56:17,  1.45s/it] 21%|██        | 10523/50005 [4:52:41<15:57:32,  1.46s/it] 21%|██        | 10524/50005 [4:52:42<15:58:02,  1.46s/it] 21%|██        | 10525/50005 [4:52:43<15:58:26,  1.46s/it] 21%|██        | 10526/50005 [4:52:45<15:57:03,  1.45s/it] 21%|██        | 10527/50005 [4:52:46<15:55:34,  1.45s/it] 21%|██        | 10528/50005 [4:52:48<15:56:15,  1.45s/it] 21%|██        | 10529/50005 [4:52:49<15:57:03,  1.45s/it] 21%|██        | 10530/50005 [4:52:51<15:55:50,  1.45s/it] 21%|██        | 10531/50005 [4:52:52<15:54:07,  1.45s/it] 21%|██        | 10532/50005 [4:52:54<15:55:02,  1.45s/it] 21%|██        | 10533/50005 [4:52:55<15:54:12,  1.45s/it] 21%|██        | 10534/50005 [4:52:56<15:55:24,  1.45s/it] 21%|██        | 10535/50005 [4:52:58<15:55:56,  1.45s/it] 21%|██        | 10536/50005 [4:52:59<15:54:45,  1.45s/it] 21%|██        | 10537/50005 [4:53:01<15:54:44,  1.45s/it] 21%|██        | 10538/50005 [4:53:02<15:56:24,  1.45s/it] 21%|██        | 10539/50005 [4:53:04<15:57:07,  1.46s/it] 21%|██        | 10540/50005 [4:53:05<15:57:53,  1.46s/it] 21%|██        | 10541/50005 [4:53:07<15:57:53,  1.46s/it] 21%|██        | 10542/50005 [4:53:08<15:58:11,  1.46s/it] 21%|██        | 10543/50005 [4:53:10<15:58:22,  1.46s/it] 21%|██        | 10544/50005 [4:53:11<15:57:48,  1.46s/it] 21%|██        | 10545/50005 [4:53:13<15:58:17,  1.46s/it] 21%|██        | 10546/50005 [4:53:14<15:57:23,  1.46s/it] 21%|██        | 10547/50005 [4:53:15<15:58:07,  1.46s/it] 21%|██        | 10548/50005 [4:53:17<15:55:35,  1.45s/it] 21%|██        | 10549/50005 [4:53:18<15:56:30,  1.45s/it] 21%|██        | 10550/50005 [4:53:20<15:56:52,  1.46s/it] 21%|██        | 10551/50005 [4:53:21<15:54:34,  1.45s/it] 21%|██        | 10552/50005 [4:53:23<15:55:29,  1.45s/it] 21%|██        | 10553/50005 [4:53:24<15:54:21,  1.45s/it] 21%|██        | 10554/50005 [4:53:26<15:54:23,  1.45s/it] 21%|██        | 10555/50005 [4:53:27<15:53:59,  1.45s/it] 21%|██        | 10556/50005 [4:53:28<15:52:30,  1.45s/it] 21%|██        | 10557/50005 [4:53:30<15:53:28,  1.45s/it] 21%|██        | 10558/50005 [4:53:31<15:55:12,  1.45s/it] 21%|██        | 10559/50005 [4:53:33<15:55:49,  1.45s/it] 21%|██        | 10560/50005 [4:53:34<15:56:39,  1.46s/it] 21%|██        | 10561/50005 [4:53:36<15:55:04,  1.45s/it] 21%|██        | 10562/50005 [4:53:37<15:55:45,  1.45s/it] 21%|██        | 10563/50005 [4:53:39<15:56:12,  1.45s/it] 21%|██        | 10564/50005 [4:53:40<15:55:06,  1.45s/it] 21%|██        | 10565/50005 [4:53:42<15:53:42,  1.45s/it] 21%|██        | 10566/50005 [4:53:43<15:53:28,  1.45s/it] 21%|██        | 10567/50005 [4:53:44<15:54:20,  1.45s/it] 21%|██        | 10568/50005 [4:53:46<15:54:54,  1.45s/it] 21%|██        | 10569/50005 [4:53:47<15:55:07,  1.45s/it] 21%|██        | 10570/50005 [4:53:49<15:53:56,  1.45s/it] 21%|██        | 10571/50005 [4:53:50<15:51:13,  1.45s/it] 21%|██        | 10572/50005 [4:53:52<15:50:25,  1.45s/it] 21%|██        | 10573/50005 [4:53:53<15:52:06,  1.45s/it] 21%|██        | 10574/50005 [4:53:55<15:53:27,  1.45s/it] 21%|██        | 10575/50005 [4:53:56<15:52:40,  1.45s/it] 21%|██        | 10576/50005 [4:53:58<15:52:34,  1.45s/it] 21%|██        | 10577/50005 [4:53:59<15:53:59,  1.45s/it] 21%|██        | 10578/50005 [4:54:00<15:53:32,  1.45s/it] 21%|██        | 10579/50005 [4:54:02<15:53:45,  1.45s/it] 21%|██        | 10580/50005 [4:54:03<15:54:13,  1.45s/it] 21%|██        | 10581/50005 [4:54:05<15:53:49,  1.45s/it] 21%|██        | 10582/50005 [4:54:06<15:53:07,  1.45s/it] 21%|██        | 10583/50005 [4:54:08<15:52:17,  1.45s/it] 21%|██        | 10584/50005 [4:54:09<15:53:35,  1.45s/it] 21%|██        | 10585/50005 [4:54:11<15:54:33,  1.45s/it] 21%|██        | 10586/50005 [4:54:12<15:55:44,  1.45s/it] 21%|██        | 10587/50005 [4:54:13<15:53:55,  1.45s/it] 21%|██        | 10588/50005 [4:54:15<15:54:31,  1.45s/it] 21%|██        | 10589/50005 [4:54:16<15:54:54,  1.45s/it] 21%|██        | 10590/50005 [4:54:18<15:55:29,  1.45s/it] 21%|██        | 10591/50005 [4:54:19<15:56:04,  1.46s/it] 21%|██        | 10592/50005 [4:54:21<15:56:51,  1.46s/it] 21%|██        | 10593/50005 [4:54:22<15:56:47,  1.46s/it] 21%|██        | 10594/50005 [4:54:24<15:57:30,  1.46s/it] 21%|██        | 10595/50005 [4:54:25<15:57:07,  1.46s/it] 21%|██        | 10596/50005 [4:54:27<15:55:09,  1.45s/it] 21%|██        | 10597/50005 [4:54:28<15:55:11,  1.45s/it] 21%|██        | 10598/50005 [4:54:29<15:55:26,  1.45s/it] 21%|██        | 10599/50005 [4:54:31<15:54:49,  1.45s/it] 21%|██        | 10600/50005 [4:54:32<15:54:02,  1.45s/it] 21%|██        | 10601/50005 [4:54:34<15:53:05,  1.45s/it] 21%|██        | 10602/50005 [4:54:35<15:53:30,  1.45s/it] 21%|██        | 10603/50005 [4:54:37<15:54:06,  1.45s/it] 21%|██        | 10604/50005 [4:54:38<15:55:09,  1.45s/it] 21%|██        | 10605/50005 [4:54:40<15:53:05,  1.45s/it] 21%|██        | 10606/50005 [4:54:41<15:52:47,  1.45s/it] 21%|██        | 10607/50005 [4:54:43<15:50:30,  1.45s/it] 21%|██        | 10608/50005 [4:54:44<15:51:40,  1.45s/it] 21%|██        | 10609/50005 [4:54:45<15:53:08,  1.45s/it] 21%|██        | 10610/50005 [4:54:47<15:54:33,  1.45s/it] 21%|██        | 10611/50005 [4:54:48<15:54:07,  1.45s/it] 21%|██        | 10612/50005 [4:54:50<15:54:05,  1.45s/it] 21%|██        | 10613/50005 [4:54:51<15:55:13,  1.45s/it] 21%|██        | 10614/50005 [4:54:53<15:53:05,  1.45s/it] 21%|██        | 10615/50005 [4:54:54<15:53:12,  1.45s/it] 21%|██        | 10616/50005 [4:54:56<15:51:28,  1.45s/it] 21%|██        | 10617/50005 [4:54:57<15:51:37,  1.45s/it] 21%|██        | 10618/50005 [4:54:59<15:53:13,  1.45s/it] 21%|██        | 10619/50005 [4:55:00<15:52:06,  1.45s/it] 21%|██        | 10620/50005 [4:55:01<15:53:18,  1.45s/it] 21%|██        | 10621/50005 [4:55:03<15:51:09,  1.45s/it] 21%|██        | 10622/50005 [4:55:04<15:51:20,  1.45s/it] 21%|██        | 10623/50005 [4:55:06<15:51:58,  1.45s/it] 21%|██        | 10624/50005 [4:55:07<15:51:25,  1.45s/it] 21%|██        | 10625/50005 [4:55:09<15:51:49,  1.45s/it] 21%|██        | 10626/50005 [4:55:10<15:52:16,  1.45s/it] 21%|██▏       | 10627/50005 [4:55:12<15:52:44,  1.45s/it] 21%|██▏       | 10628/50005 [4:55:13<15:53:10,  1.45s/it] 21%|██▏       | 10629/50005 [4:55:14<15:52:08,  1.45s/it] 21%|██▏       | 10630/50005 [4:55:16<15:51:22,  1.45s/it] 21%|██▏       | 10631/50005 [4:55:17<15:51:46,  1.45s/it] 21%|██▏       | 10632/50005 [4:55:19<15:51:01,  1.45s/it] 21%|██▏       | 10633/50005 [4:55:20<15:52:31,  1.45s/it] 21%|██▏       | 10634/50005 [4:55:22<15:53:27,  1.45s/it] 21%|██▏       | 10635/50005 [4:55:23<15:53:31,  1.45s/it] 21%|██▏       | 10636/50005 [4:55:25<15:54:04,  1.45s/it] 21%|██▏       | 10637/50005 [4:55:26<15:53:04,  1.45s/it] 21%|██▏       | 10638/50005 [4:55:28<15:52:24,  1.45s/it] 21%|██▏       | 10639/50005 [4:55:29<15:53:01,  1.45s/it] 21%|██▏       | 10640/50005 [4:55:30<15:51:51,  1.45s/it] 21%|██▏       | 10641/50005 [4:55:32<15:51:43,  1.45s/it] 21%|██▏       | 10642/50005 [4:55:33<15:52:35,  1.45s/it] 21%|██▏       | 10643/50005 [4:55:35<15:53:33,  1.45s/it] 21%|██▏       | 10644/50005 [4:55:36<15:54:25,  1.45s/it] 21%|██▏       | 10645/50005 [4:55:38<15:53:36,  1.45s/it] 21%|██▏       | 10646/50005 [4:55:39<15:53:40,  1.45s/it] 21%|██▏       | 10647/50005 [4:55:41<15:53:45,  1.45s/it] 21%|██▏       | 10648/50005 [4:55:42<15:54:01,  1.45s/it] 21%|██▏       | 10649/50005 [4:55:44<15:52:04,  1.45s/it] 21%|██▏       | 10650/50005 [4:55:45<15:52:35,  1.45s/it] 21%|██▏       | 10651/50005 [4:55:46<15:53:47,  1.45s/it] 21%|██▏       | 10652/50005 [4:55:48<15:53:12,  1.45s/it] 21%|██▏       | 10653/50005 [4:55:49<15:53:57,  1.45s/it] 21%|██▏       | 10654/50005 [4:55:51<15:54:54,  1.46s/it] 21%|██▏       | 10655/50005 [4:55:52<15:53:11,  1.45s/it] 21%|██▏       | 10656/50005 [4:55:54<15:53:44,  1.45s/it] 21%|██▏       | 10657/50005 [4:55:55<15:51:26,  1.45s/it] 21%|██▏       | 10658/50005 [4:55:57<15:50:55,  1.45s/it] 21%|██▏       | 10659/50005 [4:55:58<15:52:21,  1.45s/it] 21%|██▏       | 10660/50005 [4:56:00<15:53:25,  1.45s/it] 21%|██▏       | 10661/50005 [4:56:02<20:16:53,  1.86s/it] 21%|██▏       | 10662/50005 [4:56:05<22:38:36,  2.07s/it] 21%|██▏       | 10663/50005 [4:56:06<20:35:13,  1.88s/it] 21%|██▏       | 10664/50005 [4:56:08<19:10:57,  1.76s/it] 21%|██▏       | 10665/50005 [4:56:09<18:12:25,  1.67s/it] 21%|██▏       | 10666/50005 [4:56:11<17:31:21,  1.60s/it] 21%|██▏       | 10667/50005 [4:56:12<17:02:34,  1.56s/it] 21%|██▏       | 10668/50005 [4:56:14<16:40:23,  1.53s/it] 21%|██▏       | 10669/50005 [4:56:15<16:27:07,  1.51s/it] 21%|██▏       | 10670/50005 [4:56:17<16:17:20,  1.49s/it] 21%|██▏       | 10671/50005 [4:56:18<16:11:02,  1.48s/it] 21%|██▏       | 10672/50005 [4:56:19<16:04:08,  1.47s/it] 21%|██▏       | 10673/50005 [4:56:21<15:59:59,  1.46s/it] 21%|██▏       | 10674/50005 [4:56:22<15:56:48,  1.46s/it] 21%|██▏       | 10675/50005 [4:56:24<15:56:47,  1.46s/it] 21%|██▏       | 10676/50005 [4:56:25<15:53:42,  1.45s/it] 21%|██▏       | 10677/50005 [4:56:27<15:52:09,  1.45s/it] 21%|██▏       | 10678/50005 [4:56:28<15:53:16,  1.45s/it] 21%|██▏       | 10679/50005 [4:56:30<15:53:04,  1.45s/it] 21%|██▏       | 10680/50005 [4:56:31<15:53:20,  1.45s/it] 21%|██▏       | 10681/50005 [4:56:33<15:53:13,  1.45s/it] 21%|██▏       | 10682/50005 [4:56:34<15:53:43,  1.46s/it] 21%|██▏       | 10683/50005 [4:56:35<15:53:13,  1.45s/it] 21%|██▏       | 10684/50005 [4:56:37<15:54:13,  1.46s/it] 21%|██▏       | 10685/50005 [4:56:38<15:54:04,  1.46s/it] 21%|██▏       | 10686/50005 [4:56:40<15:53:51,  1.46s/it] 21%|██▏       | 10687/50005 [4:56:41<15:51:19,  1.45s/it] 21%|██▏       | 10688/50005 [4:56:43<15:52:50,  1.45s/it] 21%|██▏       | 10689/50005 [4:56:44<15:52:11,  1.45s/it] 21%|██▏       | 10690/50005 [4:56:46<15:49:11,  1.45s/it] 21%|██▏       | 10691/50005 [4:56:47<15:49:18,  1.45s/it] 21%|██▏       | 10692/50005 [4:56:48<15:50:17,  1.45s/it] 21%|██▏       | 10693/50005 [4:56:50<15:49:18,  1.45s/it] 21%|██▏       | 10694/50005 [4:56:51<15:49:17,  1.45s/it] 21%|██▏       | 10695/50005 [4:56:53<15:50:06,  1.45s/it] 21%|██▏       | 10696/50005 [4:56:54<15:48:36,  1.45s/it] 21%|██▏       | 10697/50005 [4:56:56<15:49:48,  1.45s/it] 21%|██▏       | 10698/50005 [4:56:57<15:51:02,  1.45s/it] 21%|██▏       | 10699/50005 [4:56:59<15:50:55,  1.45s/it] 21%|██▏       | 10700/50005 [4:57:00<15:52:34,  1.45s/it] 21%|██▏       | 10701/50005 [4:57:02<15:51:57,  1.45s/it] 21%|██▏       | 10702/50005 [4:57:03<15:50:37,  1.45s/it] 21%|██▏       | 10703/50005 [4:57:04<15:51:45,  1.45s/it] 21%|██▏       | 10704/50005 [4:57:06<15:51:46,  1.45s/it] 21%|██▏       | 10705/50005 [4:57:07<15:51:45,  1.45s/it] 21%|██▏       | 10706/50005 [4:57:09<15:52:15,  1.45s/it] 21%|██▏       | 10707/50005 [4:57:10<15:50:36,  1.45s/it] 21%|██▏       | 10708/50005 [4:57:12<15:51:14,  1.45s/it] 21%|██▏       | 10709/50005 [4:57:13<15:50:30,  1.45s/it] 21%|██▏       | 10710/50005 [4:57:15<15:51:17,  1.45s/it] 21%|██▏       | 10711/50005 [4:57:16<15:51:37,  1.45s/it] 21%|██▏       | 10712/50005 [4:57:18<15:52:55,  1.46s/it] 21%|██▏       | 10713/50005 [4:57:19<15:52:53,  1.46s/it] 21%|██▏       | 10714/50005 [4:57:20<15:52:15,  1.45s/it] 21%|██▏       | 10715/50005 [4:57:22<15:53:08,  1.46s/it] 21%|██▏       | 10716/50005 [4:57:23<15:53:57,  1.46s/it] 21%|██▏       | 10717/50005 [4:57:25<15:54:00,  1.46s/it] 21%|██▏       | 10718/50005 [4:57:26<15:52:18,  1.45s/it] 21%|██▏       | 10719/50005 [4:57:28<15:52:47,  1.46s/it] 21%|██▏       | 10720/50005 [4:57:29<15:53:37,  1.46s/it] 21%|██▏       | 10721/50005 [4:57:31<15:53:55,  1.46s/it] 21%|██▏       | 10722/50005 [4:57:32<15:53:58,  1.46s/it] 21%|██▏       | 10723/50005 [4:57:34<15:53:33,  1.46s/it] 21%|██▏       | 10724/50005 [4:57:35<15:51:31,  1.45s/it] 21%|██▏       | 10725/50005 [4:57:36<15:50:55,  1.45s/it] 21%|██▏       | 10726/50005 [4:57:38<15:52:10,  1.45s/it] 21%|██▏       | 10727/50005 [4:57:39<15:52:48,  1.46s/it] 21%|██▏       | 10728/50005 [4:57:41<15:53:20,  1.46s/it] 21%|██▏       | 10729/50005 [4:57:42<15:51:37,  1.45s/it] 21%|██▏       | 10730/50005 [4:57:44<15:50:09,  1.45s/it] 21%|██▏       | 10731/50005 [4:57:45<15:51:22,  1.45s/it] 21%|██▏       | 10732/50005 [4:57:47<15:52:16,  1.45s/it] 21%|██▏       | 10733/50005 [4:57:48<15:51:54,  1.45s/it] 21%|██▏       | 10734/50005 [4:57:50<15:52:03,  1.45s/it] 21%|██▏       | 10735/50005 [4:57:51<15:52:50,  1.46s/it] 21%|██▏       | 10736/50005 [4:57:52<15:51:25,  1.45s/it] 21%|██▏       | 10737/50005 [4:57:54<15:50:06,  1.45s/it] 21%|██▏       | 10738/50005 [4:57:55<15:50:39,  1.45s/it] 21%|██▏       | 10739/50005 [4:57:57<15:51:06,  1.45s/it] 21%|██▏       | 10740/50005 [4:57:58<15:52:00,  1.45s/it] 21%|██▏       | 10741/50005 [4:58:00<15:52:17,  1.46s/it] 21%|██▏       | 10742/50005 [4:58:01<15:50:50,  1.45s/it] 21%|██▏       | 10743/50005 [4:58:03<15:51:38,  1.45s/it] 21%|██▏       | 10744/50005 [4:58:04<15:50:05,  1.45s/it] 21%|██▏       | 10745/50005 [4:58:06<15:49:45,  1.45s/it] 21%|██▏       | 10746/50005 [4:58:07<15:51:01,  1.45s/it] 21%|██▏       | 10747/50005 [4:58:08<15:50:59,  1.45s/it] 21%|██▏       | 10748/50005 [4:58:10<15:51:50,  1.45s/it] 21%|██▏       | 10749/50005 [4:58:11<15:52:31,  1.46s/it] 21%|██▏       | 10750/50005 [4:58:13<15:51:04,  1.45s/it] 21%|██▏       | 10751/50005 [4:58:14<15:50:06,  1.45s/it] 22%|██▏       | 10752/50005 [4:58:16<15:49:39,  1.45s/it] 22%|██▏       | 10753/50005 [4:58:17<15:50:19,  1.45s/it] 22%|██▏       | 10754/50005 [4:58:19<15:50:32,  1.45s/it] 22%|██▏       | 10755/50005 [4:58:20<15:52:06,  1.46s/it] 22%|██▏       | 10756/50005 [4:58:22<15:53:11,  1.46s/it] 22%|██▏       | 10757/50005 [4:58:23<15:53:26,  1.46s/it] 22%|██▏       | 10758/50005 [4:58:24<15:53:47,  1.46s/it] 22%|██▏       | 10759/50005 [4:58:26<15:53:25,  1.46s/it] 22%|██▏       | 10760/50005 [4:58:27<15:53:38,  1.46s/it] 22%|██▏       | 10761/50005 [4:58:29<15:53:31,  1.46s/it] 22%|██▏       | 10762/50005 [4:58:30<15:51:57,  1.46s/it] 22%|██▏       | 10763/50005 [4:58:32<15:52:37,  1.46s/it] 22%|██▏       | 10764/50005 [4:58:33<15:51:49,  1.46s/it] 22%|██▏       | 10765/50005 [4:58:35<15:51:21,  1.45s/it] 22%|██▏       | 10766/50005 [4:58:36<15:50:49,  1.45s/it] 22%|██▏       | 10767/50005 [4:58:38<15:51:15,  1.45s/it] 22%|██▏       | 10768/50005 [4:58:39<15:52:39,  1.46s/it] 22%|██▏       | 10769/50005 [4:58:40<15:53:30,  1.46s/it] 22%|██▏       | 10770/50005 [4:58:42<15:53:41,  1.46s/it] 22%|██▏       | 10771/50005 [4:58:43<15:53:44,  1.46s/it] 22%|██▏       | 10772/50005 [4:58:45<15:53:21,  1.46s/it] 22%|██▏       | 10773/50005 [4:58:46<15:50:49,  1.45s/it] 22%|██▏       | 10774/50005 [4:58:48<15:50:10,  1.45s/it] 22%|██▏       | 10775/50005 [4:58:49<15:51:00,  1.45s/it] 22%|██▏       | 10776/50005 [4:58:51<15:50:02,  1.45s/it] 22%|██▏       | 10777/50005 [4:58:52<15:48:37,  1.45s/it] 22%|██▏       | 10778/50005 [4:58:54<15:48:08,  1.45s/it] 22%|██▏       | 10779/50005 [4:58:55<15:50:28,  1.45s/it] 22%|██▏       | 10780/50005 [4:58:56<15:51:31,  1.46s/it] 22%|██▏       | 10781/50005 [4:58:58<15:51:07,  1.45s/it] 22%|██▏       | 10782/50005 [4:58:59<15:50:11,  1.45s/it] 22%|██▏       | 10783/50005 [4:59:01<15:49:46,  1.45s/it] 22%|██▏       | 10784/50005 [4:59:02<15:49:59,  1.45s/it] 22%|██▏       | 10785/50005 [4:59:04<15:50:24,  1.45s/it] 22%|██▏       | 10786/50005 [4:59:05<15:49:16,  1.45s/it] 22%|██▏       | 10787/50005 [4:59:07<15:48:47,  1.45s/it] 22%|██▏       | 10788/50005 [4:59:08<15:48:28,  1.45s/it] 22%|██▏       | 10789/50005 [4:59:10<15:49:37,  1.45s/it] 22%|██▏       | 10790/50005 [4:59:11<15:50:58,  1.46s/it] 22%|██▏       | 10791/50005 [4:59:12<15:51:52,  1.46s/it] 22%|██▏       | 10792/50005 [4:59:14<15:52:17,  1.46s/it] 22%|██▏       | 10793/50005 [4:59:15<15:50:12,  1.45s/it] 22%|██▏       | 10794/50005 [4:59:17<15:50:22,  1.45s/it] 22%|██▏       | 10795/50005 [4:59:18<15:49:14,  1.45s/it] 22%|██▏       | 10796/50005 [4:59:20<15:49:39,  1.45s/it] 22%|██▏       | 10797/50005 [4:59:21<15:50:21,  1.45s/it] 22%|██▏       | 10798/50005 [4:59:23<15:51:00,  1.46s/it] 22%|██▏       | 10799/50005 [4:59:24<15:51:11,  1.46s/it] 22%|██▏       | 10800/50005 [4:59:26<15:51:01,  1.46s/it] 22%|██▏       | 10801/50005 [4:59:27<15:51:11,  1.46s/it]
Validation:   0%|          | 0/100 [00:00<?, ?it/s][A
Validation:   1%|          | 1/100 [00:01<01:51,  1.13s/it][A
Validation:   2%|▏         | 2/100 [00:01<01:20,  1.21it/s][A
Validation:   3%|▎         | 3/100 [00:02<01:10,  1.37it/s][A
Validation:   4%|▍         | 4/100 [00:02<01:05,  1.46it/s][A
Validation:   5%|▌         | 5/100 [00:03<01:02,  1.52it/s][A
Validation:   6%|▌         | 6/100 [00:04<01:00,  1.55it/s][A
Validation:   7%|▋         | 7/100 [00:04<00:59,  1.58it/s][A
Validation:   8%|▊         | 8/100 [00:05<00:57,  1.59it/s][A
Validation:   9%|▉         | 9/100 [00:06<00:56,  1.60it/s][A
Validation:  10%|█         | 10/100 [00:06<00:55,  1.61it/s][A
Validation:  11%|█         | 11/100 [00:07<00:55,  1.61it/s][A
Validation:  12%|█▏        | 12/100 [00:07<00:54,  1.62it/s][A
Validation:  13%|█▎        | 13/100 [00:08<00:53,  1.62it/s][A
Validation:  14%|█▍        | 14/100 [00:09<00:53,  1.62it/s][A
Validation:  15%|█▌        | 15/100 [00:09<00:52,  1.62it/s][A
Validation:  16%|█▌        | 16/100 [00:10<00:51,  1.62it/s][A
Validation:  17%|█▋        | 17/100 [00:10<00:51,  1.62it/s][A
Validation:  18%|█▊        | 18/100 [00:11<00:50,  1.62it/s][A
Validation:  19%|█▉        | 19/100 [00:12<00:49,  1.63it/s][A
Validation:  20%|██        | 20/100 [00:12<00:49,  1.63it/s][A
Validation:  21%|██        | 21/100 [00:13<00:48,  1.62it/s][A
Validation:  22%|██▏       | 22/100 [00:14<00:48,  1.62it/s][A
Validation:  23%|██▎       | 23/100 [00:14<00:47,  1.63it/s][A
Validation:  24%|██▍       | 24/100 [00:15<00:46,  1.62it/s][A
Validation:  25%|██▌       | 25/100 [00:15<00:46,  1.62it/s][A
Validation:  26%|██▌       | 26/100 [00:16<00:45,  1.63it/s][A
Validation:  27%|██▋       | 27/100 [00:17<00:44,  1.62it/s][A
Validation:  28%|██▊       | 28/100 [00:17<00:44,  1.63it/s][A
Validation:  29%|██▉       | 29/100 [00:18<00:43,  1.63it/s][A
Validation:  30%|███       | 30/100 [00:18<00:43,  1.63it/s][A
Validation:  31%|███       | 31/100 [00:19<00:42,  1.63it/s][A
Validation:  32%|███▏      | 32/100 [00:20<00:41,  1.62it/s][A
Validation:  33%|███▎      | 33/100 [00:20<00:41,  1.63it/s][A
Validation:  34%|███▍      | 34/100 [00:21<00:40,  1.63it/s][A
Validation:  35%|███▌      | 35/100 [00:22<00:39,  1.63it/s][A
Validation:  36%|███▌      | 36/100 [00:22<00:39,  1.63it/s][A
Validation:  37%|███▋      | 37/100 [00:23<00:38,  1.63it/s][A
Validation:  38%|███▊      | 38/100 [00:23<00:37,  1.63it/s][A
Validation:  39%|███▉      | 39/100 [00:24<00:37,  1.63it/s][A
Validation:  40%|████      | 40/100 [00:25<00:36,  1.63it/s][A
Validation:  41%|████      | 41/100 [00:25<00:36,  1.63it/s][A
Validation:  42%|████▏     | 42/100 [00:26<00:35,  1.63it/s][A
Validation:  43%|████▎     | 43/100 [00:26<00:35,  1.62it/s][A
Validation:  44%|████▍     | 44/100 [00:27<00:34,  1.62it/s][A
Validation:  45%|████▌     | 45/100 [00:28<00:33,  1.62it/s][A
Validation:  46%|████▌     | 46/100 [00:28<00:33,  1.62it/s][A
Validation:  47%|████▋     | 47/100 [00:29<00:32,  1.63it/s][A
Validation:  48%|████▊     | 48/100 [00:30<00:32,  1.62it/s][A
Validation:  49%|████▉     | 49/100 [00:30<00:31,  1.63it/s][A
Validation:  50%|█████     | 50/100 [00:31<00:30,  1.63it/s][A
Validation:  51%|█████     | 51/100 [00:31<00:30,  1.62it/s][A
Validation:  52%|█████▏    | 52/100 [00:32<00:29,  1.62it/s][A
Validation:  53%|█████▎    | 53/100 [00:33<00:28,  1.62it/s][A
Validation:  54%|█████▍    | 54/100 [00:33<00:28,  1.62it/s][A
Validation:  55%|█████▌    | 55/100 [00:34<00:27,  1.62it/s][A
Validation:  56%|█████▌    | 56/100 [00:34<00:27,  1.62it/s][A
Validation:  57%|█████▋    | 57/100 [00:35<00:26,  1.62it/s][A
Validation:  58%|█████▊    | 58/100 [00:36<00:25,  1.63it/s][A
Validation:  59%|█████▉    | 59/100 [00:36<00:25,  1.62it/s][A
Validation:  60%|██████    | 60/100 [00:37<00:24,  1.63it/s][A
Validation:  61%|██████    | 61/100 [00:38<00:23,  1.63it/s][A
Validation:  62%|██████▏   | 62/100 [00:38<00:23,  1.63it/s][A
Validation:  63%|██████▎   | 63/100 [00:39<00:22,  1.63it/s][A
Validation:  64%|██████▍   | 64/100 [00:39<00:22,  1.63it/s][A
Validation:  65%|██████▌   | 65/100 [00:40<00:21,  1.62it/s][A
Validation:  66%|██████▌   | 66/100 [00:41<00:20,  1.62it/s][A
Validation:  67%|██████▋   | 67/100 [00:41<00:20,  1.62it/s][A
Validation:  68%|██████▊   | 68/100 [00:42<00:19,  1.63it/s][A
Validation:  69%|██████▉   | 69/100 [00:42<00:19,  1.62it/s][A
Validation:  70%|███████   | 70/100 [00:43<00:18,  1.63it/s][A
Validation:  71%|███████   | 71/100 [00:44<00:17,  1.63it/s][A
Validation:  72%|███████▏  | 72/100 [00:44<00:17,  1.62it/s][A
Validation:  73%|███████▎  | 73/100 [00:45<00:16,  1.62it/s][A
Validation:  74%|███████▍  | 74/100 [00:46<00:15,  1.63it/s][A
Validation:  75%|███████▌  | 75/100 [00:46<00:15,  1.62it/s][A
Validation:  76%|███████▌  | 76/100 [00:47<00:14,  1.63it/s][A
Validation:  77%|███████▋  | 77/100 [00:47<00:14,  1.63it/s][A
Validation:  78%|███████▊  | 78/100 [00:48<00:13,  1.63it/s][A
Validation:  79%|███████▉  | 79/100 [00:49<00:12,  1.63it/s][A
Validation:  80%|████████  | 80/100 [00:49<00:12,  1.63it/s][A
Validation:  81%|████████  | 81/100 [00:50<00:11,  1.63it/s][A
Validation:  82%|████████▏ | 82/100 [00:50<00:11,  1.63it/s][A
Validation:  83%|████████▎ | 83/100 [00:51<00:10,  1.62it/s][A
Validation:  84%|████████▍ | 84/100 [00:52<00:09,  1.63it/s][A
Validation:  85%|████████▌ | 85/100 [00:52<00:09,  1.63it/s][A
Validation:  86%|████████▌ | 86/100 [00:53<00:08,  1.62it/s][A
Validation:  87%|████████▋ | 87/100 [00:54<00:08,  1.62it/s][A
Validation:  88%|████████▊ | 88/100 [00:54<00:07,  1.63it/s][A
Validation:  89%|████████▉ | 89/100 [00:55<00:06,  1.63it/s][A
Validation:  90%|█████████ | 90/100 [00:55<00:06,  1.63it/s][A
Validation:  91%|█████████ | 91/100 [00:56<00:05,  1.63it/s][A
Validation:  92%|█████████▏| 92/100 [00:57<00:04,  1.63it/s][A
Validation:  93%|█████████▎| 93/100 [00:57<00:04,  1.63it/s][A
Validation:  94%|█████████▍| 94/100 [00:58<00:03,  1.63it/s][A
Validation:  95%|█████████▌| 95/100 [00:58<00:03,  1.63it/s][A
Validation:  96%|█████████▌| 96/100 [00:59<00:02,  1.63it/s][A
Validation:  97%|█████████▋| 97/100 [01:00<00:01,  1.63it/s][A
Validation:  98%|█████████▊| 98/100 [01:00<00:01,  1.63it/s][A
Validation:  99%|█████████▉| 99/100 [01:01<00:00,  1.63it/s][A
Validation: 100%|██████████| 100/100 [01:02<00:00,  1.63it/s][A
                                                             [A 22%|██▏       | 10802/50005 [5:00:31<218:41:33, 20.08s/it] 22%|██▏       | 10803/50005 [5:00:32<157:49:35, 14.49s/it] 22%|██▏       | 10804/50005 [5:00:33<115:14:40, 10.58s/it] 22%|██▏       | 10805/50005 [5:00:35<85:23:46,  7.84s/it]  22%|██▏       | 10806/50005 [5:00:36<64:28:53,  5.92s/it] 22%|██▏       | 10807/50005 [5:00:38<49:52:26,  4.58s/it] 22%|██▏       | 10808/50005 [5:00:39<39:40:24,  3.64s/it] 22%|██▏       | 10809/50005 [5:00:41<32:30:43,  2.99s/it] 22%|██▏       | 10810/50005 [5:00:42<27:30:04,  2.53s/it] 22%|██▏       | 10811/50005 [5:00:44<23:58:20,  2.20s/it] 22%|██▏       | 10812/50005 [5:00:45<21:31:24,  1.98s/it] 22%|██▏       | 10813/50005 [5:00:47<19:49:44,  1.82s/it] 22%|██▏       | 10814/50005 [5:00:48<18:36:41,  1.71s/it] 22%|██▏       | 10815/50005 [5:00:49<17:47:31,  1.63s/it] 22%|██▏       | 10816/50005 [5:00:51<17:10:21,  1.58s/it] 22%|██▏       | 10817/50005 [5:00:52<16:45:02,  1.54s/it] 22%|██▏       | 10818/50005 [5:00:54<16:29:26,  1.51s/it] 22%|██▏       | 10819/50005 [5:00:55<16:17:36,  1.50s/it] 22%|██▏       | 10820/50005 [5:00:57<16:08:56,  1.48s/it] 22%|██▏       | 10821/50005 [5:00:58<16:03:47,  1.48s/it] 22%|██▏       | 10822/50005 [5:01:00<15:59:09,  1.47s/it] 22%|██▏       | 10823/50005 [5:01:01<15:54:59,  1.46s/it] 22%|██▏       | 10824/50005 [5:01:02<15:52:36,  1.46s/it] 22%|██▏       | 10825/50005 [5:01:04<15:51:02,  1.46s/it] 22%|██▏       | 10826/50005 [5:01:05<15:51:43,  1.46s/it] 22%|██▏       | 10827/50005 [5:01:07<15:51:57,  1.46s/it] 22%|██▏       | 10828/50005 [5:01:08<15:52:01,  1.46s/it] 22%|██▏       | 10829/50005 [5:01:10<15:52:01,  1.46s/it] 22%|██▏       | 10830/50005 [5:01:11<15:50:04,  1.46s/it] 22%|██▏       | 10831/50005 [5:01:13<15:50:13,  1.46s/it] 22%|██▏       | 10832/50005 [5:01:14<15:50:56,  1.46s/it] 22%|██▏       | 10833/50005 [5:01:16<15:50:54,  1.46s/it] 22%|██▏       | 10834/50005 [5:01:17<15:49:43,  1.45s/it] 22%|██▏       | 10835/50005 [5:01:18<15:50:09,  1.46s/it] 22%|██▏       | 10836/50005 [5:01:20<15:48:53,  1.45s/it] 22%|██▏       | 10837/50005 [5:01:21<15:50:22,  1.46s/it] 22%|██▏       | 10838/50005 [5:01:23<15:50:30,  1.46s/it] 22%|██▏       | 10839/50005 [5:01:24<15:49:18,  1.45s/it] 22%|██▏       | 10840/50005 [5:01:26<15:50:11,  1.46s/it] 22%|██▏       | 10841/50005 [5:01:27<15:50:42,  1.46s/it] 22%|██▏       | 10842/50005 [5:01:29<15:50:47,  1.46s/it] 22%|██▏       | 10843/50005 [5:01:30<15:48:57,  1.45s/it] 22%|██▏       | 10844/50005 [5:01:32<15:47:42,  1.45s/it] 22%|██▏       | 10845/50005 [5:01:33<15:48:59,  1.45s/it] 22%|██▏       | 10846/50005 [5:01:34<15:49:29,  1.45s/it] 22%|██▏       | 10847/50005 [5:01:36<15:50:12,  1.46s/it] 22%|██▏       | 10848/50005 [5:01:37<15:48:38,  1.45s/it] 22%|██▏       | 10849/50005 [5:01:39<15:48:52,  1.45s/it] 22%|██▏       | 10850/50005 [5:01:40<15:49:38,  1.46s/it] 22%|██▏       | 10851/50005 [5:01:42<15:47:51,  1.45s/it] 22%|██▏       | 10852/50005 [5:01:43<15:46:34,  1.45s/it] 22%|██▏       | 10853/50005 [5:01:45<15:47:08,  1.45s/it] 22%|██▏       | 10854/50005 [5:01:46<15:46:44,  1.45s/it] 22%|██▏       | 10855/50005 [5:01:48<15:48:03,  1.45s/it] 22%|██▏       | 10856/50005 [5:01:49<15:48:59,  1.45s/it] 22%|██▏       | 10857/50005 [5:01:50<15:48:50,  1.45s/it] 22%|██▏       | 10858/50005 [5:01:52<15:48:41,  1.45s/it] 22%|██▏       | 10859/50005 [5:01:53<15:47:59,  1.45s/it] 22%|██▏       | 10860/50005 [5:01:55<15:49:39,  1.46s/it] 22%|██▏       | 10861/50005 [5:01:56<15:50:05,  1.46s/it] 22%|██▏       | 10862/50005 [5:01:58<15:47:02,  1.45s/it] 22%|██▏       | 10863/50005 [5:01:59<15:46:36,  1.45s/it] 22%|██▏       | 10864/50005 [5:02:01<15:47:14,  1.45s/it] 22%|██▏       | 10865/50005 [5:02:02<15:47:57,  1.45s/it] 22%|██▏       | 10866/50005 [5:02:04<15:47:11,  1.45s/it] 22%|██▏       | 10867/50005 [5:02:05<15:46:31,  1.45s/it] 22%|██▏       | 10868/50005 [5:02:06<15:46:16,  1.45s/it] 22%|██▏       | 10869/50005 [5:02:08<15:46:01,  1.45s/it] 22%|██▏       | 10870/50005 [5:02:09<15:47:37,  1.45s/it] 22%|██▏       | 10871/50005 [5:02:11<15:48:11,  1.45s/it] 22%|██▏       | 10872/50005 [5:02:12<15:48:23,  1.45s/it] 22%|██▏       | 10873/50005 [5:02:14<15:47:44,  1.45s/it] 22%|██▏       | 10874/50005 [5:02:15<15:47:49,  1.45s/it] 22%|██▏       | 10875/50005 [5:02:17<15:46:27,  1.45s/it] 22%|██▏       | 10876/50005 [5:02:18<15:46:13,  1.45s/it] 22%|██▏       | 10877/50005 [5:02:20<15:46:48,  1.45s/it] 22%|██▏       | 10878/50005 [5:02:21<15:46:25,  1.45s/it] 22%|██▏       | 10879/50005 [5:02:22<15:47:27,  1.45s/it] 22%|██▏       | 10880/50005 [5:02:24<15:46:24,  1.45s/it] 22%|██▏       | 10881/50005 [5:02:25<15:47:02,  1.45s/it] 22%|██▏       | 10882/50005 [5:02:27<15:48:32,  1.45s/it] 22%|██▏       | 10883/50005 [5:02:28<15:46:59,  1.45s/it] 22%|██▏       | 10884/50005 [5:02:30<15:47:49,  1.45s/it] 22%|██▏       | 10885/50005 [5:02:31<15:46:54,  1.45s/it] 22%|██▏       | 10886/50005 [5:02:33<15:43:36,  1.45s/it] 22%|██▏       | 10887/50005 [5:02:34<15:44:50,  1.45s/it] 22%|██▏       | 10888/50005 [5:02:35<15:46:38,  1.45s/it] 22%|██▏       | 10889/50005 [5:02:37<15:45:52,  1.45s/it] 22%|██▏       | 10890/50005 [5:02:38<15:46:44,  1.45s/it] 22%|██▏       | 10891/50005 [5:02:40<15:47:39,  1.45s/it] 22%|██▏       | 10892/50005 [5:02:41<15:46:44,  1.45s/it] 22%|██▏       | 10893/50005 [5:02:43<15:48:08,  1.45s/it] 22%|██▏       | 10894/50005 [5:02:44<15:47:13,  1.45s/it] 22%|██▏       | 10895/50005 [5:02:46<15:46:28,  1.45s/it] 22%|██▏       | 10896/50005 [5:02:47<15:47:49,  1.45s/it] 22%|██▏       | 10897/50005 [5:02:49<15:47:53,  1.45s/it] 22%|██▏       | 10898/50005 [5:02:50<15:48:20,  1.46s/it] 22%|██▏       | 10899/50005 [5:02:51<15:46:57,  1.45s/it] 22%|██▏       | 10900/50005 [5:02:53<15:47:31,  1.45s/it] 22%|██▏       | 10901/50005 [5:02:54<15:45:42,  1.45s/it] 22%|██▏       | 10902/50005 [5:02:56<15:44:38,  1.45s/it] 22%|██▏       | 10903/50005 [5:02:57<15:45:58,  1.45s/it] 22%|██▏       | 10904/50005 [5:02:59<15:46:31,  1.45s/it] 22%|██▏       | 10905/50005 [5:03:00<15:46:24,  1.45s/it] 22%|██▏       | 10906/50005 [5:03:02<15:46:55,  1.45s/it] 22%|██▏       | 10907/50005 [5:03:03<15:44:52,  1.45s/it] 22%|██▏       | 10908/50005 [5:03:05<15:46:39,  1.45s/it] 22%|██▏       | 10909/50005 [5:03:06<15:45:46,  1.45s/it] 22%|██▏       | 10910/50005 [5:03:07<15:43:32,  1.45s/it] 22%|██▏       | 10911/50005 [5:03:09<15:45:34,  1.45s/it] 22%|██▏       | 10912/50005 [5:03:10<15:46:14,  1.45s/it] 22%|██▏       | 10913/50005 [5:03:12<15:45:46,  1.45s/it] 22%|██▏       | 10914/50005 [5:03:13<15:44:42,  1.45s/it] 22%|██▏       | 10915/50005 [5:03:15<15:45:44,  1.45s/it] 22%|██▏       | 10916/50005 [5:03:16<15:46:30,  1.45s/it] 22%|██▏       | 10917/50005 [5:03:18<15:46:03,  1.45s/it] 22%|██▏       | 10918/50005 [5:03:19<15:45:21,  1.45s/it] 22%|██▏       | 10919/50005 [5:03:21<15:44:43,  1.45s/it] 22%|██▏       | 10920/50005 [5:03:22<15:46:26,  1.45s/it] 22%|██▏       | 10921/50005 [5:03:23<15:45:24,  1.45s/it] 22%|██▏       | 10922/50005 [5:03:25<15:46:05,  1.45s/it] 22%|██▏       | 10923/50005 [5:03:26<15:45:37,  1.45s/it] 22%|██▏       | 10924/50005 [5:03:28<15:47:05,  1.45s/it] 22%|██▏       | 10925/50005 [5:03:29<15:46:20,  1.45s/it] 22%|██▏       | 10926/50005 [5:03:31<15:47:04,  1.45s/it] 22%|██▏       | 10927/50005 [5:03:32<15:46:04,  1.45s/it] 22%|██▏       | 10928/50005 [5:03:34<15:47:02,  1.45s/it] 22%|██▏       | 10929/50005 [5:03:36<18:28:26,  1.70s/it] 22%|██▏       | 10930/50005 [5:03:37<17:39:12,  1.63s/it] 22%|██▏       | 10931/50005 [5:03:39<17:04:42,  1.57s/it] 22%|██▏       | 10932/50005 [5:03:40<16:40:00,  1.54s/it] 22%|██▏       | 10933/50005 [5:03:42<16:23:39,  1.51s/it] 22%|██▏       | 10934/50005 [5:03:43<16:13:33,  1.50s/it] 22%|██▏       | 10935/50005 [5:03:45<16:05:31,  1.48s/it] 22%|██▏       | 10936/50005 [5:03:46<15:59:33,  1.47s/it] 22%|██▏       | 10937/50005 [5:03:47<15:55:25,  1.47s/it] 22%|██▏       | 10938/50005 [5:03:49<15:51:25,  1.46s/it] 22%|██▏       | 10939/50005 [5:03:50<15:49:14,  1.46s/it] 22%|██▏       | 10940/50005 [5:03:52<15:48:59,  1.46s/it] 22%|██▏       | 10941/50005 [5:03:53<15:47:25,  1.46s/it] 22%|██▏       | 10942/50005 [5:03:55<15:46:45,  1.45s/it] 22%|██▏       | 10943/50005 [5:03:56<15:45:16,  1.45s/it] 22%|██▏       | 10944/50005 [5:03:58<15:46:14,  1.45s/it] 22%|██▏       | 10945/50005 [5:03:59<15:47:12,  1.46s/it] 22%|██▏       | 10946/50005 [5:04:01<15:47:11,  1.46s/it] 22%|██▏       | 10947/50005 [5:04:02<15:45:55,  1.45s/it] 22%|██▏       | 10948/50005 [5:04:03<15:44:19,  1.45s/it] 22%|██▏       | 10949/50005 [5:04:05<15:45:30,  1.45s/it] 22%|██▏       | 10950/50005 [5:04:06<15:46:12,  1.45s/it] 22%|██▏       | 10951/50005 [5:04:08<15:46:17,  1.45s/it] 22%|██▏       | 10952/50005 [5:04:09<15:46:52,  1.45s/it] 22%|██▏       | 10953/50005 [5:04:11<15:45:20,  1.45s/it] 22%|██▏       | 10954/50005 [5:04:12<15:44:31,  1.45s/it] 22%|██▏       | 10955/50005 [5:04:14<15:45:40,  1.45s/it] 22%|██▏       | 10956/50005 [5:04:15<15:44:17,  1.45s/it] 22%|██▏       | 10957/50005 [5:04:17<15:45:29,  1.45s/it] 22%|██▏       | 10958/50005 [5:04:18<15:45:54,  1.45s/it] 22%|██▏       | 10959/50005 [5:04:19<15:46:49,  1.45s/it] 22%|██▏       | 10960/50005 [5:04:21<15:45:08,  1.45s/it] 22%|██▏       | 10961/50005 [5:04:22<15:46:08,  1.45s/it] 22%|██▏       | 10962/50005 [5:04:24<15:47:11,  1.46s/it] 22%|██▏       | 10963/50005 [5:04:25<15:45:45,  1.45s/it] 22%|██▏       | 10964/50005 [5:04:27<15:44:55,  1.45s/it] 22%|██▏       | 10965/50005 [5:04:28<15:45:45,  1.45s/it] 22%|██▏       | 10966/50005 [5:04:30<15:43:53,  1.45s/it] 22%|██▏       | 10967/50005 [5:04:31<15:42:32,  1.45s/it] 22%|██▏       | 10968/50005 [5:04:33<15:43:46,  1.45s/it] 22%|██▏       | 10969/50005 [5:04:34<15:42:55,  1.45s/it] 22%|██▏       | 10970/50005 [5:04:35<15:44:01,  1.45s/it] 22%|██▏       | 10971/50005 [5:04:37<15:45:27,  1.45s/it] 22%|██▏       | 10972/50005 [5:04:38<15:44:27,  1.45s/it] 22%|██▏       | 10973/50005 [5:04:40<15:45:00,  1.45s/it] 22%|██▏       | 10974/50005 [5:04:41<15:44:32,  1.45s/it] 22%|██▏       | 10975/50005 [5:04:43<15:43:47,  1.45s/it] 22%|██▏       | 10976/50005 [5:04:44<15:44:44,  1.45s/it] 22%|██▏       | 10977/50005 [5:04:46<15:43:49,  1.45s/it] 22%|██▏       | 10978/50005 [5:04:47<15:43:24,  1.45s/it] 22%|██▏       | 10979/50005 [5:04:48<15:42:29,  1.45s/it] 22%|██▏       | 10980/50005 [5:04:50<15:43:28,  1.45s/it] 22%|██▏       | 10981/50005 [5:04:51<15:43:23,  1.45s/it] 22%|██▏       | 10982/50005 [5:04:53<15:44:59,  1.45s/it] 22%|██▏       | 10983/50005 [5:04:54<15:45:47,  1.45s/it] 22%|██▏       | 10984/50005 [5:04:56<15:46:49,  1.46s/it] 22%|██▏       | 10985/50005 [5:04:57<15:47:08,  1.46s/it] 22%|██▏       | 10986/50005 [5:04:59<15:44:40,  1.45s/it] 22%|██▏       | 10987/50005 [5:05:00<15:45:24,  1.45s/it] 22%|██▏       | 10988/50005 [5:05:02<15:44:29,  1.45s/it] 22%|██▏       | 10989/50005 [5:05:03<15:45:09,  1.45s/it] 22%|██▏       | 10990/50005 [5:05:04<15:46:18,  1.46s/it] 22%|██▏       | 10991/50005 [5:05:06<15:45:32,  1.45s/it] 22%|██▏       | 10992/50005 [5:05:07<15:44:09,  1.45s/it] 22%|██▏       | 10993/50005 [5:05:09<15:43:07,  1.45s/it] 22%|██▏       | 10994/50005 [5:05:10<15:42:17,  1.45s/it] 22%|██▏       | 10995/50005 [5:05:12<15:41:55,  1.45s/it] 22%|██▏       | 10996/50005 [5:05:13<15:42:48,  1.45s/it] 22%|██▏       | 10997/50005 [5:05:15<15:42:27,  1.45s/it] 22%|██▏       | 10998/50005 [5:05:16<15:43:32,  1.45s/it] 22%|██▏       | 10999/50005 [5:05:18<15:44:22,  1.45s/it] 22%|██▏       | 11000/50005 [5:05:19<15:42:37,  1.45s/it] 22%|██▏       | 11001/50005 [5:05:20<15:43:38,  1.45s/it] 22%|██▏       | 11002/50005 [5:05:22<15:44:54,  1.45s/it] 22%|██▏       | 11003/50005 [5:05:23<15:45:42,  1.45s/it] 22%|██▏       | 11004/50005 [5:05:25<15:44:25,  1.45s/it] 22%|██▏       | 11005/50005 [5:05:26<15:44:15,  1.45s/it] 22%|██▏       | 11006/50005 [5:05:28<15:44:32,  1.45s/it] 22%|██▏       | 11007/50005 [5:05:29<15:44:08,  1.45s/it] 22%|██▏       | 11008/50005 [5:05:31<15:44:36,  1.45s/it] 22%|██▏       | 11009/50005 [5:05:32<15:45:14,  1.45s/it] 22%|██▏       | 11010/50005 [5:05:34<15:45:46,  1.46s/it] 22%|██▏       | 11011/50005 [5:05:35<15:46:02,  1.46s/it] 22%|██▏       | 11012/50005 [5:05:36<15:46:34,  1.46s/it] 22%|██▏       | 11013/50005 [5:05:38<15:46:00,  1.46s/it] 22%|██▏       | 11014/50005 [5:05:39<15:46:29,  1.46s/it] 22%|██▏       | 11015/50005 [5:05:41<15:44:16,  1.45s/it] 22%|██▏       | 11016/50005 [5:05:42<15:44:10,  1.45s/it] 22%|██▏       | 11017/50005 [5:05:44<15:44:22,  1.45s/it] 22%|██▏       | 11018/50005 [5:05:45<15:43:18,  1.45s/it] 22%|██▏       | 11019/50005 [5:05:47<15:41:45,  1.45s/it] 22%|██▏       | 11020/50005 [5:05:48<15:43:20,  1.45s/it] 22%|██▏       | 11021/50005 [5:05:49<15:42:15,  1.45s/it] 22%|██▏       | 11022/50005 [5:05:51<15:43:04,  1.45s/it] 22%|██▏       | 11023/50005 [5:05:52<15:42:18,  1.45s/it] 22%|██▏       | 11024/50005 [5:05:54<15:41:15,  1.45s/it] 22%|██▏       | 11025/50005 [5:05:55<15:43:24,  1.45s/it] 22%|██▏       | 11026/50005 [5:05:57<15:44:06,  1.45s/it] 22%|██▏       | 11027/50005 [5:05:58<15:43:13,  1.45s/it] 22%|██▏       | 11028/50005 [5:06:00<15:43:29,  1.45s/it] 22%|██▏       | 11029/50005 [5:06:01<15:44:49,  1.45s/it] 22%|██▏       | 11030/50005 [5:06:03<15:45:21,  1.46s/it] 22%|██▏       | 11031/50005 [5:06:04<15:45:28,  1.46s/it] 22%|██▏       | 11032/50005 [5:06:05<15:45:21,  1.46s/it] 22%|██▏       | 11033/50005 [5:06:07<15:45:23,  1.46s/it] 22%|██▏       | 11034/50005 [5:06:08<15:44:18,  1.45s/it] 22%|██▏       | 11035/50005 [5:06:10<15:44:49,  1.45s/it] 22%|██▏       | 11036/50005 [5:06:11<15:44:56,  1.45s/it] 22%|██▏       | 11037/50005 [5:06:13<15:45:24,  1.46s/it] 22%|██▏       | 11038/50005 [5:06:14<15:45:39,  1.46s/it] 22%|██▏       | 11039/50005 [5:06:16<15:43:33,  1.45s/it] 22%|██▏       | 11040/50005 [5:06:17<15:44:07,  1.45s/it] 22%|██▏       | 11041/50005 [5:06:19<15:44:58,  1.46s/it] 22%|██▏       | 11042/50005 [5:06:20<15:45:41,  1.46s/it] 22%|██▏       | 11043/50005 [5:06:21<15:45:44,  1.46s/it] 22%|██▏       | 11044/50005 [5:06:23<15:43:52,  1.45s/it] 22%|██▏       | 11045/50005 [5:06:24<15:43:27,  1.45s/it] 22%|██▏       | 11046/50005 [5:06:26<15:44:27,  1.45s/it] 22%|██▏       | 11047/50005 [5:06:27<15:45:12,  1.46s/it] 22%|██▏       | 11048/50005 [5:06:29<15:45:18,  1.46s/it] 22%|██▏       | 11049/50005 [5:06:30<15:44:15,  1.45s/it] 22%|██▏       | 11050/50005 [5:06:32<15:45:09,  1.46s/it] 22%|██▏       | 11051/50005 [5:06:33<15:45:48,  1.46s/it] 22%|██▏       | 11052/50005 [5:06:35<15:45:51,  1.46s/it] 22%|██▏       | 11053/50005 [5:06:36<15:46:01,  1.46s/it] 22%|██▏       | 11054/50005 [5:06:37<15:44:37,  1.46s/it] 22%|██▏       | 11055/50005 [5:06:39<15:43:15,  1.45s/it] 22%|██▏       | 11056/50005 [5:06:40<15:42:37,  1.45s/it] 22%|██▏       | 11057/50005 [5:06:42<15:41:52,  1.45s/it] 22%|██▏       | 11058/50005 [5:06:43<15:40:01,  1.45s/it] 22%|██▏       | 11059/50005 [5:06:45<15:39:13,  1.45s/it] 22%|██▏       | 11060/50005 [5:06:46<15:39:46,  1.45s/it] 22%|██▏       | 11061/50005 [5:06:48<15:39:57,  1.45s/it] 22%|██▏       | 11062/50005 [5:06:49<15:41:39,  1.45s/it] 22%|██▏       | 11063/50005 [5:06:51<15:42:49,  1.45s/it] 22%|██▏       | 11064/50005 [5:06:52<15:42:09,  1.45s/it] 22%|██▏       | 11065/50005 [5:06:53<15:42:59,  1.45s/it] 22%|██▏       | 11066/50005 [5:06:55<15:41:57,  1.45s/it] 22%|██▏       | 11067/50005 [5:06:56<15:41:07,  1.45s/it] 22%|██▏       | 11068/50005 [5:06:58<15:42:37,  1.45s/it] 22%|██▏       | 11069/50005 [5:06:59<15:43:38,  1.45s/it] 22%|██▏       | 11070/50005 [5:07:01<15:43:03,  1.45s/it] 22%|██▏       | 11071/50005 [5:07:02<15:41:53,  1.45s/it] 22%|██▏       | 11072/50005 [5:07:04<15:43:02,  1.45s/it] 22%|██▏       | 11073/50005 [5:07:05<15:44:02,  1.45s/it] 22%|██▏       | 11074/50005 [5:07:07<15:42:29,  1.45s/it] 22%|██▏       | 11075/50005 [5:07:08<15:43:49,  1.45s/it] 22%|██▏       | 11076/50005 [5:07:09<15:41:18,  1.45s/it] 22%|██▏       | 11077/50005 [5:07:11<15:40:01,  1.45s/it] 22%|██▏       | 11078/50005 [5:07:12<15:39:45,  1.45s/it] 22%|██▏       | 11079/50005 [5:07:14<15:41:18,  1.45s/it] 22%|██▏       | 11080/50005 [5:07:15<15:40:18,  1.45s/it] 22%|██▏       | 11081/50005 [5:07:17<15:42:04,  1.45s/it] 22%|██▏       | 11082/50005 [5:07:18<15:41:20,  1.45s/it] 22%|██▏       | 11083/50005 [5:07:20<15:38:57,  1.45s/it] 22%|██▏       | 11084/50005 [5:07:21<15:39:11,  1.45s/it] 22%|██▏       | 11085/50005 [5:07:22<15:40:31,  1.45s/it] 22%|██▏       | 11086/50005 [5:07:24<15:41:48,  1.45s/it] 22%|██▏       | 11087/50005 [5:07:25<15:41:33,  1.45s/it] 22%|██▏       | 11088/50005 [5:07:27<15:40:47,  1.45s/it] 22%|██▏       | 11089/50005 [5:07:28<15:40:42,  1.45s/it] 22%|██▏       | 11090/50005 [5:07:30<15:41:44,  1.45s/it] 22%|██▏       | 11091/50005 [5:07:31<15:41:11,  1.45s/it] 22%|██▏       | 11092/50005 [5:07:33<15:42:21,  1.45s/it] 22%|██▏       | 11093/50005 [5:07:34<15:43:00,  1.45s/it] 22%|██▏       | 11094/50005 [5:07:36<15:41:47,  1.45s/it] 22%|██▏       | 11095/50005 [5:07:37<15:40:49,  1.45s/it] 22%|██▏       | 11096/50005 [5:07:38<15:40:08,  1.45s/it] 22%|██▏       | 11097/50005 [5:07:40<15:40:39,  1.45s/it] 22%|██▏       | 11098/50005 [5:07:41<15:39:47,  1.45s/it] 22%|██▏       | 11099/50005 [5:07:43<15:40:37,  1.45s/it] 22%|██▏       | 11100/50005 [5:07:44<15:40:29,  1.45s/it] 22%|██▏       | 11101/50005 [5:07:46<15:41:39,  1.45s/it] 22%|██▏       | 11102/50005 [5:07:47<15:41:26,  1.45s/it] 22%|██▏       | 11103/50005 [5:07:49<15:40:41,  1.45s/it] 22%|██▏       | 11104/50005 [5:07:50<15:40:15,  1.45s/it] 22%|██▏       | 11105/50005 [5:07:51<15:41:21,  1.45s/it] 22%|██▏       | 11106/50005 [5:07:53<15:41:20,  1.45s/it] 22%|██▏       | 11107/50005 [5:07:54<15:38:01,  1.45s/it] 22%|██▏       | 11108/50005 [5:07:56<15:37:42,  1.45s/it] 22%|██▏       | 11109/50005 [5:07:57<15:37:05,  1.45s/it] 22%|██▏       | 11110/50005 [5:07:59<15:38:36,  1.45s/it] 22%|██▏       | 11111/50005 [5:08:00<15:40:30,  1.45s/it] 22%|██▏       | 11112/50005 [5:08:02<15:39:35,  1.45s/it] 22%|██▏       | 11113/50005 [5:08:03<15:41:27,  1.45s/it] 22%|██▏       | 11114/50005 [5:08:05<15:42:09,  1.45s/it] 22%|██▏       | 11115/50005 [5:08:06<15:41:14,  1.45s/it] 22%|██▏       | 11116/50005 [5:08:07<15:41:59,  1.45s/it] 22%|██▏       | 11117/50005 [5:08:09<15:41:18,  1.45s/it] 22%|██▏       | 11118/50005 [5:08:10<15:41:27,  1.45s/it] 22%|██▏       | 11119/50005 [5:08:12<15:39:33,  1.45s/it] 22%|██▏       | 11120/50005 [5:08:13<15:37:34,  1.45s/it] 22%|██▏       | 11121/50005 [5:08:15<15:39:00,  1.45s/it] 22%|██▏       | 11122/50005 [5:08:16<15:40:36,  1.45s/it] 22%|██▏       | 11123/50005 [5:08:18<15:41:34,  1.45s/it] 22%|██▏       | 11124/50005 [5:08:19<15:40:58,  1.45s/it] 22%|██▏       | 11125/50005 [5:08:21<15:42:06,  1.45s/it] 22%|██▏       | 11126/50005 [5:08:22<15:41:12,  1.45s/it] 22%|██▏       | 11127/50005 [5:08:23<15:41:41,  1.45s/it] 22%|██▏       | 11128/50005 [5:08:25<15:42:22,  1.45s/it] 22%|██▏       | 11129/50005 [5:08:26<15:41:06,  1.45s/it] 22%|██▏       | 11130/50005 [5:08:28<15:41:43,  1.45s/it] 22%|██▏       | 11131/50005 [5:08:29<15:41:22,  1.45s/it] 22%|██▏       | 11132/50005 [5:08:31<15:42:20,  1.45s/it] 22%|██▏       | 11133/50005 [5:08:32<15:41:30,  1.45s/it] 22%|██▏       | 11134/50005 [5:08:34<15:42:08,  1.45s/it] 22%|██▏       | 11135/50005 [5:08:35<15:41:00,  1.45s/it] 22%|██▏       | 11136/50005 [5:08:36<15:39:56,  1.45s/it] 22%|██▏       | 11137/50005 [5:08:38<15:39:30,  1.45s/it] 22%|██▏       | 11138/50005 [5:08:39<15:40:10,  1.45s/it] 22%|██▏       | 11139/50005 [5:08:41<15:39:49,  1.45s/it] 22%|██▏       | 11140/50005 [5:08:42<15:39:14,  1.45s/it] 22%|██▏       | 11141/50005 [5:08:44<15:40:47,  1.45s/it] 22%|██▏       | 11142/50005 [5:08:45<15:41:23,  1.45s/it] 22%|██▏       | 11143/50005 [5:08:47<15:40:20,  1.45s/it] 22%|██▏       | 11144/50005 [5:08:48<15:41:21,  1.45s/it] 22%|██▏       | 11145/50005 [5:08:50<15:40:32,  1.45s/it] 22%|██▏       | 11146/50005 [5:08:51<15:41:40,  1.45s/it] 22%|██▏       | 11147/50005 [5:08:52<15:41:38,  1.45s/it] 22%|██▏       | 11148/50005 [5:08:54<15:40:50,  1.45s/it] 22%|██▏       | 11149/50005 [5:08:55<15:41:52,  1.45s/it] 22%|██▏       | 11150/50005 [5:08:57<15:42:55,  1.46s/it] 22%|██▏       | 11151/50005 [5:08:58<15:43:16,  1.46s/it] 22%|██▏       | 11152/50005 [5:09:00<15:43:40,  1.46s/it] 22%|██▏       | 11153/50005 [5:09:01<15:42:15,  1.46s/it] 22%|██▏       | 11154/50005 [5:09:03<15:42:31,  1.46s/it] 22%|██▏       | 11155/50005 [5:09:04<15:41:53,  1.45s/it] 22%|██▏       | 11156/50005 [5:09:06<15:42:44,  1.46s/it] 22%|██▏       | 11157/50005 [5:09:07<15:42:20,  1.46s/it] 22%|██▏       | 11158/50005 [5:09:08<15:42:48,  1.46s/it] 22%|██▏       | 11159/50005 [5:09:10<15:42:46,  1.46s/it] 22%|██▏       | 11160/50005 [5:09:11<15:41:13,  1.45s/it] 22%|██▏       | 11161/50005 [5:09:13<15:42:14,  1.46s/it] 22%|██▏       | 11162/50005 [5:09:14<15:42:32,  1.46s/it] 22%|██▏       | 11163/50005 [5:09:16<15:42:33,  1.46s/it] 22%|██▏       | 11164/50005 [5:09:17<15:42:55,  1.46s/it] 22%|██▏       | 11165/50005 [5:09:19<15:42:15,  1.46s/it] 22%|██▏       | 11166/50005 [5:09:20<15:42:39,  1.46s/it] 22%|██▏       | 11167/50005 [5:09:22<15:42:26,  1.46s/it] 22%|██▏       | 11168/50005 [5:09:23<15:42:29,  1.46s/it] 22%|██▏       | 11169/50005 [5:09:24<15:40:31,  1.45s/it] 22%|██▏       | 11170/50005 [5:09:26<15:40:19,  1.45s/it] 22%|██▏       | 11171/50005 [5:09:27<15:39:13,  1.45s/it] 22%|██▏       | 11172/50005 [5:09:29<15:40:13,  1.45s/it] 22%|██▏       | 11173/50005 [5:09:30<15:40:45,  1.45s/it] 22%|██▏       | 11174/50005 [5:09:32<15:41:20,  1.45s/it] 22%|██▏       | 11175/50005 [5:09:33<15:41:46,  1.46s/it] 22%|██▏       | 11176/50005 [5:09:35<15:42:03,  1.46s/it] 22%|██▏       | 11177/50005 [5:09:36<15:40:23,  1.45s/it] 22%|██▏       | 11178/50005 [5:09:38<15:41:09,  1.45s/it] 22%|██▏       | 11179/50005 [5:09:39<15:40:14,  1.45s/it] 22%|██▏       | 11180/50005 [5:09:40<15:41:01,  1.45s/it] 22%|██▏       | 11181/50005 [5:09:42<15:41:10,  1.45s/it] 22%|██▏       | 11182/50005 [5:09:43<15:41:26,  1.45s/it] 22%|██▏       | 11183/50005 [5:09:45<15:39:40,  1.45s/it] 22%|██▏       | 11184/50005 [5:09:46<15:40:34,  1.45s/it] 22%|██▏       | 11185/50005 [5:09:48<15:39:33,  1.45s/it] 22%|██▏       | 11186/50005 [5:09:49<15:40:24,  1.45s/it] 22%|██▏       | 11187/50005 [5:09:51<15:39:03,  1.45s/it] 22%|██▏       | 11188/50005 [5:09:52<15:38:49,  1.45s/it] 22%|██▏       | 11189/50005 [5:09:54<15:39:48,  1.45s/it] 22%|██▏       | 11190/50005 [5:09:55<15:39:03,  1.45s/it] 22%|██▏       | 11191/50005 [5:09:56<15:39:51,  1.45s/it] 22%|██▏       | 11192/50005 [5:09:58<15:39:10,  1.45s/it] 22%|██▏       | 11193/50005 [5:09:59<15:40:09,  1.45s/it] 22%|██▏       | 11194/50005 [5:10:01<15:39:08,  1.45s/it] 22%|██▏       | 11195/50005 [5:10:02<15:38:51,  1.45s/it] 22%|██▏       | 11196/50005 [5:10:04<15:39:44,  1.45s/it] 22%|██▏       | 11197/50005 [5:10:05<15:38:58,  1.45s/it] 22%|██▏       | 11198/50005 [5:10:07<15:37:57,  1.45s/it] 22%|██▏       | 11199/50005 [5:10:08<15:38:08,  1.45s/it] 22%|██▏       | 11200/50005 [5:10:10<15:39:21,  1.45s/it] 22%|██▏       | 11201/50005 [5:10:11<15:39:09,  1.45s/it]
Validation:   0%|          | 0/100 [00:00<?, ?it/s][A
Validation:   1%|          | 1/100 [00:00<01:36,  1.02it/s][A
Validation:   2%|▏         | 2/100 [00:01<01:14,  1.31it/s][A
Validation:   3%|▎         | 3/100 [00:02<01:07,  1.44it/s][A
Validation:   4%|▍         | 4/100 [00:02<01:03,  1.51it/s][A
Validation:   5%|▌         | 5/100 [00:03<01:01,  1.55it/s][A
Validation:   6%|▌         | 6/100 [00:04<00:59,  1.57it/s][A
Validation:   7%|▋         | 7/100 [00:04<00:58,  1.59it/s][A
Validation:   8%|▊         | 8/100 [00:05<00:57,  1.61it/s][A
Validation:   9%|▉         | 9/100 [00:05<00:56,  1.61it/s][A
Validation:  10%|█         | 10/100 [00:06<00:55,  1.62it/s][A
Validation:  11%|█         | 11/100 [00:07<00:54,  1.62it/s][A
Validation:  12%|█▏        | 12/100 [00:07<00:54,  1.63it/s][A
Validation:  13%|█▎        | 13/100 [00:08<00:53,  1.63it/s][A
Validation:  14%|█▍        | 14/100 [00:08<00:52,  1.63it/s][A
Validation:  15%|█▌        | 15/100 [00:09<00:52,  1.63it/s][A
Validation:  16%|█▌        | 16/100 [00:10<00:51,  1.63it/s][A
Validation:  17%|█▋        | 17/100 [00:10<00:50,  1.63it/s][A
Validation:  18%|█▊        | 18/100 [00:11<00:50,  1.63it/s][A
Validation:  19%|█▉        | 19/100 [00:12<00:49,  1.63it/s][A
Validation:  20%|██        | 20/100 [00:12<00:49,  1.63it/s][A
Validation:  21%|██        | 21/100 [00:13<00:48,  1.63it/s][A
Validation:  22%|██▏       | 22/100 [00:13<00:47,  1.63it/s][A
Validation:  23%|██▎       | 23/100 [00:14<00:47,  1.63it/s][A
Validation:  24%|██▍       | 24/100 [00:15<00:46,  1.63it/s][A
Validation:  25%|██▌       | 25/100 [00:15<00:46,  1.63it/s][A
Validation:  26%|██▌       | 26/100 [00:16<00:45,  1.63it/s][A
Validation:  27%|██▋       | 27/100 [00:16<00:44,  1.63it/s][A
Validation:  28%|██▊       | 28/100 [00:17<00:44,  1.63it/s][A
Validation:  29%|██▉       | 29/100 [00:18<00:43,  1.63it/s][A
Validation:  30%|███       | 30/100 [00:18<00:42,  1.63it/s][A
Validation:  31%|███       | 31/100 [00:19<00:42,  1.63it/s][A
Validation:  32%|███▏      | 32/100 [00:19<00:41,  1.63it/s][A
Validation:  33%|███▎      | 33/100 [00:20<00:41,  1.63it/s][A
Validation:  34%|███▍      | 34/100 [00:21<00:40,  1.63it/s][A
Validation:  35%|███▌      | 35/100 [00:21<00:39,  1.63it/s][A
Validation:  36%|███▌      | 36/100 [00:22<00:39,  1.63it/s][A
Validation:  37%|███▋      | 37/100 [00:23<00:38,  1.63it/s][A
Validation:  38%|███▊      | 38/100 [00:23<00:38,  1.63it/s][A
Validation:  39%|███▉      | 39/100 [00:24<00:37,  1.63it/s][A
Validation:  40%|████      | 40/100 [00:24<00:36,  1.63it/s][A
Validation:  41%|████      | 41/100 [00:25<00:36,  1.63it/s][A
Validation:  42%|████▏     | 42/100 [00:26<00:35,  1.63it/s][A
Validation:  43%|████▎     | 43/100 [00:26<00:34,  1.63it/s][A
Validation:  44%|████▍     | 44/100 [00:27<00:34,  1.63it/s][A
Validation:  45%|████▌     | 45/100 [00:27<00:33,  1.63it/s][A
Validation:  46%|████▌     | 46/100 [00:28<00:33,  1.63it/s][A
Validation:  47%|████▋     | 47/100 [00:29<00:32,  1.63it/s][A
Validation:  48%|████▊     | 48/100 [00:29<00:31,  1.63it/s][A
Validation:  49%|████▉     | 49/100 [00:30<00:31,  1.63it/s][A
Validation:  50%|█████     | 50/100 [00:31<00:30,  1.63it/s][A
Validation:  51%|█████     | 51/100 [00:31<00:30,  1.63it/s][A
Validation:  52%|█████▏    | 52/100 [00:32<00:29,  1.63it/s][A
Validation:  53%|█████▎    | 53/100 [00:32<00:28,  1.63it/s][A
Validation:  54%|█████▍    | 54/100 [00:33<00:28,  1.63it/s][A
Validation:  55%|█████▌    | 55/100 [00:34<00:27,  1.63it/s][A
Validation:  56%|█████▌    | 56/100 [00:34<00:27,  1.63it/s][A
Validation:  57%|█████▋    | 57/100 [00:35<00:26,  1.63it/s][A
Validation:  58%|█████▊    | 58/100 [00:35<00:25,  1.63it/s][A
Validation:  59%|█████▉    | 59/100 [00:36<00:25,  1.63it/s][A
Validation:  60%|██████    | 60/100 [00:37<00:24,  1.63it/s][A
Validation:  61%|██████    | 61/100 [00:37<00:23,  1.63it/s][A
Validation:  62%|██████▏   | 62/100 [00:38<00:23,  1.63it/s][A
Validation:  63%|██████▎   | 63/100 [00:38<00:22,  1.63it/s][A
Validation:  64%|██████▍   | 64/100 [00:39<00:22,  1.63it/s][A
Validation:  65%|██████▌   | 65/100 [00:40<00:21,  1.63it/s][A
Validation:  66%|██████▌   | 66/100 [00:40<00:20,  1.63it/s][A
Validation:  67%|██████▋   | 67/100 [00:41<00:20,  1.63it/s][A
Validation:  68%|██████▊   | 68/100 [00:42<00:19,  1.63it/s][A
Validation:  69%|██████▉   | 69/100 [00:42<00:18,  1.63it/s][A
Validation:  70%|███████   | 70/100 [00:43<00:18,  1.63it/s][A
Validation:  71%|███████   | 71/100 [00:43<00:17,  1.63it/s][A
Validation:  72%|███████▏  | 72/100 [00:44<00:17,  1.63it/s][A
Validation:  73%|███████▎  | 73/100 [00:45<00:16,  1.63it/s][A
Validation:  74%|███████▍  | 74/100 [00:45<00:15,  1.63it/s][A
Validation:  75%|███████▌  | 75/100 [00:46<00:15,  1.63it/s][A
Validation:  76%|███████▌  | 76/100 [00:46<00:14,  1.63it/s][A
Validation:  77%|███████▋  | 77/100 [00:47<00:14,  1.63it/s][A
Validation:  78%|███████▊  | 78/100 [00:48<00:13,  1.63it/s][A
Validation:  79%|███████▉  | 79/100 [00:48<00:12,  1.63it/s][A
Validation:  80%|████████  | 80/100 [00:49<00:12,  1.63it/s][A
Validation:  81%|████████  | 81/100 [00:50<00:11,  1.63it/s][A
Validation:  82%|████████▏ | 82/100 [00:50<00:11,  1.63it/s][A
Validation:  83%|████████▎ | 83/100 [00:51<00:10,  1.63it/s][A
Validation:  84%|████████▍ | 84/100 [00:51<00:09,  1.63it/s][A
Validation:  85%|████████▌ | 85/100 [00:52<00:09,  1.63it/s][A
Validation:  86%|████████▌ | 86/100 [00:53<00:08,  1.63it/s][A
Validation:  87%|████████▋ | 87/100 [00:53<00:07,  1.63it/s][A
Validation:  88%|████████▊ | 88/100 [00:54<00:07,  1.63it/s][A
Validation:  89%|████████▉ | 89/100 [00:54<00:06,  1.63it/s][A
Validation:  90%|█████████ | 90/100 [00:55<00:06,  1.63it/s][A
Validation:  91%|█████████ | 91/100 [00:56<00:05,  1.63it/s][A
Validation:  92%|█████████▏| 92/100 [00:56<00:04,  1.63it/s][A
Validation:  93%|█████████▎| 93/100 [00:57<00:04,  1.63it/s][A
Validation:  94%|█████████▍| 94/100 [00:58<00:03,  1.63it/s][A
Validation:  95%|█████████▌| 95/100 [00:58<00:03,  1.63it/s][A
Validation:  96%|█████████▌| 96/100 [00:59<00:02,  1.63it/s][A
Validation:  97%|█████████▋| 97/100 [00:59<00:01,  1.63it/s][A
Validation:  98%|█████████▊| 98/100 [01:00<00:01,  1.63it/s][A
Validation:  99%|█████████▉| 99/100 [01:01<00:00,  1.64it/s][A
Validation: 100%|██████████| 100/100 [01:01<00:00,  1.64it/s][A
                                                             [A 22%|██▏       | 11202/50005 [5:11:14<215:26:05, 19.99s/it] 22%|██▏       | 11203/50005 [5:11:16<155:30:48, 14.43s/it] 22%|██▏       | 11204/50005 [5:11:17<113:32:29, 10.53s/it] 22%|██▏       | 11205/50005 [5:11:19<84:10:13,  7.81s/it]  22%|██▏       | 11206/50005 [5:11:20<63:36:43,  5.90s/it] 22%|██▏       | 11207/50005 [5:11:21<49:12:51,  4.57s/it] 22%|██▏       | 11208/50005 [5:11:23<39:09:32,  3.63s/it] 22%|██▏       | 11209/50005 [5:11:24<32:07:30,  2.98s/it] 22%|██▏       | 11210/50005 [5:11:26<27:12:06,  2.52s/it] 22%|██▏       | 11211/50005 [5:11:27<23:42:43,  2.20s/it] 22%|██▏       | 11212/50005 [5:11:29<21:18:28,  1.98s/it] 22%|██▏       | 11213/50005 [5:11:30<19:37:49,  1.82s/it] 22%|██▏       | 11214/50005 [5:11:32<18:26:25,  1.71s/it] 22%|██▏       | 11215/50005 [5:11:33<17:36:52,  1.63s/it] 22%|██▏       | 11216/50005 [5:11:35<17:01:50,  1.58s/it] 22%|██▏       | 11217/50005 [5:11:36<16:37:24,  1.54s/it] 22%|██▏       | 11218/50005 [5:11:37<16:20:28,  1.52s/it] 22%|██▏       | 11219/50005 [5:11:39<16:08:39,  1.50s/it] 22%|██▏       | 11220/50005 [5:11:40<15:59:04,  1.48s/it] 22%|██▏       | 11221/50005 [5:11:42<15:53:20,  1.47s/it] 22%|██▏       | 11222/50005 [5:11:43<15:47:44,  1.47s/it] 22%|██▏       | 11223/50005 [5:11:45<15:44:58,  1.46s/it] 22%|██▏       | 11224/50005 [5:11:46<15:41:58,  1.46s/it] 22%|██▏       | 11225/50005 [5:11:48<15:41:33,  1.46s/it] 22%|██▏       | 11226/50005 [5:11:49<15:41:50,  1.46s/it] 22%|██▏       | 11227/50005 [5:11:51<15:41:50,  1.46s/it] 22%|██▏       | 11228/50005 [5:11:52<15:41:27,  1.46s/it] 22%|██▏       | 11229/50005 [5:11:53<15:41:38,  1.46s/it] 22%|██▏       | 11230/50005 [5:11:55<15:41:28,  1.46s/it] 22%|██▏       | 11231/50005 [5:11:56<15:40:23,  1.46s/it] 22%|██▏       | 11232/50005 [5:11:58<15:40:23,  1.46s/it] 22%|██▏       | 11233/50005 [5:11:59<15:38:40,  1.45s/it] 22%|██▏       | 11234/50005 [5:12:01<15:37:46,  1.45s/it] 22%|██▏       | 11235/50005 [5:12:02<15:37:11,  1.45s/it] 22%|██▏       | 11236/50005 [5:12:04<15:38:38,  1.45s/it] 22%|██▏       | 11237/50005 [5:12:05<15:38:46,  1.45s/it] 22%|██▏       | 11238/50005 [5:12:07<15:39:36,  1.45s/it] 22%|██▏       | 11239/50005 [5:12:08<15:39:45,  1.45s/it] 22%|██▏       | 11240/50005 [5:12:09<15:40:25,  1.46s/it] 22%|██▏       | 11241/50005 [5:12:11<15:40:21,  1.46s/it] 22%|██▏       | 11242/50005 [5:12:12<15:41:03,  1.46s/it] 22%|██▏       | 11243/50005 [5:12:14<15:41:10,  1.46s/it] 22%|██▏       | 11244/50005 [5:12:15<15:39:33,  1.45s/it] 22%|██▏       | 11245/50005 [5:12:17<15:36:35,  1.45s/it] 22%|██▏       | 11246/50005 [5:12:18<15:37:48,  1.45s/it] 22%|██▏       | 11247/50005 [5:12:20<15:37:53,  1.45s/it] 22%|██▏       | 11248/50005 [5:12:21<15:37:02,  1.45s/it] 22%|██▏       | 11249/50005 [5:12:23<15:36:49,  1.45s/it] 22%|██▏       | 11250/50005 [5:12:24<15:38:18,  1.45s/it] 22%|██▏       | 11251/50005 [5:12:25<15:39:01,  1.45s/it] 23%|██▎       | 11252/50005 [5:12:27<15:39:14,  1.45s/it] 23%|██▎       | 11253/50005 [5:12:28<15:39:46,  1.46s/it] 23%|██▎       | 11254/50005 [5:12:30<15:39:57,  1.46s/it] 23%|██▎       | 11255/50005 [5:12:31<15:40:37,  1.46s/it] 23%|██▎       | 11256/50005 [5:12:33<15:40:10,  1.46s/it] 23%|██▎       | 11257/50005 [5:12:34<15:40:27,  1.46s/it] 23%|██▎       | 11258/50005 [5:12:36<15:37:28,  1.45s/it] 23%|██▎       | 11259/50005 [5:12:37<15:36:16,  1.45s/it] 23%|██▎       | 11260/50005 [5:12:39<15:37:17,  1.45s/it] 23%|██▎       | 11261/50005 [5:12:40<15:37:18,  1.45s/it] 23%|██▎       | 11262/50005 [5:12:41<15:38:03,  1.45s/it] 23%|██▎       | 11263/50005 [5:12:43<15:36:41,  1.45s/it] 23%|██▎       | 11264/50005 [5:12:44<15:37:37,  1.45s/it] 23%|██▎       | 11265/50005 [5:12:46<15:38:29,  1.45s/it] 23%|██▎       | 11266/50005 [5:12:47<15:38:38,  1.45s/it] 23%|██▎       | 11267/50005 [5:12:49<15:38:23,  1.45s/it] 23%|██▎       | 11268/50005 [5:12:50<15:38:53,  1.45s/it] 23%|██▎       | 11269/50005 [5:12:52<15:40:01,  1.46s/it] 23%|██▎       | 11270/50005 [5:12:53<15:38:20,  1.45s/it] 23%|██▎       | 11271/50005 [5:12:55<15:38:23,  1.45s/it] 23%|██▎       | 11272/50005 [5:12:56<15:36:42,  1.45s/it] 23%|██▎       | 11273/50005 [5:12:57<15:38:03,  1.45s/it] 23%|██▎       | 11274/50005 [5:12:59<15:37:01,  1.45s/it]                                                          Traceback (most recent call last):
  File "/rds/user/lz307/hpc-work/openvla/vla-scripts/finetune.py", line 648, in <module>
    finetune()
  File "/rds/user/lz307/hpc-work/openvla/.venv/lib64/python3.9/site-packages/draccus/argparsing.py", line 203, in wrapper_inner
    response = fn(cfg, *args, **kwargs)
  File "/rds/user/lz307/hpc-work/openvla/vla-scripts/finetune.py", line 512, in finetune
    normalized_loss.backward()
  File "/rds/user/lz307/hpc-work/openvla/.venv/lib64/python3.9/site-packages/torch/_tensor.py", line 522, in backward
    torch.autograd.backward(
  File "/rds/user/lz307/hpc-work/openvla/.venv/lib64/python3.9/site-packages/torch/autograd/__init__.py", line 266, in backward
    Variable._execution_engine.run_backward(  # Calls into the C++ engine to run the backward pass
KeyboardInterrupt
[1;34mwandb[0m: 
[1;34mwandb[0m: 🚀 View run [33mft+openvla-7b+mikasa_mix+b16+lr-0.0005+lora-r32+dropout-0.05--mikasa_mix--image_aug--25-06-23_10-08-47[0m at: [34mhttps://wandb.ai/leothemagnificent-university-of-cambridge/openvla-mikasa/runs/r5pjrtv6[0m
[1;34mwandb[0m: Find logs at: [1;35mwandb/run-20250623_100848-r5pjrtv6/logs[0m
[2025-06-23 15:26:28,732] torch.distributed.elastic.multiprocessing.api: [ERROR] failed (exitcode: -2) local_rank: 0 (pid: 33731) of binary: /rds/user/lz307/hpc-work/openvla/.venv/bin/python
Traceback (most recent call last):
  File "/rds/user/lz307/hpc-work/openvla/.venv/bin/torchrun", line 8, in <module>
    sys.exit(main())
  File "/rds/user/lz307/hpc-work/openvla/.venv/lib64/python3.9/site-packages/torch/distributed/elastic/multiprocessing/errors/__init__.py", line 347, in wrapper
    return f(*args, **kwargs)
  File "/rds/user/lz307/hpc-work/openvla/.venv/lib64/python3.9/site-packages/torch/distributed/run.py", line 812, in main
    run(args)
  File "/rds/user/lz307/hpc-work/openvla/.venv/lib64/python3.9/site-packages/torch/distributed/run.py", line 803, in run
    elastic_launch(
  File "/rds/user/lz307/hpc-work/openvla/.venv/lib64/python3.9/site-packages/torch/distributed/launcher/api.py", line 135, in __call__
    return launch_agent(self._config, self._entrypoint, list(args))
  File "/rds/user/lz307/hpc-work/openvla/.venv/lib64/python3.9/site-packages/torch/distributed/launcher/api.py", line 268, in launch_agent
    raise ChildFailedError(
torch.distributed.elastic.multiprocessing.errors.ChildFailedError: 
=====================================================
vla-scripts/finetune.py FAILED
-----------------------------------------------------
Failures:
  <NO_OTHER_FAILURES>
-----------------------------------------------------
Root Cause (first observed failure):
[0]:
  time      : 2025-06-23_15:26:28
  host      : gpu-q-36.data.cluster
  rank      : 0 (local_rank: 0)
  exitcode  : -2 (pid: 33731)
  error_file: <N/A>
  traceback : Signal 2 (SIGINT) received by PID 33731
=====================================================
